step,epoch,batch,train_loss
1,1,1,2.476846694946289
2,1,2,2.5051345825195312
3,1,3,2.1848249435424805
4,1,4,2.2008631229400635
5,1,5,2.143610954284668
6,1,6,1.9459071159362793
7,1,7,2.123903751373291
8,1,8,1.8856139183044434
9,1,9,1.8509656190872192
10,1,10,1.8021986484527588
11,1,11,1.811586618423462
12,1,12,1.7708410024642944
13,1,13,1.9763332605361938
14,1,14,1.6680653095245361
15,1,15,1.8278957605361938
16,1,16,1.8028738498687744
17,1,17,1.6937328577041626
18,1,18,1.666551113128662
19,1,19,1.6948517560958862
20,1,20,1.6710917949676514
21,1,21,1.5607242584228516
22,1,22,1.7955420017242432
23,1,23,1.451723575592041
24,1,24,1.6079171895980835
25,1,25,1.4960702657699585
26,1,26,1.7470760345458984
27,1,27,1.7900421619415283
28,1,28,1.6425645351409912
29,1,29,1.7360172271728516
30,1,30,1.5828784704208374
31,1,31,1.7922760248184204
32,1,32,1.656370997428894
33,1,33,1.6853318214416504
34,1,34,1.517796516418457
35,1,35,1.552215814590454
36,1,36,1.6512316465377808
37,1,37,1.610671877861023
38,1,38,1.6678762435913086
39,1,39,1.7867941856384277
40,1,40,1.4901148080825806
41,1,41,1.5099453926086426
42,1,42,1.4463531970977783
43,1,43,1.3907724618911743
44,1,44,1.643721103668213
45,1,45,1.5416158437728882
46,1,46,1.4264694452285767
47,1,47,1.5505447387695312
48,1,48,1.5731617212295532
49,1,49,1.589497447013855
50,1,50,1.3662482500076294
51,1,51,1.3888287544250488
52,1,52,1.482367753982544
53,1,53,1.461874008178711
54,1,54,1.6473021507263184
55,1,55,1.5681862831115723
56,1,56,1.4392905235290527
57,1,57,1.4271776676177979
58,1,58,1.4810019731521606
59,1,59,1.3430275917053223
60,1,60,1.357562780380249
61,1,61,1.3512235879898071
62,1,62,1.3715490102767944
63,1,63,1.3215590715408325
64,1,64,1.3121684789657593
65,1,65,1.4950770139694214
66,1,66,1.4959367513656616
67,1,67,1.0715439319610596
68,1,68,1.4278048276901245
69,1,69,1.6074446439743042
70,1,70,1.4781605005264282
71,1,71,1.47196364402771
72,1,72,1.4184601306915283
73,1,73,1.4970717430114746
74,1,74,1.396714687347412
75,1,75,1.42470121383667
76,1,76,1.427048683166504
77,1,77,1.5049500465393066
78,1,78,1.2419987916946411
79,1,79,1.431079626083374
80,1,80,1.429731845855713
81,1,81,1.3064260482788086
82,1,82,1.371552586555481
83,1,83,1.3705685138702393
84,1,84,1.264443039894104
85,1,85,1.2702068090438843
86,1,86,1.3208110332489014
87,1,87,1.397609829902649
88,1,88,1.369985818862915
89,1,89,1.5044711828231812
90,1,90,1.2037101984024048
91,1,91,1.5135295391082764
92,1,92,1.2958866357803345
93,1,93,1.3759907484054565
94,1,94,1.310660481452942
95,1,95,1.3526952266693115
96,1,96,1.1112220287322998
97,1,97,1.3860780000686646
98,1,98,1.1825648546218872
99,1,99,1.3296653032302856
100,1,100,1.1922465562820435
101,1,101,1.4419989585876465
102,1,102,1.2221659421920776
103,1,103,1.2998201847076416
104,1,104,1.3367758989334106
105,1,105,1.329399824142456
106,1,106,1.6002373695373535
107,1,107,1.400846242904663
108,1,108,1.4519857168197632
109,1,109,1.3066571950912476
110,1,110,1.2709579467773438
111,1,111,1.2722479104995728
112,1,112,1.2631832361221313
113,1,113,1.3245350122451782
114,1,114,1.2551146745681763
115,1,115,1.1537065505981445
116,1,116,1.3731870651245117
117,1,117,1.319249153137207
118,1,118,1.1979669332504272
119,1,119,1.1539336442947388
120,1,120,1.151790976524353
121,1,121,1.3077377080917358
122,1,122,1.294180989265442
123,1,123,1.4891408681869507
124,1,124,1.232800006866455
125,1,125,1.2667869329452515
126,1,126,1.1752686500549316
127,1,127,1.3302284479141235
128,1,128,1.4152528047561646
129,1,129,1.211681604385376
130,1,130,1.3220289945602417
131,1,131,1.2397187948226929
132,1,132,1.2355895042419434
133,1,133,1.180661678314209
134,1,134,1.3260619640350342
135,1,135,1.2290784120559692
136,1,136,1.2812172174453735
137,1,137,1.3985309600830078
138,1,138,1.2267590761184692
139,1,139,1.3847761154174805
140,1,140,1.3203691244125366
141,1,141,1.0852385759353638
142,1,142,1.1516169309616089
143,1,143,1.2524049282073975
144,1,144,1.1992911100387573
145,1,145,1.1271644830703735
146,1,146,1.293347716331482
147,1,147,1.1921873092651367
148,1,148,1.2187120914459229
149,1,149,1.1597400903701782
150,1,150,1.23090660572052
151,1,151,1.2037975788116455
152,1,152,1.1867893934249878
153,1,153,1.2051461935043335
154,1,154,1.111290454864502
155,1,155,1.4413560628890991
156,1,156,1.1372621059417725
157,1,157,1.3831249475479126
158,1,158,1.186773657798767
159,1,159,1.2398879528045654
160,1,160,1.2466546297073364
161,1,161,1.24604070186615
162,1,162,1.273213505744934
163,1,163,1.3074822425842285
164,1,164,1.0991058349609375
165,1,165,1.1947219371795654
166,1,166,1.1338273286819458
167,1,167,1.1003003120422363
168,1,168,1.1916865110397339
169,1,169,1.0906397104263306
170,1,170,1.0860930681228638
171,1,171,1.1894575357437134
172,1,172,1.2477988004684448
173,1,173,1.1368000507354736
174,1,174,1.0371482372283936
175,1,175,1.247781753540039
176,1,176,1.2152636051177979
177,1,177,1.1190513372421265
178,1,178,1.0941311120986938
179,1,179,1.1128910779953003
180,1,180,1.0175678730010986
181,1,181,1.065157175064087
182,1,182,1.2348222732543945
183,1,183,1.183736801147461
184,1,184,1.3373626470565796
185,1,185,1.0259950160980225
186,1,186,1.2951375246047974
187,1,187,1.1229461431503296
188,1,188,1.1833564043045044
189,1,189,1.0235612392425537
190,1,190,1.0919241905212402
191,1,191,1.0907193422317505
192,1,192,1.1176446676254272
193,1,193,1.415540099143982
194,1,194,1.1879812479019165
195,1,195,1.0744602680206299
196,1,196,1.0849697589874268
197,1,197,1.011285662651062
198,1,198,1.0911751985549927
199,1,199,1.1354492902755737
200,1,200,1.064145803451538
201,1,201,1.1790096759796143
202,1,202,1.3168795108795166
203,1,203,1.1885955333709717
204,1,204,1.1755642890930176
205,1,205,0.913981020450592
206,1,206,1.1972075700759888
207,1,207,1.0979808568954468
208,1,208,1.1026126146316528
209,1,209,1.2134448289871216
210,1,210,0.9491484761238098
211,1,211,1.1582598686218262
212,1,212,1.0743424892425537
213,1,213,1.0793770551681519
214,1,214,1.0848212242126465
215,1,215,1.1491405963897705
216,1,216,1.1352007389068604
217,1,217,1.1798113584518433
218,1,218,1.0627050399780273
219,1,219,0.9485994577407837
220,1,220,1.1841777563095093
221,1,221,1.155051827430725
222,1,222,0.9444321990013123
223,1,223,1.1085150241851807
224,1,224,1.0834895372390747
225,1,225,1.0728075504302979
226,1,226,1.1846262216567993
227,1,227,0.9356634616851807
228,1,228,1.124245524406433
229,1,229,1.0127699375152588
230,1,230,0.9253431558609009
231,1,231,1.002954363822937
232,1,232,1.1285674571990967
233,1,233,0.9540839791297913
234,1,234,1.1921261548995972
235,1,235,1.12568998336792
236,1,236,0.9552257657051086
237,1,237,0.9433542490005493
238,1,238,1.0649809837341309
239,1,239,1.232538104057312
240,1,240,1.2645972967147827
241,1,241,0.9390413165092468
242,1,242,1.0278756618499756
243,1,243,0.9691513776779175
244,1,244,1.0777403116226196
245,1,245,1.0035971403121948
246,1,246,0.8734359741210938
247,1,247,1.069934368133545
248,1,248,1.1135094165802002
249,1,249,0.9500895142555237
250,1,250,1.1729742288589478
251,1,251,0.9604288935661316
252,1,252,1.050266146659851
253,1,253,1.0602964162826538
254,1,254,0.8276041746139526
255,1,255,1.235763430595398
256,1,256,1.0452475547790527
257,1,257,0.9419797658920288
258,1,258,1.168797492980957
259,1,259,0.9953474402427673
260,1,260,1.1766563653945923
261,1,261,1.1053545475006104
262,1,262,1.1610774993896484
263,1,263,0.9939930438995361
264,1,264,0.878393292427063
265,1,265,1.1220619678497314
266,1,266,1.249674916267395
267,1,267,0.9845988750457764
268,1,268,1.0196242332458496
269,1,269,1.1867594718933105
270,1,270,1.2014096975326538
271,1,271,1.0489319562911987
272,1,272,1.0392805337905884
273,1,273,1.0304311513900757
274,1,274,1.0166569948196411
275,1,275,1.1417219638824463
276,1,276,1.012379765510559
277,1,277,1.0876004695892334
278,1,278,0.9821195602416992
279,1,279,0.994853138923645
280,1,280,0.9216193556785583
281,1,281,1.0730763673782349
282,1,282,1.0271282196044922
283,1,283,1.0726995468139648
284,1,284,1.0436240434646606
285,1,285,0.9072484970092773
286,1,286,0.9189062118530273
287,1,287,1.1510279178619385
288,1,288,1.028627634048462
289,1,289,1.156659483909607
290,1,290,0.963593602180481
291,1,291,1.0158216953277588
292,1,292,1.1401311159133911
293,1,293,0.8881453275680542
294,1,294,0.9772894382476807
295,1,295,0.9217865467071533
296,1,296,1.0198559761047363
297,1,297,1.0396153926849365
298,1,298,0.9666481018066406
299,1,299,1.0715107917785645
300,1,300,1.193500280380249
301,1,301,1.1063306331634521
302,1,302,0.9664809107780457
303,1,303,1.0872561931610107
304,1,304,0.9506775140762329
305,1,305,1.1779776811599731
306,1,306,0.84750896692276
307,1,307,0.949488639831543
308,1,308,1.0880582332611084
309,1,309,1.137821078300476
310,1,310,0.9931967258453369
311,1,311,0.9345890283584595
312,1,312,0.9381585121154785
313,1,313,0.9430462121963501
314,1,314,0.918907880783081
315,1,315,0.8648468255996704
316,1,316,0.8281072378158569
317,1,317,0.9209499359130859
318,1,318,1.0127642154693604
319,1,319,0.9914675354957581
320,1,320,0.9854339957237244
321,1,321,1.163244366645813
322,1,322,1.1186606884002686
323,1,323,1.03458571434021
324,1,324,0.7715186476707458
325,1,325,0.8281623721122742
326,1,326,0.9777820706367493
327,1,327,1.0921611785888672
328,1,328,0.8488186597824097
329,1,329,0.9450451135635376
330,1,330,0.8946405053138733
331,1,331,0.9038206934928894
332,1,332,1.0069494247436523
333,1,333,0.8170638084411621
334,1,334,1.0899012088775635
335,1,335,1.0291006565093994
336,1,336,1.0640630722045898
337,1,337,0.9100241661071777
338,1,338,1.0289238691329956
339,1,339,1.0188788175582886
340,1,340,0.8907253742218018
341,1,341,0.9473947286605835
342,1,342,0.902018129825592
343,1,343,1.013490915298462
344,1,344,0.9093334674835205
345,1,345,0.8810144662857056
346,1,346,0.9353246092796326
347,1,347,1.0792665481567383
348,1,348,0.8722624778747559
349,1,349,0.9103084206581116
350,1,350,0.8578044772148132
351,1,351,0.8822733163833618
352,1,352,0.8955846428871155
353,1,353,1.077473521232605
354,1,354,1.049404263496399
355,1,355,1.0829110145568848
356,1,356,1.0810695886611938
357,1,357,0.8642937541007996
358,1,358,0.9956616163253784
359,1,359,0.9704751372337341
360,1,360,0.9707534909248352
361,1,361,1.1981889009475708
362,1,362,0.8934791088104248
363,1,363,0.9595593214035034
364,1,364,0.9873477816581726
365,1,365,1.0139973163604736
366,1,366,0.9123836755752563
367,1,367,0.9776076674461365
368,1,368,0.85261470079422
369,1,369,0.8555704355239868
370,1,370,0.8926793932914734
371,1,371,0.9144085645675659
372,1,372,0.9112399220466614
373,1,373,0.8272114396095276
374,1,374,0.9330305457115173
375,1,375,0.8421734571456909
376,1,376,0.8979582190513611
377,1,377,0.9430736899375916
378,1,378,0.89495849609375
379,1,379,1.079266905784607
380,1,380,0.9811637997627258
381,1,381,0.926563560962677
382,1,382,0.9966751933097839
383,1,383,0.6200395226478577
384,1,384,0.8298628926277161
385,1,385,1.0507513284683228
386,1,386,1.137528657913208
387,1,387,0.9796148538589478
388,1,388,0.8568421006202698
389,1,389,0.9623451232910156
390,1,390,0.9165503978729248
391,1,391,0.8247658610343933
392,2,1,0.7117331624031067
393,2,2,0.7323821187019348
394,2,3,0.8850515484809875
395,2,4,0.7993890047073364
396,2,5,0.6696941256523132
397,2,6,0.7562304735183716
398,2,7,0.8232776522636414
399,2,8,0.8481915593147278
400,2,9,0.8275794386863708
401,2,10,0.9758951663970947
402,2,11,0.8790924549102783
403,2,12,1.0373412370681763
404,2,13,0.7881508469581604
405,2,14,0.9913796782493591
406,2,15,0.7580265402793884
407,2,16,0.8639747500419617
408,2,17,0.7765815258026123
409,2,18,0.7621135115623474
410,2,19,0.7854049801826477
411,2,20,0.6592708230018616
412,2,21,0.8410215377807617
413,2,22,0.777773380279541
414,2,23,0.7680453062057495
415,2,24,0.7540809512138367
416,2,25,0.9005774855613708
417,2,26,0.8950067758560181
418,2,27,0.8942332863807678
419,2,28,0.9482933878898621
420,2,29,0.9527092576026917
421,2,30,0.7433405518531799
422,2,31,0.8735891580581665
423,2,32,0.7775232195854187
424,2,33,0.857457160949707
425,2,34,0.7738532423973083
426,2,35,1.0276139974594116
427,2,36,0.7913973927497864
428,2,37,0.6949568390846252
429,2,38,0.726833701133728
430,2,39,0.9182218313217163
431,2,40,0.7972221970558167
432,2,41,0.877543032169342
433,2,42,0.8166607022285461
434,2,43,0.7903696298599243
435,2,44,0.8505464196205139
436,2,45,0.9094099998474121
437,2,46,0.7334718108177185
438,2,47,0.8007379770278931
439,2,48,0.9345569610595703
440,2,49,0.7618635892868042
441,2,50,0.899868905544281
442,2,51,0.7887998223304749
443,2,52,0.6829746961593628
444,2,53,0.8792396783828735
445,2,54,0.6890097260475159
446,2,55,0.6825498342514038
447,2,56,0.8899982571601868
448,2,57,0.921564519405365
449,2,58,0.915277361869812
450,2,59,1.0283204317092896
451,2,60,0.8697246313095093
452,2,61,0.6464128494262695
453,2,62,0.9472960233688354
454,2,63,0.7837265729904175
455,2,64,0.6951929330825806
456,2,65,0.8701756596565247
457,2,66,0.7858302593231201
458,2,67,0.9276595115661621
459,2,68,0.7268569469451904
460,2,69,0.6940715312957764
461,2,70,0.8038055300712585
462,2,71,0.8078615665435791
463,2,72,0.8449149131774902
464,2,73,0.8934078216552734
465,2,74,0.8987507224082947
466,2,75,0.7628171443939209
467,2,76,1.007083535194397
468,2,77,0.7422317862510681
469,2,78,0.802324116230011
470,2,79,0.8031637072563171
471,2,80,0.9480274319648743
472,2,81,0.8555533289909363
473,2,82,0.8406756520271301
474,2,83,0.8885037899017334
475,2,84,0.8088825345039368
476,2,85,0.8932033181190491
477,2,86,0.9617847204208374
478,2,87,0.8191273808479309
479,2,88,0.7139189839363098
480,2,89,0.7515534162521362
481,2,90,0.7457259893417358
482,2,91,0.7731029391288757
483,2,92,0.8678280711174011
484,2,93,0.7275646328926086
485,2,94,0.9061853289604187
486,2,95,0.9385213255882263
487,2,96,0.756397008895874
488,2,97,0.9603456854820251
489,2,98,0.7749326229095459
490,2,99,0.8251544237136841
491,2,100,0.8383051156997681
492,2,101,0.9667177200317383
493,2,102,0.8532764315605164
494,2,103,0.7601680159568787
495,2,104,0.7542132139205933
496,2,105,0.9996358156204224
497,2,106,0.98219233751297
498,2,107,0.8965713977813721
499,2,108,0.7683794498443604
500,2,109,0.8826442360877991
501,2,110,0.7193401455879211
502,2,111,0.7659101486206055
503,2,112,0.7225449681282043
504,2,113,0.9104443788528442
505,2,114,0.9002974033355713
506,2,115,0.8330024480819702
507,2,116,0.6863868236541748
508,2,117,0.7739563584327698
509,2,118,0.7526519298553467
510,2,119,0.722902774810791
511,2,120,0.8136241436004639
512,2,121,0.6994596719741821
513,2,122,0.8045835494995117
514,2,123,0.7299228310585022
515,2,124,0.7390286326408386
516,2,125,0.8433829545974731
517,2,126,0.651900589466095
518,2,127,0.7289321422576904
519,2,128,0.747914731502533
520,2,129,0.8518124222755432
521,2,130,0.7465181350708008
522,2,131,0.9766740798950195
523,2,132,0.6970866322517395
524,2,133,0.7323346138000488
525,2,134,0.7287484407424927
526,2,135,0.757359504699707
527,2,136,0.776388943195343
528,2,137,0.8460159301757812
529,2,138,0.6743648648262024
530,2,139,0.8552413582801819
531,2,140,0.6037018299102783
532,2,141,0.8790516257286072
533,2,142,0.7693150043487549
534,2,143,0.6027107238769531
535,2,144,0.7474691271781921
536,2,145,0.7914895415306091
537,2,146,0.7203972339630127
538,2,147,0.8066248893737793
539,2,148,0.725663423538208
540,2,149,0.7333133816719055
541,2,150,0.6483275890350342
542,2,151,0.9052594900131226
543,2,152,0.6309287548065186
544,2,153,0.7723522782325745
545,2,154,0.9155130386352539
546,2,155,0.6999797821044922
547,2,156,0.6658833622932434
548,2,157,0.6783047318458557
549,2,158,0.7952631115913391
550,2,159,0.8750482797622681
551,2,160,0.7561976909637451
552,2,161,0.9173587560653687
553,2,162,0.582694947719574
554,2,163,0.8505973219871521
555,2,164,0.7319140434265137
556,2,165,0.7577949166297913
557,2,166,0.8320260643959045
558,2,167,0.6519648432731628
559,2,168,0.6300833821296692
560,2,169,0.7780556082725525
561,2,170,0.8556345701217651
562,2,171,0.7902809977531433
563,2,172,0.8102983832359314
564,2,173,0.6646499037742615
565,2,174,0.6397852897644043
566,2,175,0.611578106880188
567,2,176,0.7213152647018433
568,2,177,0.7411309480667114
569,2,178,0.6720394492149353
570,2,179,0.7727929949760437
571,2,180,0.855286180973053
572,2,181,0.6717684864997864
573,2,182,0.5447651147842407
574,2,183,0.5168671607971191
575,2,184,0.710085391998291
576,2,185,0.838261604309082
577,2,186,0.8169655203819275
578,2,187,0.9224838018417358
579,2,188,0.7542464733123779
580,2,189,0.6523813605308533
581,2,190,0.8189865350723267
582,2,191,0.6865742206573486
583,2,192,0.734286367893219
584,2,193,0.867430567741394
585,2,194,0.9174097776412964
586,2,195,0.7130029797554016
587,2,196,0.7492823600769043
588,2,197,0.6429293751716614
589,2,198,0.6360215544700623
590,2,199,0.6182429790496826
591,2,200,0.820000410079956
592,2,201,0.7028080821037292
593,2,202,0.6372485756874084
594,2,203,0.9347295165061951
595,2,204,0.85444575548172
596,2,205,0.7665514945983887
597,2,206,0.9595186710357666
598,2,207,0.7252215147018433
599,2,208,0.7793632745742798
600,2,209,0.6477101445198059
601,2,210,0.7988119125366211
602,2,211,0.6005769371986389
603,2,212,0.791530430316925
604,2,213,0.9000572562217712
605,2,214,0.6591798663139343
606,2,215,0.7275994420051575
607,2,216,0.7079794406890869
608,2,217,0.7408210635185242
609,2,218,0.7492042779922485
610,2,219,0.6942495107650757
611,2,220,0.722700297832489
612,2,221,0.6888139843940735
613,2,222,0.7163541913032532
614,2,223,0.5945323705673218
615,2,224,0.6596013307571411
616,2,225,0.608656644821167
617,2,226,0.7408576607704163
618,2,227,0.5892668962478638
619,2,228,0.7276585102081299
620,2,229,0.8131790161132812
621,2,230,0.7523123025894165
622,2,231,0.893547773361206
623,2,232,0.7295092940330505
624,2,233,0.9156129956245422
625,2,234,0.6627662181854248
626,2,235,0.7289400696754456
627,2,236,0.7606742978096008
628,2,237,0.7745732069015503
629,2,238,0.8060949444770813
630,2,239,0.7732428908348083
631,2,240,0.8043370246887207
632,2,241,0.6919586062431335
633,2,242,0.6746797561645508
634,2,243,0.8902884125709534
635,2,244,0.6570757031440735
636,2,245,0.8494751453399658
637,2,246,0.8471933603286743
638,2,247,0.6578496098518372
639,2,248,0.7414515018463135
640,2,249,0.7500787973403931
641,2,250,0.7621493935585022
642,2,251,0.7257606983184814
643,2,252,0.7763159871101379
644,2,253,0.6251094937324524
645,2,254,0.6611354351043701
646,2,255,0.7510446310043335
647,2,256,0.6020128726959229
648,2,257,0.6455705165863037
649,2,258,0.901954710483551
650,2,259,0.872197151184082
651,2,260,0.6515859961509705
652,2,261,0.8349905610084534
653,2,262,0.7606698274612427
654,2,263,0.49400821328163147
655,2,264,0.7492057085037231
656,2,265,0.6631309390068054
657,2,266,0.6385745406150818
658,2,267,0.738332986831665
659,2,268,0.7393659353256226
660,2,269,0.7395546436309814
661,2,270,0.6066772937774658
662,2,271,0.7584410309791565
663,2,272,0.7713685035705566
664,2,273,0.5430548787117004
665,2,274,0.8309122323989868
666,2,275,0.8246875405311584
667,2,276,0.7960234880447388
668,2,277,0.6345657110214233
669,2,278,0.6850826740264893
670,2,279,0.624851405620575
671,2,280,0.47278884053230286
672,2,281,0.7215741276741028
673,2,282,0.6412362456321716
674,2,283,0.6718605160713196
675,2,284,0.7323258519172668
676,2,285,0.7099730968475342
677,2,286,0.7376654744148254
678,2,287,0.6973235011100769
679,2,288,0.6014702320098877
680,2,289,0.9379828572273254
681,2,290,0.5334252119064331
682,2,291,0.6705951690673828
683,2,292,0.7222583889961243
684,2,293,0.7046236395835876
685,2,294,0.8556545376777649
686,2,295,0.605660080909729
687,2,296,0.652260959148407
688,2,297,0.5308293700218201
689,2,298,0.7416930198669434
690,2,299,0.8266214728355408
691,2,300,0.5796735882759094
692,2,301,0.6229477524757385
693,2,302,0.7973171472549438
694,2,303,0.6876457929611206
695,2,304,0.6374326944351196
696,2,305,0.644700288772583
697,2,306,0.7910098433494568
698,2,307,0.6626691818237305
699,2,308,0.6950909495353699
700,2,309,0.7694404721260071
701,2,310,0.7840274572372437
702,2,311,0.6649659872055054
703,2,312,0.6306703090667725
704,2,313,0.8155854940414429
705,2,314,0.824187695980072
706,2,315,0.8579277396202087
707,2,316,0.7007907032966614
708,2,317,0.7450752854347229
709,2,318,0.7614805698394775
710,2,319,0.6785922050476074
711,2,320,0.6886162757873535
712,2,321,0.6107912659645081
713,2,322,0.6406497955322266
714,2,323,0.8306519985198975
715,2,324,0.861788809299469
716,2,325,0.6328140497207642
717,2,326,0.6686073541641235
718,2,327,0.9081634283065796
719,2,328,0.7098053097724915
720,2,329,0.7505713701248169
721,2,330,0.7198078036308289
722,2,331,0.8184394240379333
723,2,332,0.7148357033729553
724,2,333,0.741215705871582
725,2,334,0.6190862655639648
726,2,335,0.67500901222229
727,2,336,0.8357709646224976
728,2,337,0.6785834431648254
729,2,338,0.7046536803245544
730,2,339,0.7446914315223694
731,2,340,0.6531069278717041
732,2,341,0.7373567819595337
733,2,342,0.666298508644104
734,2,343,0.6465772986412048
735,2,344,0.7494279146194458
736,2,345,0.8361387252807617
737,2,346,0.6064337491989136
738,2,347,0.6907150745391846
739,2,348,0.6372066736221313
740,2,349,0.8445830345153809
741,2,350,0.7649795413017273
742,2,351,0.6154664158821106
743,2,352,0.8669463992118835
744,2,353,0.675528883934021
745,2,354,0.8089957237243652
746,2,355,0.6564433574676514
747,2,356,0.7745040059089661
748,2,357,0.58603435754776
749,2,358,0.6252712607383728
750,2,359,0.5335288643836975
751,2,360,0.6582155227661133
752,2,361,0.7961288690567017
753,2,362,0.7566534876823425
754,2,363,0.5273086428642273
755,2,364,0.5584967136383057
756,2,365,0.7218115329742432
757,2,366,0.6513904333114624
758,2,367,0.6284691691398621
759,2,368,0.5236573219299316
760,2,369,0.6724490523338318
761,2,370,0.823693573474884
762,2,371,0.6611881852149963
763,2,372,0.6933077573776245
764,2,373,0.7754008173942566
765,2,374,0.7401167750358582
766,2,375,0.7366693615913391
767,2,376,0.6308879256248474
768,2,377,0.8105316758155823
769,2,378,0.61957186460495
770,2,379,0.7514427304267883
771,2,380,0.5953518748283386
772,2,381,0.6219106912612915
773,2,382,0.7264535427093506
774,2,383,0.5441125631332397
775,2,384,0.7343279719352722
776,2,385,0.6210496425628662
777,2,386,0.7101969122886658
778,2,387,0.7420778870582581
779,2,388,0.6095338463783264
780,2,389,0.643833339214325
781,2,390,0.733333945274353
782,2,391,0.8553897738456726
783,3,1,0.44901764392852783
784,3,2,0.54972243309021
785,3,3,0.5986613035202026
786,3,4,0.5238878726959229
787,3,5,0.5559695959091187
788,3,6,0.48744499683380127
789,3,7,0.5413322448730469
790,3,8,0.5539969801902771
791,3,9,0.6311404705047607
792,3,10,0.5911577343940735
793,3,11,0.7532190084457397
794,3,12,0.37943190336227417
795,3,13,0.6841608881950378
796,3,14,0.5618403553962708
797,3,15,0.5673933625221252
798,3,16,0.5554961562156677
799,3,17,0.6709964871406555
800,3,18,0.5790579319000244
801,3,19,0.6202129125595093
802,3,20,0.5424059629440308
803,3,21,0.479744553565979
804,3,22,0.42285385727882385
805,3,23,0.64790940284729
806,3,24,0.6436411142349243
807,3,25,0.4963783919811249
808,3,26,0.5138605237007141
809,3,27,0.605171799659729
810,3,28,0.42379873991012573
811,3,29,0.5992884635925293
812,3,30,0.5872424244880676
813,3,31,0.39851000905036926
814,3,32,0.5932257175445557
815,3,33,0.5734291076660156
816,3,34,0.4290512204170227
817,3,35,0.512986958026886
818,3,36,0.5314134955406189
819,3,37,0.5209898352622986
820,3,38,0.6679362058639526
821,3,39,0.5642611384391785
822,3,40,0.7857218980789185
823,3,41,0.5771346092224121
824,3,42,0.53118896484375
825,3,43,0.6841009259223938
826,3,44,0.7768926024436951
827,3,45,0.6356492042541504
828,3,46,0.5413112640380859
829,3,47,0.6648492813110352
830,3,48,0.6011396050453186
831,3,49,0.5558923482894897
832,3,50,0.6461389064788818
833,3,51,0.4476722478866577
834,3,52,0.8614439964294434
835,3,53,0.5339217185974121
836,3,54,0.6796331405639648
837,3,55,0.7287577390670776
838,3,56,0.4945208728313446
839,3,57,0.5985366702079773
840,3,58,0.7082390189170837
841,3,59,0.6623948216438293
842,3,60,0.586118221282959
843,3,61,0.6190731525421143
844,3,62,0.5807514786720276
845,3,63,0.5866838097572327
846,3,64,0.5857197642326355
847,3,65,0.6949840188026428
848,3,66,0.4838232696056366
849,3,67,0.5170218348503113
850,3,68,0.5606437921524048
851,3,69,0.6266854405403137
852,3,70,0.6273455619812012
853,3,71,0.6379952430725098
854,3,72,0.4770488739013672
855,3,73,0.6068424582481384
856,3,74,0.38867422938346863
857,3,75,0.5240079760551453
858,3,76,0.5828566551208496
859,3,77,0.6520602703094482
860,3,78,0.5746082067489624
861,3,79,0.66020268201828
862,3,80,0.580106794834137
863,3,81,0.5683231949806213
864,3,82,0.6172112822532654
865,3,83,0.4994732737541199
866,3,84,0.5951152443885803
867,3,85,0.6201958060264587
868,3,86,0.5850098729133606
869,3,87,0.7627264261245728
870,3,88,0.584437906742096
871,3,89,0.6514654159545898
872,3,90,0.5596482157707214
873,3,91,0.6528322100639343
874,3,92,0.5916503071784973
875,3,93,0.7428078055381775
876,3,94,0.6399239897727966
877,3,95,0.5956200957298279
878,3,96,0.5311808586120605
879,3,97,0.5972858667373657
880,3,98,0.6168356537818909
881,3,99,0.5838971138000488
882,3,100,0.6126036643981934
883,3,101,0.6006523966789246
884,3,102,0.6898993253707886
885,3,103,0.6117101907730103
886,3,104,0.5531651377677917
887,3,105,0.6528131365776062
888,3,106,0.6623687744140625
889,3,107,0.6880760192871094
890,3,108,0.6245010495185852
891,3,109,0.6904895305633545
892,3,110,0.5256509184837341
893,3,111,0.4355616569519043
894,3,112,0.5152032971382141
895,3,113,0.6086227297782898
896,3,114,0.507480800151825
897,3,115,0.5569183826446533
898,3,116,0.46289709210395813
899,3,117,0.6597412824630737
900,3,118,0.53276127576828
901,3,119,0.4838660955429077
902,3,120,0.7077922821044922
903,3,121,0.5290341377258301
904,3,122,0.5663883686065674
905,3,123,0.6033459305763245
906,3,124,0.6876956224441528
907,3,125,0.5670753717422485
908,3,126,0.6078609824180603
909,3,127,0.6486542224884033
910,3,128,0.5903372764587402
911,3,129,0.4360881447792053
912,3,130,0.6739240288734436
913,3,131,0.5718219876289368
914,3,132,0.605514407157898
915,3,133,0.4401201903820038
916,3,134,0.5239691138267517
917,3,135,0.5573655366897583
918,3,136,0.5036583542823792
919,3,137,0.5459785461425781
920,3,138,0.5511171817779541
921,3,139,0.5939663052558899
922,3,140,0.7658858299255371
923,3,141,0.6770081520080566
924,3,142,0.652987003326416
925,3,143,0.4594660699367523
926,3,144,0.6180467009544373
927,3,145,0.5310574173927307
928,3,146,0.4942062497138977
929,3,147,0.633342444896698
930,3,148,0.4796377420425415
931,3,149,0.5652662515640259
932,3,150,0.6412861943244934
933,3,151,0.5473776459693909
934,3,152,0.5701590180397034
935,3,153,0.5532345771789551
936,3,154,0.505681574344635
937,3,155,0.5331128239631653
938,3,156,0.5283038020133972
939,3,157,0.6375107169151306
940,3,158,0.5234615206718445
941,3,159,0.5458122491836548
942,3,160,0.6882147789001465
943,3,161,0.5811346173286438
944,3,162,0.5453087091445923
945,3,163,0.4955008029937744
946,3,164,0.6992436647415161
947,3,165,0.6783208250999451
948,3,166,0.6250540614128113
949,3,167,0.5757462382316589
950,3,168,0.5250701904296875
951,3,169,0.4889967441558838
952,3,170,0.47323620319366455
953,3,171,0.7315119504928589
954,3,172,0.6069143414497375
955,3,173,0.7385265827178955
956,3,174,0.7470556497573853
957,3,175,0.7684693336486816
958,3,176,0.6871404647827148
959,3,177,0.6764762997627258
960,3,178,0.43977728486061096
961,3,179,0.5551950335502625
962,3,180,0.6100093722343445
963,3,181,0.6383944749832153
964,3,182,0.6764643788337708
965,3,183,0.5938506722450256
966,3,184,0.5732601881027222
967,3,185,0.5186485648155212
968,3,186,0.6283960342407227
969,3,187,0.47883301973342896
970,3,188,0.5968000292778015
971,3,189,0.6026154160499573
972,3,190,0.583717405796051
973,3,191,0.7137700319290161
974,3,192,0.5262508988380432
975,3,193,0.49884364008903503
976,3,194,0.5911577343940735
977,3,195,0.5068269968032837
978,3,196,0.611624538898468
979,3,197,0.6445968151092529
980,3,198,0.3938233554363251
981,3,199,0.6229709386825562
982,3,200,0.5493519306182861
983,3,201,0.5227205157279968
984,3,202,0.6348114013671875
985,3,203,0.6262783408164978
986,3,204,0.4585399925708771
987,3,205,0.5804696679115295
988,3,206,0.6261974573135376
989,3,207,0.488303542137146
990,3,208,0.707766056060791
991,3,209,0.5831232070922852
992,3,210,0.605990469455719
993,3,211,0.6508816480636597
994,3,212,0.5871951580047607
995,3,213,0.4744144082069397
996,3,214,0.5334423780441284
997,3,215,0.49338826537132263
998,3,216,0.5185093879699707
999,3,217,0.7630485892295837
1000,3,218,0.5379490852355957
1001,3,219,0.3946289122104645
1002,3,220,0.5491853952407837
1003,3,221,0.6325274109840393
1004,3,222,0.604554295539856
1005,3,223,0.6264837980270386
1006,3,224,0.5551409721374512
1007,3,225,0.5464339852333069
1008,3,226,0.5500446557998657
1009,3,227,0.5957414507865906
1010,3,228,0.628804624080658
1011,3,229,0.6003419756889343
1012,3,230,0.5161288976669312
1013,3,231,0.6385136246681213
1014,3,232,0.6030029058456421
1015,3,233,0.46269547939300537
1016,3,234,0.7019840478897095
1017,3,235,0.596758246421814
1018,3,236,0.7484490275382996
1019,3,237,0.7127777338027954
1020,3,238,0.6042166948318481
1021,3,239,0.5809388756752014
1022,3,240,0.6413540244102478
1023,3,241,0.6015387773513794
1024,3,242,0.47182565927505493
1025,3,243,0.6515737175941467
1026,3,244,0.5858745574951172
1027,3,245,0.7267003655433655
1028,3,246,0.5456969738006592
1029,3,247,0.48593124747276306
1030,3,248,0.626766562461853
1031,3,249,0.5889798402786255
1032,3,250,0.5065999627113342
1033,3,251,0.5202062726020813
1034,3,252,0.4193422198295593
1035,3,253,0.7813908457756042
1036,3,254,0.4987200200557709
1037,3,255,0.6451550126075745
1038,3,256,0.5118128061294556
1039,3,257,0.5638324022293091
1040,3,258,0.5409721732139587
1041,3,259,0.5395826697349548
1042,3,260,0.42463570833206177
1043,3,261,0.49895933270454407
1044,3,262,0.6593853831291199
1045,3,263,0.5806853175163269
1046,3,264,0.5331292748451233
1047,3,265,0.697520911693573
1048,3,266,0.6186467409133911
1049,3,267,0.5014028549194336
1050,3,268,0.5278993844985962
1051,3,269,0.7024387121200562
1052,3,270,0.4797445833683014
1053,3,271,0.5130636096000671
1054,3,272,0.5909165740013123
1055,3,273,0.49568304419517517
1056,3,274,0.617377758026123
1057,3,275,0.6131798028945923
1058,3,276,0.5112412571907043
1059,3,277,0.5669878125190735
1060,3,278,0.5255928635597229
1061,3,279,0.5879530310630798
1062,3,280,0.7111843824386597
1063,3,281,0.6802139282226562
1064,3,282,0.6054545044898987
1065,3,283,0.5104084610939026
1066,3,284,0.5459920763969421
1067,3,285,0.4784518778324127
1068,3,286,0.56716388463974
1069,3,287,0.5525596141815186
1070,3,288,0.4704498052597046
1071,3,289,0.621999979019165
1072,3,290,0.5084258317947388
1073,3,291,0.5176244974136353
1074,3,292,0.7510367631912231
1075,3,293,0.5711566805839539
1076,3,294,0.4201134443283081
1077,3,295,0.5492385029792786
1078,3,296,0.4984256625175476
1079,3,297,0.5483332276344299
1080,3,298,0.6360078454017639
1081,3,299,0.4923476576805115
1082,3,300,0.5651217699050903
1083,3,301,0.6273304224014282
1084,3,302,0.531042218208313
1085,3,303,0.7458658218383789
1086,3,304,0.5846945643424988
1087,3,305,0.6832354664802551
1088,3,306,0.5231852531433105
1089,3,307,0.5387126207351685
1090,3,308,0.6778239607810974
1091,3,309,0.5041748881340027
1092,3,310,0.5426017045974731
1093,3,311,0.5136523842811584
1094,3,312,0.528193473815918
1095,3,313,0.6147899627685547
1096,3,314,0.6217368245124817
1097,3,315,0.4841839671134949
1098,3,316,0.6017025709152222
1099,3,317,0.3895610570907593
1100,3,318,0.45211300253868103
1101,3,319,0.6284916400909424
1102,3,320,0.6583528518676758
1103,3,321,0.5555543899536133
1104,3,322,0.5617014765739441
1105,3,323,0.470855712890625
1106,3,324,0.5509172677993774
1107,3,325,0.4144290089607239
1108,3,326,0.5648989081382751
1109,3,327,0.590969443321228
1110,3,328,0.5660701990127563
1111,3,329,0.5986825823783875
1112,3,330,0.6550254821777344
1113,3,331,0.6208085417747498
1114,3,332,0.4440968632698059
1115,3,333,0.3827402591705322
1116,3,334,0.5408191084861755
1117,3,335,0.4880147874355316
1118,3,336,0.5942283272743225
1119,3,337,0.4639032185077667
1120,3,338,0.6088966727256775
1121,3,339,0.4469597637653351
1122,3,340,0.6515000462532043
1123,3,341,0.7397536039352417
1124,3,342,0.5753045678138733
1125,3,343,0.5105997920036316
1126,3,344,0.49248838424682617
1127,3,345,0.47716987133026123
1128,3,346,0.4559924006462097
1129,3,347,0.6135644316673279
1130,3,348,0.5703946948051453
1131,3,349,0.44523781538009644
1132,3,350,0.5599808692932129
1133,3,351,0.5256119966506958
1134,3,352,0.44252756237983704
1135,3,353,0.41548189520835876
1136,3,354,0.6015366315841675
1137,3,355,0.552071213722229
1138,3,356,0.5014957785606384
1139,3,357,0.5277893543243408
1140,3,358,0.7734918594360352
1141,3,359,0.4635961651802063
1142,3,360,0.6385309100151062
1143,3,361,0.6061415076255798
1144,3,362,0.5650191903114319
1145,3,363,0.5946232676506042
1146,3,364,0.5482820272445679
1147,3,365,0.6099381446838379
1148,3,366,0.838200569152832
1149,3,367,0.685814619064331
1150,3,368,0.4978759288787842
1151,3,369,0.5203461050987244
1152,3,370,0.5522330403327942
1153,3,371,0.6374353170394897
1154,3,372,0.39057743549346924
1155,3,373,0.5376278758049011
1156,3,374,0.550794243812561
1157,3,375,0.6233322024345398
1158,3,376,0.6575337052345276
1159,3,377,0.49721354246139526
1160,3,378,0.5528857707977295
1161,3,379,0.45854806900024414
1162,3,380,0.4789530634880066
1163,3,381,0.4205276668071747
1164,3,382,0.5000497698783875
1165,3,383,0.5585113167762756
1166,3,384,0.5096585750579834
1167,3,385,0.5222598910331726
1168,3,386,0.6345803737640381
1169,3,387,0.5871725082397461
1170,3,388,0.8271947503089905
1171,3,389,0.5252844095230103
1172,3,390,0.43317845463752747
1173,3,391,0.5822060704231262
1174,4,1,0.30308493971824646
1175,4,2,0.3344017565250397
1176,4,3,0.5128860473632812
1177,4,4,0.5357180237770081
1178,4,5,0.3762359321117401
1179,4,6,0.5632625818252563
1180,4,7,0.5426996946334839
1181,4,8,0.357155442237854
1182,4,9,0.4350188374519348
1183,4,10,0.49357113242149353
1184,4,11,0.36823156476020813
1185,4,12,0.3989216983318329
1186,4,13,0.4510044753551483
1187,4,14,0.3703189790248871
1188,4,15,0.48993751406669617
1189,4,16,0.5433672666549683
1190,4,17,0.37376168370246887
1191,4,18,0.3561723530292511
1192,4,19,0.36463627219200134
1193,4,20,0.3326907157897949
1194,4,21,0.46576276421546936
1195,4,22,0.38967761397361755
1196,4,23,0.35438036918640137
1197,4,24,0.5355716943740845
1198,4,25,0.42968061566352844
1199,4,26,0.5202736854553223
1200,4,27,0.4080031216144562
1201,4,28,0.5403850078582764
1202,4,29,0.5004991292953491
1203,4,30,0.4411177635192871
1204,4,31,0.38687798380851746
1205,4,32,0.35194826126098633
1206,4,33,0.4874218702316284
1207,4,34,0.4681701362133026
1208,4,35,0.31748074293136597
1209,4,36,0.4543319344520569
1210,4,37,0.5540120601654053
1211,4,38,0.5395443439483643
1212,4,39,0.3898455798625946
1213,4,40,0.5244078040122986
1214,4,41,0.273061066865921
1215,4,42,0.30367422103881836
1216,4,43,0.45588743686676025
1217,4,44,0.2668802738189697
1218,4,45,0.5484880805015564
1219,4,46,0.4777812957763672
1220,4,47,0.4572444558143616
1221,4,48,0.3199172019958496
1222,4,49,0.38480818271636963
1223,4,50,0.3982488811016083
1224,4,51,0.4125513732433319
1225,4,52,0.4034605622291565
1226,4,53,0.2634768486022949
1227,4,54,0.5185699462890625
1228,4,55,0.4460451602935791
1229,4,56,0.43334874510765076
1230,4,57,0.3955087959766388
1231,4,58,0.44364070892333984
1232,4,59,0.5460501909255981
1233,4,60,0.4269995093345642
1234,4,61,0.43100765347480774
1235,4,62,0.3775278925895691
1236,4,63,0.4095951020717621
1237,4,64,0.3815814256668091
1238,4,65,0.34169870615005493
1239,4,66,0.3760431110858917
1240,4,67,0.43466004729270935
1241,4,68,0.4610341489315033
1242,4,69,0.4398711323738098
1243,4,70,0.5007178783416748
1244,4,71,0.3714950382709503
1245,4,72,0.5342767834663391
1246,4,73,0.3749932050704956
1247,4,74,0.5126131176948547
1248,4,75,0.3867039978504181
1249,4,76,0.3791707754135132
1250,4,77,0.4611164927482605
1251,4,78,0.43619054555892944
1252,4,79,0.44105884432792664
1253,4,80,0.32374629378318787
1254,4,81,0.5335474610328674
1255,4,82,0.35914990305900574
1256,4,83,0.4432121813297272
1257,4,84,0.507642388343811
1258,4,85,0.5436668992042542
1259,4,86,0.6012896299362183
1260,4,87,0.4803449213504791
1261,4,88,0.6232327222824097
1262,4,89,0.5316908955574036
1263,4,90,0.562113881111145
1264,4,91,0.41370078921318054
1265,4,92,0.4644521176815033
1266,4,93,0.4137255549430847
1267,4,94,0.5671248435974121
1268,4,95,0.3056833744049072
1269,4,96,0.4951811730861664
1270,4,97,0.3278018534183502
1271,4,98,0.5410282611846924
1272,4,99,0.5252519249916077
1273,4,100,0.46630144119262695
1274,4,101,0.3607218265533447
1275,4,102,0.5067689418792725
1276,4,103,0.3846690356731415
1277,4,104,0.44814860820770264
1278,4,105,0.4011881947517395
1279,4,106,0.43159815669059753
1280,4,107,0.5046159029006958
1281,4,108,0.48764222860336304
1282,4,109,0.28499409556388855
1283,4,110,0.7011390328407288
1284,4,111,0.3004786968231201
1285,4,112,0.3984878361225128
1286,4,113,0.3905576169490814
1287,4,114,0.4290364682674408
1288,4,115,0.4598338007926941
1289,4,116,0.4552825391292572
1290,4,117,0.3489835858345032
1291,4,118,0.4383663237094879
1292,4,119,0.617715060710907
1293,4,120,0.45233163237571716
1294,4,121,0.5337651371955872
1295,4,122,0.47958749532699585
1296,4,123,0.5166409015655518
1297,4,124,0.3805442750453949
1298,4,125,0.5425441861152649
1299,4,126,0.4965868890285492
1300,4,127,0.3933224380016327
1301,4,128,0.3504515290260315
1302,4,129,0.5982826948165894
1303,4,130,0.4979654550552368
1304,4,131,0.460204154253006
1305,4,132,0.5167020559310913
1306,4,133,0.7525392174720764
1307,4,134,0.5142939686775208
1308,4,135,0.45641157031059265
1309,4,136,0.4196183681488037
1310,4,137,0.4153252840042114
1311,4,138,0.6139158606529236
1312,4,139,0.4212847948074341
1313,4,140,0.4681762754917145
1314,4,141,0.5730763673782349
1315,4,142,0.5623543858528137
1316,4,143,0.4660199284553528
1317,4,144,0.6138955950737
1318,4,145,0.4168221950531006
1319,4,146,0.3917139768600464
1320,4,147,0.606921911239624
1321,4,148,0.5168546438217163
1322,4,149,0.5142254829406738
1323,4,150,0.3703154921531677
1324,4,151,0.47385886311531067
1325,4,152,0.5259808301925659
1326,4,153,0.43364062905311584
1327,4,154,0.41312888264656067
1328,4,155,0.4752464294433594
1329,4,156,0.4189424514770508
1330,4,157,0.3727230131626129
1331,4,158,0.4240531921386719
1332,4,159,0.5233157277107239
1333,4,160,0.5247324705123901
1334,4,161,0.5435700416564941
1335,4,162,0.3925166726112366
1336,4,163,0.3547588288784027
1337,4,164,0.44028958678245544
1338,4,165,0.35516658425331116
1339,4,166,0.3912360668182373
1340,4,167,0.447442889213562
1341,4,168,0.5050807595252991
1342,4,169,0.48811066150665283
1343,4,170,0.4979268014431
1344,4,171,0.3805392384529114
1345,4,172,0.6727957725524902
1346,4,173,0.4340663254261017
1347,4,174,0.4635246992111206
1348,4,175,0.4319666624069214
1349,4,176,0.40191778540611267
1350,4,177,0.42569753527641296
1351,4,178,0.3977731764316559
1352,4,179,0.4887659251689911
1353,4,180,0.5303510427474976
1354,4,181,0.5028970241546631
1355,4,182,0.5163355469703674
1356,4,183,0.5526952147483826
1357,4,184,0.48919835686683655
1358,4,185,0.5483017563819885
1359,4,186,0.5412843227386475
1360,4,187,0.44240620732307434
1361,4,188,0.39770305156707764
1362,4,189,0.5687007904052734
1363,4,190,0.48507142066955566
1364,4,191,0.45955610275268555
1365,4,192,0.6252325177192688
1366,4,193,0.3925967216491699
1367,4,194,0.3690412938594818
1368,4,195,0.5348261594772339
1369,4,196,0.46671733260154724
1370,4,197,0.4873417019844055
1371,4,198,0.47872838377952576
1372,4,199,0.4063382148742676
1373,4,200,0.40133950114250183
1374,4,201,0.43200966715812683
1375,4,202,0.4652947187423706
1376,4,203,0.3238334655761719
1377,4,204,0.3695777952671051
1378,4,205,0.43598294258117676
1379,4,206,0.3857814371585846
1380,4,207,0.35594454407691956
1381,4,208,0.527702808380127
1382,4,209,0.42483022809028625
1383,4,210,0.3775583803653717
1384,4,211,0.4046081006526947
1385,4,212,0.4376940429210663
1386,4,213,0.6613830924034119
1387,4,214,0.5116760730743408
1388,4,215,0.48096632957458496
1389,4,216,0.564842939376831
1390,4,217,0.3814621865749359
1391,4,218,0.5687897205352783
1392,4,219,0.45914962887763977
1393,4,220,0.3713114261627197
1394,4,221,0.39705750346183777
1395,4,222,0.3335702419281006
1396,4,223,0.6737251877784729
1397,4,224,0.3643091320991516
1398,4,225,0.505199670791626
1399,4,226,0.3620583713054657
1400,4,227,0.5365222096443176
1401,4,228,0.3821175992488861
1402,4,229,0.5443947911262512
1403,4,230,0.5405819416046143
1404,4,231,0.45032110810279846
1405,4,232,0.5649477243423462
1406,4,233,0.45110389590263367
1407,4,234,0.4054431915283203
1408,4,235,0.6345528960227966
1409,4,236,0.6481835246086121
1410,4,237,0.5186202526092529
1411,4,238,0.5292640328407288
1412,4,239,0.39644569158554077
1413,4,240,0.5213879346847534
1414,4,241,0.5130825638771057
1415,4,242,0.4429105818271637
1416,4,243,0.533463716506958
1417,4,244,0.4585380554199219
1418,4,245,0.4788334369659424
1419,4,246,0.47488170862197876
1420,4,247,0.5889745950698853
1421,4,248,0.664844274520874
1422,4,249,0.38286831974983215
1423,4,250,0.43685707449913025
1424,4,251,0.5938052535057068
1425,4,252,0.5354716181755066
1426,4,253,0.5387958884239197
1427,4,254,0.5050850510597229
1428,4,255,0.5117888450622559
1429,4,256,0.41782960295677185
1430,4,257,0.41436922550201416
1431,4,258,0.35704466700553894
1432,4,259,0.433658629655838
1433,4,260,0.4123035669326782
1434,4,261,0.427249938249588
1435,4,262,0.38596129417419434
1436,4,263,0.39206764101982117
1437,4,264,0.6097650527954102
1438,4,265,0.4518812596797943
1439,4,266,0.38507506251335144
1440,4,267,0.445417195558548
1441,4,268,0.4485083520412445
1442,4,269,0.40667951107025146
1443,4,270,0.39511677622795105
1444,4,271,0.40805694460868835
1445,4,272,0.4621666669845581
1446,4,273,0.3945191502571106
1447,4,274,0.5166854858398438
1448,4,275,0.3779205083847046
1449,4,276,0.36283665895462036
1450,4,277,0.37190207839012146
1451,4,278,0.27052193880081177
1452,4,279,0.4341404139995575
1453,4,280,0.5186192393302917
1454,4,281,0.65584796667099
1455,4,282,0.4533537030220032
1456,4,283,0.6006684899330139
1457,4,284,0.4076825678348541
1458,4,285,0.40868085622787476
1459,4,286,0.35255518555641174
1460,4,287,0.4609576463699341
1461,4,288,0.5399878621101379
1462,4,289,0.5938580632209778
1463,4,290,0.47398823499679565
1464,4,291,0.37470224499702454
1465,4,292,0.4600188136100769
1466,4,293,0.27007779479026794
1467,4,294,0.4988066256046295
1468,4,295,0.5745294094085693
1469,4,296,0.3896942138671875
1470,4,297,0.45715463161468506
1471,4,298,0.5258859992027283
1472,4,299,0.3641832172870636
1473,4,300,0.304446280002594
1474,4,301,0.280801922082901
1475,4,302,0.4435954988002777
1476,4,303,0.30484485626220703
1477,4,304,0.514241099357605
1478,4,305,0.4207170605659485
1479,4,306,0.45701712369918823
1480,4,307,0.3272113800048828
1481,4,308,0.4205271899700165
1482,4,309,0.3653004467487335
1483,4,310,0.43539294600486755
1484,4,311,0.526975691318512
1485,4,312,0.38535723090171814
1486,4,313,0.5067057013511658
1487,4,314,0.49402427673339844
1488,4,315,0.6095909476280212
1489,4,316,0.34686997532844543
1490,4,317,0.45195236802101135
1491,4,318,0.4964861273765564
1492,4,319,0.4709751605987549
1493,4,320,0.5311655402183533
1494,4,321,0.5727308988571167
1495,4,322,0.5498523712158203
1496,4,323,0.47609779238700867
1497,4,324,0.43398159742355347
1498,4,325,0.48922351002693176
1499,4,326,0.8161909580230713
1500,4,327,0.5288099050521851
1501,4,328,0.5120282769203186
1502,4,329,0.603740394115448
1503,4,330,0.5277345776557922
1504,4,331,0.442691832780838
1505,4,332,0.5033000707626343
1506,4,333,0.4598878026008606
1507,4,334,0.5121862292289734
1508,4,335,0.45258933305740356
1509,4,336,0.46732139587402344
1510,4,337,0.4596955478191376
1511,4,338,0.4033956527709961
1512,4,339,0.6398274898529053
1513,4,340,0.5090417265892029
1514,4,341,0.4881853461265564
1515,4,342,0.5399138927459717
1516,4,343,0.5589573383331299
1517,4,344,0.3808073103427887
1518,4,345,0.4785875082015991
1519,4,346,0.4273061454296112
1520,4,347,0.5123335123062134
1521,4,348,0.4095723628997803
1522,4,349,0.4124472141265869
1523,4,350,0.5010803937911987
1524,4,351,0.4854995608329773
1525,4,352,0.5466709136962891
1526,4,353,0.4094915986061096
1527,4,354,0.4083026051521301
1528,4,355,0.653857409954071
1529,4,356,0.6364856362342834
1530,4,357,0.39016640186309814
1531,4,358,0.3241036534309387
1532,4,359,0.4482347369194031
1533,4,360,0.6443032622337341
1534,4,361,0.471978098154068
1535,4,362,0.4048762023448944
1536,4,363,0.44266176223754883
1537,4,364,0.38080036640167236
1538,4,365,0.34568554162979126
1539,4,366,0.4815056324005127
1540,4,367,0.3665597438812256
1541,4,368,0.3730960786342621
1542,4,369,0.47571271657943726
1543,4,370,0.4599296748638153
1544,4,371,0.6004829406738281
1545,4,372,0.46345263719558716
1546,4,373,0.35833606123924255
1547,4,374,0.3557470142841339
1548,4,375,0.41612616181373596
1549,4,376,0.34814608097076416
1550,4,377,0.3806237578392029
1551,4,378,0.5574066638946533
1552,4,379,0.45052316784858704
1553,4,380,0.5699207782745361
1554,4,381,0.46489861607551575
1555,4,382,0.33462536334991455
1556,4,383,0.5215343832969666
1557,4,384,0.3937511444091797
1558,4,385,0.6250314116477966
1559,4,386,0.41429412364959717
1560,4,387,0.32169443368911743
1561,4,388,0.35227280855178833
1562,4,389,0.5097751617431641
1563,4,390,0.3922598361968994
1564,4,391,0.6456054449081421
1565,5,1,0.2524740397930145
1566,5,2,0.38773006200790405
1567,5,3,0.3691447973251343
1568,5,4,0.4022201895713806
1569,5,5,0.3210989832878113
1570,5,6,0.3286244571208954
1571,5,7,0.32364773750305176
1572,5,8,0.31389620900154114
1573,5,9,0.3719992935657501
1574,5,10,0.3347890079021454
1575,5,11,0.45824024081230164
1576,5,12,0.3653263449668884
1577,5,13,0.3197072744369507
1578,5,14,0.34062936902046204
1579,5,15,0.3131865859031677
1580,5,16,0.3515303432941437
1581,5,17,0.3177111744880676
1582,5,18,0.4523259401321411
1583,5,19,0.17380113899707794
1584,5,20,0.27166345715522766
1585,5,21,0.31423795223236084
1586,5,22,0.2158268541097641
1587,5,23,0.2765200436115265
1588,5,24,0.3037581145763397
1589,5,25,0.19038230180740356
1590,5,26,0.35548949241638184
1591,5,27,0.3403627872467041
1592,5,28,0.32320159673690796
1593,5,29,0.40773868560791016
1594,5,30,0.3492356538772583
1595,5,31,0.3764896094799042
1596,5,32,0.3168656826019287
1597,5,33,0.39770931005477905
1598,5,34,0.38931044936180115
1599,5,35,0.43925315141677856
1600,5,36,0.4345802962779999
1601,5,37,0.34352347254753113
1602,5,38,0.3478725552558899
1603,5,39,0.24120253324508667
1604,5,40,0.39232710003852844
1605,5,41,0.2866724729537964
1606,5,42,0.2741149961948395
1607,5,43,0.24282434582710266
1608,5,44,0.2851860821247101
1609,5,45,0.21568475663661957
1610,5,46,0.3259194791316986
1611,5,47,0.3781842589378357
1612,5,48,0.38219013810157776
1613,5,49,0.3984852731227875
1614,5,50,0.2826859652996063
1615,5,51,0.37503835558891296
1616,5,52,0.3135456442832947
1617,5,53,0.2745804488658905
1618,5,54,0.24485351145267487
1619,5,55,0.5012187361717224
1620,5,56,0.3872236907482147
1621,5,57,0.21176351606845856
1622,5,58,0.3214084506034851
1623,5,59,0.3480739891529083
1624,5,60,0.2465832531452179
1625,5,61,0.2351044863462448
1626,5,62,0.4160938262939453
1627,5,63,0.3417483866214752
1628,5,64,0.4001048505306244
1629,5,65,0.17027594149112701
1630,5,66,0.49006035923957825
1631,5,67,0.25414231419563293
1632,5,68,0.41400814056396484
1633,5,69,0.36638468503952026
1634,5,70,0.3190081715583801
1635,5,71,0.4682171046733856
1636,5,72,0.321225643157959
1637,5,73,0.30635571479797363
1638,5,74,0.2585983872413635
1639,5,75,0.38544973731040955
1640,5,76,0.29131603240966797
1641,5,77,0.5506427884101868
1642,5,78,0.4089689254760742
1643,5,79,0.4790990948677063
1644,5,80,0.23817738890647888
1645,5,81,0.21921083331108093
1646,5,82,0.3092978596687317
1647,5,83,0.36371099948883057
1648,5,84,0.47507864236831665
1649,5,85,0.3052574098110199
1650,5,86,0.4336787760257721
1651,5,87,0.5241371989250183
1652,5,88,0.26693835854530334
1653,5,89,0.45643818378448486
1654,5,90,0.43364670872688293
1655,5,91,0.3217482566833496
1656,5,92,0.2949545085430145
1657,5,93,0.3158242106437683
1658,5,94,0.38001587986946106
1659,5,95,0.3461824357509613
1660,5,96,0.31226637959480286
1661,5,97,0.34875211119651794
1662,5,98,0.467251181602478
1663,5,99,0.4187624156475067
1664,5,100,0.27452972531318665
1665,5,101,0.3926289975643158
1666,5,102,0.2940278649330139
1667,5,103,0.2902813255786896
1668,5,104,0.26788055896759033
1669,5,105,0.2912856340408325
1670,5,106,0.34478604793548584
1671,5,107,0.4911946654319763
1672,5,108,0.3639948070049286
1673,5,109,0.3052367866039276
1674,5,110,0.4050450623035431
1675,5,111,0.37185409665107727
1676,5,112,0.3193376064300537
1677,5,113,0.4082942605018616
1678,5,114,0.4291704297065735
1679,5,115,0.32581353187561035
1680,5,116,0.38779976963996887
1681,5,117,0.2246875762939453
1682,5,118,0.3709903359413147
1683,5,119,0.2668662667274475
1684,5,120,0.28740066289901733
1685,5,121,0.38945287466049194
1686,5,122,0.4023630619049072
1687,5,123,0.4128749370574951
1688,5,124,0.3406990170478821
1689,5,125,0.2768348157405853
1690,5,126,0.5071876049041748
1691,5,127,0.16251224279403687
1692,5,128,0.40986892580986023
1693,5,129,0.4219510555267334
1694,5,130,0.2731308341026306
1695,5,131,0.41863808035850525
1696,5,132,0.2998827397823334
1697,5,133,0.42459836602211
1698,5,134,0.4366227686405182
1699,5,135,0.2690450847148895
1700,5,136,0.2798490822315216
1701,5,137,0.32180356979370117
1702,5,138,0.2637101411819458
1703,5,139,0.27889588475227356
1704,5,140,0.5004006624221802
1705,5,141,0.5543132424354553
1706,5,142,0.4031595289707184
1707,5,143,0.25999873876571655
1708,5,144,0.3179126977920532
1709,5,145,0.4058116376399994
1710,5,146,0.28048038482666016
1711,5,147,0.35471683740615845
1712,5,148,0.43290600180625916
1713,5,149,0.46675682067871094
1714,5,150,0.44204097986221313
1715,5,151,0.36750364303588867
1716,5,152,0.47046348452568054
1717,5,153,0.39321285486221313
1718,5,154,0.49624672532081604
1719,5,155,0.397937536239624
1720,5,156,0.3831685185432434
1721,5,157,0.5552634596824646
1722,5,158,0.49350506067276
1723,5,159,0.36204150319099426
1724,5,160,0.3626581132411957
1725,5,161,0.37009039521217346
1726,5,162,0.24868546426296234
1727,5,163,0.2884499132633209
1728,5,164,0.4271867871284485
1729,5,165,0.25536373257637024
1730,5,166,0.5749722719192505
1731,5,167,0.38736671209335327
1732,5,168,0.27442821860313416
1733,5,169,0.3725765347480774
1734,5,170,0.42177262902259827
1735,5,171,0.40620508790016174
1736,5,172,0.3978228271007538
1737,5,173,0.17595438659191132
1738,5,174,0.36011096835136414
1739,5,175,0.4787970185279846
1740,5,176,0.3181471824645996
1741,5,177,0.48982876539230347
1742,5,178,0.3348231911659241
1743,5,179,0.37876608967781067
1744,5,180,0.37118804454803467
1745,5,181,0.4221142828464508
1746,5,182,0.35905513167381287
1747,5,183,0.4136417508125305
1748,5,184,0.36795470118522644
1749,5,185,0.3906799256801605
1750,5,186,0.3263119161128998
1751,5,187,0.3067922592163086
1752,5,188,0.23531362414360046
1753,5,189,0.24966590106487274
1754,5,190,0.25983187556266785
1755,5,191,0.16614295542240143
1756,5,192,0.28970757126808167
1757,5,193,0.33688610792160034
1758,5,194,0.3660610318183899
1759,5,195,0.2903780937194824
1760,5,196,0.2766847312450409
1761,5,197,0.23398305475711823
1762,5,198,0.2550903558731079
1763,5,199,0.2834683060646057
1764,5,200,0.43445444107055664
1765,5,201,0.399537056684494
1766,5,202,0.3790387511253357
1767,5,203,0.2701655924320221
1768,5,204,0.37287747859954834
1769,5,205,0.3174382448196411
1770,5,206,0.2788267433643341
1771,5,207,0.4689987003803253
1772,5,208,0.34887903928756714
1773,5,209,0.3863062262535095
1774,5,210,0.31497249007225037
1775,5,211,0.35029059648513794
1776,5,212,0.25012120604515076
1777,5,213,0.29990288615226746
1778,5,214,0.3036707043647766
1779,5,215,0.3156161308288574
1780,5,216,0.4705776572227478
1781,5,217,0.27444151043891907
1782,5,218,0.39088937640190125
1783,5,219,0.42466750741004944
1784,5,220,0.41857507824897766
1785,5,221,0.5282224416732788
1786,5,222,0.460236519575119
1787,5,223,0.5772373080253601
1788,5,224,0.4233461618423462
1789,5,225,0.38825422525405884
1790,5,226,0.4157494604587555
1791,5,227,0.3783777058124542
1792,5,228,0.34701091051101685
1793,5,229,0.3552187383174896
1794,5,230,0.37153106927871704
1795,5,231,0.2520718574523926
1796,5,232,0.36281919479370117
1797,5,233,0.28141099214553833
1798,5,234,0.30806025862693787
1799,5,235,0.2835347652435303
1800,5,236,0.44369667768478394
1801,5,237,0.4111074209213257
1802,5,238,0.4124278426170349
1803,5,239,0.2752687335014343
1804,5,240,0.2977961301803589
1805,5,241,0.3046165704727173
1806,5,242,0.3297095000743866
1807,5,243,0.43236351013183594
1808,5,244,0.2755791246891022
1809,5,245,0.23779000341892242
1810,5,246,0.3085567355155945
1811,5,247,0.4135461747646332
1812,5,248,0.25957101583480835
1813,5,249,0.2903467118740082
1814,5,250,0.390989750623703
1815,5,251,0.387533038854599
1816,5,252,0.40174034237861633
1817,5,253,0.2647515535354614
1818,5,254,0.3457697033882141
1819,5,255,0.40944650769233704
1820,5,256,0.3249536454677582
1821,5,257,0.3264387547969818
1822,5,258,0.25290241837501526
1823,5,259,0.3974915146827698
1824,5,260,0.33487194776535034
1825,5,261,0.285098135471344
1826,5,262,0.3649178147315979
1827,5,263,0.3520492613315582
1828,5,264,0.3664017617702484
1829,5,265,0.364712119102478
1830,5,266,0.3358587622642517
1831,5,267,0.40156233310699463
1832,5,268,0.337190181016922
1833,5,269,0.37096861004829407
1834,5,270,0.3094905912876129
1835,5,271,0.3571009933948517
1836,5,272,0.3319220244884491
1837,5,273,0.43666261434555054
1838,5,274,0.3025745749473572
1839,5,275,0.4580015242099762
1840,5,276,0.3589915931224823
1841,5,277,0.4994090497493744
1842,5,278,0.47519177198410034
1843,5,279,0.5459543466567993
1844,5,280,0.3034168481826782
1845,5,281,0.2977888286113739
1846,5,282,0.36668482422828674
1847,5,283,0.31158238649368286
1848,5,284,0.477443665266037
1849,5,285,0.4509837329387665
1850,5,286,0.46685853600502014
1851,5,287,0.45714327692985535
1852,5,288,0.40051916241645813
1853,5,289,0.2373918890953064
1854,5,290,0.38341233134269714
1855,5,291,0.5195549130439758
1856,5,292,0.3476020395755768
1857,5,293,0.5114211440086365
1858,5,294,0.2645738124847412
1859,5,295,0.4840054512023926
1860,5,296,0.389274537563324
1861,5,297,0.3956405222415924
1862,5,298,0.604237973690033
1863,5,299,0.5519810914993286
1864,5,300,0.45763126015663147
1865,5,301,0.4013729393482208
1866,5,302,0.2863583266735077
1867,5,303,0.42353248596191406
1868,5,304,0.304425448179245
1869,5,305,0.34619617462158203
1870,5,306,0.3826265335083008
1871,5,307,0.4189264178276062
1872,5,308,0.18612040579319
1873,5,309,0.4329356551170349
1874,5,310,0.4981429874897003
1875,5,311,0.5322208404541016
1876,5,312,0.27441343665122986
1877,5,313,0.4236067533493042
1878,5,314,0.4407683312892914
1879,5,315,0.3276810944080353
1880,5,316,0.35297778248786926
1881,5,317,0.3413255512714386
1882,5,318,0.4345133900642395
1883,5,319,0.3120921552181244
1884,5,320,0.4409292936325073
1885,5,321,0.3012780249118805
1886,5,322,0.4161606431007385
1887,5,323,0.36245521903038025
1888,5,324,0.3321499824523926
1889,5,325,0.30720680952072144
1890,5,326,0.4617058038711548
1891,5,327,0.26563760638237
1892,5,328,0.2550835907459259
1893,5,329,0.33779507875442505
1894,5,330,0.36185452342033386
1895,5,331,0.31472116708755493
1896,5,332,0.35800328850746155
1897,5,333,0.22626248002052307
1898,5,334,0.3199694752693176
1899,5,335,0.3342575132846832
1900,5,336,0.366157203912735
1901,5,337,0.4263789653778076
1902,5,338,0.2684696316719055
1903,5,339,0.29349586367607117
1904,5,340,0.3315231204032898
1905,5,341,0.2726486921310425
1906,5,342,0.3367440700531006
1907,5,343,0.2760341465473175
1908,5,344,0.26661208271980286
1909,5,345,0.2962939441204071
1910,5,346,0.3717123568058014
1911,5,347,0.3471328616142273
1912,5,348,0.3501273989677429
1913,5,349,0.33556875586509705
1914,5,350,0.32346978783607483
1915,5,351,0.32094454765319824
1916,5,352,0.34750068187713623
1917,5,353,0.3831610381603241
1918,5,354,0.4021100401878357
1919,5,355,0.3921387195587158
1920,5,356,0.34119275212287903
1921,5,357,0.2799403667449951
1922,5,358,0.3522605895996094
1923,5,359,0.431430459022522
1924,5,360,0.3274286389350891
1925,5,361,0.3062055706977844
1926,5,362,0.5138959288597107
1927,5,363,0.45215216279029846
1928,5,364,0.2938777208328247
1929,5,365,0.42136844992637634
1930,5,366,0.37142708897590637
1931,5,367,0.39434704184532166
1932,5,368,0.4255608320236206
1933,5,369,0.3853134512901306
1934,5,370,0.3582007586956024
1935,5,371,0.36303773522377014
1936,5,372,0.3608318865299225
1937,5,373,0.365275502204895
1938,5,374,0.3291352391242981
1939,5,375,0.38294827938079834
1940,5,376,0.3570959270000458
1941,5,377,0.3806007206439972
1942,5,378,0.31563082337379456
1943,5,379,0.3980213403701782
1944,5,380,0.22615081071853638
1945,5,381,0.4567548632621765
1946,5,382,0.2822571396827698
1947,5,383,0.3298869729042053
1948,5,384,0.33946406841278076
1949,5,385,0.38967612385749817
1950,5,386,0.4739640951156616
1951,5,387,0.34973782300949097
1952,5,388,0.28036943078041077
1953,5,389,0.42598187923431396
1954,5,390,0.3128390312194824
1955,5,391,0.33664944767951965
1956,6,1,0.2480505108833313
1957,6,2,0.22403684258460999
1958,6,3,0.24561384320259094
1959,6,4,0.25396794080734253
1960,6,5,0.2286302149295807
1961,6,6,0.19720400869846344
1962,6,7,0.2685312330722809
1963,6,8,0.27093392610549927
1964,6,9,0.2570510506629944
1965,6,10,0.2933403551578522
1966,6,11,0.22190475463867188
1967,6,12,0.1727873682975769
1968,6,13,0.17046308517456055
1969,6,14,0.22695805132389069
1970,6,15,0.3283120393753052
1971,6,16,0.2573183476924896
1972,6,17,0.29455628991127014
1973,6,18,0.21297068893909454
1974,6,19,0.30705535411834717
1975,6,20,0.15879957377910614
1976,6,21,0.1907503306865692
1977,6,22,0.18145114183425903
1978,6,23,0.23551905155181885
1979,6,24,0.2676772475242615
1980,6,25,0.3203985095024109
1981,6,26,0.154666006565094
1982,6,27,0.17556050419807434
1983,6,28,0.2736569941043854
1984,6,29,0.22744767367839813
1985,6,30,0.18422481417655945
1986,6,31,0.18673379719257355
1987,6,32,0.19404450058937073
1988,6,33,0.09300466626882553
1989,6,34,0.21813784539699554
1990,6,35,0.25004875659942627
1991,6,36,0.24626944959163666
1992,6,37,0.18458837270736694
1993,6,38,0.18753355741500854
1994,6,39,0.1294243037700653
1995,6,40,0.25066521763801575
1996,6,41,0.29012244939804077
1997,6,42,0.3029172122478485
1998,6,43,0.15438681840896606
1999,6,44,0.14964300394058228
2000,6,45,0.1360536515712738
2001,6,46,0.29280295968055725
2002,6,47,0.20274487137794495
2003,6,48,0.1398562490940094
2004,6,49,0.21406200528144836
2005,6,50,0.18181781470775604
2006,6,51,0.22063864767551422
2007,6,52,0.23072415590286255
2008,6,53,0.2004968822002411
2009,6,54,0.33239299058914185
2010,6,55,0.2079976350069046
2011,6,56,0.1905510574579239
2012,6,57,0.3357645571231842
2013,6,58,0.2695918083190918
2014,6,59,0.20477572083473206
2015,6,60,0.23856529593467712
2016,6,61,0.17444570362567902
2017,6,62,0.29417794942855835
2018,6,63,0.26764729619026184
2019,6,64,0.14915286004543304
2020,6,65,0.24894273281097412
2021,6,66,0.2792685329914093
2022,6,67,0.18796193599700928
2023,6,68,0.2258024513721466
2024,6,69,0.2750433385372162
2025,6,70,0.24551700055599213
2026,6,71,0.20168647170066833
2027,6,72,0.32586246728897095
2028,6,73,0.3574453890323639
2029,6,74,0.221375972032547
2030,6,75,0.33240702748298645
2031,6,76,0.2995474934577942
2032,6,77,0.25882911682128906
2033,6,78,0.25927191972732544
2034,6,79,0.22559577226638794
2035,6,80,0.14018304646015167
2036,6,81,0.29530060291290283
2037,6,82,0.2313300222158432
2038,6,83,0.39519527554512024
2039,6,84,0.43279510736465454
2040,6,85,0.22965149581432343
2041,6,86,0.3304811418056488
2042,6,87,0.3574908971786499
2043,6,88,0.2269451916217804
2044,6,89,0.28390640020370483
2045,6,90,0.4382704198360443
2046,6,91,0.3456103205680847
2047,6,92,0.43228694796562195
2048,6,93,0.23408247530460358
2049,6,94,0.3582650423049927
2050,6,95,0.3799024820327759
2051,6,96,0.2662738859653473
2052,6,97,0.21803128719329834
2053,6,98,0.22000151872634888
2054,6,99,0.27030646800994873
2055,6,100,0.2759419083595276
2056,6,101,0.45325374603271484
2057,6,102,0.3756660521030426
2058,6,103,0.24918119609355927
2059,6,104,0.2953380048274994
2060,6,105,0.17846502363681793
2061,6,106,0.3028854727745056
2062,6,107,0.24038848280906677
2063,6,108,0.28810787200927734
2064,6,109,0.20952023565769196
2065,6,110,0.354624480009079
2066,6,111,0.2811761796474457
2067,6,112,0.44001683592796326
2068,6,113,0.2228226512670517
2069,6,114,0.2771793305873871
2070,6,115,0.24291174113750458
2071,6,116,0.30169686675071716
2072,6,117,0.42940711975097656
2073,6,118,0.25863346457481384
2074,6,119,0.197042316198349
2075,6,120,0.2141369730234146
2076,6,121,0.3284185528755188
2077,6,122,0.3364679217338562
2078,6,123,0.27684175968170166
2079,6,124,0.22849440574645996
2080,6,125,0.2228754162788391
2081,6,126,0.28941798210144043
2082,6,127,0.25653955340385437
2083,6,128,0.25938165187835693
2084,6,129,0.3091961443424225
2085,6,130,0.22952833771705627
2086,6,131,0.350348562002182
2087,6,132,0.294739693403244
2088,6,133,0.2526789605617523
2089,6,134,0.18275895714759827
2090,6,135,0.3931307792663574
2091,6,136,0.2304946780204773
2092,6,137,0.29311561584472656
2093,6,138,0.2919890582561493
2094,6,139,0.3492516875267029
2095,6,140,0.17461147904396057
2096,6,141,0.2562316656112671
2097,6,142,0.32814839482307434
2098,6,143,0.3908986449241638
2099,6,144,0.25565189123153687
2100,6,145,0.3491107225418091
2101,6,146,0.40825173258781433
2102,6,147,0.3707948625087738
2103,6,148,0.23495250940322876
2104,6,149,0.2597869038581848
2105,6,150,0.1650095283985138
2106,6,151,0.30836981534957886
2107,6,152,0.2475605309009552
2108,6,153,0.3209505081176758
2109,6,154,0.1877097189426422
2110,6,155,0.3568597137928009
2111,6,156,0.24509316682815552
2112,6,157,0.31564417481422424
2113,6,158,0.28793609142303467
2114,6,159,0.2591436803340912
2115,6,160,0.31187236309051514
2116,6,161,0.34793952107429504
2117,6,162,0.25418365001678467
2118,6,163,0.3280367851257324
2119,6,164,0.425945520401001
2120,6,165,0.32768958806991577
2121,6,166,0.26723018288612366
2122,6,167,0.22857457399368286
2123,6,168,0.3307422697544098
2124,6,169,0.16894219815731049
2125,6,170,0.27161094546318054
2126,6,171,0.2779293954372406
2127,6,172,0.36304205656051636
2128,6,173,0.30736997723579407
2129,6,174,0.20602740347385406
2130,6,175,0.16416703164577484
2131,6,176,0.2754228711128235
2132,6,177,0.27478063106536865
2133,6,178,0.31795552372932434
2134,6,179,0.22637172043323517
2135,6,180,0.36249586939811707
2136,6,181,0.45934683084487915
2137,6,182,0.4451274573802948
2138,6,183,0.4572177827358246
2139,6,184,0.28581702709198
2140,6,185,0.3351925313472748
2141,6,186,0.36003437638282776
2142,6,187,0.2479133903980255
2143,6,188,0.27738991379737854
2144,6,189,0.3527694344520569
2145,6,190,0.3187570571899414
2146,6,191,0.26383092999458313
2147,6,192,0.30429789423942566
2148,6,193,0.17148414254188538
2149,6,194,0.30928054451942444
2150,6,195,0.3317321538925171
2151,6,196,0.2310364544391632
2152,6,197,0.22491198778152466
2153,6,198,0.3297301232814789
2154,6,199,0.3526570498943329
2155,6,200,0.2059980183839798
2156,6,201,0.28808048367500305
2157,6,202,0.3355918824672699
2158,6,203,0.33587512373924255
2159,6,204,0.5215380191802979
2160,6,205,0.5532577633857727
2161,6,206,0.24874591827392578
2162,6,207,0.30275607109069824
2163,6,208,0.39071470499038696
2164,6,209,0.29346132278442383
2165,6,210,0.3861311078071594
2166,6,211,0.3346898853778839
2167,6,212,0.25904613733291626
2168,6,213,0.31582096219062805
2169,6,214,0.3046879172325134
2170,6,215,0.2664564251899719
2171,6,216,0.20473778247833252
2172,6,217,0.22733111679553986
2173,6,218,0.16585367918014526
2174,6,219,0.3316322863101959
2175,6,220,0.33881905674934387
2176,6,221,0.2899671196937561
2177,6,222,0.28769800066947937
2178,6,223,0.2857714593410492
2179,6,224,0.25178423523902893
2180,6,225,0.18283908069133759
2181,6,226,0.24675828218460083
2182,6,227,0.17216001451015472
2183,6,228,0.29401832818984985
2184,6,229,0.22487294673919678
2185,6,230,0.26189711689949036
2186,6,231,0.2505108416080475
2187,6,232,0.32607370615005493
2188,6,233,0.32263532280921936
2189,6,234,0.33951103687286377
2190,6,235,0.35679662227630615
2191,6,236,0.20176465809345245
2192,6,237,0.2841770052909851
2193,6,238,0.26966530084609985
2194,6,239,0.2593483626842499
2195,6,240,0.33103182911872864
2196,6,241,0.2655716836452484
2197,6,242,0.2221432477235794
2198,6,243,0.40388673543930054
2199,6,244,0.24821682274341583
2200,6,245,0.22900745272636414
2201,6,246,0.19652584195137024
2202,6,247,0.20848393440246582
2203,6,248,0.20752452313899994
2204,6,249,0.1964186131954193
2205,6,250,0.2946627736091614
2206,6,251,0.32689160108566284
2207,6,252,0.21872709691524506
2208,6,253,0.23590190708637238
2209,6,254,0.3672221601009369
2210,6,255,0.2785400152206421
2211,6,256,0.24396374821662903
2212,6,257,0.18689663708209991
2213,6,258,0.17433393001556396
2214,6,259,0.37091147899627686
2215,6,260,0.14700078964233398
2216,6,261,0.41072481870651245
2217,6,262,0.21143995225429535
2218,6,263,0.3021519184112549
2219,6,264,0.34980136156082153
2220,6,265,0.2801509499549866
2221,6,266,0.3856041729450226
2222,6,267,0.35176897048950195
2223,6,268,0.2642030119895935
2224,6,269,0.2165299654006958
2225,6,270,0.39446818828582764
2226,6,271,0.2455211728811264
2227,6,272,0.21057699620723724
2228,6,273,0.39246052503585815
2229,6,274,0.44889992475509644
2230,6,275,0.2606239914894104
2231,6,276,0.277421236038208
2232,6,277,0.2598606050014496
2233,6,278,0.2656098008155823
2234,6,279,0.3113977611064911
2235,6,280,0.3835262060165405
2236,6,281,0.23689031600952148
2237,6,282,0.15416844189167023
2238,6,283,0.2531760334968567
2239,6,284,0.3159525990486145
2240,6,285,0.3037157654762268
2241,6,286,0.40799403190612793
2242,6,287,0.17212624847888947
2243,6,288,0.2072729617357254
2244,6,289,0.23077121376991272
2245,6,290,0.10085710883140564
2246,6,291,0.31638863682746887
2247,6,292,0.25671282410621643
2248,6,293,0.3246132433414459
2249,6,294,0.23388059437274933
2250,6,295,0.26412853598594666
2251,6,296,0.269811749458313
2252,6,297,0.31452664732933044
2253,6,298,0.43693482875823975
2254,6,299,0.2454729527235031
2255,6,300,0.24210935831069946
2256,6,301,0.2952819764614105
2257,6,302,0.40302735567092896
2258,6,303,0.27302899956703186
2259,6,304,0.36772820353507996
2260,6,305,0.34659552574157715
2261,6,306,0.23795191943645477
2262,6,307,0.36719900369644165
2263,6,308,0.2691733241081238
2264,6,309,0.3338569104671478
2265,6,310,0.20694401860237122
2266,6,311,0.2884250581264496
2267,6,312,0.47699037194252014
2268,6,313,0.23815354704856873
2269,6,314,0.3511834740638733
2270,6,315,0.3031156659126282
2271,6,316,0.2669192850589752
2272,6,317,0.1504618525505066
2273,6,318,0.27121591567993164
2274,6,319,0.2838675081729889
2275,6,320,0.24191227555274963
2276,6,321,0.3869381546974182
2277,6,322,0.20753955841064453
2278,6,323,0.23617981374263763
2279,6,324,0.4120584726333618
2280,6,325,0.3644980788230896
2281,6,326,0.30558693408966064
2282,6,327,0.23194198310375214
2283,6,328,0.29639068245887756
2284,6,329,0.3350808918476105
2285,6,330,0.2952604293823242
2286,6,331,0.46023881435394287
2287,6,332,0.2687528431415558
2288,6,333,0.3821183741092682
2289,6,334,0.18973249197006226
2290,6,335,0.2157217413187027
2291,6,336,0.2919791638851166
2292,6,337,0.248792827129364
2293,6,338,0.3181247115135193
2294,6,339,0.28782787919044495
2295,6,340,0.22802098095417023
2296,6,341,0.28362226486206055
2297,6,342,0.2306533306837082
2298,6,343,0.26366621255874634
2299,6,344,0.32322853803634644
2300,6,345,0.21951037645339966
2301,6,346,0.26958832144737244
2302,6,347,0.1709730476140976
2303,6,348,0.24683506786823273
2304,6,349,0.25919896364212036
2305,6,350,0.19878000020980835
2306,6,351,0.3517902195453644
2307,6,352,0.27998802065849304
2308,6,353,0.2851613759994507
2309,6,354,0.3513352870941162
2310,6,355,0.295240581035614
2311,6,356,0.239815816283226
2312,6,357,0.28133437037467957
2313,6,358,0.22124314308166504
2314,6,359,0.40433913469314575
2315,6,360,0.36221379041671753
2316,6,361,0.36420994997024536
2317,6,362,0.2284463793039322
2318,6,363,0.3654697835445404
2319,6,364,0.41352319717407227
2320,6,365,0.291236937046051
2321,6,366,0.35162848234176636
2322,6,367,0.30527517199516296
2323,6,368,0.2395121157169342
2324,6,369,0.32101356983184814
2325,6,370,0.41731250286102295
2326,6,371,0.26558664441108704
2327,6,372,0.19976121187210083
2328,6,373,0.19581329822540283
2329,6,374,0.22840866446495056
2330,6,375,0.2724088430404663
2331,6,376,0.3057679235935211
2332,6,377,0.3241339921951294
2333,6,378,0.3077547252178192
2334,6,379,0.417667031288147
2335,6,380,0.3594425916671753
2336,6,381,0.3156084418296814
2337,6,382,0.3262995779514313
2338,6,383,0.3830733299255371
2339,6,384,0.16714510321617126
2340,6,385,0.22971805930137634
2341,6,386,0.3222629725933075
2342,6,387,0.31886914372444153
2343,6,388,0.21379594504833221
2344,6,389,0.31103354692459106
2345,6,390,0.29825738072395325
2346,6,391,0.42359477281570435
2347,7,1,0.15379011631011963
2348,7,2,0.14165359735488892
2349,7,3,0.22633349895477295
2350,7,4,0.15446649491786957
2351,7,5,0.2395837903022766
2352,7,6,0.23366007208824158
2353,7,7,0.26436927914619446
2354,7,8,0.1908765435218811
2355,7,9,0.31577304005622864
2356,7,10,0.13776150345802307
2357,7,11,0.1558881402015686
2358,7,12,0.20301900804042816
2359,7,13,0.16794459521770477
2360,7,14,0.17700007557868958
2361,7,15,0.33333835005760193
2362,7,16,0.19714418053627014
2363,7,17,0.16234663128852844
2364,7,18,0.1317179948091507
2365,7,19,0.18604537844657898
2366,7,20,0.2339739352464676
2367,7,21,0.10184835642576218
2368,7,22,0.12710683047771454
2369,7,23,0.10135827958583832
2370,7,24,0.26635751128196716
2371,7,25,0.1305641233921051
2372,7,26,0.211819127202034
2373,7,27,0.23439250886440277
2374,7,28,0.22983182966709137
2375,7,29,0.22935760021209717
2376,7,30,0.08518608659505844
2377,7,31,0.09563635289669037
2378,7,32,0.1587429940700531
2379,7,33,0.17332136631011963
2380,7,34,0.11252414435148239
2381,7,35,0.19602300226688385
2382,7,36,0.15435519814491272
2383,7,37,0.169159933924675
2384,7,38,0.11441276222467422
2385,7,39,0.1641235053539276
2386,7,40,0.2839665710926056
2387,7,41,0.1438518464565277
2388,7,42,0.18642964959144592
2389,7,43,0.15138274431228638
2390,7,44,0.19249601662158966
2391,7,45,0.14881378412246704
2392,7,46,0.16653026640415192
2393,7,47,0.1783457249403
2394,7,48,0.14405371248722076
2395,7,49,0.20979994535446167
2396,7,50,0.1395215541124344
2397,7,51,0.14357295632362366
2398,7,52,0.15651874244213104
2399,7,53,0.09004479646682739
2400,7,54,0.155561625957489
2401,7,55,0.1399565041065216
2402,7,56,0.17000800371170044
2403,7,57,0.16741369664669037
2404,7,58,0.19653289020061493
2405,7,59,0.14627885818481445
2406,7,60,0.17658564448356628
2407,7,61,0.2512671947479248
2408,7,62,0.32027214765548706
2409,7,63,0.09758405387401581
2410,7,64,0.15569910407066345
2411,7,65,0.2951527237892151
2412,7,66,0.11657008528709412
2413,7,67,0.12050700932741165
2414,7,68,0.2388252466917038
2415,7,69,0.1930011659860611
2416,7,70,0.26165640354156494
2417,7,71,0.16322128474712372
2418,7,72,0.18422207236289978
2419,7,73,0.18166735768318176
2420,7,74,0.16627100110054016
2421,7,75,0.19219036400318146
2422,7,76,0.20018379390239716
2423,7,77,0.10908985137939453
2424,7,78,0.12354351580142975
2425,7,79,0.1111883744597435
2426,7,80,0.15913289785385132
2427,7,81,0.08787702769041061
2428,7,82,0.12035788595676422
2429,7,83,0.17364153265953064
2430,7,84,0.18400099873542786
2431,7,85,0.23151391744613647
2432,7,86,0.1518867015838623
2433,7,87,0.07939683645963669
2434,7,88,0.27703431248664856
2435,7,89,0.2811444103717804
2436,7,90,0.2002512663602829
2437,7,91,0.23643910884857178
2438,7,92,0.10347533226013184
2439,7,93,0.1510596126317978
2440,7,94,0.10029556602239609
2441,7,95,0.15781167149543762
2442,7,96,0.08822593092918396
2443,7,97,0.07343816012144089
2444,7,98,0.25894150137901306
2445,7,99,0.11713270843029022
2446,7,100,0.26315680146217346
2447,7,101,0.2548138201236725
2448,7,102,0.15490081906318665
2449,7,103,0.21880163252353668
2450,7,104,0.16512052714824677
2451,7,105,0.12275811284780502
2452,7,106,0.1483338177204132
2453,7,107,0.21464259922504425
2454,7,108,0.17886918783187866
2455,7,109,0.3229029178619385
2456,7,110,0.17956368625164032
2457,7,111,0.2932223975658417
2458,7,112,0.21445907652378082
2459,7,113,0.18337403237819672
2460,7,114,0.18321062624454498
2461,7,115,0.1599801480770111
2462,7,116,0.2655174434185028
2463,7,117,0.1083882674574852
2464,7,118,0.2409946173429489
2465,7,119,0.12081289291381836
2466,7,120,0.155299112200737
2467,7,121,0.10966913402080536
2468,7,122,0.18467546999454498
2469,7,123,0.22208638489246368
2470,7,124,0.15320655703544617
2471,7,125,0.20629048347473145
2472,7,126,0.3619813323020935
2473,7,127,0.15183159708976746
2474,7,128,0.1300736963748932
2475,7,129,0.13026872277259827
2476,7,130,0.2447759062051773
2477,7,131,0.17472974956035614
2478,7,132,0.16886363923549652
2479,7,133,0.1715705692768097
2480,7,134,0.07022219151258469
2481,7,135,0.24030236899852753
2482,7,136,0.16990388929843903
2483,7,137,0.1501561850309372
2484,7,138,0.11168962717056274
2485,7,139,0.20213855803012848
2486,7,140,0.3891432583332062
2487,7,141,0.1689079850912094
2488,7,142,0.2399943619966507
2489,7,143,0.17617416381835938
2490,7,144,0.15382015705108643
2491,7,145,0.17784619331359863
2492,7,146,0.25449538230895996
2493,7,147,0.2222309708595276
2494,7,148,0.17930737137794495
2495,7,149,0.31719234585762024
2496,7,150,0.19161133468151093
2497,7,151,0.28877562284469604
2498,7,152,0.33251523971557617
2499,7,153,0.1963181048631668
2500,7,154,0.27571359276771545
2501,7,155,0.16892018914222717
2502,7,156,0.24793091416358948
2503,7,157,0.19629831612110138
2504,7,158,0.17983093857765198
2505,7,159,0.26839324831962585
2506,7,160,0.291647344827652
2507,7,161,0.19343595206737518
2508,7,162,0.1666862964630127
2509,7,163,0.18376225233078003
2510,7,164,0.2020164132118225
2511,7,165,0.1254710704088211
2512,7,166,0.2515970468521118
2513,7,167,0.15859243273735046
2514,7,168,0.2934023439884186
2515,7,169,0.1885516196489334
2516,7,170,0.16166141629219055
2517,7,171,0.29061880707740784
2518,7,172,0.1820753961801529
2519,7,173,0.16615910828113556
2520,7,174,0.1465381532907486
2521,7,175,0.11533857136964798
2522,7,176,0.1957026720046997
2523,7,177,0.2451518028974533
2524,7,178,0.18903189897537231
2525,7,179,0.28427520394325256
2526,7,180,0.17928338050842285
2527,7,181,0.28652966022491455
2528,7,182,0.1547548919916153
2529,7,183,0.24823342263698578
2530,7,184,0.11756497621536255
2531,7,185,0.1699029803276062
2532,7,186,0.25494441390037537
2533,7,187,0.10752420127391815
2534,7,188,0.34436923265457153
2535,7,189,0.17590703070163727
2536,7,190,0.11614390462636948
2537,7,191,0.2673962414264679
2538,7,192,0.13910207152366638
2539,7,193,0.1023678332567215
2540,7,194,0.14591901004314423
2541,7,195,0.2657526731491089
2542,7,196,0.23446032404899597
2543,7,197,0.26858705282211304
2544,7,198,0.267614483833313
2545,7,199,0.19803783297538757
2546,7,200,0.18515391647815704
2547,7,201,0.24907080829143524
2548,7,202,0.20550422370433807
2549,7,203,0.2595789432525635
2550,7,204,0.2424841672182083
2551,7,205,0.19728009402751923
2552,7,206,0.2121257483959198
2553,7,207,0.12419164180755615
2554,7,208,0.13323454558849335
2555,7,209,0.12919095158576965
2556,7,210,0.19333773851394653
2557,7,211,0.27523282170295715
2558,7,212,0.32852819561958313
2559,7,213,0.27372053265571594
2560,7,214,0.18810251355171204
2561,7,215,0.17183278501033783
2562,7,216,0.3422395884990692
2563,7,217,0.28593289852142334
2564,7,218,0.31207746267318726
2565,7,219,0.2168368101119995
2566,7,220,0.2797693908214569
2567,7,221,0.25556397438049316
2568,7,222,0.2063150554895401
2569,7,223,0.2598302662372589
2570,7,224,0.24407930672168732
2571,7,225,0.17463676631450653
2572,7,226,0.19027657806873322
2573,7,227,0.3481377959251404
2574,7,228,0.32271263003349304
2575,7,229,0.2703765034675598
2576,7,230,0.22006630897521973
2577,7,231,0.1820434331893921
2578,7,232,0.14107228815555573
2579,7,233,0.2209239900112152
2580,7,234,0.18395797908306122
2581,7,235,0.18366090953350067
2582,7,236,0.16688939929008484
2583,7,237,0.3102474808692932
2584,7,238,0.28225594758987427
2585,7,239,0.35140082240104675
2586,7,240,0.27124637365341187
2587,7,241,0.19657903909683228
2588,7,242,0.263857364654541
2589,7,243,0.327587753534317
2590,7,244,0.2927369475364685
2591,7,245,0.4466373026371002
2592,7,246,0.20442929863929749
2593,7,247,0.16867364943027496
2594,7,248,0.1246897503733635
2595,7,249,0.2770375907421112
2596,7,250,0.24618129432201385
2597,7,251,0.1920805275440216
2598,7,252,0.22634276747703552
2599,7,253,0.17080256342887878
2600,7,254,0.26615965366363525
2601,7,255,0.2240510731935501
2602,7,256,0.2552066147327423
2603,7,257,0.08679115027189255
2604,7,258,0.20898008346557617
2605,7,259,0.1906273066997528
2606,7,260,0.32018572092056274
2607,7,261,0.22024154663085938
2608,7,262,0.2610589861869812
2609,7,263,0.29631757736206055
2610,7,264,0.17532797157764435
2611,7,265,0.24979330599308014
2612,7,266,0.1641862839460373
2613,7,267,0.20441274344921112
2614,7,268,0.2941773533821106
2615,7,269,0.1708742082118988
2616,7,270,0.1485942006111145
2617,7,271,0.16376668214797974
2618,7,272,0.41473931074142456
2619,7,273,0.28445136547088623
2620,7,274,0.2321363389492035
2621,7,275,0.24894501268863678
2622,7,276,0.26992353796958923
2623,7,277,0.26946598291397095
2624,7,278,0.19482240080833435
2625,7,279,0.16939134895801544
2626,7,280,0.18097016215324402
2627,7,281,0.29349908232688904
2628,7,282,0.15861207246780396
2629,7,283,0.16752895712852478
2630,7,284,0.3079946041107178
2631,7,285,0.17447857558727264
2632,7,286,0.16249261796474457
2633,7,287,0.3150280714035034
2634,7,288,0.24765151739120483
2635,7,289,0.19966532289981842
2636,7,290,0.2369733303785324
2637,7,291,0.2857581079006195
2638,7,292,0.18792302906513214
2639,7,293,0.17810975015163422
2640,7,294,0.20699745416641235
2641,7,295,0.16153261065483093
2642,7,296,0.25986790657043457
2643,7,297,0.26259079575538635
2644,7,298,0.16404502093791962
2645,7,299,0.22501197457313538
2646,7,300,0.20478826761245728
2647,7,301,0.13981816172599792
2648,7,302,0.1617838740348816
2649,7,303,0.34160786867141724
2650,7,304,0.1413559466600418
2651,7,305,0.29391148686408997
2652,7,306,0.28026992082595825
2653,7,307,0.23653872311115265
2654,7,308,0.1859835684299469
2655,7,309,0.13501061499118805
2656,7,310,0.265041321516037
2657,7,311,0.2791104316711426
2658,7,312,0.13647370040416718
2659,7,313,0.18472051620483398
2660,7,314,0.293608695268631
2661,7,315,0.14339493215084076
2662,7,316,0.08613703399896622
2663,7,317,0.29878219962120056
2664,7,318,0.25142133235931396
2665,7,319,0.17857272922992706
2666,7,320,0.2897503077983856
2667,7,321,0.190678209066391
2668,7,322,0.1590108871459961
2669,7,323,0.2581908404827118
2670,7,324,0.3513554632663727
2671,7,325,0.22268420457839966
2672,7,326,0.3543010950088501
2673,7,327,0.1792759895324707
2674,7,328,0.24062809348106384
2675,7,329,0.2681139409542084
2676,7,330,0.23656578361988068
2677,7,331,0.2563339173793793
2678,7,332,0.23633728921413422
2679,7,333,0.17850430309772491
2680,7,334,0.17418116331100464
2681,7,335,0.1446198970079422
2682,7,336,0.155521959066391
2683,7,337,0.274211049079895
2684,7,338,0.1622028350830078
2685,7,339,0.28962111473083496
2686,7,340,0.3484358787536621
2687,7,341,0.20026642084121704
2688,7,342,0.21597740054130554
2689,7,343,0.17961667478084564
2690,7,344,0.2062058448791504
2691,7,345,0.1850850135087967
2692,7,346,0.22734081745147705
2693,7,347,0.3745745122432709
2694,7,348,0.26832613348960876
2695,7,349,0.33826959133148193
2696,7,350,0.19659404456615448
2697,7,351,0.2520776391029358
2698,7,352,0.3093051016330719
2699,7,353,0.13168920576572418
2700,7,354,0.25800636410713196
2701,7,355,0.1585165113210678
2702,7,356,0.19272372126579285
2703,7,357,0.3080526888370514
2704,7,358,0.2360672801733017
2705,7,359,0.2170509546995163
2706,7,360,0.3300996422767639
2707,7,361,0.2153407782316208
2708,7,362,0.4434964060783386
2709,7,363,0.22221793234348297
2710,7,364,0.2931262254714966
2711,7,365,0.16742749512195587
2712,7,366,0.3103236258029938
2713,7,367,0.2862018048763275
2714,7,368,0.15886607766151428
2715,7,369,0.2589174211025238
2716,7,370,0.19787584245204926
2717,7,371,0.24858374893665314
2718,7,372,0.19734717905521393
2719,7,373,0.16254419088363647
2720,7,374,0.18952502310276031
2721,7,375,0.32892313599586487
2722,7,376,0.33823391795158386
2723,7,377,0.1904088705778122
2724,7,378,0.28404679894447327
2725,7,379,0.23159466683864594
2726,7,380,0.3022664189338684
2727,7,381,0.21045620739459991
2728,7,382,0.22780892252922058
2729,7,383,0.11002319306135178
2730,7,384,0.29922929406166077
2731,7,385,0.25696659088134766
2732,7,386,0.30824968218803406
2733,7,387,0.25306323170661926
2734,7,388,0.2569381296634674
2735,7,389,0.17670217156410217
2736,7,390,0.19896847009658813
2737,7,391,0.1169564500451088
2738,8,1,0.18688464164733887
2739,8,2,0.13761591911315918
2740,8,3,0.1523938775062561
2741,8,4,0.16831180453300476
2742,8,5,0.1154542937874794
2743,8,6,0.24539344012737274
2744,8,7,0.17417116463184357
2745,8,8,0.1619473397731781
2746,8,9,0.16068021953105927
2747,8,10,0.1402842104434967
2748,8,11,0.05104048550128937
2749,8,12,0.16531187295913696
2750,8,13,0.2166820615530014
2751,8,14,0.1196986734867096
2752,8,15,0.13216370344161987
2753,8,16,0.08176479488611221
2754,8,17,0.1513790637254715
2755,8,18,0.1222696378827095
2756,8,19,0.12664733827114105
2757,8,20,0.14789114892482758
2758,8,21,0.14716610312461853
2759,8,22,0.15670055150985718
2760,8,23,0.08890782296657562
2761,8,24,0.10454775393009186
2762,8,25,0.11242006719112396
2763,8,26,0.07375015318393707
2764,8,27,0.06357023864984512
2765,8,28,0.09428437799215317
2766,8,29,0.09738848358392715
2767,8,30,0.20733676850795746
2768,8,31,0.14836297929286957
2769,8,32,0.09975200146436691
2770,8,33,0.037173427641391754
2771,8,34,0.0706704631447792
2772,8,35,0.18309909105300903
2773,8,36,0.18769167363643646
2774,8,37,0.15364784002304077
2775,8,38,0.09465499222278595
2776,8,39,0.11853113770484924
2777,8,40,0.0830528512597084
2778,8,41,0.13406917452812195
2779,8,42,0.11372952163219452
2780,8,43,0.17140424251556396
2781,8,44,0.08767835050821304
2782,8,45,0.04563986882567406
2783,8,46,0.11311551183462143
2784,8,47,0.13678140938282013
2785,8,48,0.1879710853099823
2786,8,49,0.13988907635211945
2787,8,50,0.13781985640525818
2788,8,51,0.10963629186153412
2789,8,52,0.10343054682016373
2790,8,53,0.10526411980390549
2791,8,54,0.13483574986457825
2792,8,55,0.1008932963013649
2793,8,56,0.1713787466287613
2794,8,57,0.0704912394285202
2795,8,58,0.10068625211715698
2796,8,59,0.18923932313919067
2797,8,60,0.07531008869409561
2798,8,61,0.06880014389753342
2799,8,62,0.13717958331108093
2800,8,63,0.11393710225820541
2801,8,64,0.3701919615268707
2802,8,65,0.13166967034339905
2803,8,66,0.17770372331142426
2804,8,67,0.15297342836856842
2805,8,68,0.0839633122086525
2806,8,69,0.10125090926885605
2807,8,70,0.13443045318126678
2808,8,71,0.07927829027175903
2809,8,72,0.1860533505678177
2810,8,73,0.16966035962104797
2811,8,74,0.25540751218795776
2812,8,75,0.22632810473442078
2813,8,76,0.05732640624046326
2814,8,77,0.15907204151153564
2815,8,78,0.1206759437918663
2816,8,79,0.13769923150539398
2817,8,80,0.08334427326917648
2818,8,81,0.16519761085510254
2819,8,82,0.11728503555059433
2820,8,83,0.15428073704242706
2821,8,84,0.11763560771942139
2822,8,85,0.27135223150253296
2823,8,86,0.14654996991157532
2824,8,87,0.23237428069114685
2825,8,88,0.1783028393983841
2826,8,89,0.11045870184898376
2827,8,90,0.12388217449188232
2828,8,91,0.20249924063682556
2829,8,92,0.17165818810462952
2830,8,93,0.1841721534729004
2831,8,94,0.22045433521270752
2832,8,95,0.27671268582344055
2833,8,96,0.22305984795093536
2834,8,97,0.14258792996406555
2835,8,98,0.21370914578437805
2836,8,99,0.1368856132030487
2837,8,100,0.18795683979988098
2838,8,101,0.1876230090856552
2839,8,102,0.16419443488121033
2840,8,103,0.14953456819057465
2841,8,104,0.11859619617462158
2842,8,105,0.2246936708688736
2843,8,106,0.16906605660915375
2844,8,107,0.18243654072284698
2845,8,108,0.27078819274902344
2846,8,109,0.1271035373210907
2847,8,110,0.14682351052761078
2848,8,111,0.1743985414505005
2849,8,112,0.1901666820049286
2850,8,113,0.16128192842006683
2851,8,114,0.171238511800766
2852,8,115,0.1674642264842987
2853,8,116,0.10568449646234512
2854,8,117,0.10565260052680969
2855,8,118,0.12647530436515808
2856,8,119,0.1790187805891037
2857,8,120,0.1356242597103119
2858,8,121,0.09911061823368073
2859,8,122,0.27090489864349365
2860,8,123,0.3157615065574646
2861,8,124,0.13428211212158203
2862,8,125,0.16641247272491455
2863,8,126,0.12949049472808838
2864,8,127,0.08824287354946136
2865,8,128,0.11751881241798401
2866,8,129,0.3630913197994232
2867,8,130,0.17253929376602173
2868,8,131,0.15296222269535065
2869,8,132,0.18473462760448456
2870,8,133,0.19073839485645294
2871,8,134,0.19172893464565277
2872,8,135,0.29186534881591797
2873,8,136,0.23961789906024933
2874,8,137,0.09285518527030945
2875,8,138,0.17871320247650146
2876,8,139,0.12255498766899109
2877,8,140,0.16069038212299347
2878,8,141,0.13568568229675293
2879,8,142,0.23021788895130157
2880,8,143,0.12998509407043457
2881,8,144,0.12080450356006622
2882,8,145,0.1458704173564911
2883,8,146,0.18213200569152832
2884,8,147,0.1776369959115982
2885,8,148,0.09528122842311859
2886,8,149,0.12229441106319427
2887,8,150,0.1889778971672058
2888,8,151,0.1380196064710617
2889,8,152,0.20555497705936432
2890,8,153,0.0791846215724945
2891,8,154,0.1023305132985115
2892,8,155,0.20051385462284088
2893,8,156,0.11240579187870026
2894,8,157,0.20499344170093536
2895,8,158,0.09643849730491638
2896,8,159,0.2268718034029007
2897,8,160,0.17221197485923767
2898,8,161,0.09673948585987091
2899,8,162,0.15386585891246796
2900,8,163,0.13978548347949982
2901,8,164,0.14633028209209442
2902,8,165,0.08206804096698761
2903,8,166,0.2712773084640503
2904,8,167,0.27937284111976624
2905,8,168,0.16125304996967316
2906,8,169,0.10096452385187149
2907,8,170,0.15891996026039124
2908,8,171,0.22236093878746033
2909,8,172,0.0868712067604065
2910,8,173,0.1566256433725357
2911,8,174,0.07994299381971359
2912,8,175,0.19050416350364685
2913,8,176,0.1494581699371338
2914,8,177,0.12579496204853058
2915,8,178,0.10837678611278534
2916,8,179,0.11481335014104843
2917,8,180,0.16863369941711426
2918,8,181,0.15346530079841614
2919,8,182,0.24408556520938873
2920,8,183,0.12594455480575562
2921,8,184,0.2844300866127014
2922,8,185,0.18558214604854584
2923,8,186,0.09410297125577927
2924,8,187,0.08780664950609207
2925,8,188,0.07913431525230408
2926,8,189,0.12482473254203796
2927,8,190,0.19617284834384918
2928,8,191,0.10418064892292023
2929,8,192,0.07858946919441223
2930,8,193,0.20724470913410187
2931,8,194,0.14837759733200073
2932,8,195,0.12677587568759918
2933,8,196,0.0699150413274765
2934,8,197,0.16377824544906616
2935,8,198,0.13549304008483887
2936,8,199,0.1226566880941391
2937,8,200,0.11813320964574814
2938,8,201,0.11186587065458298
2939,8,202,0.1325780600309372
2940,8,203,0.18949545919895172
2941,8,204,0.22601616382598877
2942,8,205,0.10243552923202515
2943,8,206,0.07573799788951874
2944,8,207,0.18615548312664032
2945,8,208,0.2124597430229187
2946,8,209,0.14041796326637268
2947,8,210,0.17712228000164032
2948,8,211,0.17049406468868256
2949,8,212,0.20494383573532104
2950,8,213,0.10457610338926315
2951,8,214,0.16049014031887054
2952,8,215,0.17954815924167633
2953,8,216,0.07493769377470016
2954,8,217,0.1263951063156128
2955,8,218,0.16025052964687347
2956,8,219,0.07887423783540726
2957,8,220,0.2744719684123993
2958,8,221,0.2067183405160904
2959,8,222,0.2375243455171585
2960,8,223,0.12172101438045502
2961,8,224,0.21164853870868683
2962,8,225,0.13492368161678314
2963,8,226,0.17262063920497894
2964,8,227,0.15982657670974731
2965,8,228,0.130328968167305
2966,8,229,0.12811510264873505
2967,8,230,0.19478893280029297
2968,8,231,0.2533995807170868
2969,8,232,0.10432135313749313
2970,8,233,0.16067706048488617
2971,8,234,0.1428895890712738
2972,8,235,0.1689169555902481
2973,8,236,0.16220523416996002
2974,8,237,0.1261223703622818
2975,8,238,0.18806160986423492
2976,8,239,0.267510324716568
2977,8,240,0.1017661839723587
2978,8,241,0.10569031536579132
2979,8,242,0.13018891215324402
2980,8,243,0.16746947169303894
2981,8,244,0.22788427770137787
2982,8,245,0.16296549141407013
2983,8,246,0.1701444685459137
2984,8,247,0.10001048445701599
2985,8,248,0.1586018055677414
2986,8,249,0.2752959132194519
2987,8,250,0.2645837664604187
2988,8,251,0.12053456902503967
2989,8,252,0.14902320504188538
2990,8,253,0.20078662037849426
2991,8,254,0.1233564093708992
2992,8,255,0.1597045361995697
2993,8,256,0.21779866516590118
2994,8,257,0.1345590353012085
2995,8,258,0.20880143344402313
2996,8,259,0.2566945254802704
2997,8,260,0.17609357833862305
2998,8,261,0.16668561100959778
2999,8,262,0.12195918709039688
3000,8,263,0.13338908553123474
3001,8,264,0.26722243428230286
3002,8,265,0.19381217658519745
3003,8,266,0.27190303802490234
3004,8,267,0.22381919622421265
3005,8,268,0.22444763779640198
3006,8,269,0.11943293362855911
3007,8,270,0.16135789453983307
3008,8,271,0.1184229776263237
3009,8,272,0.16987204551696777
3010,8,273,0.1069449931383133
3011,8,274,0.14569300413131714
3012,8,275,0.12573538720607758
3013,8,276,0.16596440970897675
3014,8,277,0.15768350660800934
3015,8,278,0.2744169533252716
3016,8,279,0.2054864466190338
3017,8,280,0.15657734870910645
3018,8,281,0.17545245587825775
3019,8,282,0.14276409149169922
3020,8,283,0.16211824119091034
3021,8,284,0.2550458014011383
3022,8,285,0.11499156057834625
3023,8,286,0.09715179353952408
3024,8,287,0.16801752150058746
3025,8,288,0.2320791780948639
3026,8,289,0.16729353368282318
3027,8,290,0.190383642911911
3028,8,291,0.14877326786518097
3029,8,292,0.18042513728141785
3030,8,293,0.2000536024570465
3031,8,294,0.10800700634717941
3032,8,295,0.24128811061382294
3033,8,296,0.10269998013973236
3034,8,297,0.13382874429225922
3035,8,298,0.24884743988513947
3036,8,299,0.22006294131278992
3037,8,300,0.13257135450839996
3038,8,301,0.17093710601329803
3039,8,302,0.14977778494358063
3040,8,303,0.26921507716178894
3041,8,304,0.21517841517925262
3042,8,305,0.20074698328971863
3043,8,306,0.24367079138755798
3044,8,307,0.30111268162727356
3045,8,308,0.1552293598651886
3046,8,309,0.14725792407989502
3047,8,310,0.17584548890590668
3048,8,311,0.19331638514995575
3049,8,312,0.09121444076299667
3050,8,313,0.3570767641067505
3051,8,314,0.12249341607093811
3052,8,315,0.1320444941520691
3053,8,316,0.1965908408164978
3054,8,317,0.23253187537193298
3055,8,318,0.2165997326374054
3056,8,319,0.16764585673809052
3057,8,320,0.1907568871974945
3058,8,321,0.0723264217376709
3059,8,322,0.11967702209949493
3060,8,323,0.17257916927337646
3061,8,324,0.15352220833301544
3062,8,325,0.13114063441753387
3063,8,326,0.1372244507074356
3064,8,327,0.16348345577716827
3065,8,328,0.15219445526599884
3066,8,329,0.22177836298942566
3067,8,330,0.13734568655490875
3068,8,331,0.2485506534576416
3069,8,332,0.09767306596040726
3070,8,333,0.12164702266454697
3071,8,334,0.11148149520158768
3072,8,335,0.19392696022987366
3073,8,336,0.13153108954429626
3074,8,337,0.20386402308940887
3075,8,338,0.15552566945552826
3076,8,339,0.08146732300519943
3077,8,340,0.12980972230434418
3078,8,341,0.11817639321088791
3079,8,342,0.28136441111564636
3080,8,343,0.21622000634670258
3081,8,344,0.19537417590618134
3082,8,345,0.26108264923095703
3083,8,346,0.1674795001745224
3084,8,347,0.23246069252490997
3085,8,348,0.14142826199531555
3086,8,349,0.0961185097694397
3087,8,350,0.15571250021457672
3088,8,351,0.08589895814657211
3089,8,352,0.14425040781497955
3090,8,353,0.16869767010211945
3091,8,354,0.21980947256088257
3092,8,355,0.12012699991464615
3093,8,356,0.15222744643688202
3094,8,357,0.35674920678138733
3095,8,358,0.23308230936527252
3096,8,359,0.09425889700651169
3097,8,360,0.24872125685214996
3098,8,361,0.14541716873645782
3099,8,362,0.14856821298599243
3100,8,363,0.12398844957351685
3101,8,364,0.1352470964193344
3102,8,365,0.22458398342132568
3103,8,366,0.11064469814300537
3104,8,367,0.3388221561908722
3105,8,368,0.2726860046386719
3106,8,369,0.19578757882118225
3107,8,370,0.19973134994506836
3108,8,371,0.19596485793590546
3109,8,372,0.32240402698516846
3110,8,373,0.12448635697364807
3111,8,374,0.21210725605487823
3112,8,375,0.3162342309951782
3113,8,376,0.1595880389213562
3114,8,377,0.32076096534729004
3115,8,378,0.22457420825958252
3116,8,379,0.1429653912782669
3117,8,380,0.22692599892616272
3118,8,381,0.12795977294445038
3119,8,382,0.13086561858654022
3120,8,383,0.18675726652145386
3121,8,384,0.2810642719268799
3122,8,385,0.23693373799324036
3123,8,386,0.1781238615512848
3124,8,387,0.15772148966789246
3125,8,388,0.16964560747146606
3126,8,389,0.11708211153745651
3127,8,390,0.2102644145488739
3128,8,391,0.14095225930213928
3129,9,1,0.13432583212852478
3130,9,2,0.14927946031093597
3131,9,3,0.09860140085220337
3132,9,4,0.17309309542179108
3133,9,5,0.0815110132098198
3134,9,6,0.11536415666341782
3135,9,7,0.09722243994474411
3136,9,8,0.1020347848534584
3137,9,9,0.11356506496667862
3138,9,10,0.19172422587871552
3139,9,11,0.13628417253494263
3140,9,12,0.0955982431769371
3141,9,13,0.2199723869562149
3142,9,14,0.17244794964790344
3143,9,15,0.1179339662194252
3144,9,16,0.0839967280626297
3145,9,17,0.09392986446619034
3146,9,18,0.075043685734272
3147,9,19,0.0719994455575943
3148,9,20,0.10919656604528427
3149,9,21,0.11111833155155182
3150,9,22,0.10794193297624588
3151,9,23,0.18591928482055664
3152,9,24,0.046865832060575485
3153,9,25,0.12787757813930511
3154,9,26,0.09874008595943451
3155,9,27,0.10272786766290665
3156,9,28,0.12352000921964645
3157,9,29,0.11083059757947922
3158,9,30,0.12392394244670868
3159,9,31,0.15818549692630768
3160,9,32,0.06923975050449371
3161,9,33,0.0875966027379036
3162,9,34,0.20698273181915283
3163,9,35,0.12599965929985046
3164,9,36,0.1097753494977951
3165,9,37,0.06561846286058426
3166,9,38,0.04068499431014061
3167,9,39,0.0794564038515091
3168,9,40,0.14933380484580994
3169,9,41,0.02736554853618145
3170,9,42,0.17494580149650574
3171,9,43,0.12513844668865204
3172,9,44,0.10544063150882721
3173,9,45,0.08822724223136902
3174,9,46,0.03318547084927559
3175,9,47,0.10137054324150085
3176,9,48,0.09122897684574127
3177,9,49,0.14199182391166687
3178,9,50,0.0984068438410759
3179,9,51,0.1185380071401596
3180,9,52,0.17713789641857147
3181,9,53,0.13192689418792725
3182,9,54,0.13250017166137695
3183,9,55,0.04233129695057869
3184,9,56,0.03122246265411377
3185,9,57,0.1689523160457611
3186,9,58,0.050190676003694534
3187,9,59,0.1569286584854126
3188,9,60,0.11527271568775177
3189,9,61,0.0889836922287941
3190,9,62,0.15841394662857056
3191,9,63,0.1676526665687561
3192,9,64,0.12894859910011292
3193,9,65,0.13421154022216797
3194,9,66,0.09140952676534653
3195,9,67,0.2501360774040222
3196,9,68,0.1138959601521492
3197,9,69,0.14881595969200134
3198,9,70,0.12996987998485565
3199,9,71,0.11072937399148941
3200,9,72,0.1749875843524933
3201,9,73,0.10084400326013565
3202,9,74,0.10445576906204224
3203,9,75,0.08001676946878433
3204,9,76,0.16119466722011566
3205,9,77,0.13697633147239685
3206,9,78,0.2066287249326706
3207,9,79,0.13394935429096222
3208,9,80,0.12580788135528564
3209,9,81,0.10569804906845093
3210,9,82,0.12815725803375244
3211,9,83,0.2445966601371765
3212,9,84,0.09554613381624222
3213,9,85,0.10838796943426132
3214,9,86,0.10552725940942764
3215,9,87,0.21256721019744873
3216,9,88,0.1647399514913559
3217,9,89,0.08030853420495987
3218,9,90,0.1164393201470375
3219,9,91,0.14598554372787476
3220,9,92,0.14385254681110382
3221,9,93,0.15279053151607513
3222,9,94,0.09965096414089203
3223,9,95,0.11717595160007477
3224,9,96,0.1471509337425232
3225,9,97,0.12404442578554153
3226,9,98,0.08337639272212982
3227,9,99,0.11113337427377701
3228,9,100,0.0780225619673729
3229,9,101,0.15705111622810364
3230,9,102,0.05447343736886978
3231,9,103,0.09633167088031769
3232,9,104,0.09138359874486923
3233,9,105,0.17051368951797485
3234,9,106,0.046380799263715744
3235,9,107,0.14530618488788605
3236,9,108,0.12856999039649963
3237,9,109,0.15679940581321716
3238,9,110,0.1339593231678009
3239,9,111,0.09471657127141953
3240,9,112,0.26448675990104675
3241,9,113,0.14440953731536865
3242,9,114,0.1645367443561554
3243,9,115,0.09587988257408142
3244,9,116,0.0725010484457016
3245,9,117,0.18916600942611694
3246,9,118,0.07253928482532501
3247,9,119,0.05856155604124069
3248,9,120,0.19681699573993683
3249,9,121,0.15019474923610687
3250,9,122,0.09645122289657593
3251,9,123,0.08919263631105423
3252,9,124,0.1225365474820137
3253,9,125,0.1280483454465866
3254,9,126,0.13054408133029938
3255,9,127,0.17293407022953033
3256,9,128,0.13385866582393646
3257,9,129,0.0988927111029625
3258,9,130,0.12093367427587509
3259,9,131,0.23855559527873993
3260,9,132,0.10529385507106781
3261,9,133,0.19096286594867706
3262,9,134,0.141086608171463
3263,9,135,0.15545520186424255
3264,9,136,0.10428839921951294
3265,9,137,0.2012794464826584
3266,9,138,0.09000477939844131
3267,9,139,0.10795103013515472
3268,9,140,0.10442543774843216
3269,9,141,0.15371522307395935
3270,9,142,0.10741273313760757
3271,9,143,0.21969568729400635
3272,9,144,0.05541689693927765
3273,9,145,0.10506104677915573
3274,9,146,0.16894134879112244
3275,9,147,0.117160364985466
3276,9,148,0.12216468155384064
3277,9,149,0.08777477592229843
3278,9,150,0.13695429265499115
3279,9,151,0.09512887895107269
3280,9,152,0.15624098479747772
3281,9,153,0.1417989730834961
3282,9,154,0.1270446479320526
3283,9,155,0.10915636271238327
3284,9,156,0.053506944328546524
3285,9,157,0.144535630941391
3286,9,158,0.07489439845085144
3287,9,159,0.07362781465053558
3288,9,160,0.1023310199379921
3289,9,161,0.15036161243915558
3290,9,162,0.17732690274715424
3291,9,163,0.08786486089229584
3292,9,164,0.1354471892118454
3293,9,165,0.13050998747348785
3294,9,166,0.17618533968925476
3295,9,167,0.20289313793182373
3296,9,168,0.03948678448796272
3297,9,169,0.20143602788448334
3298,9,170,0.2632297873497009
3299,9,171,0.10478353500366211
3300,9,172,0.08549778908491135
3301,9,173,0.10733456909656525
3302,9,174,0.12946267426013947
3303,9,175,0.1400098353624344
3304,9,176,0.13264194130897522
3305,9,177,0.10179686546325684
3306,9,178,0.1716587394475937
3307,9,179,0.11367831379175186
3308,9,180,0.10894673317670822
3309,9,181,0.15040162205696106
3310,9,182,0.18700723350048065
3311,9,183,0.17608430981636047
3312,9,184,0.05269762501120567
3313,9,185,0.0918390080332756
3314,9,186,0.0453532449901104
3315,9,187,0.15524208545684814
3316,9,188,0.14563386142253876
3317,9,189,0.17402046918869019
3318,9,190,0.18237370252609253
3319,9,191,0.2278040647506714
3320,9,192,0.18277086317539215
3321,9,193,0.17398816347122192
3322,9,194,0.2274564504623413
3323,9,195,0.12227842956781387
3324,9,196,0.07809746265411377
3325,9,197,0.1846732497215271
3326,9,198,0.29610738158226013
3327,9,199,0.1360812783241272
3328,9,200,0.14939482510089874
3329,9,201,0.15610772371292114
3330,9,202,0.13420192897319794
3331,9,203,0.08778250962495804
3332,9,204,0.2369305044412613
3333,9,205,0.09787092357873917
3334,9,206,0.2531946897506714
3335,9,207,0.05380548909306526
3336,9,208,0.19240078330039978
3337,9,209,0.12837190926074982
3338,9,210,0.17668987810611725
3339,9,211,0.15412716567516327
3340,9,212,0.18033066391944885
3341,9,213,0.11039488017559052
3342,9,214,0.05398073047399521
3343,9,215,0.12148416042327881
3344,9,216,0.09168433398008347
3345,9,217,0.15786129236221313
3346,9,218,0.13624301552772522
3347,9,219,0.21462216973304749
3348,9,220,0.11713112145662308
3349,9,221,0.09655977040529251
3350,9,222,0.11015313863754272
3351,9,223,0.185124009847641
3352,9,224,0.1682470589876175
3353,9,225,0.06761454045772552
3354,9,226,0.1685497909784317
3355,9,227,0.03998265787959099
3356,9,228,0.07926660776138306
3357,9,229,0.112017922103405
3358,9,230,0.12236937880516052
3359,9,231,0.12371517717838287
3360,9,232,0.18500740826129913
3361,9,233,0.12340832501649857
3362,9,234,0.1414620578289032
3363,9,235,0.04477111995220184
3364,9,236,0.2035602629184723
3365,9,237,0.13435369729995728
3366,9,238,0.07182290405035019
3367,9,239,0.0475437268614769
3368,9,240,0.1344013512134552
3369,9,241,0.07191549986600876
3370,9,242,0.105072520673275
3371,9,243,0.1362096667289734
3372,9,244,0.1813664585351944
3373,9,245,0.07602022588253021
3374,9,246,0.11444228887557983
3375,9,247,0.18607504665851593
3376,9,248,0.11695627868175507
3377,9,249,0.1153046041727066
3378,9,250,0.11401105672121048
3379,9,251,0.1578933298587799
3380,9,252,0.10760913044214249
3381,9,253,0.03411094471812248
3382,9,254,0.15747065842151642
3383,9,255,0.09837280958890915
3384,9,256,0.1989298015832901
3385,9,257,0.1042100116610527
3386,9,258,0.13780908286571503
3387,9,259,0.08805082738399506
3388,9,260,0.22429139912128448
3389,9,261,0.12198861688375473
3390,9,262,0.12384932488203049
3391,9,263,0.2777758836746216
3392,9,264,0.12699800729751587
3393,9,265,0.1332491785287857
3394,9,266,0.12450006604194641
3395,9,267,0.15259623527526855
3396,9,268,0.09649214148521423
3397,9,269,0.08022083342075348
3398,9,270,0.1272348016500473
3399,9,271,0.1597755402326584
3400,9,272,0.16332244873046875
3401,9,273,0.0883672907948494
3402,9,274,0.18743005394935608
3403,9,275,0.1268087774515152
3404,9,276,0.23059570789337158
3405,9,277,0.23602527379989624
3406,9,278,0.2788359522819519
3407,9,279,0.120301254093647
3408,9,280,0.14820539951324463
3409,9,281,0.16075414419174194
3410,9,282,0.1357499361038208
3411,9,283,0.14018923044204712
3412,9,284,0.13344520330429077
3413,9,285,0.1312439888715744
3414,9,286,0.19341538846492767
3415,9,287,0.24482770264148712
3416,9,288,0.19426454603672028
3417,9,289,0.2147877812385559
3418,9,290,0.12417769432067871
3419,9,291,0.08504923433065414
3420,9,292,0.12152919173240662
3421,9,293,0.21731750667095184
3422,9,294,0.16645970940589905
3423,9,295,0.13051646947860718
3424,9,296,0.16124723851680756
3425,9,297,0.15137910842895508
3426,9,298,0.1556922346353531
3427,9,299,0.20304563641548157
3428,9,300,0.11155027151107788
3429,9,301,0.26242056488990784
3430,9,302,0.13033312559127808
3431,9,303,0.10314089804887772
3432,9,304,0.16973184049129486
3433,9,305,0.11349011957645416
3434,9,306,0.08266556262969971
3435,9,307,0.15917222201824188
3436,9,308,0.14785698056221008
3437,9,309,0.23263289034366608
3438,9,310,0.1171206682920456
3439,9,311,0.21688447892665863
3440,9,312,0.1943560540676117
3441,9,313,0.16370311379432678
3442,9,314,0.18205367028713226
3443,9,315,0.05804700404405594
3444,9,316,0.18633776903152466
3445,9,317,0.16551002860069275
3446,9,318,0.13471823930740356
3447,9,319,0.15303362905979156
3448,9,320,0.17345553636550903
3449,9,321,0.13212481141090393
3450,9,322,0.1785447895526886
3451,9,323,0.23463091254234314
3452,9,324,0.1458061933517456
3453,9,325,0.1901925951242447
3454,9,326,0.16902562975883484
3455,9,327,0.10006941854953766
3456,9,328,0.12396826595067978
3457,9,329,0.11817415803670883
3458,9,330,0.1260102093219757
3459,9,331,0.1164005920290947
3460,9,332,0.08333489298820496
3461,9,333,0.11934362351894379
3462,9,334,0.13273027539253235
3463,9,335,0.07011991739273071
3464,9,336,0.08401062339544296
3465,9,337,0.13836468756198883
3466,9,338,0.13201336562633514
3467,9,339,0.09607256203889847
3468,9,340,0.1147097572684288
3469,9,341,0.18086212873458862
3470,9,342,0.12668217718601227
3471,9,343,0.14324843883514404
3472,9,344,0.18094906210899353
3473,9,345,0.21461011469364166
3474,9,346,0.1694381833076477
3475,9,347,0.11289697885513306
3476,9,348,0.19507095217704773
3477,9,349,0.10490226745605469
3478,9,350,0.12196696549654007
3479,9,351,0.12022120505571365
3480,9,352,0.12058359384536743
3481,9,353,0.1456555277109146
3482,9,354,0.0552738681435585
3483,9,355,0.22622278332710266
3484,9,356,0.13888981938362122
3485,9,357,0.1736048310995102
3486,9,358,0.05274737998843193
3487,9,359,0.1793697625398636
3488,9,360,0.06552564352750778
3489,9,361,0.20588523149490356
3490,9,362,0.10576014965772629
3491,9,363,0.11288736015558243
3492,9,364,0.10091198235750198
3493,9,365,0.16266506910324097
3494,9,366,0.10685302317142487
3495,9,367,0.1441185623407364
3496,9,368,0.14875704050064087
3497,9,369,0.10548821091651917
3498,9,370,0.08839099109172821
3499,9,371,0.2225351333618164
3500,9,372,0.11714952439069748
3501,9,373,0.14639872312545776
3502,9,374,0.2225675880908966
3503,9,375,0.1235668957233429
3504,9,376,0.23953165113925934
3505,9,377,0.24431009590625763
3506,9,378,0.1559656411409378
3507,9,379,0.19899286329746246
3508,9,380,0.1584177017211914
3509,9,381,0.09572812914848328
3510,9,382,0.26847749948501587
3511,9,383,0.15349237620830536
3512,9,384,0.16858716309070587
3513,9,385,0.21220682561397552
3514,9,386,0.20799556374549866
3515,9,387,0.08242686092853546
3516,9,388,0.18116973340511322
3517,9,389,0.11124952882528305
3518,9,390,0.10995878279209137
3519,9,391,0.22267302870750427
3520,10,1,0.04044008627533913
3521,10,2,0.08062097430229187
3522,10,3,0.12648579478263855
3523,10,4,0.13794858753681183
3524,10,5,0.07833220064640045
3525,10,6,0.06969213485717773
3526,10,7,0.09916020929813385
3527,10,8,0.21252785623073578
3528,10,9,0.06700883060693741
3529,10,10,0.08672945946455002
3530,10,11,0.09347863495349884
3531,10,12,0.13265639543533325
3532,10,13,0.12518034875392914
3533,10,14,0.07343050837516785
3534,10,15,0.03601870313286781
3535,10,16,0.05194418877363205
3536,10,17,0.0879327580332756
3537,10,18,0.07210074365139008
3538,10,19,0.04157704859972
3539,10,20,0.11316230148077011
3540,10,21,0.05294857174158096
3541,10,22,0.08633729815483093
3542,10,23,0.14495861530303955
3543,10,24,0.11146258562803268
3544,10,25,0.0547826774418354
3545,10,26,0.05862986296415329
3546,10,27,0.1303442418575287
3547,10,28,0.04524378478527069
3548,10,29,0.06413815915584564
3549,10,30,0.09751275181770325
3550,10,31,0.05765663459897041
3551,10,32,0.0525985062122345
3552,10,33,0.06808343529701233
3553,10,34,0.04793185368180275
3554,10,35,0.03668747842311859
3555,10,36,0.05923882871866226
3556,10,37,0.12031461298465729
3557,10,38,0.02492809295654297
3558,10,39,0.07077032327651978
3559,10,40,0.11461203545331955
3560,10,41,0.033824119716882706
3561,10,42,0.12499076128005981
3562,10,43,0.11233378946781158
3563,10,44,0.06552190333604813
3564,10,45,0.0796561986207962
3565,10,46,0.08831476420164108
3566,10,47,0.09712561964988708
3567,10,48,0.06422486156225204
3568,10,49,0.06443686038255692
3569,10,50,0.08325481414794922
3570,10,51,0.04977321997284889
3571,10,52,0.12418387830257416
3572,10,53,0.08866925537586212
3573,10,54,0.06174592673778534
3574,10,55,0.09642308950424194
3575,10,56,0.09074972569942474
3576,10,57,0.10017415136098862
3577,10,58,0.04907204955816269
3578,10,59,0.0495728999376297
3579,10,60,0.08411387354135513
3580,10,61,0.06719079613685608
3581,10,62,0.08325278013944626
3582,10,63,0.06375619769096375
3583,10,64,0.15277241170406342
3584,10,65,0.06770489364862442
3585,10,66,0.19099275767803192
3586,10,67,0.06479792296886444
3587,10,68,0.027098724618554115
3588,10,69,0.07502371817827225
3589,10,70,0.09268374741077423
3590,10,71,0.09155739098787308
3591,10,72,0.04066169261932373
3592,10,73,0.044405024498701096
3593,10,74,0.14156979322433472
3594,10,75,0.045459579676389694
3595,10,76,0.08454475551843643
3596,10,77,0.14303965866565704
3597,10,78,0.11886105686426163
3598,10,79,0.12665201723575592
3599,10,80,0.06778471916913986
3600,10,81,0.07750394940376282
3601,10,82,0.14281490445137024
3602,10,83,0.046401120722293854
3603,10,84,0.18144938349723816
3604,10,85,0.12238658964633942
3605,10,86,0.03689691051840782
3606,10,87,0.08720142394304276
3607,10,88,0.09120682626962662
3608,10,89,0.0734209269285202
3609,10,90,0.07503733038902283
3610,10,91,0.1501341313123703
3611,10,92,0.1845885068178177
3612,10,93,0.07752972841262817
3613,10,94,0.03714590519666672
3614,10,95,0.18191216886043549
3615,10,96,0.08074638992547989
3616,10,97,0.06701705604791641
3617,10,98,0.06658029556274414
3618,10,99,0.07083036005496979
3619,10,100,0.04706723988056183
3620,10,101,0.1075664609670639
3621,10,102,0.11350180953741074
3622,10,103,0.04044676944613457
3623,10,104,0.14303916692733765
3624,10,105,0.04275554046034813
3625,10,106,0.059892334043979645
3626,10,107,0.05816810950636864
3627,10,108,0.10243263095617294
3628,10,109,0.20755763351917267
3629,10,110,0.08793122321367264
3630,10,111,0.08514862507581711
3631,10,112,0.1510968804359436
3632,10,113,0.06984375417232513
3633,10,114,0.05973953753709793
3634,10,115,0.060293104499578476
3635,10,116,0.11940161883831024
3636,10,117,0.29447707533836365
3637,10,118,0.12252097576856613
3638,10,119,0.3135239779949188
3639,10,120,0.0860874354839325
3640,10,121,0.1921996772289276
3641,10,122,0.10139588266611099
3642,10,123,0.22352160513401031
3643,10,124,0.08602231740951538
3644,10,125,0.07437480986118317
3645,10,126,0.08823029696941376
3646,10,127,0.05872632563114166
3647,10,128,0.10978637635707855
3648,10,129,0.2491251528263092
3649,10,130,0.18268637359142303
3650,10,131,0.08018375933170319
3651,10,132,0.1000184491276741
3652,10,133,0.13226324319839478
3653,10,134,0.1338968575000763
3654,10,135,0.08012009412050247
3655,10,136,0.10565467178821564
3656,10,137,0.19952161610126495
3657,10,138,0.11851270496845245
3658,10,139,0.11351028084754944
3659,10,140,0.1383664608001709
3660,10,141,0.09271304309368134
3661,10,142,0.057157907634973526
3662,10,143,0.05653783306479454
3663,10,144,0.05621092766523361
3664,10,145,0.08872614800930023
3665,10,146,0.1329910159111023
3666,10,147,0.11550465226173401
3667,10,148,0.08667677640914917
3668,10,149,0.09838897734880447
3669,10,150,0.10969866812229156
3670,10,151,0.1061290055513382
3671,10,152,0.10992824286222458
3672,10,153,0.08466140925884247
3673,10,154,0.07514110952615738
3674,10,155,0.08831217885017395
3675,10,156,0.12734460830688477
3676,10,157,0.1318710595369339
3677,10,158,0.08834230899810791
3678,10,159,0.11946025490760803
3679,10,160,0.10179387778043747
3680,10,161,0.0457141287624836
3681,10,162,0.08202480524778366
3682,10,163,0.14067533612251282
3683,10,164,0.0639631599187851
3684,10,165,0.1103249341249466
3685,10,166,0.04156850278377533
3686,10,167,0.037331417202949524
3687,10,168,0.11420238018035889
3688,10,169,0.03349427506327629
3689,10,170,0.1610349416732788
3690,10,171,0.029760215431451797
3691,10,172,0.16773980855941772
3692,10,173,0.08568417280912399
3693,10,174,0.05044699087738991
3694,10,175,0.045379962772130966
3695,10,176,0.11268028616905212
3696,10,177,0.09441982209682465
3697,10,178,0.07830370962619781
3698,10,179,0.05276640132069588
3699,10,180,0.103023000061512
3700,10,181,0.08409082889556885
3701,10,182,0.10048501193523407
3702,10,183,0.05393905192613602
3703,10,184,0.040874142199754715
3704,10,185,0.13924703001976013
3705,10,186,0.1663023829460144
3706,10,187,0.1168595626950264
3707,10,188,0.04263879358768463
3708,10,189,0.17635461688041687
3709,10,190,0.09917999804019928
3710,10,191,0.05976225435733795
3711,10,192,0.09255581349134445
3712,10,193,0.07075220346450806
3713,10,194,0.08560485392808914
3714,10,195,0.056728459894657135
3715,10,196,0.07913052290678024
3716,10,197,0.11450875550508499
3717,10,198,0.1746719479560852
3718,10,199,0.046373989433050156
3719,10,200,0.07012646645307541
3720,10,201,0.051986172795295715
3721,10,202,0.05001344531774521
3722,10,203,0.0602806992828846
3723,10,204,0.1056409701704979
3724,10,205,0.06229311600327492
3725,10,206,0.04522091522812843
3726,10,207,0.16401468217372894
3727,10,208,0.15803763270378113
3728,10,209,0.08506829291582108
3729,10,210,0.11130807548761368
3730,10,211,0.07360146194696426
3731,10,212,0.05628255754709244
3732,10,213,0.09476293623447418
3733,10,214,0.09480930864810944
3734,10,215,0.08700529485940933
3735,10,216,0.12690326571464539
3736,10,217,0.11601297557353973
3737,10,218,0.11973509192466736
3738,10,219,0.10103056579828262
3739,10,220,0.09611783921718597
3740,10,221,0.271884560585022
3741,10,222,0.15525159239768982
3742,10,223,0.09654202312231064
3743,10,224,0.0809585452079773
3744,10,225,0.08719619363546371
3745,10,226,0.16087721288204193
3746,10,227,0.06825065612792969
3747,10,228,0.08036400377750397
3748,10,229,0.12579293549060822
3749,10,230,0.13270604610443115
3750,10,231,0.15193699300289154
3751,10,232,0.04018231853842735
3752,10,233,0.09958868473768234
3753,10,234,0.0991557389497757
3754,10,235,0.11527947336435318
3755,10,236,0.09927970170974731
3756,10,237,0.17422235012054443
3757,10,238,0.07485455274581909
3758,10,239,0.10326424241065979
3759,10,240,0.19184336066246033
3760,10,241,0.11392717063426971
3761,10,242,0.10010199248790741
3762,10,243,0.12455105036497116
3763,10,244,0.11013652384281158
3764,10,245,0.14044225215911865
3765,10,246,0.1611545830965042
3766,10,247,0.07829878479242325
3767,10,248,0.0522221215069294
3768,10,249,0.0800580233335495
3769,10,250,0.19678427278995514
3770,10,251,0.1709684133529663
3771,10,252,0.11479360610246658
3772,10,253,0.09227383136749268
3773,10,254,0.10590202361345291
3774,10,255,0.05450102314352989
3775,10,256,0.11296235024929047
3776,10,257,0.14258116483688354
3777,10,258,0.11608473211526871
3778,10,259,0.14062848687171936
3779,10,260,0.0967448279261589
3780,10,261,0.04691246151924133
3781,10,262,0.06264014542102814
3782,10,263,0.1603277176618576
3783,10,264,0.05719165876507759
3784,10,265,0.13874606788158417
3785,10,266,0.1064644604921341
3786,10,267,0.11615478992462158
3787,10,268,0.09172563999891281
3788,10,269,0.19977377355098724
3789,10,270,0.16799084842205048
3790,10,271,0.02714221365749836
3791,10,272,0.12281693518161774
3792,10,273,0.2545468807220459
3793,10,274,0.16374365985393524
3794,10,275,0.03840671852231026
3795,10,276,0.10296644270420074
3796,10,277,0.08388988673686981
3797,10,278,0.14114099740982056
3798,10,279,0.1936311572790146
3799,10,280,0.06057636812329292
3800,10,281,0.04583359509706497
3801,10,282,0.18286386132240295
3802,10,283,0.0985456332564354
3803,10,284,0.1812676191329956
3804,10,285,0.1309933364391327
3805,10,286,0.2016291618347168
3806,10,287,0.07376900315284729
3807,10,288,0.1286291629076004
3808,10,289,0.12099605053663254
3809,10,290,0.07691681385040283
3810,10,291,0.18024902045726776
3811,10,292,0.11019760370254517
3812,10,293,0.24433459341526031
3813,10,294,0.08161143213510513
3814,10,295,0.0771905854344368
3815,10,296,0.06739316135644913
3816,10,297,0.07645729929208755
3817,10,298,0.05167775601148605
3818,10,299,0.03686290234327316
3819,10,300,0.12655997276306152
3820,10,301,0.08918642997741699
3821,10,302,0.11838392913341522
3822,10,303,0.0836857408285141
3823,10,304,0.24487149715423584
3824,10,305,0.14068208634853363
3825,10,306,0.052302829921245575
3826,10,307,0.09063217788934708
3827,10,308,0.14130856096744537
3828,10,309,0.12417584657669067
3829,10,310,0.1362682431936264
3830,10,311,0.13895078003406525
3831,10,312,0.12758274376392365
3832,10,313,0.0476730540394783
3833,10,314,0.20767603814601898
3834,10,315,0.0801510140299797
3835,10,316,0.20946292579174042
3836,10,317,0.06419951468706131
3837,10,318,0.13051627576351166
3838,10,319,0.07859176397323608
3839,10,320,0.07800738513469696
3840,10,321,0.14710800349712372
3841,10,322,0.10751055181026459
3842,10,323,0.1166652962565422
3843,10,324,0.08934498578310013
3844,10,325,0.15315595269203186
3845,10,326,0.1767015904188156
3846,10,327,0.20047339797019958
3847,10,328,0.0730203241109848
3848,10,329,0.066996730864048
3849,10,330,0.07751794904470444
3850,10,331,0.28103744983673096
3851,10,332,0.04859639331698418
3852,10,333,0.18249374628067017
3853,10,334,0.1252196878194809
3854,10,335,0.10465554893016815
3855,10,336,0.20347577333450317
3856,10,337,0.18842236697673798
3857,10,338,0.14701054990291595
3858,10,339,0.222511425614357
3859,10,340,0.11142730712890625
3860,10,341,0.06509590893983841
3861,10,342,0.18386222422122955
3862,10,343,0.045275285840034485
3863,10,344,0.13433502614498138
3864,10,345,0.2522319257259369
3865,10,346,0.17950913310050964
3866,10,347,0.17434847354888916
3867,10,348,0.059271182864904404
3868,10,349,0.16265857219696045
3869,10,350,0.11189967393875122
3870,10,351,0.12437042593955994
3871,10,352,0.08006671071052551
3872,10,353,0.0679849237203598
3873,10,354,0.29223212599754333
3874,10,355,0.10047249495983124
3875,10,356,0.08048754185438156
3876,10,357,0.16151128709316254
3877,10,358,0.06638050079345703
3878,10,359,0.1278126984834671
3879,10,360,0.1277652382850647
3880,10,361,0.13060292601585388
3881,10,362,0.1342175304889679
3882,10,363,0.08604953438043594
3883,10,364,0.3083253800868988
3884,10,365,0.11665049195289612
3885,10,366,0.21819640696048737
3886,10,367,0.15432696044445038
3887,10,368,0.13302236795425415
3888,10,369,0.09352631866931915
3889,10,370,0.07502246648073196
3890,10,371,0.24468837678432465
3891,10,372,0.1275760978460312
3892,10,373,0.1064813956618309
3893,10,374,0.06592542678117752
3894,10,375,0.1420992910861969
3895,10,376,0.10369879752397537
3896,10,377,0.13042384386062622
3897,10,378,0.12115585803985596
3898,10,379,0.28756797313690186
3899,10,380,0.08434580266475677
3900,10,381,0.19206032156944275
3901,10,382,0.09924017637968063
3902,10,383,0.09381350874900818
3903,10,384,0.0851646140217781
3904,10,385,0.12024983018636703
3905,10,386,0.10369142144918442
3906,10,387,0.1333501636981964
3907,10,388,0.17669333517551422
3908,10,389,0.07642041146755219
3909,10,390,0.02994682267308235
3910,10,391,0.10927031934261322
3911,11,1,0.03264579176902771
3912,11,2,0.1793319582939148
3913,11,3,0.12806376814842224
3914,11,4,0.06510813534259796
3915,11,5,0.07010412961244583
3916,11,6,0.07345718145370483
3917,11,7,0.06572750955820084
3918,11,8,0.17489439249038696
3919,11,9,0.10652245581150055
3920,11,10,0.062162939459085464
3921,11,11,0.14100122451782227
3922,11,12,0.0636729970574379
3923,11,13,0.0655515044927597
3924,11,14,0.09763580560684204
3925,11,15,0.1430981308221817
3926,11,16,0.054198700934648514
3927,11,17,0.04095887765288353
3928,11,18,0.06457222998142242
3929,11,19,0.16178922355175018
3930,11,20,0.0703657865524292
3931,11,21,0.050506774336099625
3932,11,22,0.07310371100902557
3933,11,23,0.04921051114797592
3934,11,24,0.14102484285831451
3935,11,25,0.08212945610284805
3936,11,26,0.014001536183059216
3937,11,27,0.06353835016489029
3938,11,28,0.0635526105761528
3939,11,29,0.07695776224136353
3940,11,30,0.08493160456418991
3941,11,31,0.1011165976524353
3942,11,32,0.06465739756822586
3943,11,33,0.05795476958155632
3944,11,34,0.07754290848970413
3945,11,35,0.040523357689380646
3946,11,36,0.058351099491119385
3947,11,37,0.02886737696826458
3948,11,38,0.057362452149391174
3949,11,39,0.06258949637413025
3950,11,40,0.12324181944131851
3951,11,41,0.051129236817359924
3952,11,42,0.10158702731132507
3953,11,43,0.05829990282654762
3954,11,44,0.07301780581474304
3955,11,45,0.07381681352853775
3956,11,46,0.029803091660141945
3957,11,47,0.051718857139348984
3958,11,48,0.07505635172128677
3959,11,49,0.0563531257212162
3960,11,50,0.06739125400781631
3961,11,51,0.0878550335764885
3962,11,52,0.04125767573714256
3963,11,53,0.047398537397384644
3964,11,54,0.05259989947080612
3965,11,55,0.09451009333133698
3966,11,56,0.039215344935655594
3967,11,57,0.08247639238834381
3968,11,58,0.023793024942278862
3969,11,59,0.058597441762685776
3970,11,60,0.041222717612981796
3971,11,61,0.04723401367664337
3972,11,62,0.03280939161777496
3973,11,63,0.07104229182004929
3974,11,64,0.09805478155612946
3975,11,65,0.10350643843412399
3976,11,66,0.11295099556446075
3977,11,67,0.0890163704752922
3978,11,68,0.07110565900802612
3979,11,69,0.0950319766998291
3980,11,70,0.0917319804430008
3981,11,71,0.06286782026290894
3982,11,72,0.02494349516928196
3983,11,73,0.05208193510770798
3984,11,74,0.06778508424758911
3985,11,75,0.03515980765223503
3986,11,76,0.06474894285202026
3987,11,77,0.11719861626625061
3988,11,78,0.09158077836036682
3989,11,79,0.14949564635753632
3990,11,80,0.1661173552274704
3991,11,81,0.08973798900842667
3992,11,82,0.018557175993919373
3993,11,83,0.08521948754787445
3994,11,84,0.18544380366802216
3995,11,85,0.055628493428230286
3996,11,86,0.14139609038829803
3997,11,87,0.12898622453212738
3998,11,88,0.14511987566947937
3999,11,89,0.10442154109477997
4000,11,90,0.06807872653007507
4001,11,91,0.04988895356655121
4002,11,92,0.07312596589326859
4003,11,93,0.06138148158788681
4004,11,94,0.09929319471120834
4005,11,95,0.20049984753131866
4006,11,96,0.09905160218477249
4007,11,97,0.09150899946689606
4008,11,98,0.1120532974600792
4009,11,99,0.1713171899318695
4010,11,100,0.10887664556503296
4011,11,101,0.12393960356712341
4012,11,102,0.11006613075733185
4013,11,103,0.06015453115105629
4014,11,104,0.1273421347141266
4015,11,105,0.15881706774234772
4016,11,106,0.09017424285411835
4017,11,107,0.12193209677934647
4018,11,108,0.10717249661684036
4019,11,109,0.11131086200475693
4020,11,110,0.06779146939516068
4021,11,111,0.05848054215312004
4022,11,112,0.08853983134031296
4023,11,113,0.06095851585268974
4024,11,114,0.10309699922800064
4025,11,115,0.16722624003887177
4026,11,116,0.07088059931993484
4027,11,117,0.07026706635951996
4028,11,118,0.1152644008398056
4029,11,119,0.06453540921211243
4030,11,120,0.04563717171549797
4031,11,121,0.05764074996113777
4032,11,122,0.1110188439488411
4033,11,123,0.07384283095598221
4034,11,124,0.09216336160898209
4035,11,125,0.05380875617265701
4036,11,126,0.09122848510742188
4037,11,127,0.08153288066387177
4038,11,128,0.18312957882881165
4039,11,129,0.12623929977416992
4040,11,130,0.11919503659009933
4041,11,131,0.04515315219759941
4042,11,132,0.05495433136820793
4043,11,133,0.07865476608276367
4044,11,134,0.04843425005674362
4045,11,135,0.12599974870681763
4046,11,136,0.12325235456228256
4047,11,137,0.109165258705616
4048,11,138,0.0333443209528923
4049,11,139,0.05668441951274872
4050,11,140,0.14594152569770813
4051,11,141,0.05263741314411163
4052,11,142,0.08116642385721207
4053,11,143,0.07430752366781235
4054,11,144,0.2587812840938568
4055,11,145,0.08944455534219742
4056,11,146,0.16545996069908142
4057,11,147,0.034474264830350876
4058,11,148,0.106557197868824
4059,11,149,0.05408371239900589
4060,11,150,0.17459148168563843
4061,11,151,0.12079145759344101
4062,11,152,0.04040155187249184
4063,11,153,0.1256086230278015
4064,11,154,0.20128430426120758
4065,11,155,0.05830597132444382
4066,11,156,0.0312628373503685
4067,11,157,0.14418146014213562
4068,11,158,0.13971292972564697
4069,11,159,0.11798033863306046
4070,11,160,0.14930424094200134
4071,11,161,0.10458648949861526
4072,11,162,0.09509329497814178
4073,11,163,0.10831122100353241
4074,11,164,0.04690347984433174
4075,11,165,0.05664978176355362
4076,11,166,0.07604820281267166
4077,11,167,0.1349157691001892
4078,11,168,0.15581345558166504
4079,11,169,0.08786582946777344
4080,11,170,0.13689161837100983
4081,11,171,0.0749349296092987
4082,11,172,0.23759528994560242
4083,11,173,0.04199884086847305
4084,11,174,0.24882802367210388
4085,11,175,0.034142736345529556
4086,11,176,0.03582003712654114
4087,11,177,0.18021799623966217
4088,11,178,0.1362379789352417
4089,11,179,0.1500626802444458
4090,11,180,0.08462055027484894
4091,11,181,0.1312810629606247
4092,11,182,0.10150841623544693
4093,11,183,0.052459318190813065
4094,11,184,0.09028371423482895
4095,11,185,0.049817103892564774
4096,11,186,0.13437019288539886
4097,11,187,0.053696371614933014
4098,11,188,0.02147437073290348
4099,11,189,0.05294843018054962
4100,11,190,0.06567461043596268
4101,11,191,0.0955965518951416
4102,11,192,0.04851704090833664
4103,11,193,0.03206568956375122
4104,11,194,0.05569067224860191
4105,11,195,0.040956705808639526
4106,11,196,0.09641894698143005
4107,11,197,0.08317963033914566
4108,11,198,0.08401569724082947
4109,11,199,0.12756216526031494
4110,11,200,0.04845064878463745
4111,11,201,0.09296628087759018
4112,11,202,0.1085595116019249
4113,11,203,0.08639805018901825
4114,11,204,0.08806698769330978
4115,11,205,0.07697241008281708
4116,11,206,0.05559144169092178
4117,11,207,0.06320340186357498
4118,11,208,0.07227928191423416
4119,11,209,0.06627778708934784
4120,11,210,0.07501547038555145
4121,11,211,0.10114169120788574
4122,11,212,0.04396301880478859
4123,11,213,0.06667807698249817
4124,11,214,0.05112119019031525
4125,11,215,0.12913620471954346
4126,11,216,0.06752001494169235
4127,11,217,0.10412855446338654
4128,11,218,0.05522913485765457
4129,11,219,0.06799851357936859
4130,11,220,0.016597693786025047
4131,11,221,0.10243119299411774
4132,11,222,0.0489976704120636
4133,11,223,0.08555641025304794
4134,11,224,0.07298503816127777
4135,11,225,0.14938490092754364
4136,11,226,0.09572191536426544
4137,11,227,0.04843808338046074
4138,11,228,0.09797077625989914
4139,11,229,0.08639068901538849
4140,11,230,0.103511743247509
4141,11,231,0.015706732869148254
4142,11,232,0.09831075370311737
4143,11,233,0.024050714448094368
4144,11,234,0.08403929322957993
4145,11,235,0.1640876680612564
4146,11,236,0.09832555055618286
4147,11,237,0.016338491812348366
4148,11,238,0.04917088523507118
4149,11,239,0.04869822785258293
4150,11,240,0.04970575496554375
4151,11,241,0.059226978570222855
4152,11,242,0.051600173115730286
4153,11,243,0.03184569254517555
4154,11,244,0.023503921926021576
4155,11,245,0.08629155158996582
4156,11,246,0.04130871966481209
4157,11,247,0.0606473945081234
4158,11,248,0.05806230753660202
4159,11,249,0.07402782142162323
4160,11,250,0.03183939307928085
4161,11,251,0.0694085955619812
4162,11,252,0.10544506460428238
4163,11,253,0.06725452840328217
4164,11,254,0.0739550068974495
4165,11,255,0.07918936014175415
4166,11,256,0.10816715657711029
4167,11,257,0.07861744612455368
4168,11,258,0.11682094633579254
4169,11,259,0.10225362330675125
4170,11,260,0.08002699166536331
4171,11,261,0.14557978510856628
4172,11,262,0.11019810289144516
4173,11,263,0.04127471148967743
4174,11,264,0.061042603105306625
4175,11,265,0.049343373626470566
4176,11,266,0.1528938114643097
4177,11,267,0.046646639704704285
4178,11,268,0.08909459412097931
4179,11,269,0.07086142897605896
4180,11,270,0.09789514541625977
4181,11,271,0.09264463186264038
4182,11,272,0.07978755235671997
4183,11,273,0.016174636781215668
4184,11,274,0.1351587027311325
4185,11,275,0.12374769896268845
4186,11,276,0.16142956912517548
4187,11,277,0.05111255869269371
4188,11,278,0.11165975779294968
4189,11,279,0.11025136709213257
4190,11,280,0.10355417430400848
4191,11,281,0.05182125046849251
4192,11,282,0.13083387911319733
4193,11,283,0.07018987089395523
4194,11,284,0.09061922132968903
4195,11,285,0.09302832186222076
4196,11,286,0.04394015297293663
4197,11,287,0.12083358317613602
4198,11,288,0.13418222963809967
4199,11,289,0.06840937584638596
4200,11,290,0.10017329454421997
4201,11,291,0.10871504992246628
4202,11,292,0.11072518676519394
4203,11,293,0.09825113415718079
4204,11,294,0.026436734944581985
4205,11,295,0.10559865832328796
4206,11,296,0.1145101934671402
4207,11,297,0.09741007536649704
4208,11,298,0.05268678069114685
4209,11,299,0.07286505401134491
4210,11,300,0.07198511064052582
4211,11,301,0.06685250997543335
4212,11,302,0.03901641070842743
4213,11,303,0.09166432172060013
4214,11,304,0.21518681943416595
4215,11,305,0.12800832092761993
4216,11,306,0.056959666311740875
4217,11,307,0.11206665635108948
4218,11,308,0.07413569837808609
4219,11,309,0.05331573262810707
4220,11,310,0.04738963022828102
4221,11,311,0.14346815645694733
4222,11,312,0.14251786470413208
4223,11,313,0.18523672223091125
4224,11,314,0.17429929971694946
4225,11,315,0.08534350246191025
4226,11,316,0.10040996968746185
4227,11,317,0.1042572483420372
4228,11,318,0.11329244077205658
4229,11,319,0.1248525008559227
4230,11,320,0.130570650100708
4231,11,321,0.07960721105337143
4232,11,322,0.1089983582496643
4233,11,323,0.14638617634773254
4234,11,324,0.05266805738210678
4235,11,325,0.10369053483009338
4236,11,326,0.10307499766349792
4237,11,327,0.1882607340812683
4238,11,328,0.09769147634506226
4239,11,329,0.06602770835161209
4240,11,330,0.11363369971513748
4241,11,331,0.12335644662380219
4242,11,332,0.07210253179073334
4243,11,333,0.09931190311908722
4244,11,334,0.08707110583782196
4245,11,335,0.049837395548820496
4246,11,336,0.22238874435424805
4247,11,337,0.09725727885961533
4248,11,338,0.23832088708877563
4249,11,339,0.07698264718055725
4250,11,340,0.09868356585502625
4251,11,341,0.11922449618577957
4252,11,342,0.06005580350756645
4253,11,343,0.1297687590122223
4254,11,344,0.18055178225040436
4255,11,345,0.0981401801109314
4256,11,346,0.09429062902927399
4257,11,347,0.08682360500097275
4258,11,348,0.060985106974840164
4259,11,349,0.09804897010326385
4260,11,350,0.1619683802127838
4261,11,351,0.09480343759059906
4262,11,352,0.08572167903184891
4263,11,353,0.0763278529047966
4264,11,354,0.11293797940015793
4265,11,355,0.14209678769111633
4266,11,356,0.10130102932453156
4267,11,357,0.21863096952438354
4268,11,358,0.16550292074680328
4269,11,359,0.08886994421482086
4270,11,360,0.1484111100435257
4271,11,361,0.12162403762340546
4272,11,362,0.15255512297153473
4273,11,363,0.13222090899944305
4274,11,364,0.12391995638608932
4275,11,365,0.13348878920078278
4276,11,366,0.1380166858434677
4277,11,367,0.13796667754650116
4278,11,368,0.023990454152226448
4279,11,369,0.1763126254081726
4280,11,370,0.12643426656723022
4281,11,371,0.10397228598594666
4282,11,372,0.1408727765083313
4283,11,373,0.11632870137691498
4284,11,374,0.09126497060060501
4285,11,375,0.09317993372678757
4286,11,376,0.08991748094558716
4287,11,377,0.06028906628489494
4288,11,378,0.11365317553281784
4289,11,379,0.17226074635982513
4290,11,380,0.11158916354179382
4291,11,381,0.12285249680280685
4292,11,382,0.04475794732570648
4293,11,383,0.10974541306495667
4294,11,384,0.09786834567785263
4295,11,385,0.12529706954956055
4296,11,386,0.1171082928776741
4297,11,387,0.13748648762702942
4298,11,388,0.08380688726902008
4299,11,389,0.059298932552337646
4300,11,390,0.14666570723056793
4301,11,391,0.12235862016677856
4302,12,1,0.050460223108530045
4303,12,2,0.026915740221738815
4304,12,3,0.11443907022476196
4305,12,4,0.11585336178541183
4306,12,5,0.09790636599063873
4307,12,6,0.028896968811750412
4308,12,7,0.06055517867207527
4309,12,8,0.08676187694072723
4310,12,9,0.06209053844213486
4311,12,10,0.08517546951770782
4312,12,11,0.0626157745718956
4313,12,12,0.04954881966114044
4314,12,13,0.13280391693115234
4315,12,14,0.04639212787151337
4316,12,15,0.04355183616280556
4317,12,16,0.04581954702734947
4318,12,17,0.06640707701444626
4319,12,18,0.06865985691547394
4320,12,19,0.059303078800439835
4321,12,20,0.10540945827960968
4322,12,21,0.10009387880563736
4323,12,22,0.049102529883384705
4324,12,23,0.06049392372369766
4325,12,24,0.05041971802711487
4326,12,25,0.06720144301652908
4327,12,26,0.07603909075260162
4328,12,27,0.060655269771814346
4329,12,28,0.06654252856969833
4330,12,29,0.05435878410935402
4331,12,30,0.08219773322343826
4332,12,31,0.036818452179431915
4333,12,32,0.09406678378582001
4334,12,33,0.07584081590175629
4335,12,34,0.028481274843215942
4336,12,35,0.07953047752380371
4337,12,36,0.03328521549701691
4338,12,37,0.054948292672634125
4339,12,38,0.08509386330842972
4340,12,39,0.06841109693050385
4341,12,40,0.11351316422224045
4342,12,41,0.07321305572986603
4343,12,42,0.1087661013007164
4344,12,43,0.05582490190863609
4345,12,44,0.02069197967648506
4346,12,45,0.11130887269973755
4347,12,46,0.06772409379482269
4348,12,47,0.12067238986492157
4349,12,48,0.08452463150024414
4350,12,49,0.0395234115421772
4351,12,50,0.057894278317689896
4352,12,51,0.0191456601023674
4353,12,52,0.08767668902873993
4354,12,53,0.057873547077178955
4355,12,54,0.11539112031459808
4356,12,55,0.06788617372512817
4357,12,56,0.055897057056427
4358,12,57,0.03414225950837135
4359,12,58,0.08138374239206314
4360,12,59,0.04030098393559456
4361,12,60,0.19611860811710358
4362,12,61,0.05861787125468254
4363,12,62,0.09111899882555008
4364,12,63,0.049959082156419754
4365,12,64,0.028929032385349274
4366,12,65,0.018726928159594536
4367,12,66,0.013623193837702274
4368,12,67,0.06387428939342499
4369,12,68,0.02315015159547329
4370,12,69,0.06744563579559326
4371,12,70,0.03466959670186043
4372,12,71,0.11735466867685318
4373,12,72,0.06487594544887543
4374,12,73,0.13725607097148895
4375,12,74,0.08590614050626755
4376,12,75,0.060158707201480865
4377,12,76,0.0651588886976242
4378,12,77,0.09319304674863815
4379,12,78,0.05412561073899269
4380,12,79,0.025058740749955177
4381,12,80,0.09429310262203217
4382,12,81,0.164976567029953
4383,12,82,0.05172671750187874
4384,12,83,0.03922819718718529
4385,12,84,0.05221249535679817
4386,12,85,0.059000276029109955
4387,12,86,0.0875898003578186
4388,12,87,0.12285550683736801
4389,12,88,0.07415274530649185
4390,12,89,0.08546143770217896
4391,12,90,0.05301359295845032
4392,12,91,0.04686998203396797
4393,12,92,0.07006867974996567
4394,12,93,0.06861896067857742
4395,12,94,0.15908314287662506
4396,12,95,0.10415972024202347
4397,12,96,0.05057859420776367
4398,12,97,0.05951216071844101
4399,12,98,0.07947230339050293
4400,12,99,0.025177650153636932
4401,12,100,0.022902168333530426
4402,12,101,0.07460685074329376
4403,12,102,0.06858588755130768
4404,12,103,0.051450952887535095
4405,12,104,0.0485333614051342
4406,12,105,0.03856673091650009
4407,12,106,0.03619172051548958
4408,12,107,0.03546983748674393
4409,12,108,0.01945546641945839
4410,12,109,0.04280976951122284
4411,12,110,0.035489991307258606
4412,12,111,0.03359618037939072
4413,12,112,0.05326914042234421
4414,12,113,0.11808323115110397
4415,12,114,0.05002448707818985
4416,12,115,0.02003970928490162
4417,12,116,0.07424484193325043
4418,12,117,0.06388669461011887
4419,12,118,0.09027155488729477
4420,12,119,0.0723099559545517
4421,12,120,0.057129837572574615
4422,12,121,0.07117906212806702
4423,12,122,0.07985859364271164
4424,12,123,0.055916495621204376
4425,12,124,0.0389840304851532
4426,12,125,0.04885999485850334
4427,12,126,0.18210838735103607
4428,12,127,0.035690292716026306
4429,12,128,0.048140645027160645
4430,12,129,0.061878833919763565
4431,12,130,0.024744229391217232
4432,12,131,0.07546386867761612
4433,12,132,0.08126956224441528
4434,12,133,0.04402352496981621
4435,12,134,0.04120069742202759
4436,12,135,0.06914632767438889
4437,12,136,0.06547175347805023
4438,12,137,0.0425906740128994
4439,12,138,0.06669941544532776
4440,12,139,0.03647549822926521
4441,12,140,0.09445571154356003
4442,12,141,0.09422778338193893
4443,12,142,0.07908699661493301
4444,12,143,0.0936177596449852
4445,12,144,0.042203616350889206
4446,12,145,0.03752816841006279
4447,12,146,0.06606986373662949
4448,12,147,0.12228506803512573
4449,12,148,0.23883864283561707
4450,12,149,0.052410341799259186
4451,12,150,0.2578597962856293
4452,12,151,0.13385674357414246
4453,12,152,0.08311760425567627
4454,12,153,0.11511382460594177
4455,12,154,0.07885284721851349
4456,12,155,0.13176487386226654
4457,12,156,0.05577990412712097
4458,12,157,0.08075737208127975
4459,12,158,0.05962793901562691
4460,12,159,0.170576810836792
4461,12,160,0.1098863035440445
4462,12,161,0.06427529454231262
4463,12,162,0.12149199843406677
4464,12,163,0.06460078060626984
4465,12,164,0.08072976022958755
4466,12,165,0.08625566959381104
4467,12,166,0.15935739874839783
4468,12,167,0.10651087760925293
4469,12,168,0.12045426666736603
4470,12,169,0.09948146343231201
4471,12,170,0.039300959557294846
4472,12,171,0.07763420045375824
4473,12,172,0.21547944843769073
4474,12,173,0.053986407816410065
4475,12,174,0.052284445613622665
4476,12,175,0.08030684292316437
4477,12,176,0.041374292224645615
4478,12,177,0.054798536002635956
4479,12,178,0.13720229268074036
4480,12,179,0.03569350764155388
4481,12,180,0.19746465981006622
4482,12,181,0.056698061525821686
4483,12,182,0.035958319902420044
4484,12,183,0.07068980485200882
4485,12,184,0.10027577728033066
4486,12,185,0.03422119840979576
4487,12,186,0.12539613246917725
4488,12,187,0.07014185935258865
4489,12,188,0.0591861829161644
4490,12,189,0.0554562471807003
4491,12,190,0.0889672264456749
4492,12,191,0.04731682687997818
4493,12,192,0.13105906546115875
4494,12,193,0.1022660955786705
4495,12,194,0.03417589142918587
4496,12,195,0.03710852563381195
4497,12,196,0.03643146529793739
4498,12,197,0.10633742809295654
4499,12,198,0.0657643973827362
4500,12,199,0.03460685536265373
4501,12,200,0.058740705251693726
4502,12,201,0.1008235439658165
4503,12,202,0.07244361937046051
4504,12,203,0.024874210357666016
4505,12,204,0.03400691971182823
4506,12,205,0.06195495277643204
4507,12,206,0.10670998692512512
4508,12,207,0.052478328347206116
4509,12,208,0.07219598442316055
4510,12,209,0.030282486230134964
4511,12,210,0.07612138986587524
4512,12,211,0.0619080625474453
4513,12,212,0.06170795485377312
4514,12,213,0.02027207985520363
4515,12,214,0.03582386672496796
4516,12,215,0.04035753384232521
4517,12,216,0.11228225380182266
4518,12,217,0.05732575058937073
4519,12,218,0.03813658282160759
4520,12,219,0.06220583617687225
4521,12,220,0.12171423435211182
4522,12,221,0.04278454929590225
4523,12,222,0.046733926981687546
4524,12,223,0.03328581154346466
4525,12,224,0.039067767560482025
4526,12,225,0.15186285972595215
4527,12,226,0.06741944700479507
4528,12,227,0.04847956448793411
4529,12,228,0.0718517005443573
4530,12,229,0.06452136486768723
4531,12,230,0.09145646542310715
4532,12,231,0.10662256926298141
4533,12,232,0.06499951332807541
4534,12,233,0.09228619188070297
4535,12,234,0.042058315128088
4536,12,235,0.022737178951501846
4537,12,236,0.016880132257938385
4538,12,237,0.07703915238380432
4539,12,238,0.01982303149998188
4540,12,239,0.049301572144031525
4541,12,240,0.13672250509262085
4542,12,241,0.0379960797727108
4543,12,242,0.03839395195245743
4544,12,243,0.0456552691757679
4545,12,244,0.052302680909633636
4546,12,245,0.06452516466379166
4547,12,246,0.1192399188876152
4548,12,247,0.04045555368065834
4549,12,248,0.03211609646677971
4550,12,249,0.05335607752203941
4551,12,250,0.15858834981918335
4552,12,251,0.17998167872428894
4553,12,252,0.07569615542888641
4554,12,253,0.08083228766918182
4555,12,254,0.13771088421344757
4556,12,255,0.06677735596895218
4557,12,256,0.08411779999732971
4558,12,257,0.024182187393307686
4559,12,258,0.10181328654289246
4560,12,259,0.05426677688956261
4561,12,260,0.11634648591279984
4562,12,261,0.025397956371307373
4563,12,262,0.05466780066490173
4564,12,263,0.0212384220212698
4565,12,264,0.050202857702970505
4566,12,265,0.10454369336366653
4567,12,266,0.04313017800450325
4568,12,267,0.08136747777462006
4569,12,268,0.027914881706237793
4570,12,269,0.030231749638915062
4571,12,270,0.08528266102075577
4572,12,271,0.10518310219049454
4573,12,272,0.09623061865568161
4574,12,273,0.1283591389656067
4575,12,274,0.033341821283102036
4576,12,275,0.1841760277748108
4577,12,276,0.10808129608631134
4578,12,277,0.05803699046373367
4579,12,278,0.11765697598457336
4580,12,279,0.06370409578084946
4581,12,280,0.04628622159361839
4582,12,281,0.07634948939085007
4583,12,282,0.03694089502096176
4584,12,283,0.13558238744735718
4585,12,284,0.158533975481987
4586,12,285,0.08558478951454163
4587,12,286,0.12959381937980652
4588,12,287,0.1388944387435913
4589,12,288,0.14767637848854065
4590,12,289,0.09060229361057281
4591,12,290,0.06856351345777512
4592,12,291,0.11155830323696136
4593,12,292,0.11064263433218002
4594,12,293,0.15508900582790375
4595,12,294,0.08947553485631943
4596,12,295,0.18033798038959503
4597,12,296,0.07005593180656433
4598,12,297,0.11526027321815491
4599,12,298,0.10085853934288025
4600,12,299,0.10630761086940765
4601,12,300,0.07260479032993317
4602,12,301,0.04070870205760002
4603,12,302,0.07657773792743683
4604,12,303,0.037352580577135086
4605,12,304,0.0346723236143589
4606,12,305,0.10707017034292221
4607,12,306,0.08378889411687851
4608,12,307,0.0764923244714737
4609,12,308,0.13311700522899628
4610,12,309,0.05101977288722992
4611,12,310,0.13609690964221954
4612,12,311,0.05976876616477966
4613,12,312,0.059594474732875824
4614,12,313,0.19717805087566376
4615,12,314,0.07946980744600296
4616,12,315,0.09809517860412598
4617,12,316,0.09129311889410019
4618,12,317,0.14432395994663239
4619,12,318,0.08087168633937836
4620,12,319,0.0803920328617096
4621,12,320,0.1553565114736557
4622,12,321,0.05081222578883171
4623,12,322,0.03930122032761574
4624,12,323,0.0913616269826889
4625,12,324,0.054783038794994354
4626,12,325,0.05904391407966614
4627,12,326,0.04797795042395592
4628,12,327,0.06858397275209427
4629,12,328,0.09859340637922287
4630,12,329,0.12117429077625275
4631,12,330,0.12506486475467682
4632,12,331,0.14012567698955536
4633,12,332,0.04695475846529007
4634,12,333,0.11764064431190491
4635,12,334,0.02119382470846176
4636,12,335,0.08887550234794617
4637,12,336,0.064419224858284
4638,12,337,0.02309470996260643
4639,12,338,0.048958681523799896
4640,12,339,0.08133148401975632
4641,12,340,0.1474069505929947
4642,12,341,0.07189389318227768
4643,12,342,0.08402027189731598
4644,12,343,0.05436323210597038
4645,12,344,0.1088043749332428
4646,12,345,0.05447978526353836
4647,12,346,0.08775299787521362
4648,12,347,0.13245481252670288
4649,12,348,0.0413009375333786
4650,12,349,0.06311211735010147
4651,12,350,0.10397680103778839
4652,12,351,0.08059392124414444
4653,12,352,0.0879671722650528
4654,12,353,0.19476692378520966
4655,12,354,0.12269934266805649
4656,12,355,0.042711999267339706
4657,12,356,0.044042497873306274
4658,12,357,0.17445537447929382
4659,12,358,0.07986467331647873
4660,12,359,0.1121491864323616
4661,12,360,0.11691223829984665
4662,12,361,0.07360653579235077
4663,12,362,0.04033196344971657
4664,12,363,0.17507223784923553
4665,12,364,0.06773382425308228
4666,12,365,0.059960003942251205
4667,12,366,0.034572940319776535
4668,12,367,0.11571096628904343
4669,12,368,0.00995604321360588
4670,12,369,0.0977129265666008
4671,12,370,0.0626288503408432
4672,12,371,0.0356864407658577
4673,12,372,0.07366406917572021
4674,12,373,0.1369294971227646
4675,12,374,0.022005436941981316
4676,12,375,0.0988694280385971
4677,12,376,0.1305721402168274
4678,12,377,0.051197294145822525
4679,12,378,0.09040237963199615
4680,12,379,0.10004334896802902
4681,12,380,0.04902098700404167
4682,12,381,0.04187329486012459
4683,12,382,0.06374412775039673
4684,12,383,0.0804574191570282
4685,12,384,0.08751530945301056
4686,12,385,0.04672005772590637
4687,12,386,0.1214996799826622
4688,12,387,0.022411702200770378
4689,12,388,0.2265458106994629
4690,12,389,0.08958814293146133
4691,12,390,0.14447017014026642
4692,12,391,0.10199131071567535
4693,13,1,0.04153013974428177
4694,13,2,0.07828091084957123
4695,13,3,0.031729377806186676
4696,13,4,0.02507423423230648
4697,13,5,0.10214387625455856
4698,13,6,0.01549915224313736
4699,13,7,0.07139530777931213
4700,13,8,0.06392508745193481
4701,13,9,0.031007060781121254
4702,13,10,0.022851303219795227
4703,13,11,0.07196908444166183
4704,13,12,0.039222944527864456
4705,13,13,0.0368405319750309
4706,13,14,0.04920174553990364
4707,13,15,0.10804097354412079
4708,13,16,0.12454897910356522
4709,13,17,0.07122991979122162
4710,13,18,0.034800946712493896
4711,13,19,0.04832877218723297
4712,13,20,0.025497710332274437
4713,13,21,0.06705611199140549
4714,13,22,0.03312954306602478
4715,13,23,0.034482069313526154
4716,13,24,0.052837055176496506
4717,13,25,0.062492817640304565
4718,13,26,0.012800255790352821
4719,13,27,0.081534244120121
4720,13,28,0.03888313099741936
4721,13,29,0.05216272547841072
4722,13,30,0.07861306518316269
4723,13,31,0.03906160965561867
4724,13,32,0.048907049000263214
4725,13,33,0.04950329661369324
4726,13,34,0.04876035451889038
4727,13,35,0.06745792925357819
4728,13,36,0.07224878668785095
4729,13,37,0.03836599364876747
4730,13,38,0.013644024729728699
4731,13,39,0.0797913670539856
4732,13,40,0.07523341476917267
4733,13,41,0.02924087457358837
4734,13,42,0.026994716376066208
4735,13,43,0.023924682289361954
4736,13,44,0.02044810727238655
4737,13,45,0.03272293508052826
4738,13,46,0.04054887220263481
4739,13,47,0.056660979986190796
4740,13,48,0.08188535273075104
4741,13,49,0.06529303640127182
4742,13,50,0.12466990202665329
4743,13,51,0.021755248308181763
4744,13,52,0.024053223431110382
4745,13,53,0.07949726283550262
4746,13,54,0.024916131049394608
4747,13,55,0.07004018872976303
4748,13,56,0.01502879150211811
4749,13,57,0.08461088687181473
4750,13,58,0.07861468195915222
4751,13,59,0.01894974336028099
4752,13,60,0.10658611357212067
4753,13,61,0.04780331254005432
4754,13,62,0.04998449981212616
4755,13,63,0.02306964620947838
4756,13,64,0.017716512084007263
4757,13,65,0.028562812134623528
4758,13,66,0.048953860998153687
4759,13,67,0.021502938121557236
4760,13,68,0.10336708277463913
4761,13,69,0.035611167550086975
4762,13,70,0.01657232455909252
4763,13,71,0.057456620037555695
4764,13,72,0.013040206395089626
4765,13,73,0.018179401755332947
4766,13,74,0.04274485632777214
4767,13,75,0.024756576865911484
4768,13,76,0.04358242079615593
4769,13,77,0.03631977364420891
4770,13,78,0.11870933324098587
4771,13,79,0.04761913791298866
4772,13,80,0.08628003299236298
4773,13,81,0.06319411844015121
4774,13,82,0.005074083339422941
4775,13,83,0.08929130434989929
4776,13,84,0.018981214612722397
4777,13,85,0.06725547462701797
4778,13,86,0.03765660896897316
4779,13,87,0.04057156667113304
4780,13,88,0.06826654821634293
4781,13,89,0.09148935228586197
4782,13,90,0.08894817531108856
4783,13,91,0.08433522284030914
4784,13,92,0.0482848696410656
4785,13,93,0.07803414762020111
4786,13,94,0.06068259850144386
4787,13,95,0.03615118935704231
4788,13,96,0.1142721027135849
4789,13,97,0.015291212126612663
4790,13,98,0.06623189896345139
4791,13,99,0.02317647822201252
4792,13,100,0.07860994338989258
4793,13,101,0.04312725365161896
4794,13,102,0.018287532031536102
4795,13,103,0.0932089164853096
4796,13,104,0.13198791444301605
4797,13,105,0.05559968948364258
4798,13,106,0.03777524083852768
4799,13,107,0.02996325120329857
4800,13,108,0.028236281126737595
4801,13,109,0.056861549615859985
4802,13,110,0.039515748620033264
4803,13,111,0.03197424113750458
4804,13,112,0.014499729499220848
4805,13,113,0.06407567858695984
4806,13,114,0.054579079151153564
4807,13,115,0.02586989663541317
4808,13,116,0.048185139894485474
4809,13,117,0.05389245226979256
4810,13,118,0.06050502881407738
4811,13,119,0.03627494350075722
4812,13,120,0.04255550354719162
4813,13,121,0.042873889207839966
4814,13,122,0.05280598998069763
4815,13,123,0.056947581470012665
4816,13,124,0.07198751717805862
4817,13,125,0.015173719264566898
4818,13,126,0.030450738966464996
4819,13,127,0.012303360737860203
4820,13,128,0.052036795765161514
4821,13,129,0.019716821610927582
4822,13,130,0.08611676841974258
4823,13,131,0.10639195144176483
4824,13,132,0.020121729001402855
4825,13,133,0.12500189244747162
4826,13,134,0.01639869436621666
4827,13,135,0.17204070091247559
4828,13,136,0.033875368535518646
4829,13,137,0.03909914195537567
4830,13,138,0.07426068186759949
4831,13,139,0.05495305731892586
4832,13,140,0.013716362416744232
4833,13,141,0.12624195218086243
4834,13,142,0.1319355070590973
4835,13,143,0.0468401238322258
4836,13,144,0.047955792397260666
4837,13,145,0.06480666249990463
4838,13,146,0.09104963392019272
4839,13,147,0.014974099583923817
4840,13,148,0.004218114539980888
4841,13,149,0.09715013951063156
4842,13,150,0.07373368740081787
4843,13,151,0.09377047419548035
4844,13,152,0.11412058025598526
4845,13,153,0.061790138483047485
4846,13,154,0.01969759538769722
4847,13,155,0.03881697729229927
4848,13,156,0.05961592495441437
4849,13,157,0.06698469817638397
4850,13,158,0.04336133599281311
4851,13,159,0.1698777675628662
4852,13,160,0.0318898968398571
4853,13,161,0.1062132716178894
4854,13,162,0.028689537197351456
4855,13,163,0.04992378503084183
4856,13,164,0.04531390964984894
4857,13,165,0.05606788024306297
4858,13,166,0.07434871792793274
4859,13,167,0.10881990939378738
4860,13,168,0.047223396599292755
4861,13,169,0.0349198617041111
4862,13,170,0.10133159160614014
4863,13,171,0.059072043746709824
4864,13,172,0.02645113319158554
4865,13,173,0.06362064182758331
4866,13,174,0.09109341353178024
4867,13,175,0.03160007297992706
4868,13,176,0.09182814508676529
4869,13,177,0.15858866274356842
4870,13,178,0.05994509160518646
4871,13,179,0.06007340922951698
4872,13,180,0.014704308472573757
4873,13,181,0.17055140435695648
4874,13,182,0.058079369366168976
4875,13,183,0.05646413937211037
4876,13,184,0.07416006922721863
4877,13,185,0.10248754918575287
4878,13,186,0.057523470371961594
4879,13,187,0.08847755938768387
4880,13,188,0.1026817113161087
4881,13,189,0.16068769991397858
4882,13,190,0.08180126547813416
4883,13,191,0.10020136833190918
4884,13,192,0.025893084704875946
4885,13,193,0.16487394273281097
4886,13,194,0.1107262521982193
4887,13,195,0.09852292388677597
4888,13,196,0.035325564444065094
4889,13,197,0.10283996164798737
4890,13,198,0.07741668075323105
4891,13,199,0.045559197664260864
4892,13,200,0.10267970710992813
4893,13,201,0.0834035575389862
4894,13,202,0.038647957146167755
4895,13,203,0.14004632830619812
4896,13,204,0.18111470341682434
4897,13,205,0.06450429558753967
4898,13,206,0.08906927704811096
4899,13,207,0.08550681918859482
4900,13,208,0.04156457260251045
4901,13,209,0.11158028990030289
4902,13,210,0.23048916459083557
4903,13,211,0.20404702425003052
4904,13,212,0.15992221236228943
4905,13,213,0.062144823372364044
4906,13,214,0.049520932137966156
4907,13,215,0.04054664075374603
4908,13,216,0.04249224066734314
4909,13,217,0.08022519946098328
4910,13,218,0.11851544678211212
4911,13,219,0.0830543115735054
4912,13,220,0.07033996284008026
4913,13,221,0.10245665907859802
4914,13,222,0.14410731196403503
4915,13,223,0.1319708377122879
4916,13,224,0.029889576137065887
4917,13,225,0.06391420215368271
4918,13,226,0.15850669145584106
4919,13,227,0.07613769173622131
4920,13,228,0.09375487267971039
4921,13,229,0.07881981879472733
4922,13,230,0.08715205639600754
4923,13,231,0.036369193345308304
4924,13,232,0.05161600559949875
4925,13,233,0.08128130435943604
4926,13,234,0.04886188358068466
4927,13,235,0.021352438256144524
4928,13,236,0.1801968514919281
4929,13,237,0.07406897842884064
4930,13,238,0.07355839014053345
4931,13,239,0.029583720490336418
4932,13,240,0.02252623811364174
4933,13,241,0.06652557104825974
4934,13,242,0.11319431662559509
4935,13,243,0.05495031550526619
4936,13,244,0.031729552894830704
4937,13,245,0.04171532019972801
4938,13,246,0.08070734888315201
4939,13,247,0.04126061499118805
4940,13,248,0.052944719791412354
4941,13,249,0.08574115484952927
4942,13,250,0.042443323880434036
4943,13,251,0.046558741480112076
4944,13,252,0.0698440745472908
4945,13,253,0.06827294826507568
4946,13,254,0.08603381365537643
4947,13,255,0.11169718950986862
4948,13,256,0.050571221858263016
4949,13,257,0.04521840065717697
4950,13,258,0.04700293764472008
4951,13,259,0.05120693892240524
4952,13,260,0.04997127130627632
4953,13,261,0.05745460465550423
4954,13,262,0.03624975308775902
4955,13,263,0.04039338603615761
4956,13,264,0.04683547839522362
4957,13,265,0.051273901015520096
4958,13,266,0.05426757037639618
4959,13,267,0.020467489957809448
4960,13,268,0.048079926520586014
4961,13,269,0.12172934412956238
4962,13,270,0.05060110241174698
4963,13,271,0.030406424775719643
4964,13,272,0.0704127699136734
4965,13,273,0.0743403360247612
4966,13,274,0.03127788007259369
4967,13,275,0.08856119960546494
4968,13,276,0.07742389291524887
4969,13,277,0.07939296215772629
4970,13,278,0.09725097566843033
4971,13,279,0.07269097864627838
4972,13,280,0.031432658433914185
4973,13,281,0.07818956673145294
4974,13,282,0.02391582541167736
4975,13,283,0.0367928184568882
4976,13,284,0.06793732196092606
4977,13,285,0.09342586994171143
4978,13,286,0.04685456305742264
4979,13,287,0.08923155814409256
4980,13,288,0.05692901089787483
4981,13,289,0.08608467131853104
4982,13,290,0.1389765441417694
4983,13,291,0.10918619483709335
4984,13,292,0.09757619351148605
4985,13,293,0.1204865500330925
4986,13,294,0.029374122619628906
4987,13,295,0.10307812690734863
4988,13,296,0.13617166876792908
4989,13,297,0.08007089793682098
4990,13,298,0.16143213212490082
4991,13,299,0.05847494676709175
4992,13,300,0.06914936751127243
4993,13,301,0.023744579404592514
4994,13,302,0.1205798089504242
4995,13,303,0.05948243662714958
4996,13,304,0.15953651070594788
4997,13,305,0.034487709403038025
4998,13,306,0.08554773032665253
4999,13,307,0.0587662011384964
5000,13,308,0.08623036742210388
5001,13,309,0.04763450473546982
5002,13,310,0.07109289616346359
5003,13,311,0.07262352854013443
5004,13,312,0.1270422339439392
5005,13,313,0.03395650535821915
5006,13,314,0.21612119674682617
5007,13,315,0.1134166270494461
5008,13,316,0.0636751651763916
5009,13,317,0.2110351026058197
5010,13,318,0.13958948850631714
5011,13,319,0.09076488018035889
5012,13,320,0.07464262843132019
5013,13,321,0.027838682755827904
5014,13,322,0.0512859970331192
5015,13,323,0.03915780782699585
5016,13,324,0.13249224424362183
5017,13,325,0.054950445890426636
5018,13,326,0.09194900095462799
5019,13,327,0.14732827246189117
5020,13,328,0.12289849668741226
5021,13,329,0.04810146987438202
5022,13,330,0.12183050066232681
5023,13,331,0.040699366480112076
5024,13,332,0.06399261206388474
5025,13,333,0.10502490401268005
5026,13,334,0.0563381090760231
5027,13,335,0.08358880132436752
5028,13,336,0.12997059524059296
5029,13,337,0.11377960443496704
5030,13,338,0.05586470291018486
5031,13,339,0.13482430577278137
5032,13,340,0.10381170362234116
5033,13,341,0.06407447159290314
5034,13,342,0.10408888757228851
5035,13,343,0.1291911005973816
5036,13,344,0.09013061970472336
5037,13,345,0.0939776673913002
5038,13,346,0.09877987951040268
5039,13,347,0.09646132588386536
5040,13,348,0.06723330169916153
5041,13,349,0.05076834186911583
5042,13,350,0.05287439003586769
5043,13,351,0.010505708865821362
5044,13,352,0.06988728046417236
5045,13,353,0.18283921480178833
5046,13,354,0.09540392458438873
5047,13,355,0.06849659234285355
5048,13,356,0.09133539348840714
5049,13,357,0.1598234325647354
5050,13,358,0.039100468158721924
5051,13,359,0.05793878808617592
5052,13,360,0.033947158604860306
5053,13,361,0.09417590498924255
5054,13,362,0.11226905137300491
5055,13,363,0.2371504306793213
5056,13,364,0.0747891217470169
5057,13,365,0.07774785906076431
5058,13,366,0.11002828180789948
5059,13,367,0.08063512295484543
5060,13,368,0.12332191318273544
5061,13,369,0.07587891072034836
5062,13,370,0.1453903317451477
5063,13,371,0.12072481960058212
5064,13,372,0.0888393372297287
5065,13,373,0.14679428935050964
5066,13,374,0.04026535525918007
5067,13,375,0.07955873012542725
5068,13,376,0.04155977815389633
5069,13,377,0.11299632489681244
5070,13,378,0.07320380955934525
5071,13,379,0.10323481261730194
5072,13,380,0.19434227049350739
5073,13,381,0.07532978802919388
5074,13,382,0.12255441397428513
5075,13,383,0.08669374883174896
5076,13,384,0.08779453486204147
5077,13,385,0.0859956219792366
5078,13,386,0.14234353601932526
5079,13,387,0.10805369168519974
5080,13,388,0.026805005967617035
5081,13,389,0.176526740193367
5082,13,390,0.12488074600696564
5083,13,391,0.04068482667207718
5084,14,1,0.0466625802218914
5085,14,2,0.05238090083003044
5086,14,3,0.058400705456733704
5087,14,4,0.09160026162862778
5088,14,5,0.08173152804374695
5089,14,6,0.09404850006103516
5090,14,7,0.04372593015432358
5091,14,8,0.051609478890895844
5092,14,9,0.024525079876184464
5093,14,10,0.08667103201150894
5094,14,11,0.16395047307014465
5095,14,12,0.054121047258377075
5096,14,13,0.05924948677420616
5097,14,14,0.0529448576271534
5098,14,15,0.023596497252583504
5099,14,16,0.024916529655456543
5100,14,17,0.030049694702029228
5101,14,18,0.01815415546298027
5102,14,19,0.06897540390491486
5103,14,20,0.09407652169466019
5104,14,21,0.0548577681183815
5105,14,22,0.04942407086491585
5106,14,23,0.02403220906853676
5107,14,24,0.033388737589120865
5108,14,25,0.030510475859045982
5109,14,26,0.055496592074632645
5110,14,27,0.02468346431851387
5111,14,28,0.014587427489459515
5112,14,29,0.05975903570652008
5113,14,30,0.03114502690732479
5114,14,31,0.032482877373695374
5115,14,32,0.017879826948046684
5116,14,33,0.008058303035795689
5117,14,34,0.053938210010528564
5118,14,35,0.023074869066476822
5119,14,36,0.11629869043827057
5120,14,37,0.004968992900103331
5121,14,38,0.058113038539886475
5122,14,39,0.012824752368032932
5123,14,40,0.09336667507886887
5124,14,41,0.02374982088804245
5125,14,42,0.008410785347223282
5126,14,43,0.017275728285312653
5127,14,44,0.09876042604446411
5128,14,45,0.042834922671318054
5129,14,46,0.016789695248007774
5130,14,47,0.005628146696835756
5131,14,48,0.004821317736059427
5132,14,49,0.007997794076800346
5133,14,50,0.044184230268001556
5134,14,51,0.013215180486440659
5135,14,52,0.019097216427326202
5136,14,53,0.061372026801109314
5137,14,54,0.012434905394911766
5138,14,55,0.029766198247671127
5139,14,56,0.02053719200193882
5140,14,57,0.0562000498175621
5141,14,58,0.009335791692137718
5142,14,59,0.009090564213693142
5143,14,60,0.01358125638216734
5144,14,61,0.003029456827789545
5145,14,62,0.025369182229042053
5146,14,63,0.029340578243136406
5147,14,64,0.019237350672483444
5148,14,65,0.004880227148532867
5149,14,66,0.01476073358207941
5150,14,67,0.03322834149003029
5151,14,68,0.06934163719415665
5152,14,69,0.022779081016778946
5153,14,70,0.0077867959626019
5154,14,71,0.009980197064578533
5155,14,72,0.022273417562246323
5156,14,73,0.0375727079808712
5157,14,74,0.07976847141981125
5158,14,75,0.026103468611836433
5159,14,76,0.02262287028133869
5160,14,77,0.040100183337926865
5161,14,78,0.01360293384641409
5162,14,79,0.01994139887392521
5163,14,80,0.018144987523555756
5164,14,81,0.05057668313384056
5165,14,82,0.04128633067011833
5166,14,83,0.04456622153520584
5167,14,84,0.03888007625937462
5168,14,85,0.0033254760783165693
5169,14,86,0.010955706238746643
5170,14,87,0.023508623242378235
5171,14,88,0.03348579257726669
5172,14,89,0.061197880655527115
5173,14,90,0.015494945459067822
5174,14,91,0.03473295643925667
5175,14,92,0.055847156792879105
5176,14,93,0.025849707424640656
5177,14,94,0.02390041947364807
5178,14,95,0.025021953508257866
5179,14,96,0.00427418714389205
5180,14,97,0.03565642982721329
5181,14,98,0.046115338802337646
5182,14,99,0.03409716114401817
5183,14,100,0.023961424827575684
5184,14,101,0.024367405101656914
5185,14,102,0.09946958720684052
5186,14,103,0.0872885137796402
5187,14,104,0.002189562190324068
5188,14,105,0.0266236774623394
5189,14,106,0.06315524876117706
5190,14,107,0.04078973829746246
5191,14,108,0.0788678526878357
5192,14,109,0.030977433547377586
5193,14,110,0.06162023916840553
5194,14,111,0.024093810468912125
5195,14,112,0.020468292757868767
5196,14,113,0.055391423404216766
5197,14,114,0.020481213927268982
5198,14,115,0.03231052681803703
5199,14,116,0.03999647498130798
5200,14,117,0.05186081677675247
5201,14,118,0.07699073851108551
5202,14,119,0.06461198627948761
5203,14,120,0.0724155530333519
5204,14,121,0.06395447999238968
5205,14,122,0.04872467368841171
5206,14,123,0.02870217338204384
5207,14,124,0.03551347926259041
5208,14,125,0.05215280503034592
5209,14,126,0.12290342152118683
5210,14,127,0.028653480112552643
5211,14,128,0.02600906230509281
5212,14,129,0.027857884764671326
5213,14,130,0.05898776277899742
5214,14,131,0.07540281862020493
5215,14,132,0.0740269273519516
5216,14,133,0.06331504136323929
5217,14,134,0.060154736042022705
5218,14,135,0.05213087797164917
5219,14,136,0.07971862703561783
5220,14,137,0.04785679280757904
5221,14,138,0.10593270510435104
5222,14,139,0.07918933779001236
5223,14,140,0.07720807939767838
5224,14,141,0.06916818022727966
5225,14,142,0.03898495063185692
5226,14,143,0.03249881789088249
5227,14,144,0.04714478552341461
5228,14,145,0.06673592329025269
5229,14,146,0.04270266368985176
5230,14,147,0.033055827021598816
5231,14,148,0.04799840226769447
5232,14,149,0.061903245747089386
5233,14,150,0.1016659066081047
5234,14,151,0.041794296354055405
5235,14,152,0.07553375512361526
5236,14,153,0.03803076967597008
5237,14,154,0.08322050422430038
5238,14,155,0.10112467408180237
5239,14,156,0.0968581959605217
5240,14,157,0.018335221335291862
5241,14,158,0.055541664361953735
5242,14,159,0.05003489553928375
5243,14,160,0.08616280555725098
5244,14,161,0.04073633998632431
5245,14,162,0.058134112507104874
5246,14,163,0.07992879301309586
5247,14,164,0.058500587940216064
5248,14,165,0.10125502943992615
5249,14,166,0.08200716227293015
5250,14,167,0.03809850290417671
5251,14,168,0.02615407668054104
5252,14,169,0.04032614827156067
5253,14,170,0.061285827308893204
5254,14,171,0.05093337967991829
5255,14,172,0.06498278677463531
5256,14,173,0.09811977297067642
5257,14,174,0.10132613778114319
5258,14,175,0.05301477015018463
5259,14,176,0.018268823623657227
5260,14,177,0.06139037385582924
5261,14,178,0.10672199726104736
5262,14,179,0.06774207204580307
5263,14,180,0.14569465816020966
5264,14,181,0.09827980399131775
5265,14,182,0.057576246559619904
5266,14,183,0.05013765022158623
5267,14,184,0.013713326305150986
5268,14,185,0.08756895363330841
5269,14,186,0.07909193634986877
5270,14,187,0.18286477029323578
5271,14,188,0.0497070737183094
5272,14,189,0.08875585347414017
5273,14,190,0.045160192996263504
5274,14,191,0.058004532009363174
5275,14,192,0.18019694089889526
5276,14,193,0.12231717258691788
5277,14,194,0.04577616974711418
5278,14,195,0.06878858804702759
5279,14,196,0.09863462299108505
5280,14,197,0.1364164799451828
5281,14,198,0.0868479534983635
5282,14,199,0.18105223774909973
5283,14,200,0.07166434824466705
5284,14,201,0.03324663266539574
5285,14,202,0.033036720007658005
5286,14,203,0.05102944374084473
5287,14,204,0.049592602998018265
5288,14,205,0.05195953696966171
5289,14,206,0.03885401040315628
5290,14,207,0.045412641018629074
5291,14,208,0.029173238202929497
5292,14,209,0.035317275673151016
5293,14,210,0.09827286005020142
5294,14,211,0.042492397129535675
5295,14,212,0.02097039669752121
5296,14,213,0.08328775316476822
5297,14,214,0.06617698818445206
5298,14,215,0.08563210070133209
5299,14,216,0.1527138501405716
5300,14,217,0.040573686361312866
5301,14,218,0.07498272508382797
5302,14,219,0.06347604095935822
5303,14,220,0.07323405891656876
5304,14,221,0.07073623687028885
5305,14,222,0.047127045691013336
5306,14,223,0.06037667393684387
5307,14,224,0.1237604171037674
5308,14,225,0.04217378422617912
5309,14,226,0.046625006943941116
5310,14,227,0.03894975036382675
5311,14,228,0.04203256219625473
5312,14,229,0.09726198762655258
5313,14,230,0.09630861133337021
5314,14,231,0.06730856746435165
5315,14,232,0.07151607424020767
5316,14,233,0.10224951058626175
5317,14,234,0.027852296829223633
5318,14,235,0.054288916289806366
5319,14,236,0.06714607030153275
5320,14,237,0.02356824278831482
5321,14,238,0.02400696836411953
5322,14,239,0.06571704149246216
5323,14,240,0.052410732954740524
5324,14,241,0.07726109027862549
5325,14,242,0.022871384397149086
5326,14,243,0.09150395542383194
5327,14,244,0.03329087421298027
5328,14,245,0.10250994563102722
5329,14,246,0.10576468706130981
5330,14,247,0.07467573881149292
5331,14,248,0.06306269764900208
5332,14,249,0.03389507904648781
5333,14,250,0.057201992720365524
5334,14,251,0.028216194361448288
5335,14,252,0.03372329846024513
5336,14,253,0.04175376519560814
5337,14,254,0.01912953518331051
5338,14,255,0.02314962074160576
5339,14,256,0.02371828258037567
5340,14,257,0.03346821665763855
5341,14,258,0.014075740240514278
5342,14,259,0.073280930519104
5343,14,260,0.03035954385995865
5344,14,261,0.030528666451573372
5345,14,262,0.08548841625452042
5346,14,263,0.06245182454586029
5347,14,264,0.034749213606119156
5348,14,265,0.06312225759029388
5349,14,266,0.09269794821739197
5350,14,267,0.13439913094043732
5351,14,268,0.045772574841976166
5352,14,269,0.02269533835351467
5353,14,270,0.06083819642663002
5354,14,271,0.0621471181511879
5355,14,272,0.06345465034246445
5356,14,273,0.023936400189995766
5357,14,274,0.039654817432165146
5358,14,275,0.06409921497106552
5359,14,276,0.06233186274766922
5360,14,277,0.13337789475917816
5361,14,278,0.03313719108700752
5362,14,279,0.08382581919431686
5363,14,280,0.0410921685397625
5364,14,281,0.05807296931743622
5365,14,282,0.027222011238336563
5366,14,283,0.06751667708158493
5367,14,284,0.02387489750981331
5368,14,285,0.06578949093818665
5369,14,286,0.06303144991397858
5370,14,287,0.01728173904120922
5371,14,288,0.03270246833562851
5372,14,289,0.0750521868467331
5373,14,290,0.03794143348932266
5374,14,291,0.05376735329627991
5375,14,292,0.11110182106494904
5376,14,293,0.08250395208597183
5377,14,294,0.03404731675982475
5378,14,295,0.07706569880247116
5379,14,296,0.07594535499811172
5380,14,297,0.01628235913813114
5381,14,298,0.020161177963018417
5382,14,299,0.07648572325706482
5383,14,300,0.05358974263072014
5384,14,301,0.028262896463274956
5385,14,302,0.028846420347690582
5386,14,303,0.0828985795378685
5387,14,304,0.026917308568954468
5388,14,305,0.008814732544124126
5389,14,306,0.051671940833330154
5390,14,307,0.09149690717458725
5391,14,308,0.009974882937967777
5392,14,309,0.07289773970842361
5393,14,310,0.04522225260734558
5394,14,311,0.03611396253108978
5395,14,312,0.057168424129486084
5396,14,313,0.03343471884727478
5397,14,314,0.057084862142801285
5398,14,315,0.05224411189556122
5399,14,316,0.09806077182292938
5400,14,317,0.08443405479192734
5401,14,318,0.06617826223373413
5402,14,319,0.018293414264917374
5403,14,320,0.03663336858153343
5404,14,321,0.05361544340848923
5405,14,322,0.08542107790708542
5406,14,323,0.044160619378089905
5407,14,324,0.014402635395526886
5408,14,325,0.04220572113990784
5409,14,326,0.08412554860115051
5410,14,327,0.02143982984125614
5411,14,328,0.13380920886993408
5412,14,329,0.046125881373882294
5413,14,330,0.08387411385774612
5414,14,331,0.07327011227607727
5415,14,332,0.05221817269921303
5416,14,333,0.06425788998603821
5417,14,334,0.040871743112802505
5418,14,335,0.06753053516149521
5419,14,336,0.13733866810798645
5420,14,337,0.037706878036260605
5421,14,338,0.1282622516155243
5422,14,339,0.05207613855600357
5423,14,340,0.034830205142498016
5424,14,341,0.1700746715068817
5425,14,342,0.04971462860703468
5426,14,343,0.09893979132175446
5427,14,344,0.07061430811882019
5428,14,345,0.02273125946521759
5429,14,346,0.045875612646341324
5430,14,347,0.06179326772689819
5431,14,348,0.11825484782457352
5432,14,349,0.06910232454538345
5433,14,350,0.051695261150598526
5434,14,351,0.06738190352916718
5435,14,352,0.05136396363377571
5436,14,353,0.04376133531332016
5437,14,354,0.13346722722053528
5438,14,355,0.03942299634218216
5439,14,356,0.030926208943128586
5440,14,357,0.04498901590704918
5441,14,358,0.04173654690384865
5442,14,359,0.05419762805104256
5443,14,360,0.06934379786252975
5444,14,361,0.053984466940164566
5445,14,362,0.021614721044898033
5446,14,363,0.08496861159801483
5447,14,364,0.04623636230826378
5448,14,365,0.01988808810710907
5449,14,366,0.09347911924123764
5450,14,367,0.04444333165884018
5451,14,368,0.07810340821743011
5452,14,369,0.04887605458498001
5453,14,370,0.07648865133523941
5454,14,371,0.05593184754252434
5455,14,372,0.051693640649318695
5456,14,373,0.05251579359173775
5457,14,374,0.09957197308540344
5458,14,375,0.06110507249832153
5459,14,376,0.10538838803768158
5460,14,377,0.09407130628824234
5461,14,378,0.07182327657938004
5462,14,379,0.06828010082244873
5463,14,380,0.06392357498407364
5464,14,381,0.09815694391727448
5465,14,382,0.02968086674809456
5466,14,383,0.12100797891616821
5467,14,384,0.05300997570157051
5468,14,385,0.06347460299730301
5469,14,386,0.10417114943265915
5470,14,387,0.08990500867366791
5471,14,388,0.05076250061392784
5472,14,389,0.07273996621370316
5473,14,390,0.147343710064888
5474,14,391,0.14803411066532135
5475,15,1,0.02337358519434929
5476,15,2,0.03354766592383385
5477,15,3,0.10553999245166779
5478,15,4,0.041654590517282486
5479,15,5,0.05154343694448471
5480,15,6,0.031876057386398315
5481,15,7,0.13111722469329834
5482,15,8,0.028058212250471115
5483,15,9,0.04841621220111847
5484,15,10,0.04510720446705818
5485,15,11,0.02412835694849491
5486,15,12,0.0362745001912117
5487,15,13,0.06067207455635071
5488,15,14,0.017151495441794395
5489,15,15,0.07455463707447052
5490,15,16,0.07103394716978073
5491,15,17,0.03193417936563492
5492,15,18,0.10299397259950638
5493,15,19,0.11450045555830002
5494,15,20,0.02340162917971611
5495,15,21,0.06629663705825806
5496,15,22,0.06631601601839066
5497,15,23,0.01215039286762476
5498,15,24,0.07111920416355133
5499,15,25,0.06967584043741226
5500,15,26,0.034958917647600174
5501,15,27,0.016540931537747383
5502,15,28,0.07153236865997314
5503,15,29,0.0813036561012268
5504,15,30,0.043073028326034546
5505,15,31,0.044468868523836136
5506,15,32,0.06843750923871994
5507,15,33,0.09200026839971542
5508,15,34,0.04345519095659256
5509,15,35,0.08011796325445175
5510,15,36,0.058288320899009705
5511,15,37,0.06397080421447754
5512,15,38,0.1055523082613945
5513,15,39,0.021384606137871742
5514,15,40,0.11210491508245468
5515,15,41,0.01819666475057602
5516,15,42,0.11398860812187195
5517,15,43,0.06818467378616333
5518,15,44,0.02210506983101368
5519,15,45,0.01983358897268772
5520,15,46,0.08002915978431702
5521,15,47,0.03263269364833832
5522,15,48,0.0715717151761055
5523,15,49,0.0717499852180481
5524,15,50,0.048525553196668625
5525,15,51,0.12515096366405487
5526,15,52,0.029713084921240807
5527,15,53,0.0851236879825592
5528,15,54,0.08683859556913376
5529,15,55,0.018804455175995827
5530,15,56,0.01308626402169466
5531,15,57,0.07565566152334213
5532,15,58,0.06358139961957932
5533,15,59,0.0334162600338459
5534,15,60,0.028468580916523933
5535,15,61,0.03570709750056267
5536,15,62,0.06835475564002991
5537,15,63,0.0390331968665123
5538,15,64,0.04533291980624199
5539,15,65,0.03297453001141548
5540,15,66,0.034943316131830215
5541,15,67,0.030836477875709534
5542,15,68,0.029352787882089615
5543,15,69,0.008899440057575703
5544,15,70,0.09792781621217728
5545,15,71,0.03160833567380905
5546,15,72,0.014572455547749996
5547,15,73,0.0517699308693409
5548,15,74,0.022778334096074104
5549,15,75,0.026674531400203705
5550,15,76,0.08235844224691391
5551,15,77,0.022249091416597366
5552,15,78,0.03835093602538109
5553,15,79,0.04199283570051193
5554,15,80,0.02643110416829586
5555,15,81,0.055299434810876846
5556,15,82,0.03566746041178703
5557,15,83,0.014689143747091293
5558,15,84,0.006337229628115892
5559,15,85,0.08435884118080139
5560,15,86,0.038975439965724945
5561,15,87,0.033536992967128754
5562,15,88,0.035081446170806885
5563,15,89,0.015863223001360893
5564,15,90,0.0345064215362072
5565,15,91,0.06158352270722389
5566,15,92,0.09051480889320374
5567,15,93,0.04236551374197006
5568,15,94,0.1150241494178772
5569,15,95,0.11798542737960815
5570,15,96,0.018961869180202484
5571,15,97,0.008789749816060066
5572,15,98,0.03736008703708649
5573,15,99,0.045588165521621704
5574,15,100,0.07042808830738068
5575,15,101,0.036903996020555496
5576,15,102,0.0442882664501667
5577,15,103,0.06518851965665817
5578,15,104,0.037479326128959656
5579,15,105,0.08982395380735397
5580,15,106,0.10385710746049881
5581,15,107,0.03450329974293709
5582,15,108,0.07528434693813324
5583,15,109,0.06072967126965523
5584,15,110,0.035112712532281876
5585,15,111,0.037705324590206146
5586,15,112,0.09272551536560059
5587,15,113,0.04350050166249275
5588,15,114,0.10992235690355301
5589,15,115,0.08436963707208633
5590,15,116,0.029487354680895805
5591,15,117,0.059597138315439224
5592,15,118,0.039211761206388474
5593,15,119,0.06884082406759262
5594,15,120,0.07507632672786713
5595,15,121,0.05167105048894882
5596,15,122,0.0521162785589695
5597,15,123,0.029734743759036064
5598,15,124,0.010034220293164253
5599,15,125,0.04957547038793564
5600,15,126,0.00831894762814045
5601,15,127,0.02955046482384205
5602,15,128,0.043083544820547104
5603,15,129,0.1244170293211937
5604,15,130,0.04495874419808388
5605,15,131,0.07980640232563019
5606,15,132,0.10229907184839249
5607,15,133,0.02172802947461605
5608,15,134,0.02905835025012493
5609,15,135,0.06328770518302917
5610,15,136,0.07355326414108276
5611,15,137,0.030054887756705284
5612,15,138,0.011591599322855473
5613,15,139,0.01077811699360609
5614,15,140,0.019183797761797905
5615,15,141,0.04627825692296028
5616,15,142,0.10138488560914993
5617,15,143,0.03258945420384407
5618,15,144,0.050412580370903015
5619,15,145,0.08547784388065338
5620,15,146,0.019519085064530373
5621,15,147,0.021404245868325233
5622,15,148,0.017798174172639847
5623,15,149,0.06678207218647003
5624,15,150,0.035595450550317764
5625,15,151,0.06244639679789543
5626,15,152,0.02997257560491562
5627,15,153,0.043795742094516754
5628,15,154,0.03508048504590988
5629,15,155,0.034878332167863846
5630,15,156,0.006376494653522968
5631,15,157,0.04924602434039116
5632,15,158,0.05178401246666908
5633,15,159,0.02178061567246914
5634,15,160,0.042038146406412125
5635,15,161,0.017447374761104584
5636,15,162,0.006086121313273907
5637,15,163,0.03739355131983757
5638,15,164,0.029911598190665245
5639,15,165,0.020135214552283287
5640,15,166,0.05481165647506714
5641,15,167,0.05713418871164322
5642,15,168,0.02871878631412983
5643,15,169,0.05405512824654579
5644,15,170,0.08803325891494751
5645,15,171,0.11432226002216339
5646,15,172,0.09921761602163315
5647,15,173,0.09112147986888885
5648,15,174,0.054387159645557404
5649,15,175,0.009597486816346645
5650,15,176,0.040626779198646545
5651,15,177,0.06397262215614319
5652,15,178,0.02307126112282276
5653,15,179,0.06204216182231903
5654,15,180,0.034778524190187454
5655,15,181,0.06541875004768372
5656,15,182,0.031399719417095184
5657,15,183,0.03692279011011124
5658,15,184,0.021838616579771042
5659,15,185,0.018312059342861176
5660,15,186,0.10542546212673187
5661,15,187,0.08788549154996872
5662,15,188,0.03852502629160881
5663,15,189,0.0390775091946125
5664,15,190,0.02527507208287716
5665,15,191,0.008622242137789726
5666,15,192,0.15551121532917023
5667,15,193,0.03450755029916763
5668,15,194,0.07814537733793259
5669,15,195,0.1486629843711853
5670,15,196,0.03266458585858345
5671,15,197,0.10474605113267899
5672,15,198,0.027236221358180046
5673,15,199,0.014416927471756935
5674,15,200,0.023168999701738358
5675,15,201,0.023216893896460533
5676,15,202,0.05954020097851753
5677,15,203,0.06848213076591492
5678,15,204,0.012668001465499401
5679,15,205,0.08644252270460129
5680,15,206,0.0137887392193079
5681,15,207,0.029283571988344193
5682,15,208,0.07092905044555664
5683,15,209,0.023233884945511818
5684,15,210,0.0809011310338974
5685,15,211,0.09385170787572861
5686,15,212,0.025347385555505753
5687,15,213,0.04568392410874367
5688,15,214,0.09299319982528687
5689,15,215,0.03557944297790527
5690,15,216,0.0294563639909029
5691,15,217,0.02725140005350113
5692,15,218,0.08490714430809021
5693,15,219,0.04277823492884636
5694,15,220,0.10877993702888489
5695,15,221,0.052388206124305725
5696,15,222,0.021561849862337112
5697,15,223,0.19909989833831787
5698,15,224,0.011491038836538792
5699,15,225,0.06651780009269714
5700,15,226,0.07658953219652176
5701,15,227,0.12242022901773453
5702,15,228,0.018348844721913338
5703,15,229,0.24122093617916107
5704,15,230,0.09262003004550934
5705,15,231,0.11598924547433853
5706,15,232,0.11503720283508301
5707,15,233,0.1057959496974945
5708,15,234,0.017429033294320107
5709,15,235,0.0541236586868763
5710,15,236,0.09674032777547836
5711,15,237,0.13392838835716248
5712,15,238,0.13529106974601746
5713,15,239,0.09986932575702667
5714,15,240,0.062188975512981415
5715,15,241,0.11203857511281967
5716,15,242,0.13034392893314362
5717,15,243,0.1338781714439392
5718,15,244,0.06581208854913712
5719,15,245,0.12406465411186218
5720,15,246,0.05340832844376564
5721,15,247,0.03092418611049652
5722,15,248,0.073133684694767
5723,15,249,0.058045387268066406
5724,15,250,0.02763528749346733
5725,15,251,0.08148407936096191
5726,15,252,0.10235720872879028
5727,15,253,0.06106450408697128
5728,15,254,0.05691850185394287
5729,15,255,0.10919827222824097
5730,15,256,0.05469435080885887
5731,15,257,0.09353454411029816
5732,15,258,0.034221529960632324
5733,15,259,0.01369110681116581
5734,15,260,0.05091331526637077
5735,15,261,0.09429451823234558
5736,15,262,0.08255953341722488
5737,15,263,0.06762216240167618
5738,15,264,0.04722056910395622
5739,15,265,0.06250916421413422
5740,15,266,0.04287054017186165
5741,15,267,0.05842647701501846
5742,15,268,0.02663913555443287
5743,15,269,0.13654625415802002
5744,15,270,0.08711229264736176
5745,15,271,0.01746499352157116
5746,15,272,0.01879034750163555
5747,15,273,0.028868842869997025
5748,15,274,0.021054985001683235
5749,15,275,0.06384668499231339
5750,15,276,0.04310612753033638
5751,15,277,0.16763697564601898
5752,15,278,0.05974265933036804
5753,15,279,0.037317585200071335
5754,15,280,0.08059748262166977
5755,15,281,0.04440068453550339
5756,15,282,0.09510892629623413
5757,15,283,0.07138872891664505
5758,15,284,0.08815032988786697
5759,15,285,0.06251055747270584
5760,15,286,0.02881486341357231
5761,15,287,0.035521429032087326
5762,15,288,0.08810555934906006
5763,15,289,0.02568487636744976
5764,15,290,0.03947502374649048
5765,15,291,0.05080953240394592
5766,15,292,0.06210647150874138
5767,15,293,0.040580157190561295
5768,15,294,0.07497592270374298
5769,15,295,0.05477609112858772
5770,15,296,0.1057768389582634
5771,15,297,0.07796377688646317
5772,15,298,0.03530597314238548
5773,15,299,0.06449071317911148
5774,15,300,0.026706252247095108
5775,15,301,0.07688207924365997
5776,15,302,0.004416106268763542
5777,15,303,0.10760416090488434
5778,15,304,0.050934646278619766
5779,15,305,0.019842831417918205
5780,15,306,0.057760562747716904
5781,15,307,0.08345789462327957
5782,15,308,0.03314891830086708
5783,15,309,0.04021188244223595
5784,15,310,0.02480226755142212
5785,15,311,0.03181957080960274
5786,15,312,0.033134035766124725
5787,15,313,0.015003767795860767
5788,15,314,0.028849000111222267
5789,15,315,0.05198454111814499
5790,15,316,0.05262240022420883
5791,15,317,0.017378775402903557
5792,15,318,0.14727751910686493
5793,15,319,0.07414060086011887
5794,15,320,0.014296332374215126
5795,15,321,0.07032112032175064
5796,15,322,0.029400425031781197
5797,15,323,0.046128228306770325
5798,15,324,0.05711129680275917
5799,15,325,0.05901806801557541
5800,15,326,0.04718343913555145
5801,15,327,0.029690749943256378
5802,15,328,0.07949139177799225
5803,15,329,0.03236667811870575
5804,15,330,0.046669844537973404
5805,15,331,0.04221766069531441
5806,15,332,0.050275638699531555
5807,15,333,0.1825723797082901
5808,15,334,0.02860204689204693
5809,15,335,0.07381221652030945
5810,15,336,0.08596628159284592
5811,15,337,0.038353923708200455
5812,15,338,0.04039459675550461
5813,15,339,0.043547727167606354
5814,15,340,0.02648262493312359
5815,15,341,0.07088637351989746
5816,15,342,0.09472724795341492
5817,15,343,0.041774943470954895
5818,15,344,0.062077708542346954
5819,15,345,0.022122569382190704
5820,15,346,0.05767202749848366
5821,15,347,0.029413163661956787
5822,15,348,0.05323909595608711
5823,15,349,0.02762574888765812
5824,15,350,0.028897887095808983
5825,15,351,0.057327985763549805
5826,15,352,0.07784165441989899
5827,15,353,0.027261728420853615
5828,15,354,0.04236100614070892
5829,15,355,0.008293128572404385
5830,15,356,0.1055733785033226
5831,15,357,0.06137218326330185
5832,15,358,0.0549064539372921
5833,15,359,0.015711793676018715
5834,15,360,0.04571743682026863
5835,15,361,0.030511092394590378
5836,15,362,0.05806492641568184
5837,15,363,0.06851225346326828
5838,15,364,0.06929802894592285
5839,15,365,0.026067476719617844
5840,15,366,0.03501350060105324
5841,15,367,0.095723457634449
5842,15,368,0.03339271619915962
5843,15,369,0.04474999010562897
5844,15,370,0.09698307514190674
5845,15,371,0.14518477022647858
5846,15,372,0.005196946207433939
5847,15,373,0.03343327343463898
5848,15,374,0.07987669110298157
5849,15,375,0.10751480609178543
5850,15,376,0.029894374310970306
5851,15,377,0.03909160941839218
5852,15,378,0.01974557526409626
5853,15,379,0.09328337013721466
5854,15,380,0.04120071977376938
5855,15,381,0.04525148496031761
5856,15,382,0.03718408942222595
5857,15,383,0.04770449548959732
5858,15,384,0.03900342062115669
5859,15,385,0.01591227576136589
5860,15,386,0.09817121922969818
5861,15,387,0.037693873047828674
5862,15,388,0.0358627513051033
5863,15,389,0.02517133578658104
5864,15,390,0.036968477070331573
5865,15,391,0.04858831316232681
5866,16,1,0.005611753091216087
5867,16,2,0.029227983206510544
5868,16,3,0.04859799146652222
5869,16,4,0.024539805948734283
5870,16,5,0.06534652411937714
5871,16,6,0.010656662285327911
5872,16,7,0.03299678862094879
5873,16,8,0.06414540112018585
5874,16,9,0.06729704886674881
5875,16,10,0.06733578443527222
5876,16,11,0.017472578212618828
5877,16,12,0.0699101984500885
5878,16,13,0.09479489177465439
5879,16,14,0.003520349971950054
5880,16,15,0.013078415766358376
5881,16,16,0.04470095783472061
5882,16,17,0.05534344166517258
5883,16,18,0.05245434120297432
5884,16,19,0.09070613980293274
5885,16,20,0.04645901918411255
5886,16,21,0.023869600147008896
5887,16,22,0.025527305901050568
5888,16,23,0.04143323749303818
5889,16,24,0.03464500233530998
5890,16,25,0.04427019879221916
5891,16,26,0.09713497757911682
5892,16,27,0.0179373137652874
5893,16,28,0.05676233768463135
5894,16,29,0.03031010553240776
5895,16,30,0.1396128386259079
5896,16,31,0.04664778336882591
5897,16,32,0.03307608142495155
5898,16,33,0.04076109454035759
5899,16,34,0.03231181204319
5900,16,35,0.03941989317536354
5901,16,36,0.042236149311065674
5902,16,37,0.050366826355457306
5903,16,38,0.0813508853316307
5904,16,39,0.027753101661801338
5905,16,40,0.05040711909532547
5906,16,41,0.01950398087501526
5907,16,42,0.07895249873399734
5908,16,43,0.014557003043591976
5909,16,44,0.06825157254934311
5910,16,45,0.07472018152475357
5911,16,46,0.1012086346745491
5912,16,47,0.0512266606092453
5913,16,48,0.06851458549499512
5914,16,49,0.020533358678221703
5915,16,50,0.008425883948802948
5916,16,51,0.08739244192838669
5917,16,52,0.026968056336045265
5918,16,53,0.013819308020174503
5919,16,54,0.016506286337971687
5920,16,55,0.06522820889949799
5921,16,56,0.024626487866044044
5922,16,57,0.0455884225666523
5923,16,58,0.048306092619895935
5924,16,59,0.15490949153900146
5925,16,60,0.031708795577287674
5926,16,61,0.0427335649728775
5927,16,62,0.10359655320644379
5928,16,63,0.04332559555768967
5929,16,64,0.017489921301603317
5930,16,65,0.019767815247178078
5931,16,66,0.05827520787715912
5932,16,67,0.06007538363337517
5933,16,68,0.038970183581113815
5934,16,69,0.06277583539485931
5935,16,70,0.11650191992521286
5936,16,71,0.10825541615486145
5937,16,72,0.04139848053455353
5938,16,73,0.036654889583587646
5939,16,74,0.028487756848335266
5940,16,75,0.021861497312784195
5941,16,76,0.06237395107746124
5942,16,77,0.013125949539244175
5943,16,78,0.06291986256837845
5944,16,79,0.05100686475634575
5945,16,80,0.0380648709833622
5946,16,81,0.04743767902255058
5947,16,82,0.10040511190891266
5948,16,83,0.026560451835393906
5949,16,84,0.02902497537434101
5950,16,85,0.024728985503315926
5951,16,86,0.014921184629201889
5952,16,87,0.09036723524332047
5953,16,88,0.05649126321077347
5954,16,89,0.06368044763803482
5955,16,90,0.05741584300994873
5956,16,91,0.024588339030742645
5957,16,92,0.017582999542355537
5958,16,93,0.08551407605409622
5959,16,94,0.06047537922859192
5960,16,95,0.03923540189862251
5961,16,96,0.015010344795882702
5962,16,97,0.08942798525094986
5963,16,98,0.02329465188086033
5964,16,99,0.1492518037557602
5965,16,100,0.028839977458119392
5966,16,101,0.019035866484045982
5967,16,102,0.04245894402265549
5968,16,103,0.02993936836719513
5969,16,104,0.05305347964167595
5970,16,105,0.11403398960828781
5971,16,106,0.06679786741733551
5972,16,107,0.020409749820828438
5973,16,108,0.01480989158153534
5974,16,109,0.040347691625356674
5975,16,110,0.10244765877723694
5976,16,111,0.03763046860694885
5977,16,112,0.05315064266324043
5978,16,113,0.042881157249212265
5979,16,114,0.064974345266819
5980,16,115,0.05482327565550804
5981,16,116,0.019204484298825264
5982,16,117,0.04843464121222496
5983,16,118,0.018633194267749786
5984,16,119,0.03111347369849682
5985,16,120,0.076228067278862
5986,16,121,0.1064617708325386
5987,16,122,0.054618749767541885
5988,16,123,0.05465379357337952
5989,16,124,0.03594557195901871
5990,16,125,0.08387242257595062
5991,16,126,0.0441332571208477
5992,16,127,0.05865487828850746
5993,16,128,0.003510250709950924
5994,16,129,0.053551048040390015
5995,16,130,0.048683203756809235
5996,16,131,0.08359875530004501
5997,16,132,0.044439248740673065
5998,16,133,0.07052499055862427
5999,16,134,0.057226262986660004
6000,16,135,0.06364449858665466
6001,16,136,0.04663407430052757
6002,16,137,0.06336071342229843
6003,16,138,0.134199857711792
6004,16,139,0.017288193106651306
6005,16,140,0.052350740879774094
6006,16,141,0.0756446048617363
6007,16,142,0.031448472291231155
6008,16,143,0.1013755202293396
6009,16,144,0.04992523789405823
6010,16,145,0.07003247737884521
6011,16,146,0.09068666398525238
6012,16,147,0.1510828286409378
6013,16,148,0.030889155343174934
6014,16,149,0.006897677201777697
6015,16,150,0.0846562311053276
6016,16,151,0.05893215909600258
6017,16,152,0.03805266693234444
6018,16,153,0.035824719816446304
6019,16,154,0.07343962788581848
6020,16,155,0.03060084395110607
6021,16,156,0.011915083974599838
6022,16,157,0.06256867945194244
6023,16,158,0.07298747450113297
6024,16,159,0.0727347806096077
6025,16,160,0.020659763365983963
6026,16,161,0.03126862645149231
6027,16,162,0.08790562301874161
6028,16,163,0.026997718960046768
6029,16,164,0.08186168223619461
6030,16,165,0.0254183579236269
6031,16,166,0.03448279947042465
6032,16,167,0.05022347718477249
6033,16,168,0.09336378425359726
6034,16,169,0.019680850207805634
6035,16,170,0.11180850863456726
6036,16,171,0.09931914508342743
6037,16,172,0.04870196059346199
6038,16,173,0.050143785774707794
6039,16,174,0.035652272403240204
6040,16,175,0.11600587517023087
6041,16,176,0.10637987405061722
6042,16,177,0.023160653188824654
6043,16,178,0.01297606248408556
6044,16,179,0.05833645537495613
6045,16,180,0.030619578436017036
6046,16,181,0.0859963595867157
6047,16,182,0.020844783633947372
6048,16,183,0.07543417066335678
6049,16,184,0.05666862055659294
6050,16,185,0.04436907544732094
6051,16,186,0.04950939491391182
6052,16,187,0.06637422740459442
6053,16,188,0.12945455312728882
6054,16,189,0.06209695711731911
6055,16,190,0.03893440589308739
6056,16,191,0.014185349456965923
6057,16,192,0.027115456759929657
6058,16,193,0.10012752562761307
6059,16,194,0.11748532205820084
6060,16,195,0.03553839027881622
6061,16,196,0.08563615381717682
6062,16,197,0.03580194711685181
6063,16,198,0.03002053312957287
6064,16,199,0.0911843329668045
6065,16,200,0.20502406358718872
6066,16,201,0.04383912682533264
6067,16,202,0.08241084218025208
6068,16,203,0.02381112612783909
6069,16,204,0.11181043833494186
6070,16,205,0.13921812176704407
6071,16,206,0.03466267138719559
6072,16,207,0.06257545202970505
6073,16,208,0.04947841912508011
6074,16,209,0.13496537506580353
6075,16,210,0.0781458392739296
6076,16,211,0.034242164343595505
6077,16,212,0.1422884464263916
6078,16,213,0.06610286235809326
6079,16,214,0.06265893578529358
6080,16,215,0.027729874476790428
6081,16,216,0.03222588077187538
6082,16,217,0.07159780710935593
6083,16,218,0.15762819349765778
6084,16,219,0.13040386140346527
6085,16,220,0.062323249876499176
6086,16,221,0.0674872174859047
6087,16,222,0.08382697403430939
6088,16,223,0.12155655771493912
6089,16,224,0.05500065162777901
6090,16,225,0.09399151802062988
6091,16,226,0.0855126604437828
6092,16,227,0.07150231301784515
6093,16,228,0.06138918176293373
6094,16,229,0.040919262915849686
6095,16,230,0.13651902973651886
6096,16,231,0.058945707976818085
6097,16,232,0.08565960079431534
6098,16,233,0.02629026025533676
6099,16,234,0.09612245857715607
6100,16,235,0.04463651776313782
6101,16,236,0.05289139226078987
6102,16,237,0.07522998005151749
6103,16,238,0.059717413038015366
6104,16,239,0.06038496270775795
6105,16,240,0.0370730385184288
6106,16,241,0.03982488811016083
6107,16,242,0.06460852921009064
6108,16,243,0.06757660955190659
6109,16,244,0.03481348231434822
6110,16,245,0.08808630704879761
6111,16,246,0.05302983149886131
6112,16,247,0.02540690265595913
6113,16,248,0.03374389559030533
6114,16,249,0.06067642569541931
6115,16,250,0.027119986712932587
6116,16,251,0.03164379671216011
6117,16,252,0.07430370897054672
6118,16,253,0.024580832570791245
6119,16,254,0.03616294264793396
6120,16,255,0.0554964654147625
6121,16,256,0.030367791652679443
6122,16,257,0.08940844237804413
6123,16,258,0.02969737909734249
6124,16,259,0.019362984225153923
6125,16,260,0.027546795085072517
6126,16,261,0.025953492149710655
6127,16,262,0.0611012764275074
6128,16,263,0.041735224425792694
6129,16,264,0.07198646664619446
6130,16,265,0.020331071689724922
6131,16,266,0.040480662137269974
6132,16,267,0.029046140611171722
6133,16,268,0.024195769801735878
6134,16,269,0.05511206015944481
6135,16,270,0.049863554537296295
6136,16,271,0.04356541857123375
6137,16,272,0.08379554748535156
6138,16,273,0.04556651413440704
6139,16,274,0.010662812739610672
6140,16,275,0.015773924067616463
6141,16,276,0.03871263936161995
6142,16,277,0.04404022917151451
6143,16,278,0.029702182859182358
6144,16,279,0.13825446367263794
6145,16,280,0.1017826721072197
6146,16,281,0.06472988426685333
6147,16,282,0.05139864981174469
6148,16,283,0.03916797414422035
6149,16,284,0.07021334767341614
6150,16,285,0.04191364347934723
6151,16,286,0.007957645691931248
6152,16,287,0.03958965465426445
6153,16,288,0.06500818580389023
6154,16,289,0.12655746936798096
6155,16,290,0.026487285271286964
6156,16,291,0.04339735582470894
6157,16,292,0.11157727241516113
6158,16,293,0.058720532804727554
6159,16,294,0.05770014226436615
6160,16,295,0.0866609513759613
6161,16,296,0.08103041350841522
6162,16,297,0.03735277056694031
6163,16,298,0.0594954714179039
6164,16,299,0.06158878281712532
6165,16,300,0.03607170283794403
6166,16,301,0.026798507198691368
6167,16,302,0.07621832937002182
6168,16,303,0.05977693200111389
6169,16,304,0.0838993713259697
6170,16,305,0.04259242117404938
6171,16,306,0.12998364865779877
6172,16,307,0.09383741766214371
6173,16,308,0.0637069046497345
6174,16,309,0.007874858565628529
6175,16,310,0.01619669236242771
6176,16,311,0.10655845701694489
6177,16,312,0.07155895233154297
6178,16,313,0.10076650232076645
6179,16,314,0.03875400125980377
6180,16,315,0.09748532623052597
6181,16,316,0.09608052670955658
6182,16,317,0.10414151102304459
6183,16,318,0.01714029535651207
6184,16,319,0.10575585067272186
6185,16,320,0.05516825243830681
6186,16,321,0.09272882342338562
6187,16,322,0.05338490009307861
6188,16,323,0.08915349841117859
6189,16,324,0.055270515382289886
6190,16,325,0.1272553652524948
6191,16,326,0.08611460030078888
6192,16,327,0.049843959510326385
6193,16,328,0.02301860973238945
6194,16,329,0.16144144535064697
6195,16,330,0.02402784302830696
6196,16,331,0.020775359123945236
6197,16,332,0.10482193529605865
6198,16,333,0.09606313705444336
6199,16,334,0.056926339864730835
6200,16,335,0.018576350063085556
6201,16,336,0.0319669246673584
6202,16,337,0.03563610836863518
6203,16,338,0.021070558577775955
6204,16,339,0.05506517365574837
6205,16,340,0.10772199928760529
6206,16,341,0.07378607243299484
6207,16,342,0.0652434378862381
6208,16,343,0.07696300745010376
6209,16,344,0.056343577802181244
6210,16,345,0.06880950182676315
6211,16,346,0.07885250449180603
6212,16,347,0.053921155631542206
6213,16,348,0.028763819485902786
6214,16,349,0.025058932602405548
6215,16,350,0.08368467539548874
6216,16,351,0.13744446635246277
6217,16,352,0.029709091410040855
6218,16,353,0.013501639477908611
6219,16,354,0.13255853950977325
6220,16,355,0.01115758903324604
6221,16,356,0.03510419651865959
6222,16,357,0.03351501002907753
6223,16,358,0.03802795708179474
6224,16,359,0.0499565489590168
6225,16,360,0.045262593775987625
6226,16,361,0.07344803214073181
6227,16,362,0.062239568680524826
6228,16,363,0.15556363761425018
6229,16,364,0.08487819880247116
6230,16,365,0.03343098610639572
6231,16,366,0.11425679922103882
6232,16,367,0.014883098192512989
6233,16,368,0.018430018797516823
6234,16,369,0.041522879153490067
6235,16,370,0.08643817901611328
6236,16,371,0.06848182529211044
6237,16,372,0.03416529297828674
6238,16,373,0.07981229573488235
6239,16,374,0.01905379630625248
6240,16,375,0.08222682029008865
6241,16,376,0.019529299810528755
6242,16,377,0.10350953787565231
6243,16,378,0.07390381395816803
6244,16,379,0.05941697955131531
6245,16,380,0.020634453743696213
6246,16,381,0.04940483719110489
6247,16,382,0.07393275201320648
6248,16,383,0.06883876025676727
6249,16,384,0.020747879520058632
6250,16,385,0.09103373438119888
6251,16,386,0.047385308891534805
6252,16,387,0.03857856243848801
6253,16,388,0.034545786678791046
6254,16,389,0.05624498799443245
6255,16,390,0.024752039462327957
6256,16,391,0.14019005000591278
6257,17,1,0.07843420654535294
6258,17,2,0.016049034893512726
6259,17,3,0.025723746046423912
6260,17,4,0.005978285800665617
6261,17,5,0.007886866107583046
6262,17,6,0.014336807653307915
6263,17,7,0.025676323100924492
6264,17,8,0.01779349148273468
6265,17,9,0.037818893790245056
6266,17,10,0.04301499202847481
6267,17,11,0.03666239604353905
6268,17,12,0.017198657616972923
6269,17,13,0.03920196369290352
6270,17,14,0.11247587949037552
6271,17,15,0.02439318783581257
6272,17,16,0.04534737765789032
6273,17,17,0.01287234015762806
6274,17,18,0.04944853484630585
6275,17,19,0.01130556222051382
6276,17,20,0.02384595014154911
6277,17,21,0.004883043933659792
6278,17,22,0.020206334069371223
6279,17,23,0.013162139803171158
6280,17,24,0.030909154564142227
6281,17,25,0.011012905277311802
6282,17,26,0.059392526745796204
6283,17,27,0.029428133741021156
6284,17,28,0.04936454817652702
6285,17,29,0.02011154592037201
6286,17,30,0.04429243132472038
6287,17,31,0.06608965992927551
6288,17,32,0.10530900210142136
6289,17,33,0.03733029589056969
6290,17,34,0.01099599152803421
6291,17,35,0.07172945886850357
6292,17,36,0.1507824808359146
6293,17,37,0.04630090296268463
6294,17,38,0.015670401975512505
6295,17,39,0.04082467779517174
6296,17,40,0.05068346485495567
6297,17,41,0.0207986980676651
6298,17,42,0.04711253196001053
6299,17,43,0.0821816623210907
6300,17,44,0.016730621457099915
6301,17,45,0.006302854977548122
6302,17,46,0.11631286889314651
6303,17,47,0.053396668285131454
6304,17,48,0.10073719173669815
6305,17,49,0.018657347187399864
6306,17,50,0.041814688593149185
6307,17,51,0.026609551161527634
6308,17,52,0.015557634644210339
6309,17,53,0.017229072749614716
6310,17,54,0.018474066630005836
6311,17,55,0.013142505660653114
6312,17,56,0.009923293255269527
6313,17,57,0.017016896978020668
6314,17,58,0.022169051691889763
6315,17,59,0.10634249448776245
6316,17,60,0.02739598974585533
6317,17,61,0.03783563897013664
6318,17,62,0.04326299950480461
6319,17,63,0.026021519675850868
6320,17,64,0.0033535663969814777
6321,17,65,0.02403927966952324
6322,17,66,0.09940236806869507
6323,17,67,0.04729483276605606
6324,17,68,0.0894240066409111
6325,17,69,0.0711943730711937
6326,17,70,0.05371910333633423
6327,17,71,0.03244975209236145
6328,17,72,0.007063343655318022
6329,17,73,0.003743498120456934
6330,17,74,0.03579011559486389
6331,17,75,0.04022790864109993
6332,17,76,0.009020836092531681
6333,17,77,0.020387157797813416
6334,17,78,0.027158262208104134
6335,17,79,0.024296551942825317
6336,17,80,0.04088876396417618
6337,17,81,0.013508408330380917
6338,17,82,0.11422102898359299
6339,17,83,0.010928726755082607
6340,17,84,0.027450328692793846
6341,17,85,0.03929080814123154
6342,17,86,0.02999901957809925
6343,17,87,0.018347861245274544
6344,17,88,0.012680173851549625
6345,17,89,0.03029463440179825
6346,17,90,0.07130325585603714
6347,17,91,0.010997972451150417
6348,17,92,0.03235897421836853
6349,17,93,0.026202963665127754
6350,17,94,0.0020164886955171824
6351,17,95,0.0741838812828064
6352,17,96,0.04026343673467636
6353,17,97,0.018933428451418877
6354,17,98,0.018285561352968216
6355,17,99,0.08924752473831177
6356,17,100,0.039474792778491974
6357,17,101,0.030734555795788765
6358,17,102,0.011508739553391933
6359,17,103,0.064422108232975
6360,17,104,0.06878933310508728
6361,17,105,0.027130166068673134
6362,17,106,0.018481438979506493
6363,17,107,0.012292612344026566
6364,17,108,0.00591766694560647
6365,17,109,0.023507939651608467
6366,17,110,0.016013579443097115
6367,17,111,0.027606338262557983
6368,17,112,0.052417024970054626
6369,17,113,0.16168619692325592
6370,17,114,0.006966536398977041
6371,17,115,0.06980729848146439
6372,17,116,0.02535686269402504
6373,17,117,0.007940847426652908
6374,17,118,0.006055933889001608
6375,17,119,0.05333637446165085
6376,17,120,0.10292191803455353
6377,17,121,0.07021119445562363
6378,17,122,0.023638131096959114
6379,17,123,0.06988507509231567
6380,17,124,0.0496339425444603
6381,17,125,0.030965907499194145
6382,17,126,0.03830353915691376
6383,17,127,0.037334658205509186
6384,17,128,0.11479168385267258
6385,17,129,0.06603237986564636
6386,17,130,0.025684470310807228
6387,17,131,0.01428544893860817
6388,17,132,0.061766207218170166
6389,17,133,0.01550944522023201
6390,17,134,0.03448095545172691
6391,17,135,0.10210955142974854
6392,17,136,0.07136540859937668
6393,17,137,0.06097545847296715
6394,17,138,0.09125509858131409
6395,17,139,0.08181142807006836
6396,17,140,0.03341902047395706
6397,17,141,0.06878736615180969
6398,17,142,0.026698945090174675
6399,17,143,0.02005048468708992
6400,17,144,0.02260526642203331
6401,17,145,0.10578283667564392
6402,17,146,0.09811874479055405
6403,17,147,0.033724963665008545
6404,17,148,0.05966263264417648
6405,17,149,0.03389592468738556
6406,17,150,0.10481709241867065
6407,17,151,0.09290222823619843
6408,17,152,0.03912943974137306
6409,17,153,0.012706819921731949
6410,17,154,0.04821977764368057
6411,17,155,0.010653127916157246
6412,17,156,0.03504301607608795
6413,17,157,0.012012975290417671
6414,17,158,0.05137309059500694
6415,17,159,0.02904205024242401
6416,17,160,0.01527364645153284
6417,17,161,0.06713861972093582
6418,17,162,0.06211971119046211
6419,17,163,0.02684963122010231
6420,17,164,0.01274794153869152
6421,17,165,0.06949280202388763
6422,17,166,0.06590811163187027
6423,17,167,0.045358121395111084
6424,17,168,0.04985860735177994
6425,17,169,0.07311860471963882
6426,17,170,0.03795212134718895
6427,17,171,0.03439188748598099
6428,17,172,0.041290104389190674
6429,17,173,0.06221894174814224
6430,17,174,0.07722651213407516
6431,17,175,0.030471811071038246
6432,17,176,0.025504078716039658
6433,17,177,0.057633064687252045
6434,17,178,0.03209011256694794
6435,17,179,0.04171496629714966
6436,17,180,0.0726977288722992
6437,17,181,0.08572553843259811
6438,17,182,0.032099101692438126
6439,17,183,0.03553124517202377
6440,17,184,0.05414367839694023
6441,17,185,0.058803025633096695
6442,17,186,0.10594713687896729
6443,17,187,0.04447582736611366
6444,17,188,0.07742804288864136
6445,17,189,0.07404717803001404
6446,17,190,0.07478807866573334
6447,17,191,0.06395915895700455
6448,17,192,0.0322532132267952
6449,17,193,0.01951642706990242
6450,17,194,0.028257926926016808
6451,17,195,0.05764315649867058
6452,17,196,0.05021772161126137
6453,17,197,0.09033489972352982
6454,17,198,0.056156788021326065
6455,17,199,0.0971982404589653
6456,17,200,0.06992784142494202
6457,17,201,0.039488036185503006
6458,17,202,0.03202301263809204
6459,17,203,0.017786744982004166
6460,17,204,0.032081637531518936
6461,17,205,0.04714880883693695
6462,17,206,0.12746763229370117
6463,17,207,0.03177320584654808
6464,17,208,0.03428386151790619
6465,17,209,0.03440815582871437
6466,17,210,0.03977598622441292
6467,17,211,0.05478700250387192
6468,17,212,0.09857051074504852
6469,17,213,0.10194135457277298
6470,17,214,0.03638588264584541
6471,17,215,0.053688012063503265
6472,17,216,0.0699848160147667
6473,17,217,0.010223779827356339
6474,17,218,0.01517703291028738
6475,17,219,0.027947982773184776
6476,17,220,0.04763569310307503
6477,17,221,0.0348791666328907
6478,17,222,0.05128580704331398
6479,17,223,0.03272780030965805
6480,17,224,0.10161533951759338
6481,17,225,0.04875271022319794
6482,17,226,0.09975229203701019
6483,17,227,0.028760991990566254
6484,17,228,0.061877861618995667
6485,17,229,0.08051258325576782
6486,17,230,0.0501432828605175
6487,17,231,0.025320284068584442
6488,17,232,0.05425514280796051
6489,17,233,0.04714635759592056
6490,17,234,0.014608274213969707
6491,17,235,0.08836445212364197
6492,17,236,0.034538861364126205
6493,17,237,0.054845359176397324
6494,17,238,0.02933330647647381
6495,17,239,0.06966157257556915
6496,17,240,0.010090496391057968
6497,17,241,0.01056674961000681
6498,17,242,0.05800611153244972
6499,17,243,0.07193733006715775
6500,17,244,0.0268543753772974
6501,17,245,0.0416632816195488
6502,17,246,0.06298412382602692
6503,17,247,0.04670574888586998
6504,17,248,0.009977342560887337
6505,17,249,0.02860303409397602
6506,17,250,0.03265055641531944
6507,17,251,0.037870414555072784
6508,17,252,0.11320439726114273
6509,17,253,0.05006645992398262
6510,17,254,0.031359754502773285
6511,17,255,0.031609781086444855
6512,17,256,0.015505940653383732
6513,17,257,0.06384189426898956
6514,17,258,0.05495964363217354
6515,17,259,0.01253740768879652
6516,17,260,0.019934479147195816
6517,17,261,0.015983669087290764
6518,17,262,0.0625200942158699
6519,17,263,0.029952162876725197
6520,17,264,0.0092990193516016
6521,17,265,0.17141011357307434
6522,17,266,0.13088475167751312
6523,17,267,0.044450171291828156
6524,17,268,0.037756357342004776
6525,17,269,0.1029176265001297
6526,17,270,0.08218345791101456
6527,17,271,0.01659388281404972
6528,17,272,0.01716548390686512
6529,17,273,0.051633551716804504
6530,17,274,0.0336228683590889
6531,17,275,0.029383286833763123
6532,17,276,0.06362973153591156
6533,17,277,0.07656610012054443
6534,17,278,0.07329003512859344
6535,17,279,0.07422076165676117
6536,17,280,0.04734368622303009
6537,17,281,0.05639094486832619
6538,17,282,0.027760794386267662
6539,17,283,0.08290952444076538
6540,17,284,0.10511802136898041
6541,17,285,0.06589511036872864
6542,17,286,0.0639524832367897
6543,17,287,0.04119805619120598
6544,17,288,0.04008276388049126
6545,17,289,0.046845920383930206
6546,17,290,0.08043837547302246
6547,17,291,0.029447972774505615
6548,17,292,0.1148115023970604
6549,17,293,0.032509468495845795
6550,17,294,0.0873553454875946
6551,17,295,0.05954117327928543
6552,17,296,0.07046689838171005
6553,17,297,0.1145082488656044
6554,17,298,0.038959186524152756
6555,17,299,0.026359448209404945
6556,17,300,0.12386029213666916
6557,17,301,0.11056786775588989
6558,17,302,0.1182812973856926
6559,17,303,0.12546434998512268
6560,17,304,0.015787295997142792
6561,17,305,0.07650413364171982
6562,17,306,0.20618033409118652
6563,17,307,0.08791699260473251
6564,17,308,0.15020260214805603
6565,17,309,0.031413499265909195
6566,17,310,0.06149239465594292
6567,17,311,0.06039617210626602
6568,17,312,0.04314689710736275
6569,17,313,0.057219717651605606
6570,17,314,0.1700734794139862
6571,17,315,0.07838507741689682
6572,17,316,0.1173018291592598
6573,17,317,0.09347300231456757
6574,17,318,0.062377676367759705
6575,17,319,0.20901155471801758
6576,17,320,0.04759842902421951
6577,17,321,0.05193222314119339
6578,17,322,0.0976167619228363
6579,17,323,0.08467548340559006
6580,17,324,0.15027908980846405
6581,17,325,0.11228369921445847
6582,17,326,0.03468204289674759
6583,17,327,0.07612041383981705
6584,17,328,0.10271191596984863
6585,17,329,0.04147479683160782
6586,17,330,0.044990070164203644
6587,17,331,0.03304460644721985
6588,17,332,0.023345116525888443
6589,17,333,0.046349454671144485
6590,17,334,0.07410116493701935
6591,17,335,0.0541045181453228
6592,17,336,0.036174092441797256
6593,17,337,0.07362575083971024
6594,17,338,0.06762196123600006
6595,17,339,0.03520653769373894
6596,17,340,0.05800710991024971
6597,17,341,0.04754563048481941
6598,17,342,0.05074230954051018
6599,17,343,0.10671049356460571
6600,17,344,0.08052625507116318
6601,17,345,0.034654874354600906
6602,17,346,0.10809431970119476
6603,17,347,0.020614955574274063
6604,17,348,0.04205498844385147
6605,17,349,0.008893386460840702
6606,17,350,0.011874906718730927
6607,17,351,0.03797963261604309
6608,17,352,0.01714961603283882
6609,17,353,0.031014887616038322
6610,17,354,0.06853251159191132
6611,17,355,0.04863860085606575
6612,17,356,0.042834095656871796
6613,17,357,0.03296928480267525
6614,17,358,0.05509915575385094
6615,17,359,0.03673316538333893
6616,17,360,0.07405958324670792
6617,17,361,0.014897164888679981
6618,17,362,0.0292226392775774
6619,17,363,0.016697347164154053
6620,17,364,0.0768967866897583
6621,17,365,0.03648870065808296
6622,17,366,0.07092875242233276
6623,17,367,0.029354579746723175
6624,17,368,0.04943760111927986
6625,17,369,0.09445551782846451
6626,17,370,0.03306019678711891
6627,17,371,0.052298907190561295
6628,17,372,0.053371161222457886
6629,17,373,0.014472505077719688
6630,17,374,0.03774954751133919
6631,17,375,0.02434142678976059
6632,17,376,0.03457072004675865
6633,17,377,0.04524604603648186
6634,17,378,0.09059986472129822
6635,17,379,0.038817018270492554
6636,17,380,0.04917217791080475
6637,17,381,0.060460902750492096
6638,17,382,0.014765450730919838
6639,17,383,0.022379599511623383
6640,17,384,0.03609142825007439
6641,17,385,0.07354198396205902
6642,17,386,0.016630366444587708
6643,17,387,0.03808581829071045
6644,17,388,0.05437429994344711
6645,17,389,0.08229196816682816
6646,17,390,0.039246488362550735
6647,17,391,0.02869705855846405
6648,18,1,0.007938571274280548
6649,18,2,0.049933988600969315
6650,18,3,0.029909169301390648
6651,18,4,0.04417894035577774
6652,18,5,0.014687305316329002
6653,18,6,0.052603572607040405
6654,18,7,0.0685177594423294
6655,18,8,0.011272440664470196
6656,18,9,0.06684292107820511
6657,18,10,0.008875994943082333
6658,18,11,0.08799602091312408
6659,18,12,0.029325610026717186
6660,18,13,0.008846543729305267
6661,18,14,0.008596955798566341
6662,18,15,0.053211163729429245
6663,18,16,0.0634482353925705
6664,18,17,0.03245101869106293
6665,18,18,0.023858536034822464
6666,18,19,0.032694827765226364
6667,18,20,0.03796736150979996
6668,18,21,0.003945893608033657
6669,18,22,0.04871233552694321
6670,18,23,0.10208314657211304
6671,18,24,0.018338199704885483
6672,18,25,0.012005764059722424
6673,18,26,0.03580253943800926
6674,18,27,0.05672426521778107
6675,18,28,0.079345703125
6676,18,29,0.006873774342238903
6677,18,30,0.03043746016919613
6678,18,31,0.04397914931178093
6679,18,32,0.04627881199121475
6680,18,33,0.009085762314498425
6681,18,34,0.011125551536679268
6682,18,35,0.06178755313158035
6683,18,36,0.021097078919410706
6684,18,37,0.024103552103042603
6685,18,38,0.01110635045915842
6686,18,39,0.03930552676320076
6687,18,40,0.046440690755844116
6688,18,41,0.03847772255539894
6689,18,42,0.012655726633965969
6690,18,43,0.11166372150182724
6691,18,44,0.034503232687711716
6692,18,45,0.02391434833407402
6693,18,46,0.03380207344889641
6694,18,47,0.04639478027820587
6695,18,48,0.018637927249073982
6696,18,49,0.022008409723639488
6697,18,50,0.05097958818078041
6698,18,51,0.004867634270340204
6699,18,52,0.039579346776008606
6700,18,53,0.03487008810043335
6701,18,54,0.04222271591424942
6702,18,55,0.004480699077248573
6703,18,56,0.03268655762076378
6704,18,57,0.01834276132285595
6705,18,58,0.051408715546131134
6706,18,59,0.00860779732465744
6707,18,60,0.0054899342358112335
6708,18,61,0.012854458764195442
6709,18,62,0.02214960940182209
6710,18,63,0.010804541409015656
6711,18,64,0.022489018738269806
6712,18,65,0.009104321710765362
6713,18,66,0.04416566342115402
6714,18,67,0.024811862036585808
6715,18,68,0.02661147154867649
6716,18,69,0.025545448064804077
6717,18,70,0.02507759816944599
6718,18,71,0.08452195674180984
6719,18,72,0.0046418411657214165
6720,18,73,0.03724292293190956
6721,18,74,0.05957039073109627
6722,18,75,0.006130937486886978
6723,18,76,0.013370153494179249
6724,18,77,0.0630827248096466
6725,18,78,0.02496277540922165
6726,18,79,0.047247759997844696
6727,18,80,0.04443372040987015
6728,18,81,0.033842701464891434
6729,18,82,0.0053069936111569405
6730,18,83,0.016024963930249214
6731,18,84,0.035042889416217804
6732,18,85,0.06571754068136215
6733,18,86,0.029959306120872498
6734,18,87,0.05324665084481239
6735,18,88,0.025834176689386368
6736,18,89,0.04543205350637436
6737,18,90,0.10825730860233307
6738,18,91,0.012164761312305927
6739,18,92,0.061081185936927795
6740,18,93,0.027715811505913734
6741,18,94,0.026199935004115105
6742,18,95,0.029150426387786865
6743,18,96,0.04884088784456253
6744,18,97,0.05593929812312126
6745,18,98,0.03279745206236839
6746,18,99,0.04230211302638054
6747,18,100,0.02238798327744007
6748,18,101,0.04172798618674278
6749,18,102,0.04808148741722107
6750,18,103,0.013510202057659626
6751,18,104,0.04393283277750015
6752,18,105,0.05113866925239563
6753,18,106,0.018137898296117783
6754,18,107,0.047707028687000275
6755,18,108,0.020171159878373146
6756,18,109,0.057098016142845154
6757,18,110,0.07820908725261688
6758,18,111,0.06252714991569519
6759,18,112,0.020751819014549255
6760,18,113,0.0562671422958374
6761,18,114,0.054812878370285034
6762,18,115,0.045669831335544586
6763,18,116,0.025831684470176697
6764,18,117,0.010193528607487679
6765,18,118,0.06679562479257584
6766,18,119,0.08616240322589874
6767,18,120,0.0456293560564518
6768,18,121,0.040977559983730316
6769,18,122,0.05889970436692238
6770,18,123,0.06378345191478729
6771,18,124,0.008347935974597931
6772,18,125,0.03475424274802208
6773,18,126,0.08291240781545639
6774,18,127,0.060712482780218124
6775,18,128,0.04885881766676903
6776,18,129,0.023097675293684006
6777,18,130,0.07424873858690262
6778,18,131,0.09043287485837936
6779,18,132,0.01634932868182659
6780,18,133,0.03552861511707306
6781,18,134,0.0326768159866333
6782,18,135,0.06855621933937073
6783,18,136,0.05091950669884682
6784,18,137,0.0748705267906189
6785,18,138,0.018134595826268196
6786,18,139,0.018642833456397057
6787,18,140,0.036885302513837814
6788,18,141,0.04574008285999298
6789,18,142,0.07022280991077423
6790,18,143,0.01081785000860691
6791,18,144,0.04430718719959259
6792,18,145,0.02208225056529045
6793,18,146,0.07897518575191498
6794,18,147,0.03089364990592003
6795,18,148,0.06071319803595543
6796,18,149,0.024412646889686584
6797,18,150,0.14721684157848358
6798,18,151,0.06541017442941666
6799,18,152,0.041885118931531906
6800,18,153,0.07247551530599594
6801,18,154,0.0622449666261673
6802,18,155,0.040257010608911514
6803,18,156,0.08595386892557144
6804,18,157,0.01826135255396366
6805,18,158,0.06732466071844101
6806,18,159,0.05758555606007576
6807,18,160,0.028988245874643326
6808,18,161,0.045712754130363464
6809,18,162,0.04981125518679619
6810,18,163,0.06980603188276291
6811,18,164,0.024715200066566467
6812,18,165,0.08380217105150223
6813,18,166,0.06703522056341171
6814,18,167,0.038648735731840134
6815,18,168,0.12220264226198196
6816,18,169,0.06957866996526718
6817,18,170,0.059006791561841965
6818,18,171,0.10596660524606705
6819,18,172,0.09811665862798691
6820,18,173,0.17341668903827667
6821,18,174,0.14433002471923828
6822,18,175,0.0463520884513855
6823,18,176,0.03046203777194023
6824,18,177,0.027208935469388962
6825,18,178,0.09288002550601959
6826,18,179,0.1005672812461853
6827,18,180,0.05507177487015724
6828,18,181,0.05092117562890053
6829,18,182,0.060828886926174164
6830,18,183,0.05238344520330429
6831,18,184,0.046546246856451035
6832,18,185,0.07817031443119049
6833,18,186,0.04087869077920914
6834,18,187,0.1075654923915863
6835,18,188,0.03465230017900467
6836,18,189,0.08086635917425156
6837,18,190,0.022104335948824883
6838,18,191,0.042990781366825104
6839,18,192,0.05105619505047798
6840,18,193,0.04889088496565819
6841,18,194,0.04828241467475891
6842,18,195,0.046945199370384216
6843,18,196,0.07174667716026306
6844,18,197,0.06738303601741791
6845,18,198,0.032167814671993256
6846,18,199,0.0887242779135704
6847,18,200,0.017854148522019386
6848,18,201,0.03820956125855446
6849,18,202,0.009973477572202682
6850,18,203,0.045204903930425644
6851,18,204,0.018046395853161812
6852,18,205,0.01924622803926468
6853,18,206,0.019526174291968346
6854,18,207,0.02554289624094963
6855,18,208,0.11657032370567322
6856,18,209,0.024737127125263214
6857,18,210,0.0562034472823143
6858,18,211,0.09853995591402054
6859,18,212,0.02803913503885269
6860,18,213,0.05945587158203125
6861,18,214,0.019446302205324173
6862,18,215,0.09672459214925766
6863,18,216,0.05709949880838394
6864,18,217,0.10635290294885635
6865,18,218,0.044089097529649734
6866,18,219,0.010059779509902
6867,18,220,0.035668082535266876
6868,18,221,0.036439448595047
6869,18,222,0.0360453836619854
6870,18,223,0.07921866327524185
6871,18,224,0.06877551227807999
6872,18,225,0.024511557072401047
6873,18,226,0.033824678510427475
6874,18,227,0.05546192824840546
6875,18,228,0.12074175477027893
6876,18,229,0.026156360283493996
6877,18,230,0.013861957006156445
6878,18,231,0.03900468349456787
6879,18,232,0.04096778854727745
6880,18,233,0.043429184705019
6881,18,234,0.013804756104946136
6882,18,235,0.025742528960108757
6883,18,236,0.08614523708820343
6884,18,237,0.04828270152211189
6885,18,238,0.04202371835708618
6886,18,239,0.015350300818681717
6887,18,240,0.07538929581642151
6888,18,241,0.008921346627175808
6889,18,242,0.07190372794866562
6890,18,243,0.021171148866415024
6891,18,244,0.008127284236252308
6892,18,245,0.060972511768341064
6893,18,246,0.06535051017999649
6894,18,247,0.047015443444252014
6895,18,248,0.01776060275733471
6896,18,249,0.028017912060022354
6897,18,250,0.04931322857737541
6898,18,251,0.017132988199591637
6899,18,252,0.008913533762097359
6900,18,253,0.019831867888569832
6901,18,254,0.035403817892074585
6902,18,255,0.04938386008143425
6903,18,256,0.1016726940870285
6904,18,257,0.047503527253866196
6905,18,258,0.017966289073228836
6906,18,259,0.052623167634010315
6907,18,260,0.04135550186038017
6908,18,261,0.03604591265320778
6909,18,262,0.012906896881759167
6910,18,263,0.01761348359286785
6911,18,264,0.032115280628204346
6912,18,265,0.03343913331627846
6913,18,266,0.09955728054046631
6914,18,267,0.030646102502942085
6915,18,268,0.03385262191295624
6916,18,269,0.014454757794737816
6917,18,270,0.018879853188991547
6918,18,271,0.0175749771296978
6919,18,272,0.02418319135904312
6920,18,273,0.0224864911288023
6921,18,274,0.07477135211229324
6922,18,275,0.07693258672952652
6923,18,276,0.0222970899194479
6924,18,277,0.058973655104637146
6925,18,278,0.019085463136434555
6926,18,279,0.09714379906654358
6927,18,280,0.022081075236201286
6928,18,281,0.04573601111769676
6929,18,282,0.07025854289531708
6930,18,283,0.012432027608156204
6931,18,284,0.009044591337442398
6932,18,285,0.03469660133123398
6933,18,286,0.07389223575592041
6934,18,287,0.03954754024744034
6935,18,288,0.026914067566394806
6936,18,289,0.025063788518309593
6937,18,290,0.07093419134616852
6938,18,291,0.038874540477991104
6939,18,292,0.012749463319778442
6940,18,293,0.03762650862336159
6941,18,294,0.08645614981651306
6942,18,295,0.004393895622342825
6943,18,296,0.08293555676937103
6944,18,297,0.03876199573278427
6945,18,298,0.048751018941402435
6946,18,299,0.1033826619386673
6947,18,300,0.03511117398738861
6948,18,301,0.028334785252809525
6949,18,302,0.025936705991625786
6950,18,303,0.07226818054914474
6951,18,304,0.042658839374780655
6952,18,305,0.09094321727752686
6953,18,306,0.0168375913053751
6954,18,307,0.030592385679483414
6955,18,308,0.02024644985795021
6956,18,309,0.07233621180057526
6957,18,310,0.07587146759033203
6958,18,311,0.08783081918954849
6959,18,312,0.049069274216890335
6960,18,313,0.04048362746834755
6961,18,314,0.09865646809339523
6962,18,315,0.026574164628982544
6963,18,316,0.06449222564697266
6964,18,317,0.02900012955069542
6965,18,318,0.019210999831557274
6966,18,319,0.04275800660252571
6967,18,320,0.054236285388469696
6968,18,321,0.012724216096103191
6969,18,322,0.09924806654453278
6970,18,323,0.08194281905889511
6971,18,324,0.027559485286474228
6972,18,325,0.02978311851620674
6973,18,326,0.03548514470458031
6974,18,327,0.020475754514336586
6975,18,328,0.09562675654888153
6976,18,329,0.02084946073591709
6977,18,330,0.03609338030219078
6978,18,331,0.1054365485906601
6979,18,332,0.026804866269230843
6980,18,333,0.06253957003355026
6981,18,334,0.029038555920124054
6982,18,335,0.058015353977680206
6983,18,336,0.06233178824186325
6984,18,337,0.09410032629966736
6985,18,338,0.048979178071022034
6986,18,339,0.07519088685512543
6987,18,340,0.0479353703558445
6988,18,341,0.10523431748151779
6989,18,342,0.05898122861981392
6990,18,343,0.03216831386089325
6991,18,344,0.03825882449746132
6992,18,345,0.10333490371704102
6993,18,346,0.035598576068878174
6994,18,347,0.12859755754470825
6995,18,348,0.014540382660925388
6996,18,349,0.02491583302617073
6997,18,350,0.21148383617401123
6998,18,351,0.05706885829567909
6999,18,352,0.10631652921438217
7000,18,353,0.03580091893672943
7001,18,354,0.0719154104590416
7002,18,355,0.09133777022361755
7003,18,356,0.12717469036579132
7004,18,357,0.09020169824361801
7005,18,358,0.03705104440450668
7006,18,359,0.05870101973414421
7007,18,360,0.12174561619758606
7008,18,361,0.026452910155057907
7009,18,362,0.08362102508544922
7010,18,363,0.13585802912712097
7011,18,364,0.14866918325424194
7012,18,365,0.0928557887673378
7013,18,366,0.06446490436792374
7014,18,367,0.07243960350751877
7015,18,368,0.05944473296403885
7016,18,369,0.04219498857855797
7017,18,370,0.08610479533672333
7018,18,371,0.057894300669431686
7019,18,372,0.06869310885667801
7020,18,373,0.10043027251958847
7021,18,374,0.012826087884604931
7022,18,375,0.07331905514001846
7023,18,376,0.025173401460051537
7024,18,377,0.04339582845568657
7025,18,378,0.09539998322725296
7026,18,379,0.018889252096414566
7027,18,380,0.11513771861791611
7028,18,381,0.16340796649456024
7029,18,382,0.04562489315867424
7030,18,383,0.046647801995277405
7031,18,384,0.05128306522965431
7032,18,385,0.06146017834544182
7033,18,386,0.07659343630075455
7034,18,387,0.049230143427848816
7035,18,388,0.026293745264410973
7036,18,389,0.05049245059490204
7037,18,390,0.04060278460383415
7038,18,391,0.010288668796420097
7039,19,1,0.04274316504597664
7040,19,2,0.029863758012652397
7041,19,3,0.013604979030787945
7042,19,4,0.014016086235642433
7043,19,5,0.04037995636463165
7044,19,6,0.01811092346906662
7045,19,7,0.015941433608531952
7046,19,8,0.028038278222084045
7047,19,9,0.0914437472820282
7048,19,10,0.008825859054923058
7049,19,11,0.02244139276444912
7050,19,12,0.02411079965531826
7051,19,13,0.10384218394756317
7052,19,14,0.011744609102606773
7053,19,15,0.06321720033884048
7054,19,16,0.06097584217786789
7055,19,17,0.05561026930809021
7056,19,18,0.07271214574575424
7057,19,19,0.01879311352968216
7058,19,20,0.05267145484685898
7059,19,21,0.03581974282860756
7060,19,22,0.09768243879079819
7061,19,23,0.09096696227788925
7062,19,24,0.022248215973377228
7063,19,25,0.02736133337020874
7064,19,26,0.06496655195951462
7065,19,27,0.08171708136796951
7066,19,28,0.02322060987353325
7067,19,29,0.06468421965837479
7068,19,30,0.032512255012989044
7069,19,31,0.04241552576422691
7070,19,32,0.048099420964717865
7071,19,33,0.028783336281776428
7072,19,34,0.05454005300998688
7073,19,35,0.016566935926675797
7074,19,36,0.02960866130888462
7075,19,37,0.027165770530700684
7076,19,38,0.0048712496645748615
7077,19,39,0.019534345716238022
7078,19,40,0.02911406196653843
7079,19,41,0.036635395139455795
7080,19,42,0.018402572721242905
7081,19,43,0.027956094592809677
7082,19,44,0.036490146070718765
7083,19,45,0.019366394728422165
7084,19,46,0.013018998317420483
7085,19,47,0.023900538682937622
7086,19,48,0.02678666077554226
7087,19,49,0.022985190153121948
7088,19,50,0.01811181753873825
7089,19,51,0.026976002380251884
7090,19,52,0.011141334660351276
7091,19,53,0.014402063563466072
7092,19,54,0.006607311312109232
7093,19,55,0.01571616716682911
7094,19,56,0.038530223071575165
7095,19,57,0.06990230083465576
7096,19,58,0.07426021248102188
7097,19,59,0.003921441733837128
7098,19,60,0.05002664029598236
7099,19,61,0.013316278345882893
7100,19,62,0.021265247836709023
7101,19,63,0.05761806666851044
7102,19,64,0.017635328695178032
7103,19,65,0.021620681509375572
7104,19,66,0.07099545001983643
7105,19,67,0.11503487825393677
7106,19,68,0.03060983121395111
7107,19,69,0.06232796609401703
7108,19,70,0.03986182436347008
7109,19,71,0.012807837687432766
7110,19,72,0.03398347273468971
7111,19,73,0.03117305040359497
7112,19,74,0.013894050382077694
7113,19,75,0.052487436681985855
7114,19,76,0.03610026463866234
7115,19,77,0.01008943933993578
7116,19,78,0.030779583379626274
7117,19,79,0.016239693388342857
7118,19,80,0.14326290786266327
7119,19,81,0.07059956341981888
7120,19,82,0.04220873489975929
7121,19,83,0.009896031580865383
7122,19,84,0.04952486231923103
7123,19,85,0.07769115269184113
7124,19,86,0.014987736009061337
7125,19,87,0.016278911381959915
7126,19,88,0.015058932825922966
7127,19,89,0.04238469898700714
7128,19,90,0.030235104262828827
7129,19,91,0.024274973198771477
7130,19,92,0.0463385209441185
7131,19,93,0.06833397597074509
7132,19,94,0.09005948901176453
7133,19,95,0.0074277217499911785
7134,19,96,0.012099596671760082
7135,19,97,0.10875354707241058
7136,19,98,0.010190736502408981
7137,19,99,0.03743761405348778
7138,19,100,0.07365026324987411
7139,19,101,0.06263820081949234
7140,19,102,0.04050586745142937
7141,19,103,0.12482360005378723
7142,19,104,0.11451533436775208
7143,19,105,0.03268108889460564
7144,19,106,0.14495214819908142
7145,19,107,0.0356716625392437
7146,19,108,0.048454757779836655
7147,19,109,0.024907154962420464
7148,19,110,0.025072934105992317
7149,19,111,0.05547551065683365
7150,19,112,0.03975900635123253
7151,19,113,0.030142735689878464
7152,19,114,0.07299867272377014
7153,19,115,0.002695992588996887
7154,19,116,0.14277051389217377
7155,19,117,0.03781893849372864
7156,19,118,0.10538912564516068
7157,19,119,0.06450607627630234
7158,19,120,0.03880027309060097
7159,19,121,0.10924255102872849
7160,19,122,0.08460508286952972
7161,19,123,0.03821602091193199
7162,19,124,0.030311882495880127
7163,19,125,0.09710612148046494
7164,19,126,0.0766768679022789
7165,19,127,0.07707071304321289
7166,19,128,0.06416267901659012
7167,19,129,0.04967772215604782
7168,19,130,0.07345674932003021
7169,19,131,0.05189010128378868
7170,19,132,0.07114803045988083
7171,19,133,0.05408157408237457
7172,19,134,0.029136739671230316
7173,19,135,0.013169797137379646
7174,19,136,0.012602388858795166
7175,19,137,0.12315843999385834
7176,19,138,0.04551313817501068
7177,19,139,0.08908014744520187
7178,19,140,0.026668988168239594
7179,19,141,0.08007719367742538
7180,19,142,0.017371563240885735
7181,19,143,0.025288937613368034
7182,19,144,0.05537969991564751
7183,19,145,0.056495364755392075
7184,19,146,0.05155584588646889
7185,19,147,0.0829148143529892
7186,19,148,0.048972245305776596
7187,19,149,0.06703808158636093
7188,19,150,0.014384942129254341
7189,19,151,0.050474248826503754
7190,19,152,0.13347215950489044
7191,19,153,0.016352785751223564
7192,19,154,0.034742988646030426
7193,19,155,0.0916975811123848
7194,19,156,0.024597693234682083
7195,19,157,0.07709363102912903
7196,19,158,0.07006382197141647
7197,19,159,0.049635764211416245
7198,19,160,0.009403889067471027
7199,19,161,0.005597189534455538
7200,19,162,0.029688313603401184
7201,19,163,0.04567854106426239
7202,19,164,0.0303005650639534
7203,19,165,0.05020410567522049
7204,19,166,0.08195783942937851
7205,19,167,0.041720569133758545
7206,19,168,0.07743195444345474
7207,19,169,0.021990709006786346
7208,19,170,0.02966924197971821
7209,19,171,0.01572897471487522
7210,19,172,0.036989904940128326
7211,19,173,0.02333638444542885
7212,19,174,0.038009293377399445
7213,19,175,0.02416071482002735
7214,19,176,0.06398352235555649
7215,19,177,0.030969874933362007
7216,19,178,0.05973596125841141
7217,19,179,0.030123833566904068
7218,19,180,0.006586322095245123
7219,19,181,0.05611073598265648
7220,19,182,0.03926462307572365
7221,19,183,0.02709057182073593
7222,19,184,0.014063862152397633
7223,19,185,0.02018786035478115
7224,19,186,0.006466282531619072
7225,19,187,0.05000239610671997
7226,19,188,0.032707471400499344
7227,19,189,0.024333853274583817
7228,19,190,0.011476979590952396
7229,19,191,0.006595664657652378
7230,19,192,0.039028018712997437
7231,19,193,0.019158901646733284
7232,19,194,0.045587603002786636
7233,19,195,0.022752506658434868
7234,19,196,0.06261385977268219
7235,19,197,0.06109889596700668
7236,19,198,0.02125110663473606
7237,19,199,0.029822736978530884
7238,19,200,0.02531173825263977
7239,19,201,0.03804610297083855
7240,19,202,0.021017713472247124
7241,19,203,0.01979757286608219
7242,19,204,0.021476879715919495
7243,19,205,0.07409070432186127
7244,19,206,0.07822073251008987
7245,19,207,0.05273407697677612
7246,19,208,0.039164621382951736
7247,19,209,0.053520262241363525
7248,19,210,0.03072080947458744
7249,19,211,0.054586414247751236
7250,19,212,0.05560947582125664
7251,19,213,0.033356230705976486
7252,19,214,0.03596864268183708
7253,19,215,0.05762732774019241
7254,19,216,0.02083892747759819
7255,19,217,0.05186329409480095
7256,19,218,0.03702804818749428
7257,19,219,0.013021048158407211
7258,19,220,0.05525290593504906
7259,19,221,0.013885012827813625
7260,19,222,0.017484866082668304
7261,19,223,0.0625494047999382
7262,19,224,0.05531660467386246
7263,19,225,0.04766200855374336
7264,19,226,0.06514149159193039
7265,19,227,0.059030212461948395
7266,19,228,0.02231016382575035
7267,19,229,0.007248206529766321
7268,19,230,0.01163453795015812
7269,19,231,0.09388962388038635
7270,19,232,0.0826760083436966
7271,19,233,0.041359513998031616
7272,19,234,0.028496986255049706
7273,19,235,0.06960143148899078
7274,19,236,0.026971928775310516
7275,19,237,0.048635683953762054
7276,19,238,0.04294001683592796
7277,19,239,0.028852570801973343
7278,19,240,0.017856042832136154
7279,19,241,0.061492789536714554
7280,19,242,0.1003323420882225
7281,19,243,0.04098951071500778
7282,19,244,0.008211111649870872
7283,19,245,0.030158376321196556
7284,19,246,0.07863154262304306
7285,19,247,0.06134524196386337
7286,19,248,0.0816030204296112
7287,19,249,0.024900710210204124
7288,19,250,0.058041755110025406
7289,19,251,0.011046960018575191
7290,19,252,0.0271297674626112
7291,19,253,0.03128112480044365
7292,19,254,0.004496234469115734
7293,19,255,0.036932699382305145
7294,19,256,0.08553873002529144
7295,19,257,0.02090493217110634
7296,19,258,0.09351484477519989
7297,19,259,0.10932935029268265
7298,19,260,0.030889878049492836
7299,19,261,0.04486784711480141
7300,19,262,0.04993318021297455
7301,19,263,0.02938052825629711
7302,19,264,0.03884304687380791
7303,19,265,0.07522867619991302
7304,19,266,0.026702620089054108
7305,19,267,0.08362466841936111
7306,19,268,0.1127069815993309
7307,19,269,0.06667107343673706
7308,19,270,0.05538106709718704
7309,19,271,0.027270112186670303
7310,19,272,0.12195218354463577
7311,19,273,0.0055845677852630615
7312,19,274,0.020558392629027367
7313,19,275,0.012347366660833359
7314,19,276,0.018588688224554062
7315,19,277,0.07916431874036789
7316,19,278,0.017781229689717293
7317,19,279,0.02854900248348713
7318,19,280,0.08422503620386124
7319,19,281,0.033977072685956955
7320,19,282,0.021278342232108116
7321,19,283,0.03189259395003319
7322,19,284,0.02485610917210579
7323,19,285,0.022261423990130424
7324,19,286,0.03407201170921326
7325,19,287,0.009124107658863068
7326,19,288,0.04459206387400627
7327,19,289,0.021301571279764175
7328,19,290,0.08052230626344681
7329,19,291,0.0430944487452507
7330,19,292,0.024432634934782982
7331,19,293,0.06953413039445877
7332,19,294,0.10456489771604538
7333,19,295,0.020522505044937134
7334,19,296,0.06264928728342056
7335,19,297,0.04296473413705826
7336,19,298,0.01994302123785019
7337,19,299,0.021832766011357307
7338,19,300,0.04167867824435234
7339,19,301,0.05469205603003502
7340,19,302,0.09205953776836395
7341,19,303,0.025681566447019577
7342,19,304,0.03642699122428894
7343,19,305,0.0383245088160038
7344,19,306,0.017853504046797752
7345,19,307,0.060295045375823975
7346,19,308,0.09475404024124146
7347,19,309,0.01908666267991066
7348,19,310,0.012410442344844341
7349,19,311,0.08730413764715195
7350,19,312,0.07071935385465622
7351,19,313,0.07750264555215836
7352,19,314,0.13929735124111176
7353,19,315,0.1311129480600357
7354,19,316,0.048472099006175995
7355,19,317,0.07825052738189697
7356,19,318,0.044005073606967926
7357,19,319,0.08014726638793945
7358,19,320,0.054552726447582245
7359,19,321,0.08743558824062347
7360,19,322,0.03373941034078598
7361,19,323,0.06212699040770531
7362,19,324,0.0438653901219368
7363,19,325,0.179386168718338
7364,19,326,0.10301706194877625
7365,19,327,0.016589580103754997
7366,19,328,0.025021564215421677
7367,19,329,0.06347036361694336
7368,19,330,0.05516687408089638
7369,19,331,0.027835391461849213
7370,19,332,0.04907946661114693
7371,19,333,0.03956616297364235
7372,19,334,0.034907225519418716
7373,19,335,0.04315828159451485
7374,19,336,0.027677536010742188
7375,19,337,0.04276354983448982
7376,19,338,0.04978629946708679
7377,19,339,0.16226577758789062
7378,19,340,0.07585840672254562
7379,19,341,0.04712868854403496
7380,19,342,0.05175666883587837
7381,19,343,0.022092727944254875
7382,19,344,0.08959533274173737
7383,19,345,0.05476115271449089
7384,19,346,0.034974105656147
7385,19,347,0.07082921266555786
7386,19,348,0.03859635442495346
7387,19,349,0.06382198631763458
7388,19,350,0.09036775678396225
7389,19,351,0.13029806315898895
7390,19,352,0.029114743694663048
7391,19,353,0.14216238260269165
7392,19,354,0.06332408636808395
7393,19,355,0.04897277429699898
7394,19,356,0.10823182761669159
7395,19,357,0.02176842652261257
7396,19,358,0.05205467715859413
7397,19,359,0.05858667939901352
7398,19,360,0.05783599615097046
7399,19,361,0.04226713627576828
7400,19,362,0.022512340918183327
7401,19,363,0.024465154856443405
7402,19,364,0.055600184947252274
7403,19,365,0.09383615106344223
7404,19,366,0.06338886171579361
7405,19,367,0.06748723238706589
7406,19,368,0.03542600944638252
7407,19,369,0.043405745178461075
7408,19,370,0.045531921088695526
7409,19,371,0.0069178808480501175
7410,19,372,0.07324767857789993
7411,19,373,0.02577251009643078
7412,19,374,0.022533711045980453
7413,19,375,0.051817141473293304
7414,19,376,0.0446971133351326
7415,19,377,0.061419397592544556
7416,19,378,0.012910800985991955
7417,19,379,0.08825203776359558
7418,19,380,0.02687632292509079
7419,19,381,0.04245720058679581
7420,19,382,0.027502069249749184
7421,19,383,0.07801858335733414
7422,19,384,0.04319528117775917
7423,19,385,0.04411373287439346
7424,19,386,0.02478696219623089
7425,19,387,0.039167407900094986
7426,19,388,0.07026683539152145
7427,19,389,0.03061572089791298
7428,19,390,0.0365290567278862
7429,19,391,0.0053564757108688354
7430,20,1,0.03846191242337227
7431,20,2,0.019760841503739357
7432,20,3,0.02942848578095436
7433,20,4,0.029163960367441177
7434,20,5,0.008036157116293907
7435,20,6,0.03457236289978027
7436,20,7,0.02145960181951523
7437,20,8,0.047500189393758774
7438,20,9,0.039609551429748535
7439,20,10,0.02131209522485733
7440,20,11,0.062368523329496384
7441,20,12,0.02156788855791092
7442,20,13,0.03804205358028412
7443,20,14,0.013073421083390713
7444,20,15,0.024260394275188446
7445,20,16,0.02593216300010681
7446,20,17,0.022185811772942543
7447,20,18,0.07449755072593689
7448,20,19,0.032407134771347046
7449,20,20,0.055845629423856735
7450,20,21,0.057051584124565125
7451,20,22,0.0352405309677124
7452,20,23,0.030557002872228622
7453,20,24,0.031730517745018005
7454,20,25,0.026595650240778923
7455,20,26,0.04187817871570587
7456,20,27,0.05253925919532776
7457,20,28,0.030829865485429764
7458,20,29,0.017019476741552353
7459,20,30,0.00906283687800169
7460,20,31,0.009507281705737114
7461,20,32,0.056992772966623306
7462,20,33,0.02214282937347889
7463,20,34,0.028640486299991608
7464,20,35,0.0557573102414608
7465,20,36,0.01592354103922844
7466,20,37,0.05297176167368889
7467,20,38,0.0014705660287290812
7468,20,39,0.02075992152094841
7469,20,40,0.007033827248960733
7470,20,41,0.012563447467982769
7471,20,42,0.03474004566669464
7472,20,43,0.031618714332580566
7473,20,44,0.01380933728069067
7474,20,45,0.013342993333935738
7475,20,46,0.019835317507386208
7476,20,47,0.01719331182539463
7477,20,48,0.004673905670642853
7478,20,49,0.030310217291116714
7479,20,50,0.03410615772008896
7480,20,51,0.03717324882745743
7481,20,52,0.02115796133875847
7482,20,53,0.05729077756404877
7483,20,54,0.06776120513677597
7484,20,55,0.021823149174451828
7485,20,56,0.008329223841428757
7486,20,57,0.0031343961600214243
7487,20,58,0.013030072674155235
7488,20,59,0.014756429940462112
7489,20,60,0.0300335381180048
7490,20,61,0.1283489614725113
7491,20,62,0.03948819637298584
7492,20,63,0.056679777801036835
7493,20,64,0.09840486198663712
7494,20,65,0.009736944921314716
7495,20,66,0.002557363361120224
7496,20,67,0.031814295798540115
7497,20,68,0.01250702515244484
7498,20,69,0.027324240654706955
7499,20,70,0.058166712522506714
7500,20,71,0.03055405430495739
7501,20,72,0.03145704045891762
7502,20,73,0.035172514617443085
7503,20,74,0.0887237936258316
7504,20,75,0.027995852753520012
7505,20,76,0.08702360838651657
7506,20,77,0.13052567839622498
7507,20,78,0.08624601364135742
7508,20,79,0.03726924583315849
7509,20,80,0.11333473771810532
7510,20,81,0.052008070051670074
7511,20,82,0.07462342828512192
7512,20,83,0.018166160210967064
7513,20,84,0.023079082369804382
7514,20,85,0.055632270872592926
7515,20,86,0.046226866543293
7516,20,87,0.03340373560786247
7517,20,88,0.045837197452783585
7518,20,89,0.006670827511698008
7519,20,90,0.005507372785359621
7520,20,91,0.051158562302589417
7521,20,92,0.03541446104645729
7522,20,93,0.020729396492242813
7523,20,94,0.013631194829940796
7524,20,95,0.026038743555545807
7525,20,96,0.02490503340959549
7526,20,97,0.03729584813117981
7527,20,98,0.03727250173687935
7528,20,99,0.020784856751561165
7529,20,100,0.0035977454390376806
7530,20,101,0.02239806018769741
7531,20,102,0.04657753184437752
7532,20,103,0.042059674859046936
7533,20,104,0.023242278024554253
7534,20,105,0.04183894023299217
7535,20,106,0.026109563186764717
7536,20,107,0.042567454278469086
7537,20,108,0.035005684942007065
7538,20,109,0.052451007068157196
7539,20,110,0.02969321608543396
7540,20,111,0.04115205258131027
7541,20,112,0.034175898879766464
7542,20,113,0.033302340656518936
7543,20,114,0.021541185677051544
7544,20,115,0.020392581820487976
7545,20,116,0.05201283469796181
7546,20,117,0.009131166152656078
7547,20,118,0.0234697125852108
7548,20,119,0.05556214973330498
7549,20,120,0.01197243295609951
7550,20,121,0.04354850947856903
7551,20,122,0.04519663751125336
7552,20,123,0.017007531598210335
7553,20,124,0.04240952804684639
7554,20,125,0.03677435591816902
7555,20,126,0.011201446875929832
7556,20,127,0.0066512636840343475
7557,20,128,0.02652440406382084
7558,20,129,0.011701934970915318
7559,20,130,0.014026100747287273
7560,20,131,0.06555861234664917
7561,20,132,0.005495574325323105
7562,20,133,0.01636192388832569
7563,20,134,0.017331136390566826
7564,20,135,0.016761552542448044
7565,20,136,0.04370177537202835
7566,20,137,0.011241555213928223
7567,20,138,0.0024064250756055117
7568,20,139,0.020109588280320168
7569,20,140,0.07450701296329498
7570,20,141,0.0095790084451437
7571,20,142,0.014978165738284588
7572,20,143,0.013940395787358284
7573,20,144,0.005649890750646591
7574,20,145,0.03105558082461357
7575,20,146,0.011698175221681595
7576,20,147,0.013114052824676037
7577,20,148,0.013026087544858456
7578,20,149,0.009969395585358143
7579,20,150,0.005953085608780384
7580,20,151,0.03544418513774872
7581,20,152,0.04149399697780609
7582,20,153,0.018035748973488808
7583,20,154,0.0860881507396698
7584,20,155,0.012874031439423561
7585,20,156,0.020375054329633713
7586,20,157,0.03740490972995758
7587,20,158,0.01701798476278782
7588,20,159,0.011052276939153671
7589,20,160,0.041644010692834854
7590,20,161,0.015640800818800926
7591,20,162,0.052615996450185776
7592,20,163,0.01701413281261921
7593,20,164,0.014789266511797905
7594,20,165,0.1836610734462738
7595,20,166,0.011695969849824905
7596,20,167,0.0015544133493676782
7597,20,168,0.05068494379520416
7598,20,169,0.007227310910820961
7599,20,170,0.0066355443559587
7600,20,171,0.009487188421189785
7601,20,172,0.010684057138860226
7602,20,173,0.021931439638137817
7603,20,174,0.10398375242948532
7604,20,175,0.026559054851531982
7605,20,176,0.0040373713709414005
7606,20,177,0.040614053606987
7607,20,178,0.009082483127713203
7608,20,179,0.016569677740335464
7609,20,180,0.07116032391786575
7610,20,181,0.0190595556050539
7611,20,182,0.04822893813252449
7612,20,183,0.00313050695694983
7613,20,184,0.027303604409098625
7614,20,185,0.058168597519397736
7615,20,186,0.015848282724618912
7616,20,187,0.07957885414361954
7617,20,188,0.058863237500190735
7618,20,189,0.08728737384080887
7619,20,190,0.015984108671545982
7620,20,191,0.04527284950017929
7621,20,192,0.02797231450676918
7622,20,193,0.031216487288475037
7623,20,194,0.004854792729020119
7624,20,195,0.06138772889971733
7625,20,196,0.022490641102194786
7626,20,197,0.10026687383651733
7627,20,198,0.030797209590673447
7628,20,199,0.06673365831375122
7629,20,200,0.03452841565012932
7630,20,201,0.009181857109069824
7631,20,202,0.009653758257627487
7632,20,203,0.014184176921844482
7633,20,204,0.03894467651844025
7634,20,205,0.061836544424295425
7635,20,206,0.01742248423397541
7636,20,207,0.02020476758480072
7637,20,208,0.02854427881538868
7638,20,209,0.04311899095773697
7639,20,210,0.012089453637599945
7640,20,211,0.11065825074911118
7641,20,212,0.012511719949543476
7642,20,213,0.03643481805920601
7643,20,214,0.023972950875759125
7644,20,215,0.04721495136618614
7645,20,216,0.10818059742450714
7646,20,217,0.053510528057813644
7647,20,218,0.07279203832149506
7648,20,219,0.04266923666000366
7649,20,220,0.029337048530578613
7650,20,221,0.027743279933929443
7651,20,222,0.020602891221642494
7652,20,223,0.005177091341465712
7653,20,224,0.08639595657587051
7654,20,225,0.0357261560857296
7655,20,226,0.019334260374307632
7656,20,227,0.06599778681993484
7657,20,228,0.042929645627737045
7658,20,229,0.027408141642808914
7659,20,230,0.07231474667787552
7660,20,231,0.02833084762096405
7661,20,232,0.014184297062456608
7662,20,233,0.021563135087490082
7663,20,234,0.12402935326099396
7664,20,235,0.017655914649367332
7665,20,236,0.039980851113796234
7666,20,237,0.04343510791659355
7667,20,238,0.03639600798487663
7668,20,239,0.03047138825058937
7669,20,240,0.13315057754516602
7670,20,241,0.0065078637562692165
7671,20,242,0.08042306452989578
7672,20,243,0.04076370224356651
7673,20,244,0.043156884610652924
7674,20,245,0.08083773404359818
7675,20,246,0.019273199141025543
7676,20,247,0.1105426773428917
7677,20,248,0.0326106883585453
7678,20,249,0.028997568413615227
7679,20,250,0.016640635207295418
7680,20,251,0.03492344170808792
7681,20,252,0.03628140687942505
7682,20,253,0.013874143362045288
7683,20,254,0.011356214992702007
7684,20,255,0.08981318771839142
7685,20,256,0.025584081187844276
7686,20,257,0.07906292378902435
7687,20,258,0.04918155074119568
7688,20,259,0.03787261247634888
7689,20,260,0.012925762683153152
7690,20,261,0.0875801369547844
7691,20,262,0.045779332518577576
7692,20,263,0.01220794953405857
7693,20,264,0.07910372316837311
7694,20,265,0.040059685707092285
7695,20,266,0.07251419872045517
7696,20,267,0.022120140492916107
7697,20,268,0.10588772594928741
7698,20,269,0.018436091020703316
7699,20,270,0.009829476475715637
7700,20,271,0.0810592994093895
7701,20,272,0.032537344843149185
7702,20,273,0.07896818220615387
7703,20,274,0.035183899104595184
7704,20,275,0.036066293716430664
7705,20,276,0.08354035019874573
7706,20,277,0.035467177629470825
7707,20,278,0.04688716307282448
7708,20,279,0.032516881823539734
7709,20,280,0.04245150461792946
7710,20,281,0.020466001704335213
7711,20,282,0.040401723235845566
7712,20,283,0.0714968889951706
7713,20,284,0.05350932106375694
7714,20,285,0.005652285180985928
7715,20,286,0.035130180418491364
7716,20,287,0.09611912071704865
7717,20,288,0.054865527898073196
7718,20,289,0.10156121104955673
7719,20,290,0.016004880890250206
7720,20,291,0.040867969393730164
7721,20,292,0.025457782670855522
7722,20,293,0.04346778988838196
7723,20,294,0.015838727355003357
7724,20,295,0.05433244630694389
7725,20,296,0.13746026158332825
7726,20,297,0.04049059376120567
7727,20,298,0.0508207343518734
7728,20,299,0.025746259838342667
7729,20,300,0.06072860211133957
7730,20,301,0.03529156371951103
7731,20,302,0.026665855199098587
7732,20,303,0.04118527099490166
7733,20,304,0.05053752288222313
7734,20,305,0.01263518538326025
7735,20,306,0.0435551293194294
7736,20,307,0.004378884565085173
7737,20,308,0.041945140808820724
7738,20,309,0.06471633166074753
7739,20,310,0.11434753239154816
7740,20,311,0.03756694868206978
7741,20,312,0.016492703929543495
7742,20,313,0.015149399638175964
7743,20,314,0.06086355075240135
7744,20,315,0.06726713478565216
7745,20,316,0.021023839712142944
7746,20,317,0.05278484523296356
7747,20,318,0.01490908395498991
7748,20,319,0.011099693365395069
7749,20,320,0.010100498795509338
7750,20,321,0.06056487187743187
7751,20,322,0.009917129762470722
7752,20,323,0.005434965714812279
7753,20,324,0.012077090330421925
7754,20,325,0.014171936549246311
7755,20,326,0.042852047830820084
7756,20,327,0.07545822113752365
7757,20,328,0.03859259560704231
7758,20,329,0.08131382614374161
7759,20,330,0.0828833281993866
7760,20,331,0.0030265061650425196
7761,20,332,0.04324221611022949
7762,20,333,0.01588660664856434
7763,20,334,0.08099821954965591
7764,20,335,0.09407351911067963
7765,20,336,0.014919484965503216
7766,20,337,0.013320386409759521
7767,20,338,0.03468506410717964
7768,20,339,0.12630663812160492
7769,20,340,0.07089898735284805
7770,20,341,0.09773793071508408
7771,20,342,0.12045016884803772
7772,20,343,0.03546454384922981
7773,20,344,0.045038823038339615
7774,20,345,0.025758519768714905
7775,20,346,0.05330402031540871
7776,20,347,0.050686560571193695
7777,20,348,0.04475005343556404
7778,20,349,0.06059302017092705
7779,20,350,0.08779267966747284
7780,20,351,0.08477021008729935
7781,20,352,0.06271781027317047
7782,20,353,0.04781961068511009
7783,20,354,0.12573379278182983
7784,20,355,0.10415582358837128
7785,20,356,0.03919415920972824
7786,20,357,0.058575376868247986
7787,20,358,0.03280254080891609
7788,20,359,0.034252509474754333
7789,20,360,0.024126878008246422
7790,20,361,0.062331672757864
7791,20,362,0.09384419769048691
7792,20,363,0.05788547545671463
7793,20,364,0.11800503730773926
7794,20,365,0.02903660200536251
7795,20,366,0.06364757567644119
7796,20,367,0.05500544607639313
7797,20,368,0.04415993019938469
7798,20,369,0.017090898007154465
7799,20,370,0.024454763159155846
7800,20,371,0.018709653988480568
7801,20,372,0.019082047045230865
7802,20,373,0.03255869448184967
7803,20,374,0.06224372237920761
7804,20,375,0.07683847844600677
7805,20,376,0.06328976154327393
7806,20,377,0.0414593331515789
7807,20,378,0.10372436046600342
7808,20,379,0.007084074895828962
7809,20,380,0.02507901005446911
7810,20,381,0.0455746203660965
7811,20,382,0.03479830548167229
7812,20,383,0.015224103815853596
7813,20,384,0.010709795169532299
7814,20,385,0.03426853567361832
7815,20,386,0.034107912331819534
7816,20,387,0.072300985455513
7817,20,388,0.012401014566421509
7818,20,389,0.06993462145328522
7819,20,390,0.011388563551008701
7820,20,391,0.035949237644672394
