step,epoch,batch,train_loss
1,1,1,2.476846694946289
2,1,2,3.438110828399658
3,1,3,2.6043808460235596
4,1,4,2.3443562984466553
5,1,5,2.4932405948638916
6,1,6,2.2585980892181396
7,1,7,2.3326947689056396
8,1,8,2.0462892055511475
9,1,9,1.997099757194519
10,1,10,2.034226179122925
11,1,11,1.9321345090866089
12,1,12,1.9392998218536377
13,1,13,2.0499019622802734
14,1,14,1.8314300775527954
15,1,15,1.9453376531600952
16,1,16,1.9634920358657837
17,1,17,1.9226720333099365
18,1,18,1.9569989442825317
19,1,19,1.9433903694152832
20,1,20,1.8839445114135742
21,1,21,1.7507003545761108
22,1,22,1.8881169557571411
23,1,23,1.7402312755584717
24,1,24,1.814921498298645
25,1,25,1.8202192783355713
26,1,26,1.947787880897522
27,1,27,1.8116463422775269
28,1,28,1.8161389827728271
29,1,29,1.8307151794433594
30,1,30,1.7554937601089478
31,1,31,2.03452730178833
32,1,32,1.8975708484649658
33,1,33,1.761931300163269
34,1,34,1.7408961057662964
35,1,35,1.7727619409561157
36,1,36,1.7990641593933105
37,1,37,1.6504424810409546
38,1,38,1.8462001085281372
39,1,39,1.9263943433761597
40,1,40,1.6742521524429321
41,1,41,1.6928738355636597
42,1,42,1.6209701299667358
43,1,43,1.6374131441116333
44,1,44,1.716320514678955
45,1,45,1.699632167816162
46,1,46,1.6315077543258667
47,1,47,1.7220861911773682
48,1,48,1.7894258499145508
49,1,49,1.7357972860336304
50,1,50,1.5163955688476562
51,1,51,1.6058624982833862
52,1,52,1.751508116722107
53,1,53,1.6352460384368896
54,1,54,1.6892231702804565
55,1,55,1.6561675071716309
56,1,56,1.6282565593719482
57,1,57,1.6597744226455688
58,1,58,1.642648458480835
59,1,59,1.5494588613510132
60,1,60,1.5800238847732544
61,1,61,1.5914630889892578
62,1,62,1.5733283758163452
63,1,63,1.5950665473937988
64,1,64,1.5277572870254517
65,1,65,1.6760433912277222
66,1,66,1.6986174583435059
67,1,67,1.4490633010864258
68,1,68,1.6077358722686768
69,1,69,1.7769501209259033
70,1,70,1.613118052482605
71,1,71,1.7423275709152222
72,1,72,1.5293662548065186
73,1,73,1.747864007949829
74,1,74,1.6071221828460693
75,1,75,1.629328966140747
76,1,76,1.5678132772445679
77,1,77,1.7204123735427856
78,1,78,1.520095944404602
79,1,79,1.5317654609680176
80,1,80,1.59749436378479
81,1,81,1.430735468864441
82,1,82,1.536128044128418
83,1,83,1.53322172164917
84,1,84,1.4194233417510986
85,1,85,1.5737755298614502
86,1,86,1.5064994096755981
87,1,87,1.634034276008606
88,1,88,1.6111981868743896
89,1,89,1.7022687196731567
90,1,90,1.4349104166030884
91,1,91,1.6256890296936035
92,1,92,1.4438806772232056
93,1,93,1.5027090311050415
94,1,94,1.4919028282165527
95,1,95,1.521244764328003
96,1,96,1.2835917472839355
97,1,97,1.4789823293685913
98,1,98,1.3265823125839233
99,1,99,1.4895451068878174
100,1,100,1.4873182773590088
101,1,101,1.5908724069595337
102,1,102,1.3609415292739868
103,1,103,1.4757511615753174
104,1,104,1.5673774480819702
105,1,105,1.5731977224349976
106,1,106,1.6981691122055054
107,1,107,1.648254632949829
108,1,108,1.6656086444854736
109,1,109,1.5653176307678223
110,1,110,1.5527793169021606
111,1,111,1.483812689781189
112,1,112,1.5188788175582886
113,1,113,1.473564624786377
114,1,114,1.4836150407791138
115,1,115,1.4628562927246094
116,1,116,1.522678017616272
117,1,117,1.3634952306747437
118,1,118,1.4414433240890503
119,1,119,1.3755791187286377
120,1,120,1.4501004219055176
121,1,121,1.4441521167755127
122,1,122,1.4190893173217773
123,1,123,1.6783334016799927
124,1,124,1.4750183820724487
125,1,125,1.5214109420776367
126,1,126,1.370861530303955
127,1,127,1.4218108654022217
128,1,128,1.5107401609420776
129,1,129,1.454530954360962
130,1,130,1.3903822898864746
131,1,131,1.4354228973388672
132,1,132,1.3365049362182617
133,1,133,1.3133808374404907
134,1,134,1.4057252407073975
135,1,135,1.4639960527420044
136,1,136,1.338302493095398
137,1,137,1.5222289562225342
138,1,138,1.3781689405441284
139,1,139,1.4878140687942505
140,1,140,1.4867863655090332
141,1,141,1.298303246498108
142,1,142,1.4095206260681152
143,1,143,1.3707865476608276
144,1,144,1.3808807134628296
145,1,145,1.321068286895752
146,1,146,1.4565821886062622
147,1,147,1.3425660133361816
148,1,148,1.2410459518432617
149,1,149,1.5254162549972534
150,1,150,1.3863011598587036
151,1,151,1.4759817123413086
152,1,152,1.4306532144546509
153,1,153,1.3432255983352661
154,1,154,1.2904090881347656
155,1,155,1.6358997821807861
156,1,156,1.39510977268219
157,1,157,1.4243782758712769
158,1,158,1.352770447731018
159,1,159,1.4769041538238525
160,1,160,1.426626205444336
161,1,161,1.47989022731781
162,1,162,1.4364228248596191
163,1,163,1.4688767194747925
164,1,164,1.330462098121643
165,1,165,1.3551162481307983
166,1,166,1.2470017671585083
167,1,167,1.2265976667404175
168,1,168,1.3848366737365723
169,1,169,1.2449429035186768
170,1,170,1.3533661365509033
171,1,171,1.3217792510986328
172,1,172,1.3281577825546265
173,1,173,1.3283692598342896
174,1,174,1.182783603668213
175,1,175,1.3574297428131104
176,1,176,1.289865493774414
177,1,177,1.2178211212158203
178,1,178,1.252556324005127
179,1,179,1.1762560606002808
180,1,180,1.1872951984405518
181,1,181,1.2751641273498535
182,1,182,1.342400312423706
183,1,183,1.28841233253479
184,1,184,1.4315645694732666
185,1,185,1.1795047521591187
186,1,186,1.5014424324035645
187,1,187,1.4207340478897095
188,1,188,1.355826735496521
189,1,189,1.1708688735961914
190,1,190,1.3076540231704712
191,1,191,1.3424832820892334
192,1,192,1.3047020435333252
193,1,193,1.506847620010376
194,1,194,1.4511348009109497
195,1,195,1.2772260904312134
196,1,196,1.2427260875701904
197,1,197,1.1548024415969849
198,1,198,1.2614781856536865
199,1,199,1.1953465938568115
200,1,200,1.2344610691070557
201,1,201,1.3955036401748657
202,1,202,1.5055170059204102
203,1,203,1.3090243339538574
204,1,204,1.2837225198745728
205,1,205,1.204765796661377
206,1,206,1.3469642400741577
207,1,207,1.176712989807129
208,1,208,1.1567586660385132
209,1,209,1.4242421388626099
210,1,210,1.083063006401062
211,1,211,1.24503493309021
212,1,212,1.1464039087295532
213,1,213,1.16396164894104
214,1,214,1.3045322895050049
215,1,215,1.307212233543396
216,1,216,1.2078063488006592
217,1,217,1.3164387941360474
218,1,218,1.2076674699783325
219,1,219,1.1572091579437256
220,1,220,1.311109185218811
221,1,221,1.2769449949264526
222,1,222,1.0971004962921143
223,1,223,1.2431694269180298
224,1,224,1.1753325462341309
225,1,225,1.2424938678741455
226,1,226,1.290549397468567
227,1,227,1.020573377609253
228,1,228,1.3348751068115234
229,1,229,1.1093910932540894
230,1,230,1.0943193435668945
231,1,231,1.2067362070083618
232,1,232,1.310800313949585
233,1,233,1.1782959699630737
234,1,234,1.3306567668914795
235,1,235,1.1446150541305542
236,1,236,1.114149808883667
237,1,237,1.1256287097930908
238,1,238,1.280385971069336
239,1,239,1.3294378519058228
240,1,240,1.316965103149414
241,1,241,1.1141059398651123
242,1,242,1.1355968713760376
243,1,243,1.1637665033340454
244,1,244,1.1965713500976562
245,1,245,1.1205030679702759
246,1,246,1.0714454650878906
247,1,247,1.1862531900405884
248,1,248,1.239271879196167
249,1,249,1.0319466590881348
250,1,250,1.3687316179275513
251,1,251,1.1440436840057373
252,1,252,1.0928356647491455
253,1,253,1.194332242012024
254,1,254,0.9434572458267212
255,1,255,1.4596221446990967
256,1,256,1.290727138519287
257,1,257,1.0826711654663086
258,1,258,1.2953006029129028
259,1,259,1.135384440422058
260,1,260,1.224054217338562
261,1,261,1.1691974401474
262,1,262,1.1744046211242676
263,1,263,1.1179888248443604
264,1,264,1.0367258787155151
265,1,265,1.2259584665298462
266,1,266,1.339836835861206
267,1,267,1.037894606590271
268,1,268,1.1076010465621948
269,1,269,1.4323084354400635
270,1,270,1.3568769693374634
271,1,271,1.1413758993148804
272,1,272,1.1652061939239502
273,1,273,1.2528597116470337
274,1,274,1.1226987838745117
275,1,275,1.3475701808929443
276,1,276,1.1225955486297607
277,1,277,1.2866755723953247
278,1,278,1.1714563369750977
279,1,279,1.090145468711853
280,1,280,1.0900681018829346
281,1,281,1.349935531616211
282,1,282,1.179810643196106
283,1,283,1.2715933322906494
284,1,284,1.1720035076141357
285,1,285,1.0837452411651611
286,1,286,1.1430891752243042
287,1,287,1.3225017786026
288,1,288,1.2303904294967651
289,1,289,1.3019931316375732
290,1,290,1.0110793113708496
291,1,291,1.3133137226104736
292,1,292,1.3034217357635498
293,1,293,1.0322041511535645
294,1,294,1.0973140001296997
295,1,295,1.0385547876358032
296,1,296,1.2023704051971436
297,1,297,1.2522298097610474
298,1,298,1.0806890726089478
299,1,299,1.1694446802139282
300,1,300,1.2531747817993164
301,1,301,1.1432981491088867
302,1,302,1.1315165758132935
303,1,303,1.1555484533309937
304,1,304,1.0108562707901
305,1,305,1.205962061882019
306,1,306,0.9669438600540161
307,1,307,1.0336569547653198
308,1,308,1.0683867931365967
309,1,309,1.2307813167572021
310,1,310,1.1760622262954712
311,1,311,1.13173508644104
312,1,312,1.0089256763458252
313,1,313,1.0525811910629272
314,1,314,1.1414752006530762
315,1,315,1.0878665447235107
316,1,316,0.9997773170471191
317,1,317,1.0013152360916138
318,1,318,1.1457605361938477
319,1,319,1.1474707126617432
320,1,320,1.045192003250122
321,1,321,1.2720654010772705
322,1,322,1.2598265409469604
323,1,323,1.161993384361267
324,1,324,0.9423354864120483
325,1,325,1.044573426246643
326,1,326,1.2347608804702759
327,1,327,1.1836124658584595
328,1,328,1.054880142211914
329,1,329,1.0396709442138672
330,1,330,1.013100266456604
331,1,331,1.1113224029541016
332,1,332,1.1443252563476562
333,1,333,0.9671728610992432
334,1,334,1.1290109157562256
335,1,335,1.1605470180511475
336,1,336,1.0876657962799072
337,1,337,0.9601706862449646
338,1,338,1.1689528226852417
339,1,339,1.1581146717071533
340,1,340,1.113787055015564
341,1,341,1.049776554107666
342,1,342,0.9588470458984375
343,1,343,1.1588449478149414
344,1,344,1.0585143566131592
345,1,345,1.083196759223938
346,1,346,1.0422180891036987
347,1,347,1.1227604150772095
348,1,348,1.046466588973999
349,1,349,1.0170422792434692
350,1,350,0.9164320230484009
351,1,351,0.9364710450172424
352,1,352,1.11716628074646
353,1,353,1.084729552268982
354,1,354,1.2277345657348633
355,1,355,1.1276378631591797
356,1,356,1.3239636421203613
357,1,357,1.0026904344558716
358,1,358,1.1097655296325684
359,1,359,1.1600958108901978
360,1,360,1.0886280536651611
361,1,361,1.2843427658081055
362,1,362,1.0514914989471436
363,1,363,1.0410666465759277
364,1,364,1.2165584564208984
365,1,365,1.2038216590881348
366,1,366,1.0426626205444336
367,1,367,1.0423027276992798
368,1,368,1.0072317123413086
369,1,369,1.0236167907714844
370,1,370,1.0266069173812866
371,1,371,1.0412957668304443
372,1,372,1.0964491367340088
373,1,373,0.9574644565582275
374,1,374,1.0159187316894531
375,1,375,1.0350086688995361
376,1,376,1.069969654083252
377,1,377,0.9802460074424744
378,1,378,1.086463451385498
379,1,379,1.1197561025619507
380,1,380,1.0654939413070679
381,1,381,1.0305745601654053
382,1,382,1.1440014839172363
383,1,383,0.6627050042152405
384,1,384,0.9559081196784973
385,1,385,1.1774442195892334
386,1,386,1.2483872175216675
387,1,387,1.0236660242080688
388,1,388,1.004029631614685
389,1,389,1.0377470254898071
390,1,390,1.0095739364624023
391,1,391,0.878564715385437
392,2,1,0.8854427933692932
393,2,2,0.9745075702667236
394,2,3,0.8895477652549744
395,2,4,0.9570339322090149
396,2,5,0.8401520848274231
397,2,6,0.8958939909934998
398,2,7,0.9808283448219299
399,2,8,0.9164822697639465
400,2,9,1.03097665309906
401,2,10,0.9569547772407532
402,2,11,1.052323818206787
403,2,12,1.286935567855835
404,2,13,0.9419706463813782
405,2,14,1.1922242641448975
406,2,15,0.9493529200553894
407,2,16,1.1921483278274536
408,2,17,0.8729859590530396
409,2,18,0.9005869626998901
410,2,19,0.9013576507568359
411,2,20,0.8044965267181396
412,2,21,0.9317152500152588
413,2,22,0.9625154733657837
414,2,23,0.864758312702179
415,2,24,0.9044262766838074
416,2,25,1.0447767972946167
417,2,26,1.0629101991653442
418,2,27,1.0998502969741821
419,2,28,1.0539206266403198
420,2,29,1.025835633277893
421,2,30,0.8238921165466309
422,2,31,1.096145510673523
423,2,32,0.9670019745826721
424,2,33,0.9933242201805115
425,2,34,0.9330818057060242
426,2,35,1.1096271276474
427,2,36,0.9251437187194824
428,2,37,0.7697875499725342
429,2,38,0.8836440443992615
430,2,39,1.1405065059661865
431,2,40,0.9625275135040283
432,2,41,1.0058646202087402
433,2,42,0.9649702310562134
434,2,43,0.9248684644699097
435,2,44,1.0178500413894653
436,2,45,0.9552727937698364
437,2,46,0.9186164140701294
438,2,47,1.027904987335205
439,2,48,1.148546814918518
440,2,49,0.880507230758667
441,2,50,1.0231375694274902
442,2,51,0.8806015253067017
443,2,52,0.8157780170440674
444,2,53,1.061842441558838
445,2,54,0.8518643975257874
446,2,55,0.8170914053916931
447,2,56,1.022765040397644
448,2,57,0.9262937903404236
449,2,58,1.013756513595581
450,2,59,1.0005954504013062
451,2,60,1.0316790342330933
452,2,61,0.7399879097938538
453,2,62,1.1097246408462524
454,2,63,1.027984380722046
455,2,64,0.8773784637451172
456,2,65,0.8974263668060303
457,2,66,0.9267932772636414
458,2,67,1.062117099761963
459,2,68,0.9450771808624268
460,2,69,0.9549968242645264
461,2,70,0.8812457323074341
462,2,71,0.9534091949462891
463,2,72,1.0109515190124512
464,2,73,1.1496410369873047
465,2,74,0.9964450597763062
466,2,75,0.9654300212860107
467,2,76,1.1037628650665283
468,2,77,0.8414182066917419
469,2,78,0.9067534804344177
470,2,79,0.957624614238739
471,2,80,0.9422187209129333
472,2,81,0.8843952417373657
473,2,82,0.9336264133453369
474,2,83,0.924864649772644
475,2,84,0.913280189037323
476,2,85,1.008933663368225
477,2,86,1.1170213222503662
478,2,87,0.8731598854064941
479,2,88,0.8050366640090942
480,2,89,0.8131026029586792
481,2,90,0.838833212852478
482,2,91,0.8813934326171875
483,2,92,0.990127682685852
484,2,93,0.8407526612281799
485,2,94,1.08816397190094
486,2,95,1.047554612159729
487,2,96,0.849412739276886
488,2,97,1.0719503164291382
489,2,98,0.7966556549072266
490,2,99,0.8939774632453918
491,2,100,0.8244461417198181
492,2,101,1.0407133102416992
493,2,102,0.919426441192627
494,2,103,0.8384825587272644
495,2,104,0.8462852239608765
496,2,105,1.038797378540039
497,2,106,1.1237772703170776
498,2,107,1.0358322858810425
499,2,108,0.8976675868034363
500,2,109,0.9960576295852661
501,2,110,0.7567546367645264
502,2,111,0.9163866639137268
503,2,112,0.748173713684082
504,2,113,1.04168701171875
505,2,114,0.960532546043396
506,2,115,0.9354392886161804
507,2,116,0.7392941117286682
508,2,117,0.8905265927314758
509,2,118,0.9118221998214722
510,2,119,0.796097993850708
511,2,120,0.9116629958152771
512,2,121,0.899078369140625
513,2,122,0.9444416761398315
514,2,123,0.786558985710144
515,2,124,0.9088406562805176
516,2,125,0.9515405297279358
517,2,126,0.8041853308677673
518,2,127,0.887650728225708
519,2,128,0.8856027722358704
520,2,129,0.9691126346588135
521,2,130,0.8385346531867981
522,2,131,0.9610603451728821
523,2,132,0.8224965929985046
524,2,133,0.8558183312416077
525,2,134,0.9613108038902283
526,2,135,0.907301664352417
527,2,136,0.8537145256996155
528,2,137,0.8689082264900208
529,2,138,0.8241618871688843
530,2,139,0.9227876663208008
531,2,140,0.6684828400611877
532,2,141,1.0765044689178467
533,2,142,0.9940330386161804
534,2,143,0.7596525549888611
535,2,144,0.8665407299995422
536,2,145,0.9149615168571472
537,2,146,0.904266357421875
538,2,147,0.9449585676193237
539,2,148,0.8245139122009277
540,2,149,0.9099888801574707
541,2,150,0.773988664150238
542,2,151,0.9454108476638794
543,2,152,0.7140867114067078
544,2,153,0.9133058786392212
545,2,154,1.1552459001541138
546,2,155,0.8240660429000854
547,2,156,0.8055777549743652
548,2,157,0.7724985480308533
549,2,158,0.9287386536598206
550,2,159,0.9722042083740234
551,2,160,0.9658008813858032
552,2,161,1.0547500848770142
553,2,162,0.8092296719551086
554,2,163,0.9672067761421204
555,2,164,0.9032318592071533
556,2,165,0.8059747219085693
557,2,166,0.971594512462616
558,2,167,0.821624755859375
559,2,168,0.7231868505477905
560,2,169,0.9380753040313721
561,2,170,0.9976561665534973
562,2,171,0.8720123767852783
563,2,172,0.9647384881973267
564,2,173,0.8337547183036804
565,2,174,0.8383781313896179
566,2,175,0.754554271697998
567,2,176,0.9421770572662354
568,2,177,0.8553299903869629
569,2,178,0.7239818572998047
570,2,179,0.7687883973121643
571,2,180,0.8853193521499634
572,2,181,0.8261387944221497
573,2,182,0.7278262972831726
574,2,183,0.8236938714981079
575,2,184,0.9515661001205444
576,2,185,0.9340019226074219
577,2,186,0.9011659622192383
578,2,187,0.9964784979820251
579,2,188,0.8021068572998047
580,2,189,0.8769093751907349
581,2,190,0.9204239249229431
582,2,191,0.9040462374687195
583,2,192,0.8043167591094971
584,2,193,0.9141489267349243
585,2,194,1.0065293312072754
586,2,195,0.9008456468582153
587,2,196,0.8776289224624634
588,2,197,0.8509721159934998
589,2,198,0.8430649042129517
590,2,199,0.7382809519767761
591,2,200,0.9973635077476501
592,2,201,0.8887307047843933
593,2,202,0.6996042728424072
594,2,203,1.0227824449539185
595,2,204,0.9754588603973389
596,2,205,0.8161190152168274
597,2,206,1.2167166471481323
598,2,207,0.8046348690986633
599,2,208,0.9434825778007507
600,2,209,0.7902988195419312
601,2,210,1.0619267225265503
602,2,211,0.7440425157546997
603,2,212,0.8608705401420593
604,2,213,0.917853593826294
605,2,214,0.859091579914093
606,2,215,0.8488831520080566
607,2,216,0.8373557925224304
608,2,217,0.8287222385406494
609,2,218,0.8875190615653992
610,2,219,0.8963087201118469
611,2,220,0.8920342922210693
612,2,221,0.8284202218055725
613,2,222,0.7992671132087708
614,2,223,0.6697896718978882
615,2,224,0.7347095012664795
616,2,225,0.7241494059562683
617,2,226,0.7991511821746826
618,2,227,0.6836849451065063
619,2,228,0.8015642762184143
620,2,229,0.9195687174797058
621,2,230,0.8544104099273682
622,2,231,0.9762462377548218
623,2,232,0.8927451372146606
624,2,233,0.9648773670196533
625,2,234,0.7992947697639465
626,2,235,0.9251785278320312
627,2,236,0.9689458012580872
628,2,237,0.9262874126434326
629,2,238,0.8206821084022522
630,2,239,0.9421023726463318
631,2,240,0.8159400224685669
632,2,241,0.892961323261261
633,2,242,0.8304998278617859
634,2,243,1.0907974243164062
635,2,244,0.7643901109695435
636,2,245,0.9048190712928772
637,2,246,0.9609551429748535
638,2,247,0.8081586956977844
639,2,248,0.8018018007278442
640,2,249,0.8451929092407227
641,2,250,0.8387524485588074
642,2,251,0.8322998285293579
643,2,252,1.0412689447402954
644,2,253,0.7939369678497314
645,2,254,0.7478833794593811
646,2,255,0.9386629462242126
647,2,256,0.673202633857727
648,2,257,0.8170681595802307
649,2,258,0.9458164572715759
650,2,259,0.9766955971717834
651,2,260,0.7386709451675415
652,2,261,0.9384340643882751
653,2,262,0.8206720352172852
654,2,263,0.6448398232460022
655,2,264,0.8289382457733154
656,2,265,0.6959543824195862
657,2,266,0.6964658498764038
658,2,267,0.7659178376197815
659,2,268,0.8373503088951111
660,2,269,0.8603725433349609
661,2,270,0.7373360395431519
662,2,271,0.8868746161460876
663,2,272,0.9271979331970215
664,2,273,0.5782776474952698
665,2,274,0.8794825673103333
666,2,275,0.874957799911499
667,2,276,0.9120966196060181
668,2,277,0.6452804803848267
669,2,278,0.8141016960144043
670,2,279,0.7675016522407532
671,2,280,0.6591295599937439
672,2,281,0.7116891741752625
673,2,282,0.7368960380554199
674,2,283,0.7402842044830322
675,2,284,0.8898407220840454
676,2,285,0.8270931839942932
677,2,286,0.7746874690055847
678,2,287,0.8261200785636902
679,2,288,0.6869845986366272
680,2,289,1.0413438081741333
681,2,290,0.5901619791984558
682,2,291,0.8003248572349548
683,2,292,0.7713406682014465
684,2,293,0.7527366876602173
685,2,294,0.9587094783782959
686,2,295,0.732260525226593
687,2,296,0.8035298585891724
688,2,297,0.65155029296875
689,2,298,0.8369278907775879
690,2,299,0.866567850112915
691,2,300,0.7145996689796448
692,2,301,0.7428835034370422
693,2,302,0.8660596013069153
694,2,303,0.8769087791442871
695,2,304,0.7504128217697144
696,2,305,0.7037151455879211
697,2,306,0.7903138399124146
698,2,307,0.7656205296516418
699,2,308,0.847571849822998
700,2,309,0.8245913982391357
701,2,310,0.7940180897712708
702,2,311,0.764326274394989
703,2,312,0.716462254524231
704,2,313,0.8622922301292419
705,2,314,0.8807803988456726
706,2,315,0.9092196226119995
707,2,316,0.783251941204071
708,2,317,0.8675848245620728
709,2,318,1.0132038593292236
710,2,319,0.8005656599998474
711,2,320,0.7447041273117065
712,2,321,0.7374989986419678
713,2,322,0.7195614576339722
714,2,323,0.9122018814086914
715,2,324,0.8850804567337036
716,2,325,0.7836059331893921
717,2,326,0.6978808045387268
718,2,327,0.9790722727775574
719,2,328,0.882854163646698
720,2,329,0.8547146916389465
721,2,330,0.9073931574821472
722,2,331,0.859392523765564
723,2,332,0.7378259897232056
724,2,333,0.826073408126831
725,2,334,0.742914617061615
726,2,335,0.7203282713890076
727,2,336,0.9093484878540039
728,2,337,0.8076813817024231
729,2,338,0.7550638914108276
730,2,339,0.7995569109916687
731,2,340,0.77386873960495
732,2,341,0.8644172549247742
733,2,342,0.8031606078147888
734,2,343,0.8018709421157837
735,2,344,0.820220947265625
736,2,345,1.0127185583114624
737,2,346,0.7105243802070618
738,2,347,0.8026302456855774
739,2,348,0.7132846713066101
740,2,349,0.9579501748085022
741,2,350,0.9307733774185181
742,2,351,0.7794760465621948
743,2,352,0.9549527168273926
744,2,353,0.7521027326583862
745,2,354,0.9309529662132263
746,2,355,0.7208013534545898
747,2,356,0.841410219669342
748,2,357,0.6192904710769653
749,2,358,0.74934983253479
750,2,359,0.6500440239906311
751,2,360,0.7643681168556213
752,2,361,0.8939339518547058
753,2,362,0.8431517481803894
754,2,363,0.6335102915763855
755,2,364,0.7561094760894775
756,2,365,0.685903012752533
757,2,366,0.7647692561149597
758,2,367,0.6968680024147034
759,2,368,0.6193088889122009
760,2,369,0.7412976026535034
761,2,370,0.8240472674369812
762,2,371,0.6913015246391296
763,2,372,0.7792582511901855
764,2,373,0.8861675262451172
765,2,374,0.803533673286438
766,2,375,0.8825340270996094
767,2,376,0.7448202967643738
768,2,377,0.969177782535553
769,2,378,0.6884056329727173
770,2,379,0.9558752775192261
771,2,380,0.7170596718788147
772,2,381,0.6761726140975952
773,2,382,0.8250201344490051
774,2,383,0.6451516151428223
775,2,384,0.8246597647666931
776,2,385,0.7693346738815308
777,2,386,0.8127800822257996
778,2,387,0.9005748629570007
779,2,388,0.7106958031654358
780,2,389,0.7097126245498657
781,2,390,0.7647871375083923
782,2,391,0.8975924253463745
783,3,1,0.5279383063316345
784,3,2,0.6823087334632874
785,3,3,0.6948569416999817
786,3,4,0.6739769577980042
787,3,5,0.6584691405296326
788,3,6,0.6101930141448975
789,3,7,0.669223427772522
790,3,8,0.6138957142829895
791,3,9,0.7342854142189026
792,3,10,0.6794041991233826
793,3,11,0.8260172009468079
794,3,12,0.45269933342933655
795,3,13,0.7213214039802551
796,3,14,0.6563525795936584
797,3,15,0.7408483028411865
798,3,16,0.545159101486206
799,3,17,0.7996057271957397
800,3,18,0.7535317540168762
801,3,19,0.6873829364776611
802,3,20,0.6159697771072388
803,3,21,0.5951918363571167
804,3,22,0.5078434348106384
805,3,23,0.7779717445373535
806,3,24,0.768191933631897
807,3,25,0.5369366407394409
808,3,26,0.6702554225921631
809,3,27,0.6802010536193848
810,3,28,0.6046554446220398
811,3,29,0.8240827918052673
812,3,30,0.7548511028289795
813,3,31,0.5211083292961121
814,3,32,0.6838043928146362
815,3,33,0.7486515045166016
816,3,34,0.5628957748413086
817,3,35,0.6146986484527588
818,3,36,0.6209449172019958
819,3,37,0.6505013704299927
820,3,38,0.7982698678970337
821,3,39,0.6641564965248108
822,3,40,0.7645299434661865
823,3,41,0.6515280604362488
824,3,42,0.774612545967102
825,3,43,0.8030445575714111
826,3,44,0.8442676663398743
827,3,45,0.7285313010215759
828,3,46,0.6455587148666382
829,3,47,0.7289860844612122
830,3,48,0.8090634346008301
831,3,49,0.7329776883125305
832,3,50,0.8475049138069153
833,3,51,0.5877611041069031
834,3,52,0.9330620169639587
835,3,53,0.6134042739868164
836,3,54,0.771580159664154
837,3,55,0.7022068500518799
838,3,56,0.5680382251739502
839,3,57,0.7914770245552063
840,3,58,0.8944205045700073
841,3,59,0.838617205619812
842,3,60,0.6665893197059631
843,3,61,0.7238479852676392
844,3,62,0.6855286359786987
845,3,63,0.7358934879302979
846,3,64,0.7501638531684875
847,3,65,0.8298997282981873
848,3,66,0.757052481174469
849,3,67,0.7401422262191772
850,3,68,0.6370002627372742
851,3,69,0.6940762400627136
852,3,70,0.6593446135520935
853,3,71,0.7000386714935303
854,3,72,0.5835902690887451
855,3,73,0.7155148983001709
856,3,74,0.5563562512397766
857,3,75,0.6319937705993652
858,3,76,0.7770624160766602
859,3,77,0.7496381402015686
860,3,78,0.8027033805847168
861,3,79,0.8245795369148254
862,3,80,0.7093350291252136
863,3,81,0.7209379076957703
864,3,82,0.7394479513168335
865,3,83,0.7100711464881897
866,3,84,0.6717145442962646
867,3,85,0.7214351296424866
868,3,86,0.6565982699394226
869,3,87,0.8654299974441528
870,3,88,0.7142280340194702
871,3,89,0.7170389294624329
872,3,90,0.6992557644844055
873,3,91,0.7014957666397095
874,3,92,0.7698535323143005
875,3,93,0.8623980283737183
876,3,94,0.6522281169891357
877,3,95,0.7110930681228638
878,3,96,0.5898884534835815
879,3,97,0.7182976603507996
880,3,98,0.7445839643478394
881,3,99,0.7091631889343262
882,3,100,0.6878662109375
883,3,101,0.7221554517745972
884,3,102,0.7706084251403809
885,3,103,0.7653337717056274
886,3,104,0.6547049283981323
887,3,105,0.683931291103363
888,3,106,0.8039940595626831
889,3,107,0.9104056358337402
890,3,108,0.6835349798202515
891,3,109,0.7023249268531799
892,3,110,0.6123613119125366
893,3,111,0.5411984920501709
894,3,112,0.7061756253242493
895,3,113,0.6518557071685791
896,3,114,0.546919584274292
897,3,115,0.600796639919281
898,3,116,0.5949590802192688
899,3,117,0.7244651317596436
900,3,118,0.7113312482833862
901,3,119,0.6190966963768005
902,3,120,0.8118945956230164
903,3,121,0.5536489486694336
904,3,122,0.652928352355957
905,3,123,0.7243505716323853
906,3,124,0.7612376809120178
907,3,125,0.7317931652069092
908,3,126,0.7287880778312683
909,3,127,0.8047372698783875
910,3,128,0.7129777073860168
911,3,129,0.5385733246803284
912,3,130,0.8490433096885681
913,3,131,0.6772624850273132
914,3,132,0.6780866980552673
915,3,133,0.5402520895004272
916,3,134,0.5610801577568054
917,3,135,0.6444751024246216
918,3,136,0.5898695588111877
919,3,137,0.6433603167533875
920,3,138,0.7074518203735352
921,3,139,0.6816507577896118
922,3,140,0.9039053916931152
923,3,141,0.7114905118942261
924,3,142,0.8016486763954163
925,3,143,0.6704410910606384
926,3,144,0.70060133934021
927,3,145,0.7021476626396179
928,3,146,0.6189460754394531
929,3,147,0.7463873028755188
930,3,148,0.48731905221939087
931,3,149,0.7346118688583374
932,3,150,0.7386910915374756
933,3,151,0.6467233300209045
934,3,152,0.7414537072181702
935,3,153,0.6135900020599365
936,3,154,0.6406815052032471
937,3,155,0.5953826308250427
938,3,156,0.6279341578483582
939,3,157,0.6420325636863708
940,3,158,0.6655943989753723
941,3,159,0.5623047947883606
942,3,160,0.8620694875717163
943,3,161,0.7025931477546692
944,3,162,0.6242768168449402
945,3,163,0.5528566241264343
946,3,164,0.697083592414856
947,3,165,0.7154415845870972
948,3,166,0.7209039330482483
949,3,167,0.6518193483352661
950,3,168,0.581699788570404
951,3,169,0.5642960071563721
952,3,170,0.5564330220222473
953,3,171,0.7808803915977478
954,3,172,0.7633336782455444
955,3,173,0.7096599340438843
956,3,174,0.7225868701934814
957,3,175,0.7844857573509216
958,3,176,0.6516813635826111
959,3,177,0.7502744197845459
960,3,178,0.5389633774757385
961,3,179,0.6289101243019104
962,3,180,0.7018579840660095
963,3,181,0.6520611047744751
964,3,182,0.7621883153915405
965,3,183,0.6464408040046692
966,3,184,0.617267370223999
967,3,185,0.634670615196228
968,3,186,0.7476859092712402
969,3,187,0.5306693911552429
970,3,188,0.6287194490432739
971,3,189,0.7126269936561584
972,3,190,0.6400807499885559
973,3,191,0.8507658839225769
974,3,192,0.678378164768219
975,3,193,0.5811720490455627
976,3,194,0.6697072982788086
977,3,195,0.6195812225341797
978,3,196,0.6893448829650879
979,3,197,0.7877303957939148
980,3,198,0.46556559205055237
981,3,199,0.7568438053131104
982,3,200,0.6071850061416626
983,3,201,0.6241174936294556
984,3,202,0.7101271152496338
985,3,203,0.8238105177879333
986,3,204,0.5422578454017639
987,3,205,0.6939778923988342
988,3,206,0.7273374199867249
989,3,207,0.6496387720108032
990,3,208,0.7953883409500122
991,3,209,0.7080002427101135
992,3,210,0.709195077419281
993,3,211,0.8259587287902832
994,3,212,0.6115542650222778
995,3,213,0.5684967637062073
996,3,214,0.6495367884635925
997,3,215,0.583177924156189
998,3,216,0.6496949195861816
999,3,217,0.8983893990516663
1000,3,218,0.6230608224868774
1001,3,219,0.46283602714538574
1002,3,220,0.6121249198913574
1003,3,221,0.7238439321517944
1004,3,222,0.6799187660217285
1005,3,223,0.6594102382659912
1006,3,224,0.674646258354187
1007,3,225,0.6509711146354675
1008,3,226,0.7127612829208374
1009,3,227,0.7228841185569763
1010,3,228,0.7397328019142151
1011,3,229,0.6393060684204102
1012,3,230,0.5429324507713318
1013,3,231,0.7018814086914062
1014,3,232,0.6817338466644287
1015,3,233,0.653186559677124
1016,3,234,0.6846904158592224
1017,3,235,0.835120677947998
1018,3,236,0.8449442386627197
1019,3,237,0.7646903991699219
1020,3,238,0.6745253801345825
1021,3,239,0.5554684996604919
1022,3,240,0.6346224546432495
1023,3,241,0.5884423851966858
1024,3,242,0.57757169008255
1025,3,243,0.8202448487281799
1026,3,244,0.6472499370574951
1027,3,245,0.7770861387252808
1028,3,246,0.6443010568618774
1029,3,247,0.5976489186286926
1030,3,248,0.6503912210464478
1031,3,249,0.5927165150642395
1032,3,250,0.46988698840141296
1033,3,251,0.5903175473213196
1034,3,252,0.45165184140205383
1035,3,253,0.8036789298057556
1036,3,254,0.6466134190559387
1037,3,255,0.6791465282440186
1038,3,256,0.646546483039856
1039,3,257,0.7111462354660034
1040,3,258,0.6204336285591125
1041,3,259,0.668265163898468
1042,3,260,0.5157866477966309
1043,3,261,0.607921302318573
1044,3,262,0.7700262069702148
1045,3,263,0.6624571681022644
1046,3,264,0.5397204160690308
1047,3,265,0.7810676693916321
1048,3,266,0.8278872966766357
1049,3,267,0.7116998434066772
1050,3,268,0.7700999975204468
1051,3,269,0.8725193738937378
1052,3,270,0.5500949621200562
1053,3,271,0.6560275554656982
1054,3,272,0.7260671257972717
1055,3,273,0.6124166250228882
1056,3,274,0.6479436755180359
1057,3,275,0.6253097653388977
1058,3,276,0.608443021774292
1059,3,277,0.6169437170028687
1060,3,278,0.6001464128494263
1061,3,279,0.5423510670661926
1062,3,280,0.7723882794380188
1063,3,281,0.7195167541503906
1064,3,282,0.6847158670425415
1065,3,283,0.512771487236023
1066,3,284,0.6851997971534729
1067,3,285,0.5310192704200745
1068,3,286,0.6293928027153015
1069,3,287,0.6464344263076782
1070,3,288,0.5767601132392883
1071,3,289,0.6988796591758728
1072,3,290,0.5076093673706055
1073,3,291,0.6607723236083984
1074,3,292,0.8414260745048523
1075,3,293,0.6299336552619934
1076,3,294,0.45914986729621887
1077,3,295,0.6008562445640564
1078,3,296,0.6325576305389404
1079,3,297,0.6356201767921448
1080,3,298,0.6993509531021118
1081,3,299,0.5545490980148315
1082,3,300,0.5665111541748047
1083,3,301,0.6643964648246765
1084,3,302,0.5983154773712158
1085,3,303,0.8818341493606567
1086,3,304,0.540473997592926
1087,3,305,0.6948084235191345
1088,3,306,0.5427830219268799
1089,3,307,0.7121005654335022
1090,3,308,0.8074548840522766
1091,3,309,0.571304202079773
1092,3,310,0.655571460723877
1093,3,311,0.5588399171829224
1094,3,312,0.6754280924797058
1095,3,313,0.6668044328689575
1096,3,314,0.7148303985595703
1097,3,315,0.5083348751068115
1098,3,316,0.6705862283706665
1099,3,317,0.5623877048492432
1100,3,318,0.47562068700790405
1101,3,319,0.6415054202079773
1102,3,320,0.6450483798980713
1103,3,321,0.6709158420562744
1104,3,322,0.6035187840461731
1105,3,323,0.6086622476577759
1106,3,324,0.5813842415809631
1107,3,325,0.5052080750465393
1108,3,326,0.6283630728721619
1109,3,327,0.6554356813430786
1110,3,328,0.7311394810676575
1111,3,329,0.6714073419570923
1112,3,330,0.7774056196212769
1113,3,331,0.6757515668869019
1114,3,332,0.5505033135414124
1115,3,333,0.47270122170448303
1116,3,334,0.5869156718254089
1117,3,335,0.5668346881866455
1118,3,336,0.6092332005500793
1119,3,337,0.5661311745643616
1120,3,338,0.6311870813369751
1121,3,339,0.5473054647445679
1122,3,340,0.7569046020507812
1123,3,341,0.7301023006439209
1124,3,342,0.656363308429718
1125,3,343,0.6191727519035339
1126,3,344,0.5583987832069397
1127,3,345,0.6571791172027588
1128,3,346,0.6167110800743103
1129,3,347,0.7634258270263672
1130,3,348,0.6762192249298096
1131,3,349,0.5511170625686646
1132,3,350,0.6371975541114807
1133,3,351,0.5486729741096497
1134,3,352,0.602668821811676
1135,3,353,0.5776998400688171
1136,3,354,0.6499530076980591
1137,3,355,0.7414911389350891
1138,3,356,0.5827950239181519
1139,3,357,0.6023343205451965
1140,3,358,0.7850925326347351
1141,3,359,0.5527476072311401
1142,3,360,0.5822129249572754
1143,3,361,0.587209939956665
1144,3,362,0.5775368213653564
1145,3,363,0.556175947189331
1146,3,364,0.6825615763664246
1147,3,365,0.6040929555892944
1148,3,366,0.8966059684753418
1149,3,367,0.7450258731842041
1150,3,368,0.5444965958595276
1151,3,369,0.5692947506904602
1152,3,370,0.6073055267333984
1153,3,371,0.8059982061386108
1154,3,372,0.4421912133693695
1155,3,373,0.6040985584259033
1156,3,374,0.5841474533081055
1157,3,375,0.7766123414039612
1158,3,376,0.737007200717926
1159,3,377,0.5988539457321167
1160,3,378,0.647413969039917
1161,3,379,0.5023322701454163
1162,3,380,0.5988692045211792
1163,3,381,0.47633951902389526
1164,3,382,0.633787989616394
1165,3,383,0.7430770993232727
1166,3,384,0.5311946868896484
1167,3,385,0.6311330199241638
1168,3,386,0.6971874237060547
1169,3,387,0.6761071681976318
1170,3,388,0.8086281418800354
1171,3,389,0.6335167288780212
1172,3,390,0.54704749584198
1173,3,391,0.5581770539283752
1174,4,1,0.4496103823184967
1175,4,2,0.4558495581150055
1176,4,3,0.7003231644630432
1177,4,4,0.6296789050102234
1178,4,5,0.49699312448501587
1179,4,6,0.6985870599746704
1180,4,7,0.660892903804779
1181,4,8,0.46778610348701477
1182,4,9,0.49064624309539795
1183,4,10,0.5354147553443909
1184,4,11,0.4645536541938782
1185,4,12,0.5298019647598267
1186,4,13,0.6303934454917908
1187,4,14,0.3913738429546356
1188,4,15,0.5812999606132507
1189,4,16,0.5763178467750549
1190,4,17,0.6130536794662476
1191,4,18,0.43977639079093933
1192,4,19,0.47344890236854553
1193,4,20,0.44043517112731934
1194,4,21,0.4022621810436249
1195,4,22,0.5258595943450928
1196,4,23,0.48373493552207947
1197,4,24,0.7093271613121033
1198,4,25,0.5274351835250854
1199,4,26,0.6071339249610901
1200,4,27,0.5795048475265503
1201,4,28,0.6095710396766663
1202,4,29,0.5763306021690369
1203,4,30,0.5988796949386597
1204,4,31,0.43356725573539734
1205,4,32,0.4160895049571991
1206,4,33,0.6343464255332947
1207,4,34,0.5120615363121033
1208,4,35,0.40109914541244507
1209,4,36,0.6467475295066833
1210,4,37,0.650384247303009
1211,4,38,0.5819346904754639
1212,4,39,0.48885881900787354
1213,4,40,0.5731704831123352
1214,4,41,0.36556509137153625
1215,4,42,0.46718865633010864
1216,4,43,0.6467438340187073
1217,4,44,0.4833429753780365
1218,4,45,0.6795840263366699
1219,4,46,0.6435194611549377
1220,4,47,0.48831692337989807
1221,4,48,0.4728948175907135
1222,4,49,0.429402619600296
1223,4,50,0.40399450063705444
1224,4,51,0.6065444350242615
1225,4,52,0.47721004486083984
1226,4,53,0.3940412104129791
1227,4,54,0.6158208847045898
1228,4,55,0.555329442024231
1229,4,56,0.5568802952766418
1230,4,57,0.6009572744369507
1231,4,58,0.557124674320221
1232,4,59,0.7596680521965027
1233,4,60,0.5823653936386108
1234,4,61,0.5641358494758606
1235,4,62,0.5405668616294861
1236,4,63,0.5172494649887085
1237,4,64,0.45760655403137207
1238,4,65,0.46255117654800415
1239,4,66,0.5042237043380737
1240,4,67,0.4933459460735321
1241,4,68,0.647500216960907
1242,4,69,0.5282078981399536
1243,4,70,0.5912628769874573
1244,4,71,0.4546753466129303
1245,4,72,0.611209511756897
1246,4,73,0.563291609287262
1247,4,74,0.5408961176872253
1248,4,75,0.5206301808357239
1249,4,76,0.5100601315498352
1250,4,77,0.6696017980575562
1251,4,78,0.5833445191383362
1252,4,79,0.4915860891342163
1253,4,80,0.4947587847709656
1254,4,81,0.7520059943199158
1255,4,82,0.47076231241226196
1256,4,83,0.5374326109886169
1257,4,84,0.6409550309181213
1258,4,85,0.6957046389579773
1259,4,86,0.7592176198959351
1260,4,87,0.5589586496353149
1261,4,88,0.6196329593658447
1262,4,89,0.6113464832305908
1263,4,90,0.6599045991897583
1264,4,91,0.43854352831840515
1265,4,92,0.48009493947029114
1266,4,93,0.4972195327281952
1267,4,94,0.5741129517555237
1268,4,95,0.37429580092430115
1269,4,96,0.530764639377594
1270,4,97,0.4225359559059143
1271,4,98,0.5657690763473511
1272,4,99,0.5898571610450745
1273,4,100,0.5841663479804993
1274,4,101,0.48500072956085205
1275,4,102,0.5340526103973389
1276,4,103,0.5244219899177551
1277,4,104,0.5651867985725403
1278,4,105,0.47580280900001526
1279,4,106,0.569024384021759
1280,4,107,0.4807327389717102
1281,4,108,0.4799201786518097
1282,4,109,0.3363822400569916
1283,4,110,0.6415708661079407
1284,4,111,0.47397682070732117
1285,4,112,0.3976748585700989
1286,4,113,0.4412190616130829
1287,4,114,0.4940052032470703
1288,4,115,0.44457289576530457
1289,4,116,0.5989299416542053
1290,4,117,0.5867369174957275
1291,4,118,0.5510069131851196
1292,4,119,0.6343955397605896
1293,4,120,0.581847608089447
1294,4,121,0.695353090763092
1295,4,122,0.5425863265991211
1296,4,123,0.5322273969650269
1297,4,124,0.5069549083709717
1298,4,125,0.5925185680389404
1299,4,126,0.5993847846984863
1300,4,127,0.6266090273857117
1301,4,128,0.4194994866847992
1302,4,129,0.6226919889450073
1303,4,130,0.5837821364402771
1304,4,131,0.47368481755256653
1305,4,132,0.611811101436615
1306,4,133,0.8066174983978271
1307,4,134,0.5155110359191895
1308,4,135,0.47678542137145996
1309,4,136,0.5239328742027283
1310,4,137,0.5283564925193787
1311,4,138,0.6966202855110168
1312,4,139,0.39160820841789246
1313,4,140,0.48313191533088684
1314,4,141,0.6842316389083862
1315,4,142,0.6110773086547852
1316,4,143,0.6437126398086548
1317,4,144,0.7066278457641602
1318,4,145,0.5162481665611267
1319,4,146,0.4377811849117279
1320,4,147,0.6594234704971313
1321,4,148,0.6402881145477295
1322,4,149,0.5755274891853333
1323,4,150,0.4780401587486267
1324,4,151,0.5543734431266785
1325,4,152,0.5367258191108704
1326,4,153,0.4219273626804352
1327,4,154,0.4524780511856079
1328,4,155,0.4783323109149933
1329,4,156,0.5533102750778198
1330,4,157,0.4459371864795685
1331,4,158,0.4720322787761688
1332,4,159,0.577033519744873
1333,4,160,0.571760892868042
1334,4,161,0.5984504222869873
1335,4,162,0.42230522632598877
1336,4,163,0.397561252117157
1337,4,164,0.7196690440177917
1338,4,165,0.4289908707141876
1339,4,166,0.5556180477142334
1340,4,167,0.5696399211883545
1341,4,168,0.6053862571716309
1342,4,169,0.5821919441223145
1343,4,170,0.4307253956794739
1344,4,171,0.35288968682289124
1345,4,172,0.67136150598526
1346,4,173,0.49920326471328735
1347,4,174,0.46016058325767517
1348,4,175,0.5024052858352661
1349,4,176,0.5219742059707642
1350,4,177,0.5103991627693176
1351,4,178,0.46749868988990784
1352,4,179,0.521142840385437
1353,4,180,0.500572919845581
1354,4,181,0.6418930888175964
1355,4,182,0.5237414240837097
1356,4,183,0.6041290760040283
1357,4,184,0.5136783719062805
1358,4,185,0.6139799952507019
1359,4,186,0.5374658703804016
1360,4,187,0.4596870243549347
1361,4,188,0.5600329637527466
1362,4,189,0.5269643664360046
1363,4,190,0.5667227506637573
1364,4,191,0.5406687259674072
1365,4,192,0.7145326733589172
1366,4,193,0.4647842049598694
1367,4,194,0.4517165720462799
1368,4,195,0.545231819152832
1369,4,196,0.5866674184799194
1370,4,197,0.5267722010612488
1371,4,198,0.5562140941619873
1372,4,199,0.5330657362937927
1373,4,200,0.4044806659221649
1374,4,201,0.531578540802002
1375,4,202,0.49005264043807983
1376,4,203,0.47461608052253723
1377,4,204,0.44561225175857544
1378,4,205,0.570193350315094
1379,4,206,0.46266287565231323
1380,4,207,0.4628049433231354
1381,4,208,0.585318922996521
1382,4,209,0.4420587122440338
1383,4,210,0.5496081709861755
1384,4,211,0.4324871301651001
1385,4,212,0.5156853199005127
1386,4,213,0.7634271383285522
1387,4,214,0.5451014637947083
1388,4,215,0.5117136240005493
1389,4,216,0.591152548789978
1390,4,217,0.557012677192688
1391,4,218,0.6942790150642395
1392,4,219,0.5264645218849182
1393,4,220,0.47500336170196533
1394,4,221,0.5246001482009888
1395,4,222,0.5087528824806213
1396,4,223,0.5629978775978088
1397,4,224,0.44423264265060425
1398,4,225,0.698708176612854
1399,4,226,0.4464093744754791
1400,4,227,0.5384083986282349
1401,4,228,0.43366050720214844
1402,4,229,0.6950711011886597
1403,4,230,0.6668974161148071
1404,4,231,0.6031339168548584
1405,4,232,0.6587433218955994
1406,4,233,0.6067109704017639
1407,4,234,0.557735800743103
1408,4,235,0.7008665800094604
1409,4,236,0.7097058296203613
1410,4,237,0.6768450736999512
1411,4,238,0.579317569732666
1412,4,239,0.5150919556617737
1413,4,240,0.5419201850891113
1414,4,241,0.726352870464325
1415,4,242,0.5573066473007202
1416,4,243,0.5525212287902832
1417,4,244,0.5985661745071411
1418,4,245,0.5847220420837402
1419,4,246,0.5974050760269165
1420,4,247,0.6967803239822388
1421,4,248,0.6550740003585815
1422,4,249,0.45465266704559326
1423,4,250,0.509382426738739
1424,4,251,0.6324673891067505
1425,4,252,0.5413874387741089
1426,4,253,0.6151149272918701
1427,4,254,0.6019545197486877
1428,4,255,0.5007447004318237
1429,4,256,0.40375304222106934
1430,4,257,0.47349268198013306
1431,4,258,0.45654749870300293
1432,4,259,0.5816553235054016
1433,4,260,0.6064825654029846
1434,4,261,0.4814225435256958
1435,4,262,0.4745859205722809
1436,4,263,0.47871801257133484
1437,4,264,0.5380746722221375
1438,4,265,0.4637588560581207
1439,4,266,0.49250397086143494
1440,4,267,0.5305834412574768
1441,4,268,0.4914998412132263
1442,4,269,0.4974426031112671
1443,4,270,0.4355790615081787
1444,4,271,0.4223945736885071
1445,4,272,0.5329671502113342
1446,4,273,0.47634458541870117
1447,4,274,0.6164695024490356
1448,4,275,0.3684968650341034
1449,4,276,0.4855935573577881
1450,4,277,0.5229126214981079
1451,4,278,0.41903144121170044
1452,4,279,0.5818604230880737
1453,4,280,0.6362844109535217
1454,4,281,0.7872844934463501
1455,4,282,0.508581280708313
1456,4,283,0.6434016227722168
1457,4,284,0.5395018458366394
1458,4,285,0.4355570077896118
1459,4,286,0.3864288330078125
1460,4,287,0.5726399421691895
1461,4,288,0.641276478767395
1462,4,289,0.6715109348297119
1463,4,290,0.572184145450592
1464,4,291,0.5245823264122009
1465,4,292,0.5281792283058167
1466,4,293,0.42782244086265564
1467,4,294,0.5663021206855774
1468,4,295,0.6827782988548279
1469,4,296,0.4941893517971039
1470,4,297,0.46369513869285583
1471,4,298,0.5204187035560608
1472,4,299,0.469733327627182
1473,4,300,0.41536039113998413
1474,4,301,0.3902624845504761
1475,4,302,0.6109070181846619
1476,4,303,0.42138588428497314
1477,4,304,0.6331271529197693
1478,4,305,0.47761934995651245
1479,4,306,0.5112562775611877
1480,4,307,0.3386029601097107
1481,4,308,0.5110202431678772
1482,4,309,0.4025017321109772
1483,4,310,0.5631484389305115
1484,4,311,0.5014388561248779
1485,4,312,0.45358458161354065
1486,4,313,0.587069034576416
1487,4,314,0.6210589408874512
1488,4,315,0.7292171120643616
1489,4,316,0.5128076076507568
1490,4,317,0.5552274584770203
1491,4,318,0.5502700805664062
1492,4,319,0.5147705078125
1493,4,320,0.5059205293655396
1494,4,321,0.6254658699035645
1495,4,322,0.6045962572097778
1496,4,323,0.5045496821403503
1497,4,324,0.4348605275154114
1498,4,325,0.6273084282875061
1499,4,326,0.845832347869873
1500,4,327,0.537802517414093
1501,4,328,0.48729100823402405
1502,4,329,0.6294699907302856
1503,4,330,0.5079898834228516
1504,4,331,0.5568437576293945
1505,4,332,0.5542854070663452
1506,4,333,0.5842129588127136
1507,4,334,0.603870153427124
1508,4,335,0.5335526466369629
1509,4,336,0.5768389701843262
1510,4,337,0.4377968907356262
1511,4,338,0.41645577549934387
1512,4,339,0.6542165875434875
1513,4,340,0.5447257161140442
1514,4,341,0.6250678300857544
1515,4,342,0.5661921501159668
1516,4,343,0.6975815296173096
1517,4,344,0.521615743637085
1518,4,345,0.510907769203186
1519,4,346,0.4719894230365753
1520,4,347,0.556075930595398
1521,4,348,0.48750028014183044
1522,4,349,0.41915640234947205
1523,4,350,0.6210529208183289
1524,4,351,0.4637243449687958
1525,4,352,0.6322919130325317
1526,4,353,0.5173274278640747
1527,4,354,0.4589024782180786
1528,4,355,0.7165595889091492
1529,4,356,0.6093722581863403
1530,4,357,0.6110721826553345
1531,4,358,0.4024283289909363
1532,4,359,0.5618072748184204
1533,4,360,0.6305286884307861
1534,4,361,0.5660238265991211
1535,4,362,0.4300602376461029
1536,4,363,0.517672598361969
1537,4,364,0.36241450905799866
1538,4,365,0.38513749837875366
1539,4,366,0.5236190557479858
1540,4,367,0.4242992699146271
1541,4,368,0.45594170689582825
1542,4,369,0.4213329255580902
1543,4,370,0.5418496131896973
1544,4,371,0.6636766791343689
1545,4,372,0.4898279905319214
1546,4,373,0.4248172640800476
1547,4,374,0.4053311049938202
1548,4,375,0.467164546251297
1549,4,376,0.39142727851867676
1550,4,377,0.4425748288631439
1551,4,378,0.5964034795761108
1552,4,379,0.458698034286499
1553,4,380,0.6276880502700806
1554,4,381,0.5203649997711182
1555,4,382,0.4428299069404602
1556,4,383,0.6990329027175903
1557,4,384,0.4554288983345032
1558,4,385,0.6541141867637634
1559,4,386,0.5403631329536438
1560,4,387,0.42243126034736633
1561,4,388,0.4925459325313568
1562,4,389,0.5358289480209351
1563,4,390,0.46167856454849243
1564,4,391,0.7520040273666382
1565,5,1,0.2880949079990387
1566,5,2,0.4245662987232208
1567,5,3,0.3779895305633545
1568,5,4,0.3875783383846283
1569,5,5,0.4243762791156769
1570,5,6,0.36571961641311646
1571,5,7,0.35560548305511475
1572,5,8,0.3481130003929138
1573,5,9,0.45309242606163025
1574,5,10,0.4341948330402374
1575,5,11,0.4726216495037079
1576,5,12,0.4069713056087494
1577,5,13,0.41462308168411255
1578,5,14,0.5390317440032959
1579,5,15,0.35609808564186096
1580,5,16,0.4599028527736664
1581,5,17,0.37934350967407227
1582,5,18,0.47877728939056396
1583,5,19,0.23609846830368042
1584,5,20,0.4607008993625641
1585,5,21,0.4337388873100281
1586,5,22,0.24596494436264038
1587,5,23,0.35548362135887146
1588,5,24,0.4017314612865448
1589,5,25,0.3026922941207886
1590,5,26,0.4522964060306549
1591,5,27,0.37106937170028687
1592,5,28,0.4286150634288788
1593,5,29,0.45757392048835754
1594,5,30,0.5018278956413269
1595,5,31,0.37859246134757996
1596,5,32,0.37514233589172363
1597,5,33,0.39135071635246277
1598,5,34,0.45911237597465515
1599,5,35,0.5225744247436523
1600,5,36,0.472838819026947
1601,5,37,0.4710966646671295
1602,5,38,0.42221716046333313
1603,5,39,0.279584139585495
1604,5,40,0.4398200213909149
1605,5,41,0.3844636380672455
1606,5,42,0.35772109031677246
1607,5,43,0.34404274821281433
1608,5,44,0.33287879824638367
1609,5,45,0.335443377494812
1610,5,46,0.3712885081768036
1611,5,47,0.47491690516471863
1612,5,48,0.4453212022781372
1613,5,49,0.5287652611732483
1614,5,50,0.3942357003688812
1615,5,51,0.439246267080307
1616,5,52,0.34681299328804016
1617,5,53,0.3111816346645355
1618,5,54,0.29572755098342896
1619,5,55,0.5144197940826416
1620,5,56,0.4545631408691406
1621,5,57,0.3248991072177887
1622,5,58,0.4023575782775879
1623,5,59,0.4586802124977112
1624,5,60,0.3153003752231598
1625,5,61,0.3948063850402832
1626,5,62,0.40595972537994385
1627,5,63,0.3809106647968292
1628,5,64,0.48290562629699707
1629,5,65,0.3135535418987274
1630,5,66,0.5203670263290405
1631,5,67,0.2915860414505005
1632,5,68,0.5693550109863281
1633,5,69,0.4869973361492157
1634,5,70,0.362333744764328
1635,5,71,0.4537164568901062
1636,5,72,0.4164532721042633
1637,5,73,0.49379369616508484
1638,5,74,0.35632339119911194
1639,5,75,0.5191124081611633
1640,5,76,0.4363740384578705
1641,5,77,0.6203594207763672
1642,5,78,0.5455509424209595
1643,5,79,0.5450883507728577
1644,5,80,0.376781165599823
1645,5,81,0.33154726028442383
1646,5,82,0.46383363008499146
1647,5,83,0.48563912510871887
1648,5,84,0.6071357727050781
1649,5,85,0.3702886998653412
1650,5,86,0.4706178307533264
1651,5,87,0.527857780456543
1652,5,88,0.3337021470069885
1653,5,89,0.5548774003982544
1654,5,90,0.4074908494949341
1655,5,91,0.4351362884044647
1656,5,92,0.5574979782104492
1657,5,93,0.5011935830116272
1658,5,94,0.4108562469482422
1659,5,95,0.41907817125320435
1660,5,96,0.40896114706993103
1661,5,97,0.44924142956733704
1662,5,98,0.6784368753433228
1663,5,99,0.4608873426914215
1664,5,100,0.39367857575416565
1665,5,101,0.5506143569946289
1666,5,102,0.5496143102645874
1667,5,103,0.38857030868530273
1668,5,104,0.4255412518978119
1669,5,105,0.5335555076599121
1670,5,106,0.44458040595054626
1671,5,107,0.573245644569397
1672,5,108,0.4510780870914459
1673,5,109,0.39046865701675415
1674,5,110,0.48810774087905884
1675,5,111,0.5998489856719971
1676,5,112,0.4181094467639923
1677,5,113,0.4194089472293854
1678,5,114,0.6054698824882507
1679,5,115,0.3448738753795624
1680,5,116,0.5456181168556213
1681,5,117,0.3193310499191284
1682,5,118,0.489418089389801
1683,5,119,0.34130802750587463
1684,5,120,0.3309146761894226
1685,5,121,0.4765980839729309
1686,5,122,0.5626668930053711
1687,5,123,0.4244843125343323
1688,5,124,0.5233418941497803
1689,5,125,0.41159284114837646
1690,5,126,0.6084161400794983
1691,5,127,0.23597492277622223
1692,5,128,0.5722516775131226
1693,5,129,0.4133453369140625
1694,5,130,0.3386263847351074
1695,5,131,0.5852546095848083
1696,5,132,0.4333531856536865
1697,5,133,0.5488473773002625
1698,5,134,0.4155972898006439
1699,5,135,0.24380163848400116
1700,5,136,0.34552574157714844
1701,5,137,0.4514646828174591
1702,5,138,0.35141077637672424
1703,5,139,0.48485440015792847
1704,5,140,0.617557168006897
1705,5,141,0.5351036787033081
1706,5,142,0.5830615162849426
1707,5,143,0.3749515414237976
1708,5,144,0.415610134601593
1709,5,145,0.45743420720100403
1710,5,146,0.3515772819519043
1711,5,147,0.5385924577713013
1712,5,148,0.551516592502594
1713,5,149,0.5795567631721497
1714,5,150,0.5540103912353516
1715,5,151,0.43386635184288025
1716,5,152,0.49675390124320984
1717,5,153,0.5091844201087952
1718,5,154,0.5863538980484009
1719,5,155,0.43471264839172363
1720,5,156,0.4623720049858093
1721,5,157,0.5624659061431885
1722,5,158,0.5670390129089355
1723,5,159,0.4659801423549652
1724,5,160,0.48285171389579773
1725,5,161,0.4021656811237335
1726,5,162,0.3648540675640106
1727,5,163,0.3638368248939514
1728,5,164,0.5728603005409241
1729,5,165,0.34648922085762024
1730,5,166,0.6139103770256042
1731,5,167,0.39128217101097107
1732,5,168,0.3166218400001526
1733,5,169,0.42724430561065674
1734,5,170,0.4333644211292267
1735,5,171,0.4359351396560669
1736,5,172,0.35743167996406555
1737,5,173,0.34262967109680176
1738,5,174,0.40400952100753784
1739,5,175,0.4971729516983032
1740,5,176,0.4653709828853607
1741,5,177,0.5269567370414734
1742,5,178,0.3516446053981781
1743,5,179,0.37433677911758423
1744,5,180,0.45446527004241943
1745,5,181,0.4975860118865967
1746,5,182,0.3710550367832184
1747,5,183,0.4319670796394348
1748,5,184,0.3059147000312805
1749,5,185,0.4520036280155182
1750,5,186,0.3714481294155121
1751,5,187,0.3513707220554352
1752,5,188,0.3124552071094513
1753,5,189,0.32036688923835754
1754,5,190,0.43560075759887695
1755,5,191,0.22481943666934967
1756,5,192,0.4204043745994568
1757,5,193,0.43129611015319824
1758,5,194,0.44703343510627747
1759,5,195,0.3355492949485779
1760,5,196,0.4771926999092102
1761,5,197,0.30186763405799866
1762,5,198,0.32803627848625183
1763,5,199,0.4634472727775574
1764,5,200,0.44647395610809326
1765,5,201,0.48577654361724854
1766,5,202,0.42503637075424194
1767,5,203,0.36043447256088257
1768,5,204,0.43465468287467957
1769,5,205,0.37050861120224
1770,5,206,0.35447898507118225
1771,5,207,0.4361833930015564
1772,5,208,0.4325580894947052
1773,5,209,0.47903168201446533
1774,5,210,0.37682920694351196
1775,5,211,0.4926334321498871
1776,5,212,0.3680986166000366
1777,5,213,0.3204978406429291
1778,5,214,0.45700502395629883
1779,5,215,0.4231918156147003
1780,5,216,0.5807484984397888
1781,5,217,0.3700951337814331
1782,5,218,0.4335915148258209
1783,5,219,0.5695090293884277
1784,5,220,0.40100595355033875
1785,5,221,0.554863452911377
1786,5,222,0.4807286858558655
1787,5,223,0.6307505369186401
1788,5,224,0.42629894614219666
1789,5,225,0.3573284447193146
1790,5,226,0.3988145887851715
1791,5,227,0.6059513092041016
1792,5,228,0.38667601346969604
1793,5,229,0.3909805417060852
1794,5,230,0.40317589044570923
1795,5,231,0.41139185428619385
1796,5,232,0.3620229959487915
1797,5,233,0.32013770937919617
1798,5,234,0.34489768743515015
1799,5,235,0.38018500804901123
1800,5,236,0.5262216925621033
1801,5,237,0.5409682989120483
1802,5,238,0.401927649974823
1803,5,239,0.41185709834098816
1804,5,240,0.37637630105018616
1805,5,241,0.3632975220680237
1806,5,242,0.3148552179336548
1807,5,243,0.4528515934944153
1808,5,244,0.3186008930206299
1809,5,245,0.4366554617881775
1810,5,246,0.375342458486557
1811,5,247,0.5280937552452087
1812,5,248,0.33320045471191406
1813,5,249,0.39846229553222656
1814,5,250,0.5532138347625732
1815,5,251,0.5147250890731812
1816,5,252,0.5609735250473022
1817,5,253,0.2758660614490509
1818,5,254,0.42604362964630127
1819,5,255,0.5387683510780334
1820,5,256,0.36954066157341003
1821,5,257,0.39093902707099915
1822,5,258,0.3788450062274933
1823,5,259,0.4104723334312439
1824,5,260,0.35549524426460266
1825,5,261,0.35595497488975525
1826,5,262,0.4759257435798645
1827,5,263,0.41229403018951416
1828,5,264,0.4403575360774994
1829,5,265,0.26570719480514526
1830,5,266,0.415330708026886
1831,5,267,0.49154573678970337
1832,5,268,0.4068511426448822
1833,5,269,0.419178307056427
1834,5,270,0.3765925168991089
1835,5,271,0.3719547390937805
1836,5,272,0.3917368948459625
1837,5,273,0.40190985798835754
1838,5,274,0.38487204909324646
1839,5,275,0.41689345240592957
1840,5,276,0.3465524911880493
1841,5,277,0.4828556776046753
1842,5,278,0.44220954179763794
1843,5,279,0.6316807866096497
1844,5,280,0.3861472010612488
1845,5,281,0.34588849544525146
1846,5,282,0.4857925474643707
1847,5,283,0.33572086691856384
1848,5,284,0.5037969350814819
1849,5,285,0.5026641488075256
1850,5,286,0.410085529088974
1851,5,287,0.5344827175140381
1852,5,288,0.42888715863227844
1853,5,289,0.3124829828739166
1854,5,290,0.47591516375541687
1855,5,291,0.6573144793510437
1856,5,292,0.4943571984767914
1857,5,293,0.6224368214607239
1858,5,294,0.35850799083709717
1859,5,295,0.4675768315792084
1860,5,296,0.3161051869392395
1861,5,297,0.435680091381073
1862,5,298,0.6981495022773743
1863,5,299,0.49713414907455444
1864,5,300,0.5541017651557922
1865,5,301,0.4328975975513458
1866,5,302,0.3520040512084961
1867,5,303,0.6159036159515381
1868,5,304,0.3558112382888794
1869,5,305,0.4731091558933258
1870,5,306,0.3853868544101715
1871,5,307,0.5631738901138306
1872,5,308,0.27496910095214844
1873,5,309,0.5169119238853455
1874,5,310,0.5136722922325134
1875,5,311,0.6207513213157654
1876,5,312,0.3242669999599457
1877,5,313,0.49307766556739807
1878,5,314,0.4236904978752136
1879,5,315,0.4354862868785858
1880,5,316,0.47537022829055786
1881,5,317,0.4416787326335907
1882,5,318,0.35528576374053955
1883,5,319,0.39301323890686035
1884,5,320,0.3668348789215088
1885,5,321,0.34210851788520813
1886,5,322,0.41496726870536804
1887,5,323,0.4903005361557007
1888,5,324,0.5134234428405762
1889,5,325,0.3840422034263611
1890,5,326,0.3792189657688141
1891,5,327,0.3449985980987549
1892,5,328,0.39939621090888977
1893,5,329,0.38916265964508057
1894,5,330,0.41610732674598694
1895,5,331,0.4145360291004181
1896,5,332,0.456659197807312
1897,5,333,0.330941379070282
1898,5,334,0.4745852053165436
1899,5,335,0.3867374658584595
1900,5,336,0.3681926727294922
1901,5,337,0.49838200211524963
1902,5,338,0.30957040190696716
1903,5,339,0.3597789406776428
1904,5,340,0.45941469073295593
1905,5,341,0.37057575583457947
1906,5,342,0.355451762676239
1907,5,343,0.404342383146286
1908,5,344,0.31196078658103943
1909,5,345,0.32617664337158203
1910,5,346,0.4151427447795868
1911,5,347,0.35855942964553833
1912,5,348,0.39191922545433044
1913,5,349,0.3882051706314087
1914,5,350,0.5132926106452942
1915,5,351,0.4167943000793457
1916,5,352,0.49387025833129883
1917,5,353,0.448369562625885
1918,5,354,0.3821174204349518
1919,5,355,0.3773859143257141
1920,5,356,0.5350316166877747
1921,5,357,0.3699827492237091
1922,5,358,0.4453258216381073
1923,5,359,0.642988383769989
1924,5,360,0.3160988688468933
1925,5,361,0.37338727712631226
1926,5,362,0.6199551820755005
1927,5,363,0.486343115568161
1928,5,364,0.4089791178703308
1929,5,365,0.5501874685287476
1930,5,366,0.4166519343852997
1931,5,367,0.44912129640579224
1932,5,368,0.4023723900318146
1933,5,369,0.4270976185798645
1934,5,370,0.35628944635391235
1935,5,371,0.5880675315856934
1936,5,372,0.5239697694778442
1937,5,373,0.41409382224082947
1938,5,374,0.4491141736507416
1939,5,375,0.46226996183395386
1940,5,376,0.4514971077442169
1941,5,377,0.47010430693626404
1942,5,378,0.4391855001449585
1943,5,379,0.44553565979003906
1944,5,380,0.315095454454422
1945,5,381,0.4429160952568054
1946,5,382,0.3966082036495209
1947,5,383,0.42207539081573486
1948,5,384,0.4109550714492798
1949,5,385,0.45172378420829773
1950,5,386,0.5602862238883972
1951,5,387,0.40508729219436646
1952,5,388,0.365739107131958
1953,5,389,0.5667053461074829
1954,5,390,0.4564625024795532
1955,5,391,0.5037517547607422
1956,6,1,0.3484079837799072
1957,6,2,0.2777751386165619
1958,6,3,0.28624698519706726
1959,6,4,0.2712821066379547
1960,6,5,0.3538631796836853
1961,6,6,0.3120713233947754
1962,6,7,0.2999086380004883
1963,6,8,0.3532191812992096
1964,6,9,0.37420567870140076
1965,6,10,0.37487906217575073
1966,6,11,0.3668740689754486
1967,6,12,0.2546020746231079
1968,6,13,0.2293710708618164
1969,6,14,0.2744855582714081
1970,6,15,0.2843622863292694
1971,6,16,0.2820988893508911
1972,6,17,0.3604801297187805
1973,6,18,0.2675478458404541
1974,6,19,0.2761245667934418
1975,6,20,0.28837764263153076
1976,6,21,0.34772419929504395
1977,6,22,0.2403186857700348
1978,6,23,0.25241127610206604
1979,6,24,0.2260061502456665
1980,6,25,0.35877835750579834
1981,6,26,0.23852266371250153
1982,6,27,0.3141497075557709
1983,6,28,0.3651374280452728
1984,6,29,0.42099931836128235
1985,6,30,0.28834760189056396
1986,6,31,0.26562151312828064
1987,6,32,0.33153587579727173
1988,6,33,0.22581946849822998
1989,6,34,0.28924453258514404
1990,6,35,0.2830411493778229
1991,6,36,0.2760823369026184
1992,6,37,0.16976676881313324
1993,6,38,0.34304481744766235
1994,6,39,0.23459510505199432
1995,6,40,0.3543468713760376
1996,6,41,0.3875153958797455
1997,6,42,0.40953192114830017
1998,6,43,0.24127890169620514
1999,6,44,0.2468266785144806
2000,6,45,0.2125759720802307
2001,6,46,0.42393970489501953
2002,6,47,0.33902308344841003
2003,6,48,0.3590301275253296
2004,6,49,0.36934781074523926
2005,6,50,0.2753375470638275
2006,6,51,0.4131094217300415
2007,6,52,0.3929134011268616
2008,6,53,0.3454878628253937
2009,6,54,0.32857421040534973
2010,6,55,0.3064025640487671
2011,6,56,0.257999062538147
2012,6,57,0.34252941608428955
2013,6,58,0.31405311822891235
2014,6,59,0.2979099750518799
2015,6,60,0.33307304978370667
2016,6,61,0.40196844935417175
2017,6,62,0.30552127957344055
2018,6,63,0.3470425009727478
2019,6,64,0.253557026386261
2020,6,65,0.4320835769176483
2021,6,66,0.2879335582256317
2022,6,67,0.28345662355422974
2023,6,68,0.3626405596733093
2024,6,69,0.3102026581764221
2025,6,70,0.26931867003440857
2026,6,71,0.23928354680538177
2027,6,72,0.3105248212814331
2028,6,73,0.3675127327442169
2029,6,74,0.29916277527809143
2030,6,75,0.3217492997646332
2031,6,76,0.38746359944343567
2032,6,77,0.40604761242866516
2033,6,78,0.30686154961586
2034,6,79,0.34484875202178955
2035,6,80,0.2895911931991577
2036,6,81,0.35010668635368347
2037,6,82,0.3217867910861969
2038,6,83,0.3346928656101227
2039,6,84,0.37391358613967896
2040,6,85,0.30786851048469543
2041,6,86,0.5008198022842407
2042,6,87,0.3719153106212616
2043,6,88,0.2930837571620941
2044,6,89,0.31229522824287415
2045,6,90,0.5063399076461792
2046,6,91,0.43753522634506226
2047,6,92,0.39093151688575745
2048,6,93,0.26663678884506226
2049,6,94,0.3173050582408905
2050,6,95,0.4805862307548523
2051,6,96,0.4503060579299927
2052,6,97,0.3541520833969116
2053,6,98,0.320473849773407
2054,6,99,0.29020383954048157
2055,6,100,0.42081430554389954
2056,6,101,0.4051349461078644
2057,6,102,0.46931809186935425
2058,6,103,0.3050525188446045
2059,6,104,0.30429238080978394
2060,6,105,0.32507315278053284
2061,6,106,0.296489417552948
2062,6,107,0.3206312358379364
2063,6,108,0.29825979471206665
2064,6,109,0.3478473424911499
2065,6,110,0.41635140776634216
2066,6,111,0.35666534304618835
2067,6,112,0.4868544042110443
2068,6,113,0.4864434003829956
2069,6,114,0.34690579771995544
2070,6,115,0.28051868081092834
2071,6,116,0.2842249870300293
2072,6,117,0.5178813934326172
2073,6,118,0.32122427225112915
2074,6,119,0.3563058078289032
2075,6,120,0.27765968441963196
2076,6,121,0.34152814745903015
2077,6,122,0.4364831745624542
2078,6,123,0.2659079432487488
2079,6,124,0.3020174503326416
2080,6,125,0.3147018253803253
2081,6,126,0.46851494908332825
2082,6,127,0.42416128516197205
2083,6,128,0.3046197295188904
2084,6,129,0.4029502272605896
2085,6,130,0.3489844501018524
2086,6,131,0.41108518838882446
2087,6,132,0.3656804859638214
2088,6,133,0.36793506145477295
2089,6,134,0.3518737554550171
2090,6,135,0.42877450585365295
2091,6,136,0.31106048822402954
2092,6,137,0.271823912858963
2093,6,138,0.3540222644805908
2094,6,139,0.3405914306640625
2095,6,140,0.3078191578388214
2096,6,141,0.4466288089752197
2097,6,142,0.32275858521461487
2098,6,143,0.47073546051979065
2099,6,144,0.31183430552482605
2100,6,145,0.37393561005592346
2101,6,146,0.4478825330734253
2102,6,147,0.43185847997665405
2103,6,148,0.2693110704421997
2104,6,149,0.37166666984558105
2105,6,150,0.2676168382167816
2106,6,151,0.4057377576828003
2107,6,152,0.3973466455936432
2108,6,153,0.40245407819747925
2109,6,154,0.3149794936180115
2110,6,155,0.34060096740722656
2111,6,156,0.3707243502140045
2112,6,157,0.422121524810791
2113,6,158,0.3316856622695923
2114,6,159,0.34091219305992126
2115,6,160,0.33580467104911804
2116,6,161,0.3919997215270996
2117,6,162,0.46016237139701843
2118,6,163,0.4229992628097534
2119,6,164,0.5161468386650085
2120,6,165,0.34498655796051025
2121,6,166,0.41701656579971313
2122,6,167,0.36824050545692444
2123,6,168,0.42209431529045105
2124,6,169,0.21547368168830872
2125,6,170,0.3396766483783722
2126,6,171,0.4031524658203125
2127,6,172,0.35747772455215454
2128,6,173,0.4094415009021759
2129,6,174,0.3290022909641266
2130,6,175,0.26433172821998596
2131,6,176,0.3769110143184662
2132,6,177,0.24986687302589417
2133,6,178,0.3259698152542114
2134,6,179,0.20114214718341827
2135,6,180,0.40583860874176025
2136,6,181,0.3728056848049164
2137,6,182,0.41613006591796875
2138,6,183,0.3909018337726593
2139,6,184,0.4037756025791168
2140,6,185,0.3078013062477112
2141,6,186,0.506195604801178
2142,6,187,0.2878454327583313
2143,6,188,0.37287119030952454
2144,6,189,0.3744417726993561
2145,6,190,0.3514127731323242
2146,6,191,0.35153982043266296
2147,6,192,0.4289814531803131
2148,6,193,0.26743215322494507
2149,6,194,0.4058573842048645
2150,6,195,0.41806909441947937
2151,6,196,0.26612770557403564
2152,6,197,0.31428125500679016
2153,6,198,0.3555799126625061
2154,6,199,0.5319504737854004
2155,6,200,0.27250051498413086
2156,6,201,0.37376919388771057
2157,6,202,0.38352859020233154
2158,6,203,0.37513893842697144
2159,6,204,0.5367724895477295
2160,6,205,0.5800355672836304
2161,6,206,0.3095029890537262
2162,6,207,0.37690621614456177
2163,6,208,0.424262672662735
2164,6,209,0.3618375062942505
2165,6,210,0.3936191201210022
2166,6,211,0.40031957626342773
2167,6,212,0.3379296064376831
2168,6,213,0.2816053330898285
2169,6,214,0.3366115391254425
2170,6,215,0.25872716307640076
2171,6,216,0.27955764532089233
2172,6,217,0.2832934558391571
2173,6,218,0.2265520840883255
2174,6,219,0.3829297125339508
2175,6,220,0.42113327980041504
2176,6,221,0.44451528787612915
2177,6,222,0.3340958058834076
2178,6,223,0.3371599614620209
2179,6,224,0.28657805919647217
2180,6,225,0.18996340036392212
2181,6,226,0.37163838744163513
2182,6,227,0.21911564469337463
2183,6,228,0.4053137004375458
2184,6,229,0.2736777663230896
2185,6,230,0.24748355150222778
2186,6,231,0.3288644254207611
2187,6,232,0.3303301930427551
2188,6,233,0.46855318546295166
2189,6,234,0.37977153062820435
2190,6,235,0.4090235233306885
2191,6,236,0.22730328142642975
2192,6,237,0.30472537875175476
2193,6,238,0.4110187888145447
2194,6,239,0.42279618978500366
2195,6,240,0.4946019947528839
2196,6,241,0.35946086049079895
2197,6,242,0.3321066200733185
2198,6,243,0.3953022062778473
2199,6,244,0.3317700922489166
2200,6,245,0.2607966959476471
2201,6,246,0.23287613689899445
2202,6,247,0.33242177963256836
2203,6,248,0.3154752254486084
2204,6,249,0.26895418763160706
2205,6,250,0.5857624411582947
2206,6,251,0.44515660405158997
2207,6,252,0.2795116901397705
2208,6,253,0.3772121071815491
2209,6,254,0.34736961126327515
2210,6,255,0.379996657371521
2211,6,256,0.29025089740753174
2212,6,257,0.2901114225387573
2213,6,258,0.27742767333984375
2214,6,259,0.42713090777397156
2215,6,260,0.24446561932563782
2216,6,261,0.4389358460903168
2217,6,262,0.3776295483112335
2218,6,263,0.36528003215789795
2219,6,264,0.3290797472000122
2220,6,265,0.4391132891178131
2221,6,266,0.39507097005844116
2222,6,267,0.3238759934902191
2223,6,268,0.36067959666252136
2224,6,269,0.2960933744907379
2225,6,270,0.49841079115867615
2226,6,271,0.3014173209667206
2227,6,272,0.293734073638916
2228,6,273,0.4228779971599579
2229,6,274,0.436177134513855
2230,6,275,0.2850378155708313
2231,6,276,0.2871274948120117
2232,6,277,0.2834096848964691
2233,6,278,0.3015473186969757
2234,6,279,0.4088754951953888
2235,6,280,0.4752998650074005
2236,6,281,0.35530322790145874
2237,6,282,0.21746358275413513
2238,6,283,0.29266446828842163
2239,6,284,0.35254645347595215
2240,6,285,0.39825281500816345
2241,6,286,0.4704652726650238
2242,6,287,0.24191731214523315
2243,6,288,0.3594037890434265
2244,6,289,0.22983212769031525
2245,6,290,0.23860567808151245
2246,6,291,0.4243457019329071
2247,6,292,0.3211120367050171
2248,6,293,0.4819350838661194
2249,6,294,0.2400064766407013
2250,6,295,0.3759349286556244
2251,6,296,0.28172507882118225
2252,6,297,0.3486224114894867
2253,6,298,0.3528614938259125
2254,6,299,0.3034593164920807
2255,6,300,0.27601033449172974
2256,6,301,0.3500511646270752
2257,6,302,0.3661503493785858
2258,6,303,0.28241005539894104
2259,6,304,0.3782017230987549
2260,6,305,0.4357970058917999
2261,6,306,0.4155493974685669
2262,6,307,0.5094783306121826
2263,6,308,0.35754886269569397
2264,6,309,0.3528958857059479
2265,6,310,0.3263654112815857
2266,6,311,0.4037112593650818
2267,6,312,0.5369700789451599
2268,6,313,0.28622502088546753
2269,6,314,0.3361322581768036
2270,6,315,0.37648212909698486
2271,6,316,0.30004486441612244
2272,6,317,0.28929105401039124
2273,6,318,0.33301302790641785
2274,6,319,0.41812756657600403
2275,6,320,0.3212295472621918
2276,6,321,0.435957133769989
2277,6,322,0.23673325777053833
2278,6,323,0.3050385117530823
2279,6,324,0.39333629608154297
2280,6,325,0.44339296221733093
2281,6,326,0.3820127248764038
2282,6,327,0.3117554187774658
2283,6,328,0.39910462498664856
2284,6,329,0.3061003088951111
2285,6,330,0.3184419274330139
2286,6,331,0.47298362851142883
2287,6,332,0.30420222878456116
2288,6,333,0.42938894033432007
2289,6,334,0.2300274819135666
2290,6,335,0.29734697937965393
2291,6,336,0.41566202044487
2292,6,337,0.27660897374153137
2293,6,338,0.4882843494415283
2294,6,339,0.4785430431365967
2295,6,340,0.3636704087257385
2296,6,341,0.32787570357322693
2297,6,342,0.2585425078868866
2298,6,343,0.322636216878891
2299,6,344,0.43831488490104675
2300,6,345,0.2855987250804901
2301,6,346,0.37808671593666077
2302,6,347,0.2823501229286194
2303,6,348,0.24566729366779327
2304,6,349,0.35611802339553833
2305,6,350,0.30886977910995483
2306,6,351,0.34240975975990295
2307,6,352,0.39071279764175415
2308,6,353,0.27698442339897156
2309,6,354,0.4188002347946167
2310,6,355,0.4455496668815613
2311,6,356,0.2675655782222748
2312,6,357,0.39258238673210144
2313,6,358,0.3252180516719818
2314,6,359,0.46788763999938965
2315,6,360,0.3668566346168518
2316,6,361,0.4681597352027893
2317,6,362,0.34495416283607483
2318,6,363,0.3118498623371124
2319,6,364,0.4405434727668762
2320,6,365,0.38427338004112244
2321,6,366,0.41271695494651794
2322,6,367,0.39175355434417725
2323,6,368,0.3451630473136902
2324,6,369,0.310373991727829
2325,6,370,0.45670828223228455
2326,6,371,0.3960244357585907
2327,6,372,0.360604852437973
2328,6,373,0.326701283454895
2329,6,374,0.26318830251693726
2330,6,375,0.2965379059314728
2331,6,376,0.35858649015426636
2332,6,377,0.4096488952636719
2333,6,378,0.4252204895019531
2334,6,379,0.4571094512939453
2335,6,380,0.2652035057544708
2336,6,381,0.4925392270088196
2337,6,382,0.37379130721092224
2338,6,383,0.4521982669830322
2339,6,384,0.28211289644241333
2340,6,385,0.3338583707809448
2341,6,386,0.43261030316352844
2342,6,387,0.43192049860954285
2343,6,388,0.3287504315376282
2344,6,389,0.33405768871307373
2345,6,390,0.33800971508026123
2346,6,391,0.4977417588233948
2347,7,1,0.2284320592880249
2348,7,2,0.15715335309505463
2349,7,3,0.2710876166820526
2350,7,4,0.19006505608558655
2351,7,5,0.2629375457763672
2352,7,6,0.31361863017082214
2353,7,7,0.346836119890213
2354,7,8,0.3439890742301941
2355,7,9,0.39804506301879883
2356,7,10,0.22572588920593262
2357,7,11,0.2052595317363739
2358,7,12,0.2870327830314636
2359,7,13,0.23574508726596832
2360,7,14,0.29391786456108093
2361,7,15,0.2823145091533661
2362,7,16,0.316669762134552
2363,7,17,0.1844099462032318
2364,7,18,0.2760183811187744
2365,7,19,0.27371641993522644
2366,7,20,0.2639022469520569
2367,7,21,0.17040851712226868
2368,7,22,0.15186730027198792
2369,7,23,0.14532925188541412
2370,7,24,0.31906959414482117
2371,7,25,0.24835988879203796
2372,7,26,0.24844783544540405
2373,7,27,0.24966061115264893
2374,7,28,0.24943701922893524
2375,7,29,0.3199724853038788
2376,7,30,0.21416021883487701
2377,7,31,0.2333676666021347
2378,7,32,0.24317482113838196
2379,7,33,0.1766497641801834
2380,7,34,0.1864181011915207
2381,7,35,0.3233121931552887
2382,7,36,0.18968461453914642
2383,7,37,0.21417775750160217
2384,7,38,0.3250352144241333
2385,7,39,0.2602896988391876
2386,7,40,0.33096373081207275
2387,7,41,0.17232896387577057
2388,7,42,0.2967677116394043
2389,7,43,0.2180282324552536
2390,7,44,0.33231210708618164
2391,7,45,0.17182928323745728
2392,7,46,0.2597286105155945
2393,7,47,0.33886396884918213
2394,7,48,0.27748313546180725
2395,7,49,0.31350085139274597
2396,7,50,0.1240454763174057
2397,7,51,0.16088947653770447
2398,7,52,0.19327566027641296
2399,7,53,0.22771425545215607
2400,7,54,0.2558482587337494
2401,7,55,0.1995970457792282
2402,7,56,0.24024900794029236
2403,7,57,0.1914546638727188
2404,7,58,0.22203804552555084
2405,7,59,0.12283362448215485
2406,7,60,0.32315707206726074
2407,7,61,0.2662487328052521
2408,7,62,0.3527718782424927
2409,7,63,0.20070511102676392
2410,7,64,0.2848089933395386
2411,7,65,0.35379558801651
2412,7,66,0.14739128947257996
2413,7,67,0.20389004051685333
2414,7,68,0.5650845766067505
2415,7,69,0.24070677161216736
2416,7,70,0.3165820837020874
2417,7,71,0.11950287222862244
2418,7,72,0.275934636592865
2419,7,73,0.3220382034778595
2420,7,74,0.3486250042915344
2421,7,75,0.30588608980178833
2422,7,76,0.2216128259897232
2423,7,77,0.18658527731895447
2424,7,78,0.3036564290523529
2425,7,79,0.25189971923828125
2426,7,80,0.26151710748672485
2427,7,81,0.1472722738981247
2428,7,82,0.24014310538768768
2429,7,83,0.1354718953371048
2430,7,84,0.3742513656616211
2431,7,85,0.21818840503692627
2432,7,86,0.23470552265644073
2433,7,87,0.2718921899795532
2434,7,88,0.17633770406246185
2435,7,89,0.27407264709472656
2436,7,90,0.28427940607070923
2437,7,91,0.47608011960983276
2438,7,92,0.2081146389245987
2439,7,93,0.30901050567626953
2440,7,94,0.17283998429775238
2441,7,95,0.33208534121513367
2442,7,96,0.22097495198249817
2443,7,97,0.22574035823345184
2444,7,98,0.3064439296722412
2445,7,99,0.2271214723587036
2446,7,100,0.3813890218734741
2447,7,101,0.36492547392845154
2448,7,102,0.18442009389400482
2449,7,103,0.234996497631073
2450,7,104,0.27651533484458923
2451,7,105,0.18080085515975952
2452,7,106,0.2911255657672882
2453,7,107,0.3268890380859375
2454,7,108,0.17782703042030334
2455,7,109,0.3511980175971985
2456,7,110,0.3102070093154907
2457,7,111,0.3752700090408325
2458,7,112,0.23482193052768707
2459,7,113,0.2708878815174103
2460,7,114,0.25621870160102844
2461,7,115,0.24360713362693787
2462,7,116,0.2594788372516632
2463,7,117,0.2322176843881607
2464,7,118,0.25115838646888733
2465,7,119,0.17017202079296112
2466,7,120,0.17079269886016846
2467,7,121,0.18442749977111816
2468,7,122,0.26693013310432434
2469,7,123,0.2667998969554901
2470,7,124,0.12325391918420792
2471,7,125,0.3246133029460907
2472,7,126,0.4020203948020935
2473,7,127,0.2168474644422531
2474,7,128,0.2595955729484558
2475,7,129,0.2469845861196518
2476,7,130,0.37357842922210693
2477,7,131,0.23991267383098602
2478,7,132,0.24943573772907257
2479,7,133,0.2790702283382416
2480,7,134,0.1977405548095703
2481,7,135,0.24465788900852203
2482,7,136,0.19202038645744324
2483,7,137,0.19799916446208954
2484,7,138,0.2005881518125534
2485,7,139,0.3041653633117676
2486,7,140,0.3548271954059601
2487,7,141,0.3141174912452698
2488,7,142,0.3308541476726532
2489,7,143,0.32281023263931274
2490,7,144,0.15620076656341553
2491,7,145,0.3135867714881897
2492,7,146,0.1530386358499527
2493,7,147,0.23249569535255432
2494,7,148,0.21736101806163788
2495,7,149,0.22218629717826843
2496,7,150,0.14409171044826508
2497,7,151,0.47890156507492065
2498,7,152,0.47849664092063904
2499,7,153,0.17590609192848206
2500,7,154,0.34557271003723145
2501,7,155,0.15785540640354156
2502,7,156,0.19904065132141113
2503,7,157,0.16919367015361786
2504,7,158,0.2238411158323288
2505,7,159,0.2778846025466919
2506,7,160,0.2287692129611969
2507,7,161,0.31766965985298157
2508,7,162,0.16573388874530792
2509,7,163,0.311001181602478
2510,7,164,0.2276008427143097
2511,7,165,0.1917855590581894
2512,7,166,0.33264997601509094
2513,7,167,0.32008853554725647
2514,7,168,0.4007812440395355
2515,7,169,0.2532890737056732
2516,7,170,0.3349420726299286
2517,7,171,0.248287633061409
2518,7,172,0.25479069352149963
2519,7,173,0.1932784467935562
2520,7,174,0.3095964789390564
2521,7,175,0.14749179780483246
2522,7,176,0.3230188488960266
2523,7,177,0.3755251467227936
2524,7,178,0.18908502161502838
2525,7,179,0.3910975754261017
2526,7,180,0.17999620735645294
2527,7,181,0.25909027457237244
2528,7,182,0.21433621644973755
2529,7,183,0.33956095576286316
2530,7,184,0.2534824311733246
2531,7,185,0.20286542177200317
2532,7,186,0.32431015372276306
2533,7,187,0.23626071214675903
2534,7,188,0.4056902527809143
2535,7,189,0.24191688001155853
2536,7,190,0.21814191341400146
2537,7,191,0.24734577536582947
2538,7,192,0.1350831538438797
2539,7,193,0.2162649929523468
2540,7,194,0.3056662678718567
2541,7,195,0.2430564910173416
2542,7,196,0.24803683161735535
2543,7,197,0.36687618494033813
2544,7,198,0.25945883989334106
2545,7,199,0.25084710121154785
2546,7,200,0.22185514867305756
2547,7,201,0.3188020884990692
2548,7,202,0.27102920413017273
2549,7,203,0.23842354118824005
2550,7,204,0.28194907307624817
2551,7,205,0.24027375876903534
2552,7,206,0.261604905128479
2553,7,207,0.24253328144550323
2554,7,208,0.2971250116825104
2555,7,209,0.26113468408584595
2556,7,210,0.35536110401153564
2557,7,211,0.25639185309410095
2558,7,212,0.32697808742523193
2559,7,213,0.28250110149383545
2560,7,214,0.29958629608154297
2561,7,215,0.33585670590400696
2562,7,216,0.38832542300224304
2563,7,217,0.33584657311439514
2564,7,218,0.3523913025856018
2565,7,219,0.27908945083618164
2566,7,220,0.347965270280838
2567,7,221,0.3065265119075775
2568,7,222,0.27251309156417847
2569,7,223,0.32747334241867065
2570,7,224,0.30106228590011597
2571,7,225,0.3168223202228546
2572,7,226,0.23070934414863586
2573,7,227,0.3774726390838623
2574,7,228,0.4622117877006531
2575,7,229,0.42510223388671875
2576,7,230,0.29209065437316895
2577,7,231,0.31403806805610657
2578,7,232,0.19165831804275513
2579,7,233,0.31061092019081116
2580,7,234,0.23963946104049683
2581,7,235,0.30770570039749146
2582,7,236,0.26691576838493347
2583,7,237,0.32092157006263733
2584,7,238,0.36503320932388306
2585,7,239,0.462528795003891
2586,7,240,0.2940491735935211
2587,7,241,0.3122735619544983
2588,7,242,0.35908979177474976
2589,7,243,0.3401750326156616
2590,7,244,0.21629831194877625
2591,7,245,0.4757252633571625
2592,7,246,0.20114672183990479
2593,7,247,0.28530070185661316
2594,7,248,0.28238964080810547
2595,7,249,0.31377920508384705
2596,7,250,0.2510489225387573
2597,7,251,0.11538420617580414
2598,7,252,0.2627410888671875
2599,7,253,0.2534864842891693
2600,7,254,0.3851814866065979
2601,7,255,0.3732592761516571
2602,7,256,0.2962190508842468
2603,7,257,0.12918061017990112
2604,7,258,0.30460813641548157
2605,7,259,0.20386958122253418
2606,7,260,0.3101136386394501
2607,7,261,0.2106720209121704
2608,7,262,0.377657413482666
2609,7,263,0.36426928639411926
2610,7,264,0.2381102740764618
2611,7,265,0.3058117628097534
2612,7,266,0.31342074275016785
2613,7,267,0.32565635442733765
2614,7,268,0.4440101385116577
2615,7,269,0.20707933604717255
2616,7,270,0.25744256377220154
2617,7,271,0.27667635679244995
2618,7,272,0.38088685274124146
2619,7,273,0.37040525674819946
2620,7,274,0.3534088134765625
2621,7,275,0.2863902151584625
2622,7,276,0.28871628642082214
2623,7,277,0.21779745817184448
2624,7,278,0.24320611357688904
2625,7,279,0.2118658572435379
2626,7,280,0.2632277011871338
2627,7,281,0.267028272151947
2628,7,282,0.2810455560684204
2629,7,283,0.329331636428833
2630,7,284,0.44836461544036865
2631,7,285,0.14837177097797394
2632,7,286,0.2833749055862427
2633,7,287,0.31898561120033264
2634,7,288,0.3267258405685425
2635,7,289,0.2633592188358307
2636,7,290,0.2504067122936249
2637,7,291,0.39535751938819885
2638,7,292,0.18601831793785095
2639,7,293,0.3162801265716553
2640,7,294,0.286769837141037
2641,7,295,0.27209073305130005
2642,7,296,0.2993837594985962
2643,7,297,0.26152893900871277
2644,7,298,0.15063469111919403
2645,7,299,0.2932467758655548
2646,7,300,0.2674926817417145
2647,7,301,0.30164140462875366
2648,7,302,0.2711732089519501
2649,7,303,0.18859530985355377
2650,7,304,0.18339592218399048
2651,7,305,0.34541863203048706
2652,7,306,0.27710700035095215
2653,7,307,0.37537652254104614
2654,7,308,0.3055184781551361
2655,7,309,0.22646361589431763
2656,7,310,0.3068915903568268
2657,7,311,0.2811241149902344
2658,7,312,0.28469452261924744
2659,7,313,0.2440512627363205
2660,7,314,0.28195899724960327
2661,7,315,0.2680838108062744
2662,7,316,0.24113960564136505
2663,7,317,0.4458783268928528
2664,7,318,0.3970717787742615
2665,7,319,0.3621314764022827
2666,7,320,0.3395783603191376
2667,7,321,0.2586055397987366
2668,7,322,0.24353502690792084
2669,7,323,0.35379019379615784
2670,7,324,0.466438353061676
2671,7,325,0.2403363585472107
2672,7,326,0.3782791197299957
2673,7,327,0.27789434790611267
2674,7,328,0.29303017258644104
2675,7,329,0.3225426971912384
2676,7,330,0.219098299741745
2677,7,331,0.3524056077003479
2678,7,332,0.26085591316223145
2679,7,333,0.28842079639434814
2680,7,334,0.2682473957538605
2681,7,335,0.2715136706829071
2682,7,336,0.23488961160182953
2683,7,337,0.3262043297290802
2684,7,338,0.27894333004951477
2685,7,339,0.4110647439956665
2686,7,340,0.47169753909111023
2687,7,341,0.2879655063152313
2688,7,342,0.3203407824039459
2689,7,343,0.21455715596675873
2690,7,344,0.24936525523662567
2691,7,345,0.3339935541152954
2692,7,346,0.2065829485654831
2693,7,347,0.32668769359588623
2694,7,348,0.27836015820503235
2695,7,349,0.3295898735523224
2696,7,350,0.21399465203285217
2697,7,351,0.3025607466697693
2698,7,352,0.3151780068874359
2699,7,353,0.17274723947048187
2700,7,354,0.43479904532432556
2701,7,355,0.24896714091300964
2702,7,356,0.3505909740924835
2703,7,357,0.33377453684806824
2704,7,358,0.29869797825813293
2705,7,359,0.22027336061000824
2706,7,360,0.39809882640838623
2707,7,361,0.33334028720855713
2708,7,362,0.455777108669281
2709,7,363,0.25026658177375793
2710,7,364,0.2962340712547302
2711,7,365,0.18273988366127014
2712,7,366,0.29278868436813354
2713,7,367,0.47612231969833374
2714,7,368,0.23580925166606903
2715,7,369,0.2894429564476013
2716,7,370,0.17363865673542023
2717,7,371,0.28096190094947815
2718,7,372,0.242173969745636
2719,7,373,0.19928580522537231
2720,7,374,0.25175073742866516
2721,7,375,0.325397253036499
2722,7,376,0.2762308418750763
2723,7,377,0.27562400698661804
2724,7,378,0.30477094650268555
2725,7,379,0.28603166341781616
2726,7,380,0.3637843132019043
2727,7,381,0.3357374370098114
2728,7,382,0.318879634141922
2729,7,383,0.23886661231517792
2730,7,384,0.3553806245326996
2731,7,385,0.30129414796829224
2732,7,386,0.343027800321579
2733,7,387,0.3008042573928833
2734,7,388,0.2873404324054718
2735,7,389,0.19163048267364502
2736,7,390,0.2970350682735443
2737,7,391,0.14492277801036835
2738,8,1,0.2307662069797516
2739,8,2,0.19975553452968597
2740,8,3,0.163276806473732
2741,8,4,0.1898370087146759
2742,8,5,0.1455100029706955
2743,8,6,0.20069162547588348
2744,8,7,0.18885986506938934
2745,8,8,0.33408913016319275
2746,8,9,0.21356645226478577
2747,8,10,0.253800630569458
2748,8,11,0.08496993035078049
2749,8,12,0.17172926664352417
2750,8,13,0.28641942143440247
2751,8,14,0.22141416370868683
2752,8,15,0.20289669930934906
2753,8,16,0.23837728798389435
2754,8,17,0.15746872127056122
2755,8,18,0.16399100422859192
2756,8,19,0.14418555796146393
2757,8,20,0.0896681547164917
2758,8,21,0.13468797504901886
2759,8,22,0.16670386493206024
2760,8,23,0.13736195862293243
2761,8,24,0.2521107494831085
2762,8,25,0.09529486298561096
2763,8,26,0.13671636581420898
2764,8,27,0.21597278118133545
2765,8,28,0.13971304893493652
2766,8,29,0.21937398612499237
2767,8,30,0.2874997556209564
2768,8,31,0.2208508551120758
2769,8,32,0.21729826927185059
2770,8,33,0.1745370626449585
2771,8,34,0.10078006982803345
2772,8,35,0.23954077064990997
2773,8,36,0.1726776510477066
2774,8,37,0.17418831586837769
2775,8,38,0.21723422408103943
2776,8,39,0.2996079921722412
2777,8,40,0.13760577142238617
2778,8,41,0.27183228731155396
2779,8,42,0.17930257320404053
2780,8,43,0.2239043414592743
2781,8,44,0.17659470438957214
2782,8,45,0.09775348752737045
2783,8,46,0.19003309309482574
2784,8,47,0.2468932718038559
2785,8,48,0.25867176055908203
2786,8,49,0.22674641013145447
2787,8,50,0.13608932495117188
2788,8,51,0.21417653560638428
2789,8,52,0.20917962491512299
2790,8,53,0.1112838089466095
2791,8,54,0.2924192249774933
2792,8,55,0.17066527903079987
2793,8,56,0.2474716752767563
2794,8,57,0.240584596991539
2795,8,58,0.11190444231033325
2796,8,59,0.27404096722602844
2797,8,60,0.11362075060606003
2798,8,61,0.2174869328737259
2799,8,62,0.1458835005760193
2800,8,63,0.24035406112670898
2801,8,64,0.3634099066257477
2802,8,65,0.14938661456108093
2803,8,66,0.2168126404285431
2804,8,67,0.26375284790992737
2805,8,68,0.23091772198677063
2806,8,69,0.17991004884243011
2807,8,70,0.35447847843170166
2808,8,71,0.11559396237134933
2809,8,72,0.28573501110076904
2810,8,73,0.22590301930904388
2811,8,74,0.22285903990268707
2812,8,75,0.21775980293750763
2813,8,76,0.20588849484920502
2814,8,77,0.25198978185653687
2815,8,78,0.2377312183380127
2816,8,79,0.27504763007164
2817,8,80,0.19427189230918884
2818,8,81,0.27158424258232117
2819,8,82,0.17282845079898834
2820,8,83,0.25119104981422424
2821,8,84,0.16289643943309784
2822,8,85,0.3182964324951172
2823,8,86,0.2315032184123993
2824,8,87,0.2667388617992401
2825,8,88,0.1719336211681366
2826,8,89,0.24724522233009338
2827,8,90,0.10080602765083313
2828,8,91,0.23247858881950378
2829,8,92,0.1429090052843094
2830,8,93,0.28148943185806274
2831,8,94,0.28065481781959534
2832,8,95,0.21807056665420532
2833,8,96,0.1585574895143509
2834,8,97,0.18552923202514648
2835,8,98,0.19093497097492218
2836,8,99,0.2408808320760727
2837,8,100,0.18771584331989288
2838,8,101,0.21765200793743134
2839,8,102,0.3018411695957184
2840,8,103,0.2763403654098511
2841,8,104,0.1252792775630951
2842,8,105,0.15084847807884216
2843,8,106,0.21200408041477203
2844,8,107,0.2885560691356659
2845,8,108,0.18110693991184235
2846,8,109,0.14662589132785797
2847,8,110,0.22465409338474274
2848,8,111,0.15255741775035858
2849,8,112,0.20730523765087128
2850,8,113,0.21644292771816254
2851,8,114,0.16508199274539948
2852,8,115,0.21062716841697693
2853,8,116,0.13813911378383636
2854,8,117,0.13535593450069427
2855,8,118,0.21260510385036469
2856,8,119,0.15136592090129852
2857,8,120,0.1710280030965805
2858,8,121,0.11789575964212418
2859,8,122,0.24042853713035583
2860,8,123,0.2568741738796234
2861,8,124,0.22246870398521423
2862,8,125,0.14686256647109985
2863,8,126,0.26085034012794495
2864,8,127,0.13869893550872803
2865,8,128,0.21663954854011536
2866,8,129,0.32378220558166504
2867,8,130,0.20143219828605652
2868,8,131,0.18384866416454315
2869,8,132,0.2256079763174057
2870,8,133,0.14636032283306122
2871,8,134,0.24227187037467957
2872,8,135,0.30226370692253113
2873,8,136,0.23843753337860107
2874,8,137,0.11994179338216782
2875,8,138,0.2211301326751709
2876,8,139,0.2478823959827423
2877,8,140,0.2021479606628418
2878,8,141,0.20569396018981934
2879,8,142,0.25839531421661377
2880,8,143,0.1496959775686264
2881,8,144,0.15760143101215363
2882,8,145,0.2993459701538086
2883,8,146,0.23105521500110626
2884,8,147,0.267707884311676
2885,8,148,0.17295454442501068
2886,8,149,0.12005707621574402
2887,8,150,0.22356323897838593
2888,8,151,0.18880729377269745
2889,8,152,0.32697737216949463
2890,8,153,0.2435627430677414
2891,8,154,0.19666633009910583
2892,8,155,0.2535777688026428
2893,8,156,0.17821191251277924
2894,8,157,0.41499778628349304
2895,8,158,0.14143022894859314
2896,8,159,0.20068469643592834
2897,8,160,0.1595173478126526
2898,8,161,0.18410880863666534
2899,8,162,0.20603227615356445
2900,8,163,0.17907825112342834
2901,8,164,0.21178404986858368
2902,8,165,0.23091967403888702
2903,8,166,0.24414780735969543
2904,8,167,0.21735696494579315
2905,8,168,0.23885484039783478
2906,8,169,0.20237228274345398
2907,8,170,0.24453754723072052
2908,8,171,0.20298078656196594
2909,8,172,0.1825825423002243
2910,8,173,0.1414358913898468
2911,8,174,0.16611170768737793
2912,8,175,0.24305947124958038
2913,8,176,0.17438244819641113
2914,8,177,0.14972583949565887
2915,8,178,0.22915183007717133
2916,8,179,0.18144172430038452
2917,8,180,0.16166852414608002
2918,8,181,0.21178361773490906
2919,8,182,0.31941279768943787
2920,8,183,0.2654676139354706
2921,8,184,0.28388485312461853
2922,8,185,0.26068368554115295
2923,8,186,0.13092675805091858
2924,8,187,0.17693167924880981
2925,8,188,0.16076654195785522
2926,8,189,0.2521316409111023
2927,8,190,0.2261749505996704
2928,8,191,0.1653629094362259
2929,8,192,0.1337483823299408
2930,8,193,0.1896335631608963
2931,8,194,0.1763075888156891
2932,8,195,0.25766077637672424
2933,8,196,0.17618821561336517
2934,8,197,0.23475079238414764
2935,8,198,0.1482527256011963
2936,8,199,0.2340133786201477
2937,8,200,0.21701541543006897
2938,8,201,0.14294272661209106
2939,8,202,0.25844624638557434
2940,8,203,0.2134789228439331
2941,8,204,0.20653104782104492
2942,8,205,0.1876404881477356
2943,8,206,0.09723863750696182
2944,8,207,0.2882755398750305
2945,8,208,0.19280719757080078
2946,8,209,0.289092093706131
2947,8,210,0.2524356245994568
2948,8,211,0.1670464128255844
2949,8,212,0.14446784555912018
2950,8,213,0.19015511870384216
2951,8,214,0.26592740416526794
2952,8,215,0.2318899780511856
2953,8,216,0.1438494622707367
2954,8,217,0.18733572959899902
2955,8,218,0.1959417760372162
2956,8,219,0.21416479349136353
2957,8,220,0.3154086768627167
2958,8,221,0.2461484670639038
2959,8,222,0.28047704696655273
2960,8,223,0.20058879256248474
2961,8,224,0.19731715321540833
2962,8,225,0.19847580790519714
2963,8,226,0.2414998561143875
2964,8,227,0.23458629846572876
2965,8,228,0.19216305017471313
2966,8,229,0.2566851079463959
2967,8,230,0.15551693737506866
2968,8,231,0.27751418948173523
2969,8,232,0.15002110600471497
2970,8,233,0.16668416559696198
2971,8,234,0.1530008614063263
2972,8,235,0.2269400656223297
2973,8,236,0.19784782826900482
2974,8,237,0.25661641359329224
2975,8,238,0.258614718914032
2976,8,239,0.2303156554698944
2977,8,240,0.1732637733221054
2978,8,241,0.2635488510131836
2979,8,242,0.356695294380188
2980,8,243,0.19042693078517914
2981,8,244,0.23622870445251465
2982,8,245,0.27123263478279114
2983,8,246,0.13855457305908203
2984,8,247,0.16539601981639862
2985,8,248,0.268622487783432
2986,8,249,0.227230042219162
2987,8,250,0.27175605297088623
2988,8,251,0.1722576767206192
2989,8,252,0.22764091193675995
2990,8,253,0.2651219367980957
2991,8,254,0.26038914918899536
2992,8,255,0.12862913310527802
2993,8,256,0.21679717302322388
2994,8,257,0.17185159027576447
2995,8,258,0.1235414668917656
2996,8,259,0.26993733644485474
2997,8,260,0.2870056629180908
2998,8,261,0.20320060849189758
2999,8,262,0.16680610179901123
3000,8,263,0.14321064949035645
3001,8,264,0.21649077534675598
3002,8,265,0.1590297967195511
3003,8,266,0.20247766375541687
3004,8,267,0.18473020195960999
3005,8,268,0.24901629984378815
3006,8,269,0.17470227181911469
3007,8,270,0.267537385225296
3008,8,271,0.17423970997333527
3009,8,272,0.24184222519397736
3010,8,273,0.267869770526886
3011,8,274,0.16943301260471344
3012,8,275,0.13376805186271667
3013,8,276,0.2929953336715698
3014,8,277,0.16892899572849274
3015,8,278,0.21545007824897766
3016,8,279,0.322139710187912
3017,8,280,0.27896276116371155
3018,8,281,0.28834038972854614
3019,8,282,0.2615269422531128
3020,8,283,0.23647597432136536
3021,8,284,0.21745459735393524
3022,8,285,0.17445705831050873
3023,8,286,0.2241131067276001
3024,8,287,0.30105289816856384
3025,8,288,0.35642141103744507
3026,8,289,0.21313564479351044
3027,8,290,0.12013140320777893
3028,8,291,0.18014705181121826
3029,8,292,0.2838442027568817
3030,8,293,0.29457709193229675
3031,8,294,0.14232797920703888
3032,8,295,0.2110229879617691
3033,8,296,0.1351148784160614
3034,8,297,0.15859748423099518
3035,8,298,0.22535602748394012
3036,8,299,0.2667929530143738
3037,8,300,0.11758391559123993
3038,8,301,0.09942955523729324
3039,8,302,0.19987820088863373
3040,8,303,0.19052021205425262
3041,8,304,0.19150792062282562
3042,8,305,0.1450878381729126
3043,8,306,0.25812041759490967
3044,8,307,0.40560975670814514
3045,8,308,0.21740934252738953
3046,8,309,0.21496571600437164
3047,8,310,0.2354251593351364
3048,8,311,0.2517260015010834
3049,8,312,0.19068695604801178
3050,8,313,0.4594334661960602
3051,8,314,0.17269004881381989
3052,8,315,0.13353677093982697
3053,8,316,0.3226793110370636
3054,8,317,0.2699011266231537
3055,8,318,0.28751862049102783
3056,8,319,0.19337044656276703
3057,8,320,0.2867647409439087
3058,8,321,0.2626093029975891
3059,8,322,0.3345412015914917
3060,8,323,0.31621527671813965
3061,8,324,0.18396565318107605
3062,8,325,0.20955295860767365
3063,8,326,0.2179172784090042
3064,8,327,0.25196996331214905
3065,8,328,0.2768976390361786
3066,8,329,0.28390130400657654
3067,8,330,0.24887196719646454
3068,8,331,0.3848817050457001
3069,8,332,0.2202816754579544
3070,8,333,0.1427185833454132
3071,8,334,0.25389260053634644
3072,8,335,0.2619713842868805
3073,8,336,0.18435806035995483
3074,8,337,0.33318057656288147
3075,8,338,0.3010574281215668
3076,8,339,0.20586344599723816
3077,8,340,0.18529489636421204
3078,8,341,0.16758520901203156
3079,8,342,0.3232390284538269
3080,8,343,0.24450530111789703
3081,8,344,0.22479693591594696
3082,8,345,0.2283010631799698
3083,8,346,0.15164081752300262
3084,8,347,0.19701039791107178
3085,8,348,0.24251027405261993
3086,8,349,0.1468324363231659
3087,8,350,0.2018050104379654
3088,8,351,0.16183476150035858
3089,8,352,0.12464587390422821
3090,8,353,0.22055618464946747
3091,8,354,0.20995450019836426
3092,8,355,0.23060342669487
3093,8,356,0.2913912832736969
3094,8,357,0.30940568447113037
3095,8,358,0.19684238731861115
3096,8,359,0.1823117434978485
3097,8,360,0.19655272364616394
3098,8,361,0.21263094246387482
3099,8,362,0.23605778813362122
3100,8,363,0.23963963985443115
3101,8,364,0.16748861968517303
3102,8,365,0.2487698197364807
3103,8,366,0.13454732298851013
3104,8,367,0.33723580837249756
3105,8,368,0.27459651231765747
3106,8,369,0.13152581453323364
3107,8,370,0.20537902414798737
3108,8,371,0.31690284609794617
3109,8,372,0.22542019188404083
3110,8,373,0.13914081454277039
3111,8,374,0.26488324999809265
3112,8,375,0.23323628306388855
3113,8,376,0.21128426492214203
3114,8,377,0.3022644519805908
3115,8,378,0.26113247871398926
3116,8,379,0.2810443043708801
3117,8,380,0.31797289848327637
3118,8,381,0.22897207736968994
3119,8,382,0.14365848898887634
3120,8,383,0.21189361810684204
3121,8,384,0.21349549293518066
3122,8,385,0.2811817526817322
3123,8,386,0.1446550190448761
3124,8,387,0.15863417088985443
3125,8,388,0.16207174956798553
3126,8,389,0.1563248336315155
3127,8,390,0.24480578303337097
3128,8,391,0.15462124347686768
3129,9,1,0.12376043200492859
3130,9,2,0.1447889655828476
3131,9,3,0.13513830304145813
3132,9,4,0.19792641699314117
3133,9,5,0.12184850126504898
3134,9,6,0.18402162194252014
3135,9,7,0.143264040350914
3136,9,8,0.21612219512462616
3137,9,9,0.1295623779296875
3138,9,10,0.14888586103916168
3139,9,11,0.1402653008699417
3140,9,12,0.20105624198913574
3141,9,13,0.1450551152229309
3142,9,14,0.10680777579545975
3143,9,15,0.13254314661026
3144,9,16,0.08425687253475189
3145,9,17,0.12851321697235107
3146,9,18,0.1593792587518692
3147,9,19,0.10616634786128998
3148,9,20,0.1633283644914627
3149,9,21,0.17099662125110626
3150,9,22,0.14466574788093567
3151,9,23,0.14642617106437683
3152,9,24,0.10428550839424133
3153,9,25,0.11117380112409592
3154,9,26,0.10603097826242447
3155,9,27,0.06560932099819183
3156,9,28,0.22771361470222473
3157,9,29,0.12782007455825806
3158,9,30,0.2067500203847885
3159,9,31,0.15529297292232513
3160,9,32,0.09988060593605042
3161,9,33,0.11648420989513397
3162,9,34,0.3010061979293823
3163,9,35,0.15490217506885529
3164,9,36,0.11766234040260315
3165,9,37,0.1353738158941269
3166,9,38,0.13195395469665527
3167,9,39,0.17267687618732452
3168,9,40,0.18714596331119537
3169,9,41,0.1774626523256302
3170,9,42,0.19518433511257172
3171,9,43,0.13268229365348816
3172,9,44,0.1409907341003418
3173,9,45,0.11574568599462509
3174,9,46,0.1585085242986679
3175,9,47,0.2548047602176666
3176,9,48,0.20036104321479797
3177,9,49,0.39219069480895996
3178,9,50,0.1425776332616806
3179,9,51,0.2532859444618225
3180,9,52,0.1720060408115387
3181,9,53,0.10970830917358398
3182,9,54,0.20661477744579315
3183,9,55,0.08111613243818283
3184,9,56,0.1486065536737442
3185,9,57,0.23121774196624756
3186,9,58,0.062235329300165176
3187,9,59,0.1431732475757599
3188,9,60,0.2382020801305771
3189,9,61,0.08573219925165176
3190,9,62,0.1936933398246765
3191,9,63,0.18844039738178253
3192,9,64,0.17236773669719696
3193,9,65,0.17314134538173676
3194,9,66,0.17885413765907288
3195,9,67,0.27725502848625183
3196,9,68,0.16203448176383972
3197,9,69,0.27684521675109863
3198,9,70,0.0779653936624527
3199,9,71,0.14048972725868225
3200,9,72,0.14917981624603271
3201,9,73,0.21475984156131744
3202,9,74,0.1243453398346901
3203,9,75,0.12857849895954132
3204,9,76,0.17258313298225403
3205,9,77,0.10355658829212189
3206,9,78,0.18444490432739258
3207,9,79,0.2063891887664795
3208,9,80,0.18959173560142517
3209,9,81,0.16214023530483246
3210,9,82,0.09637784957885742
3211,9,83,0.20456111431121826
3212,9,84,0.13374263048171997
3213,9,85,0.07788316160440445
3214,9,86,0.19470927119255066
3215,9,87,0.09936974942684174
3216,9,88,0.17230039834976196
3217,9,89,0.08682595938444138
3218,9,90,0.09387686848640442
3219,9,91,0.246773824095726
3220,9,92,0.19110512733459473
3221,9,93,0.12725107371807098
3222,9,94,0.0725904032588005
3223,9,95,0.2500819265842438
3224,9,96,0.19006399810314178
3225,9,97,0.17121312022209167
3226,9,98,0.10666461288928986
3227,9,99,0.15749487280845642
3228,9,100,0.09005216509103775
3229,9,101,0.11580171436071396
3230,9,102,0.11589616537094116
3231,9,103,0.1727193295955658
3232,9,104,0.1768299639225006
3233,9,105,0.20978672802448273
3234,9,106,0.16239674389362335
3235,9,107,0.10438862442970276
3236,9,108,0.2490525245666504
3237,9,109,0.11481444537639618
3238,9,110,0.176618754863739
3239,9,111,0.1018688753247261
3240,9,112,0.20268337428569794
3241,9,113,0.1722213327884674
3242,9,114,0.23906122148036957
3243,9,115,0.10497414320707321
3244,9,116,0.1406048983335495
3245,9,117,0.297800749540329
3246,9,118,0.15815001726150513
3247,9,119,0.14519274234771729
3248,9,120,0.16875819861888885
3249,9,121,0.15802548825740814
3250,9,122,0.18436932563781738
3251,9,123,0.16402500867843628
3252,9,124,0.2979496419429779
3253,9,125,0.25495827198028564
3254,9,126,0.2571354806423187
3255,9,127,0.21239608526229858
3256,9,128,0.24570469558238983
3257,9,129,0.15705542266368866
3258,9,130,0.100278340280056
3259,9,131,0.3319433629512787
3260,9,132,0.20912986993789673
3261,9,133,0.2289588749408722
3262,9,134,0.09049854427576065
3263,9,135,0.2846224904060364
3264,9,136,0.142717182636261
3265,9,137,0.2307533621788025
3266,9,138,0.10057174414396286
3267,9,139,0.13020938634872437
3268,9,140,0.13937219977378845
3269,9,141,0.17953185737133026
3270,9,142,0.21230657398700714
3271,9,143,0.20869572460651398
3272,9,144,0.14871037006378174
3273,9,145,0.1847810000181198
3274,9,146,0.17470446228981018
3275,9,147,0.1289583295583725
3276,9,148,0.11757993698120117
3277,9,149,0.14014731347560883
3278,9,150,0.12275873869657516
3279,9,151,0.14001278579235077
3280,9,152,0.18097242712974548
3281,9,153,0.25564366579055786
3282,9,154,0.17158004641532898
3283,9,155,0.20835848152637482
3284,9,156,0.05054570734500885
3285,9,157,0.19267188012599945
3286,9,158,0.10229363292455673
3287,9,159,0.06655042618513107
3288,9,160,0.11362885683774948
3289,9,161,0.14996492862701416
3290,9,162,0.187583327293396
3291,9,163,0.07984618097543716
3292,9,164,0.15445640683174133
3293,9,165,0.14928123354911804
3294,9,166,0.08890093117952347
3295,9,167,0.25990748405456543
3296,9,168,0.11270781606435776
3297,9,169,0.1616578996181488
3298,9,170,0.2565667927265167
3299,9,171,0.20004487037658691
3300,9,172,0.10043507069349289
3301,9,173,0.19287097454071045
3302,9,174,0.12366980314254761
3303,9,175,0.2299633026123047
3304,9,176,0.12238234281539917
3305,9,177,0.2520487904548645
3306,9,178,0.28812089562416077
3307,9,179,0.26953351497650146
3308,9,180,0.0557013675570488
3309,9,181,0.0803598165512085
3310,9,182,0.15061704814434052
3311,9,183,0.20713305473327637
3312,9,184,0.13836726546287537
3313,9,185,0.2359122633934021
3314,9,186,0.040445905178785324
3315,9,187,0.15372559428215027
3316,9,188,0.22217880189418793
3317,9,189,0.19079841673374176
3318,9,190,0.11802800744771957
3319,9,191,0.16434694826602936
3320,9,192,0.14583352208137512
3321,9,193,0.18567530810832977
3322,9,194,0.20892028510570526
3323,9,195,0.15577204525470734
3324,9,196,0.11324076354503632
3325,9,197,0.19738203287124634
3326,9,198,0.18000027537345886
3327,9,199,0.14438723027706146
3328,9,200,0.13330218195915222
3329,9,201,0.22839395701885223
3330,9,202,0.1327831745147705
3331,9,203,0.07973061501979828
3332,9,204,0.18290968239307404
3333,9,205,0.13150067627429962
3334,9,206,0.1674971729516983
3335,9,207,0.10752753913402557
3336,9,208,0.1674450933933258
3337,9,209,0.1906307488679886
3338,9,210,0.1977737993001938
3339,9,211,0.16794642806053162
3340,9,212,0.20372341573238373
3341,9,213,0.09110124409198761
3342,9,214,0.10378517210483551
3343,9,215,0.1858922690153122
3344,9,216,0.22552871704101562
3345,9,217,0.2456754893064499
3346,9,218,0.1883033663034439
3347,9,219,0.20695418119430542
3348,9,220,0.23844192922115326
3349,9,221,0.2100147306919098
3350,9,222,0.1974446326494217
3351,9,223,0.15773555636405945
3352,9,224,0.21805687248706818
3353,9,225,0.14698028564453125
3354,9,226,0.32012268900871277
3355,9,227,0.11201821267604828
3356,9,228,0.20686039328575134
3357,9,229,0.19660933315753937
3358,9,230,0.2195180207490921
3359,9,231,0.33597391843795776
3360,9,232,0.2340226024389267
3361,9,233,0.12021816521883011
3362,9,234,0.1916193962097168
3363,9,235,0.14068686962127686
3364,9,236,0.12096486985683441
3365,9,237,0.3521861732006073
3366,9,238,0.13035814464092255
3367,9,239,0.21887969970703125
3368,9,240,0.13405579328536987
3369,9,241,0.1838279664516449
3370,9,242,0.12046104669570923
3371,9,243,0.214889258146286
3372,9,244,0.35244986414909363
3373,9,245,0.20611798763275146
3374,9,246,0.25712499022483826
3375,9,247,0.24809738993644714
3376,9,248,0.2077248990535736
3377,9,249,0.1624869853258133
3378,9,250,0.32975277304649353
3379,9,251,0.17527370154857635
3380,9,252,0.18302035331726074
3381,9,253,0.15804119408130646
3382,9,254,0.25287750363349915
3383,9,255,0.20934641361236572
3384,9,256,0.28081077337265015
3385,9,257,0.1644354909658432
3386,9,258,0.16475427150726318
3387,9,259,0.06931134313344955
3388,9,260,0.25343069434165955
3389,9,261,0.15789799392223358
3390,9,262,0.07971769571304321
3391,9,263,0.17644503712654114
3392,9,264,0.20190058648586273
3393,9,265,0.2308289259672165
3394,9,266,0.2348741739988327
3395,9,267,0.20153386890888214
3396,9,268,0.1551714390516281
3397,9,269,0.12713971734046936
3398,9,270,0.22567197680473328
3399,9,271,0.22738733887672424
3400,9,272,0.146173894405365
3401,9,273,0.13801372051239014
3402,9,274,0.3700871467590332
3403,9,275,0.16708636283874512
3404,9,276,0.12327081710100174
3405,9,277,0.2861196994781494
3406,9,278,0.24088166654109955
3407,9,279,0.23976224660873413
3408,9,280,0.23993456363677979
3409,9,281,0.18187417089939117
3410,9,282,0.14982226490974426
3411,9,283,0.13480708003044128
3412,9,284,0.1987125128507614
3413,9,285,0.16911619901657104
3414,9,286,0.2089177370071411
3415,9,287,0.2033119797706604
3416,9,288,0.15378552675247192
3417,9,289,0.17987163364887238
3418,9,290,0.20615562796592712
3419,9,291,0.20458778738975525
3420,9,292,0.21734847128391266
3421,9,293,0.1260180026292801
3422,9,294,0.06184837594628334
3423,9,295,0.18959075212478638
3424,9,296,0.3012283444404602
3425,9,297,0.15692955255508423
3426,9,298,0.23567132651805878
3427,9,299,0.15839187800884247
3428,9,300,0.11184537410736084
3429,9,301,0.2718937397003174
3430,9,302,0.11628720164299011
3431,9,303,0.14052040874958038
3432,9,304,0.13352946937084198
3433,9,305,0.09294907748699188
3434,9,306,0.11085308343172073
3435,9,307,0.21056219935417175
3436,9,308,0.1912684142589569
3437,9,309,0.119454525411129
3438,9,310,0.16836567223072052
3439,9,311,0.300947368144989
3440,9,312,0.14573056995868683
3441,9,313,0.2300788164138794
3442,9,314,0.21149374544620514
3443,9,315,0.13771182298660278
3444,9,316,0.22808006405830383
3445,9,317,0.15535064041614532
3446,9,318,0.1297110617160797
3447,9,319,0.08995258808135986
3448,9,320,0.18939091265201569
3449,9,321,0.14403913915157318
3450,9,322,0.17082729935646057
3451,9,323,0.2413027286529541
3452,9,324,0.15950189530849457
3453,9,325,0.09755384176969528
3454,9,326,0.14688687026500702
3455,9,327,0.08194506168365479
3456,9,328,0.1898488998413086
3457,9,329,0.19191566109657288
3458,9,330,0.13533146679401398
3459,9,331,0.2485816329717636
3460,9,332,0.1646897941827774
3461,9,333,0.17827126383781433
3462,9,334,0.15408340096473694
3463,9,335,0.13514980673789978
3464,9,336,0.10058572143316269
3465,9,337,0.23856359720230103
3466,9,338,0.1618209034204483
3467,9,339,0.11040955781936646
3468,9,340,0.1190958097577095
3469,9,341,0.21991147100925446
3470,9,342,0.1403544396162033
3471,9,343,0.25123587250709534
3472,9,344,0.21064423024654388
3473,9,345,0.09675139933824539
3474,9,346,0.20313383638858795
3475,9,347,0.15318359434604645
3476,9,348,0.329818993806839
3477,9,349,0.24045971035957336
3478,9,350,0.13227428495883942
3479,9,351,0.17024782299995422
3480,9,352,0.09289068728685379
3481,9,353,0.16780659556388855
3482,9,354,0.19035997986793518
3483,9,355,0.15375971794128418
3484,9,356,0.11845838278532028
3485,9,357,0.28591230511665344
3486,9,358,0.07036682218313217
3487,9,359,0.1729167252779007
3488,9,360,0.16608449816703796
3489,9,361,0.19717498123645782
3490,9,362,0.15409505367279053
3491,9,363,0.18027152121067047
3492,9,364,0.15658189356327057
3493,9,365,0.27743780612945557
3494,9,366,0.10660731792449951
3495,9,367,0.15474694967269897
3496,9,368,0.13728654384613037
3497,9,369,0.20115716755390167
3498,9,370,0.16178232431411743
3499,9,371,0.28738653659820557
3500,9,372,0.2002049684524536
3501,9,373,0.24822020530700684
3502,9,374,0.28570833802223206
3503,9,375,0.1248965784907341
3504,9,376,0.33271098136901855
3505,9,377,0.22985972464084625
3506,9,378,0.2193378508090973
3507,9,379,0.20218083262443542
3508,9,380,0.20672069489955902
3509,9,381,0.14004726707935333
3510,9,382,0.22912661731243134
3511,9,383,0.23401272296905518
3512,9,384,0.29170313477516174
3513,9,385,0.15637685358524323
3514,9,386,0.15500931441783905
3515,9,387,0.17037846148014069
3516,9,388,0.189547598361969
3517,9,389,0.1041010394692421
3518,9,390,0.09776617586612701
3519,9,391,0.23678633570671082
3520,10,1,0.07666414231061935
3521,10,2,0.08076122403144836
3522,10,3,0.10104812681674957
3523,10,4,0.13964210450649261
3524,10,5,0.09520307928323746
3525,10,6,0.027712825685739517
3526,10,7,0.205560564994812
3527,10,8,0.1536242812871933
3528,10,9,0.051171157509088516
3529,10,10,0.15050078928470612
3530,10,11,0.07061651349067688
3531,10,12,0.13689406216144562
3532,10,13,0.10304159671068192
3533,10,14,0.11619412899017334
3534,10,15,0.048741910606622696
3535,10,16,0.06621129810810089
3536,10,17,0.07024972140789032
3537,10,18,0.10773272067308426
3538,10,19,0.1587422639131546
3539,10,20,0.13899236917495728
3540,10,21,0.11263926327228546
3541,10,22,0.09718503803014755
3542,10,23,0.12238599359989166
3543,10,24,0.10783780366182327
3544,10,25,0.11167333275079727
3545,10,26,0.09407060593366623
3546,10,27,0.21126703917980194
3547,10,28,0.055657997727394104
3548,10,29,0.07561398297548294
3549,10,30,0.13073910772800446
3550,10,31,0.059228718280792236
3551,10,32,0.06326796114444733
3552,10,33,0.17943444848060608
3553,10,34,0.07696457952260971
3554,10,35,0.05918512120842934
3555,10,36,0.1587900072336197
3556,10,37,0.16057471930980682
3557,10,38,0.07411716878414154
3558,10,39,0.03448490798473358
3559,10,40,0.16630470752716064
3560,10,41,0.11298134922981262
3561,10,42,0.12400215119123459
3562,10,43,0.14349666237831116
3563,10,44,0.13265466690063477
3564,10,45,0.17724210023880005
3565,10,46,0.06525536626577377
3566,10,47,0.16536033153533936
3567,10,48,0.09777342528104782
3568,10,49,0.03324232995510101
3569,10,50,0.05880853906273842
3570,10,51,0.09554163366556168
3571,10,52,0.1044941246509552
3572,10,53,0.11163072288036346
3573,10,54,0.17248475551605225
3574,10,55,0.11129655689001083
3575,10,56,0.0851844847202301
3576,10,57,0.11737540364265442
3577,10,58,0.12759321928024292
3578,10,59,0.11184471100568771
3579,10,60,0.14904652535915375
3580,10,61,0.25033050775527954
3581,10,62,0.17515724897384644
3582,10,63,0.06657128036022186
3583,10,64,0.07521664351224899
3584,10,65,0.0854729637503624
3585,10,66,0.23014770448207855
3586,10,67,0.08702761679887772
3587,10,68,0.1264961212873459
3588,10,69,0.060921844094991684
3589,10,70,0.16700094938278198
3590,10,71,0.1826029270887375
3591,10,72,0.16570304334163666
3592,10,73,0.11940869688987732
3593,10,74,0.114836685359478
3594,10,75,0.09052423387765884
3595,10,76,0.11599262058734894
3596,10,77,0.1380222886800766
3597,10,78,0.22334542870521545
3598,10,79,0.19845183193683624
3599,10,80,0.06282804906368256
3600,10,81,0.06186278909444809
3601,10,82,0.11932849884033203
3602,10,83,0.12018237262964249
3603,10,84,0.11630932241678238
3604,10,85,0.09881837666034698
3605,10,86,0.14921575784683228
3606,10,87,0.12694860994815826
3607,10,88,0.12204796075820923
3608,10,89,0.1091483011841774
3609,10,90,0.16762268543243408
3610,10,91,0.14124464988708496
3611,10,92,0.07632862776517868
3612,10,93,0.11916821449995041
3613,10,94,0.15399469435214996
3614,10,95,0.1540907770395279
3615,10,96,0.13559144735336304
3616,10,97,0.12868638336658478
3617,10,98,0.09388639032840729
3618,10,99,0.17059336602687836
3619,10,100,0.14006392657756805
3620,10,101,0.187990203499794
3621,10,102,0.15064257383346558
3622,10,103,0.11687439680099487
3623,10,104,0.18916326761245728
3624,10,105,0.14933010935783386
3625,10,106,0.11515156179666519
3626,10,107,0.10360924899578094
3627,10,108,0.16501586139202118
3628,10,109,0.07087333500385284
3629,10,110,0.10557860881090164
3630,10,111,0.139775350689888
3631,10,112,0.09435441344976425
3632,10,113,0.17373402416706085
3633,10,114,0.07616525143384933
3634,10,115,0.11651882529258728
3635,10,116,0.049345552921295166
3636,10,117,0.3744833767414093
3637,10,118,0.096959687769413
3638,10,119,0.24272002279758453
3639,10,120,0.0743168443441391
3640,10,121,0.1379304826259613
3641,10,122,0.15737700462341309
3642,10,123,0.18325650691986084
3643,10,124,0.042649418115615845
3644,10,125,0.17838911712169647
3645,10,126,0.16405239701271057
3646,10,127,0.06663248687982559
3647,10,128,0.14797507226467133
3648,10,129,0.18032823503017426
3649,10,130,0.23717185854911804
3650,10,131,0.17040717601776123
3651,10,132,0.09078902751207352
3652,10,133,0.0747193917632103
3653,10,134,0.09755150973796844
3654,10,135,0.11993905156850815
3655,10,136,0.11553458869457245
3656,10,137,0.17858844995498657
3657,10,138,0.20980937778949738
3658,10,139,0.16497157514095306
3659,10,140,0.13848818838596344
3660,10,141,0.1424012929201126
3661,10,142,0.1077507808804512
3662,10,143,0.17540156841278076
3663,10,144,0.10275547951459885
3664,10,145,0.11916013062000275
3665,10,146,0.11420979350805283
3666,10,147,0.06212750822305679
3667,10,148,0.11257783323526382
3668,10,149,0.10964746028184891
3669,10,150,0.14549554884433746
3670,10,151,0.11428288370370865
3671,10,152,0.11941231042146683
3672,10,153,0.13666166365146637
3673,10,154,0.0727124884724617
3674,10,155,0.06035696715116501
3675,10,156,0.05329933017492294
3676,10,157,0.09592871367931366
3677,10,158,0.0971922054886818
3678,10,159,0.15117700397968292
3679,10,160,0.20862790942192078
3680,10,161,0.11813928186893463
3681,10,162,0.10455340147018433
3682,10,163,0.30680006742477417
3683,10,164,0.0999741479754448
3684,10,165,0.1024390161037445
3685,10,166,0.14521244168281555
3686,10,167,0.06354393810033798
3687,10,168,0.058987926691770554
3688,10,169,0.06738649308681488
3689,10,170,0.14687730371952057
3690,10,171,0.14835511147975922
3691,10,172,0.09631995856761932
3692,10,173,0.24454285204410553
3693,10,174,0.09590107202529907
3694,10,175,0.07183336466550827
3695,10,176,0.07707422971725464
3696,10,177,0.11114868521690369
3697,10,178,0.10974417626857758
3698,10,179,0.17396120727062225
3699,10,180,0.15980598330497742
3700,10,181,0.11847985535860062
3701,10,182,0.03126896172761917
3702,10,183,0.08241623640060425
3703,10,184,0.11923957616090775
3704,10,185,0.12529133260250092
3705,10,186,0.2222159504890442
3706,10,187,0.21462231874465942
3707,10,188,0.19338227808475494
3708,10,189,0.15408724546432495
3709,10,190,0.12011773139238358
3710,10,191,0.0708274394273758
3711,10,192,0.08904491364955902
3712,10,193,0.08667680621147156
3713,10,194,0.10646487027406693
3714,10,195,0.158981591463089
3715,10,196,0.14615221321582794
3716,10,197,0.16662496328353882
3717,10,198,0.1597975641489029
3718,10,199,0.10232267528772354
3719,10,200,0.2037821263074875
3720,10,201,0.09252917021512985
3721,10,202,0.06994438916444778
3722,10,203,0.1222735121846199
3723,10,204,0.04607938230037689
3724,10,205,0.10973396897315979
3725,10,206,0.09528393298387527
3726,10,207,0.20197027921676636
3727,10,208,0.30295827984809875
3728,10,209,0.16993804275989532
3729,10,210,0.18339858949184418
3730,10,211,0.04797297716140747
3731,10,212,0.17319141328334808
3732,10,213,0.3312654197216034
3733,10,214,0.10570394992828369
3734,10,215,0.15451884269714355
3735,10,216,0.1672949492931366
3736,10,217,0.17044715583324432
3737,10,218,0.21691110730171204
3738,10,219,0.19207444787025452
3739,10,220,0.11999861150979996
3740,10,221,0.19736836850643158
3741,10,222,0.12276788055896759
3742,10,223,0.204680398106575
3743,10,224,0.1801486611366272
3744,10,225,0.16451720893383026
3745,10,226,0.23984338343143463
3746,10,227,0.07941022515296936
3747,10,228,0.12657979130744934
3748,10,229,0.1719822883605957
3749,10,230,0.15609553456306458
3750,10,231,0.13381730020046234
3751,10,232,0.08656657487154007
3752,10,233,0.2218913733959198
3753,10,234,0.21990057826042175
3754,10,235,0.21982577443122864
3755,10,236,0.2619663178920746
3756,10,237,0.18636709451675415
3757,10,238,0.09873981773853302
3758,10,239,0.22969214618206024
3759,10,240,0.09532386809587479
3760,10,241,0.12608565390110016
3761,10,242,0.17193390429019928
3762,10,243,0.1538451462984085
3763,10,244,0.1587924063205719
3764,10,245,0.21946033835411072
3765,10,246,0.21031901240348816
3766,10,247,0.2149493545293808
3767,10,248,0.09216137230396271
3768,10,249,0.07889824360609055
3769,10,250,0.10985144972801208
3770,10,251,0.11620531976222992
3771,10,252,0.11084403842687607
3772,10,253,0.20988544821739197
3773,10,254,0.14780858159065247
3774,10,255,0.14907406270503998
3775,10,256,0.11213908344507217
3776,10,257,0.10505977272987366
3777,10,258,0.11927056312561035
3778,10,259,0.11704108119010925
3779,10,260,0.08961733430624008
3780,10,261,0.08777956664562225
3781,10,262,0.10639727115631104
3782,10,263,0.18562668561935425
3783,10,264,0.148269921541214
3784,10,265,0.16618341207504272
3785,10,266,0.12225203216075897
3786,10,267,0.11121617257595062
3787,10,268,0.07897298783063889
3788,10,269,0.20520666241645813
3789,10,270,0.06773542612791061
3790,10,271,0.05564320832490921
3791,10,272,0.08406447619199753
3792,10,273,0.1522389054298401
3793,10,274,0.16420376300811768
3794,10,275,0.07948265969753265
3795,10,276,0.2241031378507614
3796,10,277,0.12405702471733093
3797,10,278,0.12951116263866425
3798,10,279,0.09297074377536774
3799,10,280,0.13331899046897888
3800,10,281,0.08277568221092224
3801,10,282,0.12567834556102753
3802,10,283,0.09003149718046188
3803,10,284,0.18931414186954498
3804,10,285,0.24641749262809753
3805,10,286,0.23013915121555328
3806,10,287,0.12376421689987183
3807,10,288,0.17764690518379211
3808,10,289,0.10385666787624359
3809,10,290,0.15264293551445007
3810,10,291,0.21119406819343567
3811,10,292,0.1714339703321457
3812,10,293,0.22802263498306274
3813,10,294,0.08916778862476349
3814,10,295,0.13724911212921143
3815,10,296,0.12150740623474121
3816,10,297,0.07320895045995712
3817,10,298,0.16081006824970245
3818,10,299,0.049994125962257385
3819,10,300,0.10585258901119232
3820,10,301,0.1940397173166275
3821,10,302,0.14723487198352814
3822,10,303,0.13950486481189728
3823,10,304,0.17776626348495483
3824,10,305,0.17120762169361115
3825,10,306,0.2170952409505844
3826,10,307,0.08393082767724991
3827,10,308,0.1239156499505043
3828,10,309,0.13463100790977478
3829,10,310,0.26117610931396484
3830,10,311,0.16740694642066956
3831,10,312,0.10649131238460541
3832,10,313,0.1464637815952301
3833,10,314,0.10181249678134918
3834,10,315,0.09005160629749298
3835,10,316,0.154093936085701
3836,10,317,0.08845154941082001
3837,10,318,0.24755099415779114
3838,10,319,0.08882111310958862
3839,10,320,0.10895903408527374
3840,10,321,0.12173493206501007
3841,10,322,0.21457216143608093
3842,10,323,0.13887867331504822
3843,10,324,0.07594303786754608
3844,10,325,0.19974850118160248
3845,10,326,0.17979669570922852
3846,10,327,0.1264818012714386
3847,10,328,0.08072811365127563
3848,10,329,0.09407384693622589
3849,10,330,0.12131001800298691
3850,10,331,0.17680862545967102
3851,10,332,0.061988938599824905
3852,10,333,0.16269461810588837
3853,10,334,0.16985724866390228
3854,10,335,0.10924115031957626
3855,10,336,0.18940646946430206
3856,10,337,0.1692301332950592
3857,10,338,0.10364903509616852
3858,10,339,0.11014380306005478
3859,10,340,0.08695290982723236
3860,10,341,0.07018006592988968
3861,10,342,0.19799202680587769
3862,10,343,0.16861160099506378
3863,10,344,0.13111640512943268
3864,10,345,0.11633914709091187
3865,10,346,0.18782031536102295
3866,10,347,0.16026823222637177
3867,10,348,0.09718985855579376
3868,10,349,0.135986790060997
3869,10,350,0.08832024782896042
3870,10,351,0.10683640092611313
3871,10,352,0.11828675866127014
3872,10,353,0.16746656596660614
3873,10,354,0.1658598631620407
3874,10,355,0.13984499871730804
3875,10,356,0.13145744800567627
3876,10,357,0.18314296007156372
3877,10,358,0.1399041712284088
3878,10,359,0.1801484078168869
3879,10,360,0.1740695983171463
3880,10,361,0.13576555252075195
3881,10,362,0.09516920894384384
3882,10,363,0.12065379321575165
3883,10,364,0.4119899272918701
3884,10,365,0.11338556557893753
3885,10,366,0.11514143645763397
3886,10,367,0.14880695939064026
3887,10,368,0.13323675096035004
3888,10,369,0.13108378648757935
3889,10,370,0.11728020012378693
3890,10,371,0.18405941128730774
3891,10,372,0.27084800601005554
3892,10,373,0.06646134704351425
3893,10,374,0.09285399317741394
3894,10,375,0.14123226702213287
3895,10,376,0.09682871401309967
3896,10,377,0.18876172602176666
3897,10,378,0.18722543120384216
3898,10,379,0.19124603271484375
3899,10,380,0.17203107476234436
3900,10,381,0.25680434703826904
3901,10,382,0.22520707547664642
3902,10,383,0.23522301018238068
3903,10,384,0.2107522040605545
3904,10,385,0.16285881400108337
3905,10,386,0.22911499440670013
3906,10,387,0.1664799451828003
3907,10,388,0.16310913860797882
3908,10,389,0.13865478336811066
3909,10,390,0.12366090714931488
3910,10,391,0.05648667737841606
3911,11,1,0.09086782485246658
3912,11,2,0.14230158925056458
3913,11,3,0.19143734872341156
3914,11,4,0.1145332083106041
3915,11,5,0.12731225788593292
3916,11,6,0.07757274061441422
3917,11,7,0.133465975522995
3918,11,8,0.06348103284835815
3919,11,9,0.16655153036117554
3920,11,10,0.11585918813943863
3921,11,11,0.10333920270204544
3922,11,12,0.07821571826934814
3923,11,13,0.1158880740404129
3924,11,14,0.12479618936777115
3925,11,15,0.16169407963752747
3926,11,16,0.16541926562786102
3927,11,17,0.1394507884979248
3928,11,18,0.043533582240343094
3929,11,19,0.04831758886575699
3930,11,20,0.06938481330871582
3931,11,21,0.09147360920906067
3932,11,22,0.09489119052886963
3933,11,23,0.14268630743026733
3934,11,24,0.16174176335334778
3935,11,25,0.08135389536619186
3936,11,26,0.09515227377414703
3937,11,27,0.11227282881736755
3938,11,28,0.08505652844905853
3939,11,29,0.059446439146995544
3940,11,30,0.1524640917778015
3941,11,31,0.12883225083351135
3942,11,32,0.11781784147024155
3943,11,33,0.14963024854660034
3944,11,34,0.08042247593402863
3945,11,35,0.17672184109687805
3946,11,36,0.10703971236944199
3947,11,37,0.03216179087758064
3948,11,38,0.06745590269565582
3949,11,39,0.17080660164356232
3950,11,40,0.07682452350854874
3951,11,41,0.04869278520345688
3952,11,42,0.05834672227501869
3953,11,43,0.09157297015190125
3954,11,44,0.13098925352096558
3955,11,45,0.057587046176195145
3956,11,46,0.038997601717710495
3957,11,47,0.07883881777524948
3958,11,48,0.14892040193080902
3959,11,49,0.08414369076490402
3960,11,50,0.09330708533525467
3961,11,51,0.047038860619068146
3962,11,52,0.13215956091880798
3963,11,53,0.13005664944648743
3964,11,54,0.08321630209684372
3965,11,55,0.21903100609779358
3966,11,56,0.039408255368471146
3967,11,57,0.12540346384048462
3968,11,58,0.131649911403656
3969,11,59,0.06744346767663956
3970,11,60,0.14029404520988464
3971,11,61,0.09850367903709412
3972,11,62,0.025266017764806747
3973,11,63,0.18443386256694794
3974,11,64,0.08482331782579422
3975,11,65,0.19667507708072662
3976,11,66,0.05633246898651123
3977,11,67,0.1493593156337738
3978,11,68,0.11507435888051987
3979,11,69,0.11452551186084747
3980,11,70,0.08997369557619095
3981,11,71,0.1265232115983963
3982,11,72,0.21170616149902344
3983,11,73,0.16027089953422546
3984,11,74,0.08793671429157257
3985,11,75,0.09977099299430847
3986,11,76,0.11322502046823502
3987,11,77,0.070176862180233
3988,11,78,0.14432293176651
3989,11,79,0.05239633098244667
3990,11,80,0.07399366796016693
3991,11,81,0.14914724230766296
3992,11,82,0.05905262753367424
3993,11,83,0.051434263586997986
3994,11,84,0.17331376671791077
3995,11,85,0.03684687241911888
3996,11,86,0.1625889241695404
3997,11,87,0.08953196555376053
3998,11,88,0.18801648914813995
3999,11,89,0.08425775170326233
4000,11,90,0.09069562703371048
4001,11,91,0.06396476924419403
4002,11,92,0.04716355353593826
4003,11,93,0.05719883367419243
4004,11,94,0.08543717861175537
4005,11,95,0.17631158232688904
4006,11,96,0.08497416973114014
4007,11,97,0.08561248332262039
4008,11,98,0.07174884527921677
4009,11,99,0.16534820199012756
4010,11,100,0.06910061091184616
4011,11,101,0.09803146868944168
4012,11,102,0.11317724734544754
4013,11,103,0.048417456448078156
4014,11,104,0.07115715742111206
4015,11,105,0.1312655359506607
4016,11,106,0.023111645132303238
4017,11,107,0.14649152755737305
4018,11,108,0.10047641396522522
4019,11,109,0.10416434705257416
4020,11,110,0.07830917090177536
4021,11,111,0.0831083282828331
4022,11,112,0.22253818809986115
4023,11,113,0.17658039927482605
4024,11,114,0.1020154282450676
4025,11,115,0.13491953909397125
4026,11,116,0.11258856952190399
4027,11,117,0.06886057555675507
4028,11,118,0.07289981096982956
4029,11,119,0.08530250191688538
4030,11,120,0.09435318410396576
4031,11,121,0.09165584295988083
4032,11,122,0.07478687912225723
4033,11,123,0.040228914469480515
4034,11,124,0.16847921907901764
4035,11,125,0.0662861093878746
4036,11,126,0.09249544888734818
4037,11,127,0.1416047215461731
4038,11,128,0.21168218553066254
4039,11,129,0.07334653288125992
4040,11,130,0.1184842586517334
4041,11,131,0.12571251392364502
4042,11,132,0.08503863960504532
4043,11,133,0.03323957696557045
4044,11,134,0.07333251088857651
4045,11,135,0.07356508821249008
4046,11,136,0.09845434129238129
4047,11,137,0.10102184116840363
4048,11,138,0.07974008470773697
4049,11,139,0.17133794724941254
4050,11,140,0.13742002844810486
4051,11,141,0.09969095140695572
4052,11,142,0.15532951056957245
4053,11,143,0.09299289435148239
4054,11,144,0.2554622292518616
4055,11,145,0.03696206584572792
4056,11,146,0.22004158794879913
4057,11,147,0.08669786155223846
4058,11,148,0.0644751489162445
4059,11,149,0.04702254757285118
4060,11,150,0.08787524700164795
4061,11,151,0.15817010402679443
4062,11,152,0.06393013149499893
4063,11,153,0.21279309689998627
4064,11,154,0.12565411627292633
4065,11,155,0.06848350912332535
4066,11,156,0.05687331408262253
4067,11,157,0.045872099697589874
4068,11,158,0.09441456198692322
4069,11,159,0.07955417037010193
4070,11,160,0.0884852483868599
4071,11,161,0.10606534034013748
4072,11,162,0.1775127649307251
4073,11,163,0.13860659301280975
4074,11,164,0.0703556165099144
4075,11,165,0.08361890912055969
4076,11,166,0.12941871583461761
4077,11,167,0.10505763441324234
4078,11,168,0.046947378665208817
4079,11,169,0.08080604672431946
4080,11,170,0.12472567707300186
4081,11,171,0.09740649908781052
4082,11,172,0.2509288787841797
4083,11,173,0.24227581918239594
4084,11,174,0.14737582206726074
4085,11,175,0.05337628349661827
4086,11,176,0.048412926495075226
4087,11,177,0.13781872391700745
4088,11,178,0.1281733363866806
4089,11,179,0.2000294178724289
4090,11,180,0.1861429065465927
4091,11,181,0.14049695432186127
4092,11,182,0.10671272873878479
4093,11,183,0.08967506140470505
4094,11,184,0.11122248321771622
4095,11,185,0.17890334129333496
4096,11,186,0.19822163879871368
4097,11,187,0.06895614415407181
4098,11,188,0.17718413472175598
4099,11,189,0.10007257759571075
4100,11,190,0.09669127315282822
4101,11,191,0.10526451468467712
4102,11,192,0.08761481195688248
4103,11,193,0.06181290000677109
4104,11,194,0.15242360532283783
4105,11,195,0.09557663649320602
4106,11,196,0.10578944534063339
4107,11,197,0.0888264924287796
4108,11,198,0.21583540737628937
4109,11,199,0.0986548587679863
4110,11,200,0.1649843454360962
4111,11,201,0.11021608859300613
4112,11,202,0.07694203406572342
4113,11,203,0.15739458799362183
4114,11,204,0.11184880882501602
4115,11,205,0.07482491433620453
4116,11,206,0.15390829741954803
4117,11,207,0.055340006947517395
4118,11,208,0.027737556025385857
4119,11,209,0.17470043897628784
4120,11,210,0.1439456343650818
4121,11,211,0.09820451587438583
4122,11,212,0.1323292851448059
4123,11,213,0.14801135659217834
4124,11,214,0.1509789377450943
4125,11,215,0.1290702372789383
4126,11,216,0.08345551788806915
4127,11,217,0.24671699106693268
4128,11,218,0.10530702024698257
4129,11,219,0.1089327484369278
4130,11,220,0.11555664986371994
4131,11,221,0.11243149638175964
4132,11,222,0.04187871515750885
4133,11,223,0.14956364035606384
4134,11,224,0.12046492844820023
4135,11,225,0.16320328414440155
4136,11,226,0.2359132021665573
4137,11,227,0.10066665709018707
4138,11,228,0.21412138640880585
4139,11,229,0.08420038223266602
4140,11,230,0.1459147334098816
4141,11,231,0.11359431594610214
4142,11,232,0.1205405667424202
4143,11,233,0.10184424370527267
4144,11,234,0.1486986130475998
4145,11,235,0.20802630484104156
4146,11,236,0.07551083713769913
4147,11,237,0.025118889287114143
4148,11,238,0.13458894193172455
4149,11,239,0.03994038701057434
4150,11,240,0.10617361962795258
4151,11,241,0.1185183972120285
4152,11,242,0.16738630831241608
4153,11,243,0.1422734558582306
4154,11,244,0.17859616875648499
4155,11,245,0.08255176246166229
4156,11,246,0.10472723841667175
4157,11,247,0.11836830526590347
4158,11,248,0.12269743531942368
4159,11,249,0.12896592915058136
4160,11,250,0.11967381834983826
4161,11,251,0.13285984098911285
4162,11,252,0.09381931275129318
4163,11,253,0.2599228620529175
4164,11,254,0.10379733890295029
4165,11,255,0.15752056241035461
4166,11,256,0.10527218878269196
4167,11,257,0.22232404351234436
4168,11,258,0.09678104519844055
4169,11,259,0.05120854452252388
4170,11,260,0.1654842346906662
4171,11,261,0.15227319300174713
4172,11,262,0.21170726418495178
4173,11,263,0.08347081393003464
4174,11,264,0.07718589156866074
4175,11,265,0.15696248412132263
4176,11,266,0.1313357800245285
4177,11,267,0.09005065262317657
4178,11,268,0.07850988954305649
4179,11,269,0.08777683973312378
4180,11,270,0.13699230551719666
4181,11,271,0.10489047318696976
4182,11,272,0.14098230004310608
4183,11,273,0.0615975484251976
4184,11,274,0.12174176424741745
4185,11,275,0.13447901606559753
4186,11,276,0.10767483711242676
4187,11,277,0.10846175998449326
4188,11,278,0.1685182750225067
4189,11,279,0.17876780033111572
4190,11,280,0.08587304502725601
4191,11,281,0.07284451276063919
4192,11,282,0.10313332825899124
4193,11,283,0.1594475358724594
4194,11,284,0.10686388611793518
4195,11,285,0.07443805783987045
4196,11,286,0.09863508492708206
4197,11,287,0.0587996207177639
4198,11,288,0.18639753758907318
4199,11,289,0.05003991723060608
4200,11,290,0.12537479400634766
4201,11,291,0.11322616785764694
4202,11,292,0.1565062254667282
4203,11,293,0.11667636036872864
4204,11,294,0.06087205559015274
4205,11,295,0.10187865048646927
4206,11,296,0.19113118946552277
4207,11,297,0.0776703879237175
4208,11,298,0.11708582192659378
4209,11,299,0.1519836038351059
4210,11,300,0.09250321984291077
4211,11,301,0.11088676005601883
4212,11,302,0.05230572447180748
4213,11,303,0.08029630780220032
4214,11,304,0.17310215532779694
4215,11,305,0.06588037312030792
4216,11,306,0.1154022067785263
4217,11,307,0.09694216400384903
4218,11,308,0.14745622873306274
4219,11,309,0.06328064203262329
4220,11,310,0.11560305953025818
4221,11,311,0.11792448163032532
4222,11,312,0.233335942029953
4223,11,313,0.10613100975751877
4224,11,314,0.11850962787866592
4225,11,315,0.05903734266757965
4226,11,316,0.13691815733909607
4227,11,317,0.14572225511074066
4228,11,318,0.13063138723373413
4229,11,319,0.0956275537610054
4230,11,320,0.18579594790935516
4231,11,321,0.16410572826862335
4232,11,322,0.1960882544517517
4233,11,323,0.13056932389736176
4234,11,324,0.11552903056144714
4235,11,325,0.13428373634815216
4236,11,326,0.08045074343681335
4237,11,327,0.12923671305179596
4238,11,328,0.14754682779312134
4239,11,329,0.05166754126548767
4240,11,330,0.14514552056789398
4241,11,331,0.11856789141893387
4242,11,332,0.19353307783603668
4243,11,333,0.031164618209004402
4244,11,334,0.08492828905582428
4245,11,335,0.11945047229528427
4246,11,336,0.14912576973438263
4247,11,337,0.06400055438280106
4248,11,338,0.1346781849861145
4249,11,339,0.1594136357307434
4250,11,340,0.1431097537279129
4251,11,341,0.06393631547689438
4252,11,342,0.09415053576231003
4253,11,343,0.15065182745456696
4254,11,344,0.11608520895242691
4255,11,345,0.14684686064720154
4256,11,346,0.191697359085083
4257,11,347,0.09521403163671494
4258,11,348,0.08716803044080734
4259,11,349,0.08320267498493195
4260,11,350,0.1295650452375412
4261,11,351,0.12254387885332108
4262,11,352,0.14560331404209137
4263,11,353,0.11618052423000336
4264,11,354,0.1065753921866417
4265,11,355,0.221223384141922
4266,11,356,0.10085393488407135
4267,11,357,0.24641695618629456
4268,11,358,0.08455567061901093
4269,11,359,0.07329998165369034
4270,11,360,0.13917121291160583
4271,11,361,0.11397062242031097
4272,11,362,0.0897589698433876
4273,11,363,0.11775054037570953
4274,11,364,0.08164756000041962
4275,11,365,0.17706570029258728
4276,11,366,0.12709270417690277
4277,11,367,0.060864247381687164
4278,11,368,0.18835575878620148
4279,11,369,0.3529350757598877
4280,11,370,0.09991204738616943
4281,11,371,0.09050658345222473
4282,11,372,0.11478044837713242
4283,11,373,0.16233371198177338
4284,11,374,0.16483353078365326
4285,11,375,0.12866048514842987
4286,11,376,0.052193157374858856
4287,11,377,0.13494151830673218
4288,11,378,0.15063448250293732
4289,11,379,0.286101371049881
4290,11,380,0.29038795828819275
4291,11,381,0.10107949376106262
4292,11,382,0.10455304384231567
4293,11,383,0.11923496425151825
4294,11,384,0.2673465609550476
4295,11,385,0.20003384351730347
4296,11,386,0.1311526894569397
4297,11,387,0.10502897948026657
4298,11,388,0.08222358673810959
4299,11,389,0.11206953227519989
4300,11,390,0.24713093042373657
4301,11,391,0.0855736956000328
4302,12,1,0.057282187044620514
4303,12,2,0.08026981353759766
4304,12,3,0.08174413442611694
4305,12,4,0.08596424013376236
4306,12,5,0.166484072804451
4307,12,6,0.1281886100769043
4308,12,7,0.06927594542503357
4309,12,8,0.10867869108915329
4310,12,9,0.10735642910003662
4311,12,10,0.05576521158218384
4312,12,11,0.04739430546760559
4313,12,12,0.12746138870716095
4314,12,13,0.03560673072934151
4315,12,14,0.09942378103733063
4316,12,15,0.11210014671087265
4317,12,16,0.048244163393974304
4318,12,17,0.10866191983222961
4319,12,18,0.041065067052841187
4320,12,19,0.03951585665345192
4321,12,20,0.17971935868263245
4322,12,21,0.09325886517763138
4323,12,22,0.11670055985450745
4324,12,23,0.15704503655433655
4325,12,24,0.07830590009689331
4326,12,25,0.07788980007171631
4327,12,26,0.0505853109061718
4328,12,27,0.13659344613552094
4329,12,28,0.07806449383497238
4330,12,29,0.07584375888109207
4331,12,30,0.08665288984775543
4332,12,31,0.1541775017976761
4333,12,32,0.09944334626197815
4334,12,33,0.03719841316342354
4335,12,34,0.11091727763414383
4336,12,35,0.03376368060708046
4337,12,36,0.03222860395908356
4338,12,37,0.057813409715890884
4339,12,38,0.04963848739862442
4340,12,39,0.052601732313632965
4341,12,40,0.13741610944271088
4342,12,41,0.04459553211927414
4343,12,42,0.030770180746912956
4344,12,43,0.0704386755824089
4345,12,44,0.01498507335782051
4346,12,45,0.022400449961423874
4347,12,46,0.03430132567882538
4348,12,47,0.027697788551449776
4349,12,48,0.11513744294643402
4350,12,49,0.07575536519289017
4351,12,50,0.11544513702392578
4352,12,51,0.03391089662909508
4353,12,52,0.05834459885954857
4354,12,53,0.045768383890390396
4355,12,54,0.10230344533920288
4356,12,55,0.12782827019691467
4357,12,56,0.03405900299549103
4358,12,57,0.040181778371334076
4359,12,58,0.01493498682975769
4360,12,59,0.035304583609104156
4361,12,60,0.09048757702112198
4362,12,61,0.06796932220458984
4363,12,62,0.047078393399715424
4364,12,63,0.03739532455801964
4365,12,64,0.06220782548189163
4366,12,65,0.04737300053238869
4367,12,66,0.07542780786752701
4368,12,67,0.027948111295700073
4369,12,68,0.028614673763513565
4370,12,69,0.04031295329332352
4371,12,70,0.07750936597585678
4372,12,71,0.16591884195804596
4373,12,72,0.10679308325052261
4374,12,73,0.12598517537117004
4375,12,74,0.06613808870315552
4376,12,75,0.024003436788916588
4377,12,76,0.08299100399017334
4378,12,77,0.10535352677106857
4379,12,78,0.08151861280202866
4380,12,79,0.04155869036912918
4381,12,80,0.08857141435146332
4382,12,81,0.14231757819652557
4383,12,82,0.02804448828101158
4384,12,83,0.0812356248497963
4385,12,84,0.08337754756212234
4386,12,85,0.05691470205783844
4387,12,86,0.05927254632115364
4388,12,87,0.11431154608726501
4389,12,88,0.06076764315366745
4390,12,89,0.05830862373113632
4391,12,90,0.10991531610488892
4392,12,91,0.05035640299320221
4393,12,92,0.03562602773308754
4394,12,93,0.05573178827762604
4395,12,94,0.12908971309661865
4396,12,95,0.11854224652051926
4397,12,96,0.1165124773979187
4398,12,97,0.04543962702155113
4399,12,98,0.1030416265130043
4400,12,99,0.039040010422468185
4401,12,100,0.09471835196018219
4402,12,101,0.03212414309382439
4403,12,102,0.09564801305532455
4404,12,103,0.14388397336006165
4405,12,104,0.10189568251371384
4406,12,105,0.10477501153945923
4407,12,106,0.037238866090774536
4408,12,107,0.12314888834953308
4409,12,108,0.05974002555012703
4410,12,109,0.06748507171869278
4411,12,110,0.1049850732088089
4412,12,111,0.08681690692901611
4413,12,112,0.05084439367055893
4414,12,113,0.08610454946756363
4415,12,114,0.1083780974149704
4416,12,115,0.07786247879266739
4417,12,116,0.1479223221540451
4418,12,117,0.10484711825847626
4419,12,118,0.17805421352386475
4420,12,119,0.12528492510318756
4421,12,120,0.09201478958129883
4422,12,121,0.10148151218891144
4423,12,122,0.10134780406951904
4424,12,123,0.08598441630601883
4425,12,124,0.09087158739566803
4426,12,125,0.06986454129219055
4427,12,126,0.08206447958946228
4428,12,127,0.04509994387626648
4429,12,128,0.20566105842590332
4430,12,129,0.1053195670247078
4431,12,130,0.12195268273353577
4432,12,131,0.07117591053247452
4433,12,132,0.05950165539979935
4434,12,133,0.09025125205516815
4435,12,134,0.03260813280940056
4436,12,135,0.09623201191425323
4437,12,136,0.08554085344076157
4438,12,137,0.11309266090393066
4439,12,138,0.11938001960515976
4440,12,139,0.08582370728254318
4441,12,140,0.05516427010297775
4442,12,141,0.05318470671772957
4443,12,142,0.05139040946960449
4444,12,143,0.1334225982427597
4445,12,144,0.07642605900764465
4446,12,145,0.058866679668426514
4447,12,146,0.04604693129658699
4448,12,147,0.036941539496183395
4449,12,148,0.2754059135913849
4450,12,149,0.10818468779325485
4451,12,150,0.11534813046455383
4452,12,151,0.28054890036582947
4453,12,152,0.017296791076660156
4454,12,153,0.07298125326633453
4455,12,154,0.10860250145196915
4456,12,155,0.09061439335346222
4457,12,156,0.05926181748509407
4458,12,157,0.07829203456640244
4459,12,158,0.05758519098162651
4460,12,159,0.1256977617740631
4461,12,160,0.2625386714935303
4462,12,161,0.1051163524389267
4463,12,162,0.055059101432561874
4464,12,163,0.08799009770154953
4465,12,164,0.02893596515059471
4466,12,165,0.07792041450738907
4467,12,166,0.1277925968170166
4468,12,167,0.0873228907585144
4469,12,168,0.08002722263336182
4470,12,169,0.21630842983722687
4471,12,170,0.07232844829559326
4472,12,171,0.08162450790405273
4473,12,172,0.09755069017410278
4474,12,173,0.026032408699393272
4475,12,174,0.0752243623137474
4476,12,175,0.1388746201992035
4477,12,176,0.020250556990504265
4478,12,177,0.05846910923719406
4479,12,178,0.06357207894325256
4480,12,179,0.15797732770442963
4481,12,180,0.0696871280670166
4482,12,181,0.05152903497219086
4483,12,182,0.09860120713710785
4484,12,183,0.034347325563430786
4485,12,184,0.14472933113574982
4486,12,185,0.11046170443296432
4487,12,186,0.06419548392295837
4488,12,187,0.04941250756382942
4489,12,188,0.06798764318227768
4490,12,189,0.05297933146357536
4491,12,190,0.1159537062048912
4492,12,191,0.0432271771132946
4493,12,192,0.09353028237819672
4494,12,193,0.05471191555261612
4495,12,194,0.06381610035896301
4496,12,195,0.029468337073922157
4497,12,196,0.024313973262906075
4498,12,197,0.06262283772230148
4499,12,198,0.0648953840136528
4500,12,199,0.10487919300794601
4501,12,200,0.12337318807840347
4502,12,201,0.11593624204397202
4503,12,202,0.044047851115465164
4504,12,203,0.13451945781707764
4505,12,204,0.16806942224502563
4506,12,205,0.05245162546634674
4507,12,206,0.08809803426265717
4508,12,207,0.0791652649641037
4509,12,208,0.04523668438196182
4510,12,209,0.055041465908288956
4511,12,210,0.05564092844724655
4512,12,211,0.14291715621948242
4513,12,212,0.08647250384092331
4514,12,213,0.15108291804790497
4515,12,214,0.024788251146674156
4516,12,215,0.062330812215805054
4517,12,216,0.05764894187450409
4518,12,217,0.10040631145238876
4519,12,218,0.08414840698242188
4520,12,219,0.18378444015979767
4521,12,220,0.1357574164867401
4522,12,221,0.06259358674287796
4523,12,222,0.029589585959911346
4524,12,223,0.12419167906045914
4525,12,224,0.04321307688951492
4526,12,225,0.13657093048095703
4527,12,226,0.14104168117046356
4528,12,227,0.06460030376911163
4529,12,228,0.06360120326280594
4530,12,229,0.05123494565486908
4531,12,230,0.09908891469240189
4532,12,231,0.3134819269180298
4533,12,232,0.21226513385772705
4534,12,233,0.22165805101394653
4535,12,234,0.06586497277021408
4536,12,235,0.12573032081127167
4537,12,236,0.0695396438241005
4538,12,237,0.04168592765927315
4539,12,238,0.20524723827838898
4540,12,239,0.115915447473526
4541,12,240,0.09418072551488876
4542,12,241,0.09176237881183624
4543,12,242,0.136666938662529
4544,12,243,0.15431340038776398
4545,12,244,0.10093460232019424
4546,12,245,0.09904179722070694
4547,12,246,0.13233882188796997
4548,12,247,0.050991229712963104
4549,12,248,0.12207785248756409
4550,12,249,0.08198407292366028
4551,12,250,0.06014171987771988
4552,12,251,0.3177228271961212
4553,12,252,0.1512519121170044
4554,12,253,0.07197000831365585
4555,12,254,0.13858351111412048
4556,12,255,0.12770749628543854
4557,12,256,0.04517047479748726
4558,12,257,0.06591913849115372
4559,12,258,0.14409029483795166
4560,12,259,0.08548474311828613
4561,12,260,0.08559440821409225
4562,12,261,0.09631385654211044
4563,12,262,0.14910419285297394
4564,12,263,0.051847703754901886
4565,12,264,0.11595846712589264
4566,12,265,0.16080981492996216
4567,12,266,0.11608242988586426
4568,12,267,0.06848843395709991
4569,12,268,0.08281109482049942
4570,12,269,0.09349782019853592
4571,12,270,0.0682724118232727
4572,12,271,0.06761250644922256
4573,12,272,0.180662140250206
4574,12,273,0.1409732848405838
4575,12,274,0.16768325865268707
4576,12,275,0.04833411052823067
4577,12,276,0.1160518229007721
4578,12,277,0.12060679495334625
4579,12,278,0.13219167292118073
4580,12,279,0.11845959722995758
4581,12,280,0.11737203598022461
4582,12,281,0.08252663165330887
4583,12,282,0.08589974790811539
4584,12,283,0.06163812428712845
4585,12,284,0.05981079861521721
4586,12,285,0.1537831872701645
4587,12,286,0.06658261269330978
4588,12,287,0.09847778081893921
4589,12,288,0.28537893295288086
4590,12,289,0.10717865824699402
4591,12,290,0.08534708619117737
4592,12,291,0.10567335784435272
4593,12,292,0.08902072161436081
4594,12,293,0.08707060664892197
4595,12,294,0.10472404211759567
4596,12,295,0.1632261723279953
4597,12,296,0.09726488590240479
4598,12,297,0.13576725125312805
4599,12,298,0.06241776421666145
4600,12,299,0.1596258133649826
4601,12,300,0.13819071650505066
4602,12,301,0.042149439454078674
4603,12,302,0.13409031927585602
4604,12,303,0.11533783376216888
4605,12,304,0.12238562107086182
4606,12,305,0.16568627953529358
4607,12,306,0.1656927466392517
4608,12,307,0.04355376958847046
4609,12,308,0.06816834211349487
4610,12,309,0.03928357735276222
4611,12,310,0.11421410739421844
4612,12,311,0.06998659670352936
4613,12,312,0.031105728819966316
4614,12,313,0.12565387785434723
4615,12,314,0.07667730003595352
4616,12,315,0.18532070517539978
4617,12,316,0.14252455532550812
4618,12,317,0.08521836251020432
4619,12,318,0.19642022252082825
4620,12,319,0.0902569442987442
4621,12,320,0.13334062695503235
4622,12,321,0.07353051006793976
4623,12,322,0.1897544413805008
4624,12,323,0.09377285838127136
4625,12,324,0.08130848407745361
4626,12,325,0.09254269301891327
4627,12,326,0.06889756768941879
4628,12,327,0.06584025919437408
4629,12,328,0.023960420861840248
4630,12,329,0.11998086422681808
4631,12,330,0.12663379311561584
4632,12,331,0.11186154931783676
4633,12,332,0.12815728783607483
4634,12,333,0.13177408277988434
4635,12,334,0.06916244328022003
4636,12,335,0.06761433184146881
4637,12,336,0.050568677484989166
4638,12,337,0.04352225735783577
4639,12,338,0.06799778342247009
4640,12,339,0.056082241237163544
4641,12,340,0.20338281989097595
4642,12,341,0.10321397334337234
4643,12,342,0.1153944730758667
4644,12,343,0.05406178906559944
4645,12,344,0.03671233728528023
4646,12,345,0.14524707198143005
4647,12,346,0.08246207982301712
4648,12,347,0.14622114598751068
4649,12,348,0.05482998862862587
4650,12,349,0.20358595252037048
4651,12,350,0.14605461061000824
4652,12,351,0.14099806547164917
4653,12,352,0.13092105090618134
4654,12,353,0.081210196018219
4655,12,354,0.10241091251373291
4656,12,355,0.14170922338962555
4657,12,356,0.0979859009385109
4658,12,357,0.13690494000911713
4659,12,358,0.07484395056962967
4660,12,359,0.12813334167003632
4661,12,360,0.1035766452550888
4662,12,361,0.08284110575914383
4663,12,362,0.03613162040710449
4664,12,363,0.06701648980379105
4665,12,364,0.13175992667675018
4666,12,365,0.06377901136875153
4667,12,366,0.06522499024868011
4668,12,367,0.072987861931324
4669,12,368,0.021511565893888474
4670,12,369,0.12138295918703079
4671,12,370,0.07720009982585907
4672,12,371,0.09078457951545715
4673,12,372,0.17003992199897766
4674,12,373,0.08958358317613602
4675,12,374,0.08978936821222305
4676,12,375,0.07508241385221481
4677,12,376,0.0841277539730072
4678,12,377,0.06111961603164673
4679,12,378,0.12109405547380447
4680,12,379,0.07731464505195618
4681,12,380,0.07353273034095764
4682,12,381,0.047053709626197815
4683,12,382,0.08583760261535645
4684,12,383,0.036506667733192444
4685,12,384,0.10628354549407959
4686,12,385,0.025544164702296257
4687,12,386,0.14277175068855286
4688,12,387,0.042517922818660736
4689,12,388,0.13680192828178406
4690,12,389,0.09313520044088364
4691,12,390,0.0804189071059227
4692,12,391,0.034227676689624786
4693,13,1,0.21415705978870392
4694,13,2,0.13287436962127686
4695,13,3,0.08604192733764648
4696,13,4,0.10024534165859222
4697,13,5,0.062032051384449005
4698,13,6,0.06903614848852158
4699,13,7,0.03671910613775253
4700,13,8,0.05923924222588539
4701,13,9,0.020765118300914764
4702,13,10,0.03430718556046486
4703,13,11,0.041893161833286285
4704,13,12,0.09773673117160797
4705,13,13,0.07615698873996735
4706,13,14,0.05112871527671814
4707,13,15,0.04647248983383179
4708,13,16,0.02076779119670391
4709,13,17,0.013943968340754509
4710,13,18,0.02954995073378086
4711,13,19,0.02891911193728447
4712,13,20,0.055366575717926025
4713,13,21,0.06168046221137047
4714,13,22,0.03825172409415245
4715,13,23,0.1184973418712616
4716,13,24,0.021794907748699188
4717,13,25,0.027473870664834976
4718,13,26,0.08511649072170258
4719,13,27,0.07266335934400558
4720,13,28,0.0713154748082161
4721,13,29,0.03148699924349785
4722,13,30,0.09435271471738815
4723,13,31,0.05631732940673828
4724,13,32,0.04972448945045471
4725,13,33,0.0334811694920063
4726,13,34,0.2538357675075531
4727,13,35,0.011394987814128399
4728,13,36,0.06283310800790787
4729,13,37,0.015537220984697342
4730,13,38,0.09794396162033081
4731,13,39,0.055674295872449875
4732,13,40,0.10265827178955078
4733,13,41,0.07822617143392563
4734,13,42,0.079791359603405
4735,13,43,0.01097625121474266
4736,13,44,0.01574290357530117
4737,13,45,0.10744013637304306
4738,13,46,0.10714761167764664
4739,13,47,0.12455040216445923
4740,13,48,0.049157802015542984
4741,13,49,0.06979398429393768
4742,13,50,0.12089172005653381
4743,13,51,0.07537081837654114
4744,13,52,0.06841374933719635
4745,13,53,0.05723854526877403
4746,13,54,0.045553211122751236
4747,13,55,0.0587104968726635
4748,13,56,0.0401906818151474
4749,13,57,0.09518588334321976
4750,13,58,0.13349658250808716
4751,13,59,0.16325964033603668
4752,13,60,0.0791907012462616
4753,13,61,0.11847256124019623
4754,13,62,0.024500129744410515
4755,13,63,0.047509413212537766
4756,13,64,0.1078503355383873
4757,13,65,0.04170401394367218
4758,13,66,0.14969895780086517
4759,13,67,0.03913057595491409
4760,13,68,0.0618634857237339
4761,13,69,0.06319747865200043
4762,13,70,0.03353479132056236
4763,13,71,0.03374635428190231
4764,13,72,0.021678399294614792
4765,13,73,0.05298907309770584
4766,13,74,0.047814756631851196
4767,13,75,0.03150066360831261
4768,13,76,0.0473451130092144
4769,13,77,0.08320853114128113
4770,13,78,0.07069281488656998
4771,13,79,0.03879723325371742
4772,13,80,0.09151647984981537
4773,13,81,0.040738947689533234
4774,13,82,0.061065614223480225
4775,13,83,0.11836843937635422
4776,13,84,0.0754067674279213
4777,13,85,0.11693061143159866
4778,13,86,0.025014318525791168
4779,13,87,0.08739374577999115
4780,13,88,0.031457990407943726
4781,13,89,0.07386723160743713
4782,13,90,0.06590640544891357
4783,13,91,0.04747508093714714
4784,13,92,0.06433166563510895
4785,13,93,0.06761255860328674
4786,13,94,0.04785275459289551
4787,13,95,0.026236187666654587
4788,13,96,0.05464683845639229
4789,13,97,0.02190188132226467
4790,13,98,0.07616061717271805
4791,13,99,0.07122921943664551
4792,13,100,0.021542690694332123
4793,13,101,0.024868786334991455
4794,13,102,0.04121813550591469
4795,13,103,0.03727472946047783
4796,13,104,0.048020970076322556
4797,13,105,0.13003119826316833
4798,13,106,0.12144087255001068
4799,13,107,0.04887138679623604
4800,13,108,0.12984885275363922
4801,13,109,0.021512174978852272
4802,13,110,0.09047853201627731
4803,13,111,0.09328320622444153
4804,13,112,0.08586755394935608
4805,13,113,0.06075647100806236
4806,13,114,0.10500328987836838
4807,13,115,0.031938336789608
4808,13,116,0.0466453991830349
4809,13,117,0.03000362031161785
4810,13,118,0.11851098388433456
4811,13,119,0.08973455429077148
4812,13,120,0.07299939543008804
4813,13,121,0.08446317166090012
4814,13,122,0.03733859583735466
4815,13,123,0.06355924159288406
4816,13,124,0.06909917294979095
4817,13,125,0.07666683197021484
4818,13,126,0.024572087451815605
4819,13,127,0.04602126032114029
4820,13,128,0.07708597183227539
4821,13,129,0.07989106327295303
4822,13,130,0.054728128015995026
4823,13,131,0.061145249754190445
4824,13,132,0.09343256801366806
4825,13,133,0.1609431356191635
4826,13,134,0.09553806483745575
4827,13,135,0.0830184817314148
4828,13,136,0.0832354947924614
4829,13,137,0.028937356546521187
4830,13,138,0.08208721876144409
4831,13,139,0.04182567819952965
4832,13,140,0.0754803866147995
4833,13,141,0.07669278234243393
4834,13,142,0.11936833709478378
4835,13,143,0.028124570846557617
4836,13,144,0.21269278228282928
4837,13,145,0.18359440565109253
4838,13,146,0.1440952569246292
4839,13,147,0.08267689496278763
4840,13,148,0.05543278902769089
4841,13,149,0.11506754159927368
4842,13,150,0.07222306728363037
4843,13,151,0.054000888019800186
4844,13,152,0.054258208721876144
4845,13,153,0.025568204000592232
4846,13,154,0.09729897230863571
4847,13,155,0.18435980379581451
4848,13,156,0.20321303606033325
4849,13,157,0.10444671660661697
4850,13,158,0.03325807303190231
4851,13,159,0.030776072293519974
4852,13,160,0.08840018510818481
4853,13,161,0.047375693917274475
4854,13,162,0.07646877318620682
4855,13,163,0.11918069422245026
4856,13,164,0.10715547949075699
4857,13,165,0.18315662443637848
4858,13,166,0.11362610757350922
4859,13,167,0.17425253987312317
4860,13,168,0.04675387218594551
4861,13,169,0.08112531155347824
4862,13,170,0.14564965665340424
4863,13,171,0.09336093068122864
4864,13,172,0.0685272291302681
4865,13,173,0.019373252987861633
4866,13,174,0.09602963924407959
4867,13,175,0.10215664654970169
4868,13,176,0.15349635481834412
4869,13,177,0.09190252423286438
4870,13,178,0.020114775747060776
4871,13,179,0.12032918632030487
4872,13,180,0.016158685088157654
4873,13,181,0.07300052046775818
4874,13,182,0.08332706987857819
4875,13,183,0.07462022453546524
4876,13,184,0.05872851610183716
4877,13,185,0.06420867145061493
4878,13,186,0.11997687816619873
4879,13,187,0.06983944028615952
4880,13,188,0.04363873228430748
4881,13,189,0.07505322992801666
4882,13,190,0.12417282909154892
4883,13,191,0.0669458881020546
4884,13,192,0.08735856413841248
4885,13,193,0.194424569606781
4886,13,194,0.0741003081202507
4887,13,195,0.14334946870803833
4888,13,196,0.032203204929828644
4889,13,197,0.07580278813838959
4890,13,198,0.08413179218769073
4891,13,199,0.07373323291540146
4892,13,200,0.06675256788730621
4893,13,201,0.09205987304449081
4894,13,202,0.017968393862247467
4895,13,203,0.03453340753912926
4896,13,204,0.04009154066443443
4897,13,205,0.05454583093523979
4898,13,206,0.06723000854253769
4899,13,207,0.09704533219337463
4900,13,208,0.10891503095626831
4901,13,209,0.06588945537805557
4902,13,210,0.11219766736030579
4903,13,211,0.04184873402118683
4904,13,212,0.062157243490219116
4905,13,213,0.11073097586631775
4906,13,214,0.056542906910181046
4907,13,215,0.07999951392412186
4908,13,216,0.055200669914484024
4909,13,217,0.08244886994361877
4910,13,218,0.03732898831367493
4911,13,219,0.026216240599751472
4912,13,220,0.04275340214371681
4913,13,221,0.04263199865818024
4914,13,222,0.16151537001132965
4915,13,223,0.05376402661204338
4916,13,224,0.09671063721179962
4917,13,225,0.04008495435118675
4918,13,226,0.17079399526119232
4919,13,227,0.07809393107891083
4920,13,228,0.07152365148067474
4921,13,229,0.10559789091348648
4922,13,230,0.04660520702600479
4923,13,231,0.04478885605931282
4924,13,232,0.04867255687713623
4925,13,233,0.09509757161140442
4926,13,234,0.05073116719722748
4927,13,235,0.06605849415063858
4928,13,236,0.11499818414449692
4929,13,237,0.03667249530553818
4930,13,238,0.11834203451871872
4931,13,239,0.08736025542020798
4932,13,240,0.02697978913784027
4933,13,241,0.0420539528131485
4934,13,242,0.07181745767593384
4935,13,243,0.05732494220137596
4936,13,244,0.07710962742567062
4937,13,245,0.04871314764022827
4938,13,246,0.0352628268301487
4939,13,247,0.02433341182768345
4940,13,248,0.05203338339924812
4941,13,249,0.06305364519357681
4942,13,250,0.1126779168844223
4943,13,251,0.05942627415060997
4944,13,252,0.12148407101631165
4945,13,253,0.0683009922504425
4946,13,254,0.18903020024299622
4947,13,255,0.10797147452831268
4948,13,256,0.06065385788679123
4949,13,257,0.07188653200864792
4950,13,258,0.04447140544652939
4951,13,259,0.05079687014222145
4952,13,260,0.07086038589477539
4953,13,261,0.15552151203155518
4954,13,262,0.060941752046346664
4955,13,263,0.1246771588921547
4956,13,264,0.12246295064687729
4957,13,265,0.08437640964984894
4958,13,266,0.0677381381392479
4959,13,267,0.060868747532367706
4960,13,268,0.1500321328639984
4961,13,269,0.17120711505413055
4962,13,270,0.05513814836740494
4963,13,271,0.2403685301542282
4964,13,272,0.18571919202804565
4965,13,273,0.06995716691017151
4966,13,274,0.1435803323984146
4967,13,275,0.0902450829744339
4968,13,276,0.10126163810491562
4969,13,277,0.08488355576992035
4970,13,278,0.14598198235034943
4971,13,279,0.11334885656833649
4972,13,280,0.18701507151126862
4973,13,281,0.15892845392227173
4974,13,282,0.09980935603380203
4975,13,283,0.05385540798306465
4976,13,284,0.03860278055071831
4977,13,285,0.08559361100196838
4978,13,286,0.13116112351417542
4979,13,287,0.1485026627779007
4980,13,288,0.08339203149080276
4981,13,289,0.09008045494556427
4982,13,290,0.12354154139757156
4983,13,291,0.036049406975507736
4984,13,292,0.14667324721813202
4985,13,293,0.09578235447406769
4986,13,294,0.08355069160461426
4987,13,295,0.11083317548036575
4988,13,296,0.1492123305797577
4989,13,297,0.2116738110780716
4990,13,298,0.08197648078203201
4991,13,299,0.07487854361534119
4992,13,300,0.10029236972332001
4993,13,301,0.08104147017002106
4994,13,302,0.061537161469459534
4995,13,303,0.1846010684967041
4996,13,304,0.051890771836042404
4997,13,305,0.07636699825525284
4998,13,306,0.20127423107624054
4999,13,307,0.05912100896239281
5000,13,308,0.06304427236318588
5001,13,309,0.04832351952791214
5002,13,310,0.048626627773046494
5003,13,311,0.10279476642608643
5004,13,312,0.1784948706626892
5005,13,313,0.0749114528298378
5006,13,314,0.11534488946199417
5007,13,315,0.12900027632713318
5008,13,316,0.09841420501470566
5009,13,317,0.12916573882102966
5010,13,318,0.1640039086341858
5011,13,319,0.12031231820583344
5012,13,320,0.13785964250564575
5013,13,321,0.03516700863838196
5014,13,322,0.025362109765410423
5015,13,323,0.0501510426402092
5016,13,324,0.07047611474990845
5017,13,325,0.14199019968509674
5018,13,326,0.04844436049461365
5019,13,327,0.11675279587507248
5020,13,328,0.18526798486709595
5021,13,329,0.048473961651325226
5022,13,330,0.09813322126865387
5023,13,331,0.052982479333877563
5024,13,332,0.01684359833598137
5025,13,333,0.06416068971157074
5026,13,334,0.0703105479478836
5027,13,335,0.21218015253543854
5028,13,336,0.1565529704093933
5029,13,337,0.12408950924873352
5030,13,338,0.10605347156524658
5031,13,339,0.05384768173098564
5032,13,340,0.05909162387251854
5033,13,341,0.061432644724845886
5034,13,342,0.1278580278158188
5035,13,343,0.02452997863292694
5036,13,344,0.0842449963092804
5037,13,345,0.0434475913643837
5038,13,346,0.024311454966664314
5039,13,347,0.09636101871728897
5040,13,348,0.080445796251297
5041,13,349,0.059565041214227676
5042,13,350,0.0400676429271698
5043,13,351,0.10142417997121811
5044,13,352,0.04416165500879288
5045,13,353,0.09008233994245529
5046,13,354,0.05816153809428215
5047,13,355,0.06150965392589569
5048,13,356,0.03782515227794647
5049,13,357,0.08011361211538315
5050,13,358,0.030039457604289055
5051,13,359,0.1322394162416458
5052,13,360,0.03931410238146782
5053,13,361,0.1600814014673233
5054,13,362,0.069846972823143
5055,13,363,0.14246070384979248
5056,13,364,0.03225557878613472
5057,13,365,0.10815314203500748
5058,13,366,0.06990955024957657
5059,13,367,0.0847993716597557
5060,13,368,0.06203474849462509
5061,13,369,0.052376534789800644
5062,13,370,0.10516634583473206
5063,13,371,0.13020628690719604
5064,13,372,0.08216962963342667
5065,13,373,0.10390740633010864
5066,13,374,0.049004994332790375
5067,13,375,0.0803985744714737
5068,13,376,0.03695029765367508
5069,13,377,0.06963576376438141
5070,13,378,0.11403147876262665
5071,13,379,0.11227979511022568
5072,13,380,0.010363132692873478
5073,13,381,0.08543891459703445
5074,13,382,0.08839365839958191
5075,13,383,0.01776079460978508
5076,13,384,0.027245867997407913
5077,13,385,0.11533709615468979
5078,13,386,0.10667036473751068
5079,13,387,0.04401210695505142
5080,13,388,0.07373730093240738
5081,13,389,0.0585697777569294
5082,13,390,0.20875582098960876
5083,13,391,0.0942712351679802
5084,14,1,0.028281502425670624
5085,14,2,0.059313029050827026
5086,14,3,0.05870247632265091
5087,14,4,0.06277914345264435
5088,14,5,0.04492691531777382
5089,14,6,0.08091532438993454
5090,14,7,0.029457544907927513
5091,14,8,0.031304679811000824
5092,14,9,0.00955599918961525
5093,14,10,0.0442323163151741
5094,14,11,0.05406799167394638
5095,14,12,0.06474991142749786
5096,14,13,0.05612199753522873
5097,14,14,0.031044339761137962
5098,14,15,0.038218241184949875
5099,14,16,0.04706626012921333
5100,14,17,0.0369107723236084
5101,14,18,0.04552968591451645
5102,14,19,0.02599077858030796
5103,14,20,0.05280448496341705
5104,14,21,0.022577902302145958
5105,14,22,0.05716770142316818
5106,14,23,0.017982682213187218
5107,14,24,0.09861847758293152
5108,14,25,0.0066800909116864204
5109,14,26,0.0593884103000164
5110,14,27,0.09237144142389297
5111,14,28,0.03200996667146683
5112,14,29,0.03900176286697388
5113,14,30,0.0266213770955801
5114,14,31,0.007083934731781483
5115,14,32,0.02809193730354309
5116,14,33,0.020518753677606583
5117,14,34,0.026553988456726074
5118,14,35,0.06297832727432251
5119,14,36,0.04200902208685875
5120,14,37,0.018877603113651276
5121,14,38,0.02910016104578972
5122,14,39,0.042092613875865936
5123,14,40,0.04189553111791611
5124,14,41,0.0548364520072937
5125,14,42,0.014416162855923176
5126,14,43,0.04530047997832298
5127,14,44,0.06426852196455002
5128,14,45,0.034533627331256866
5129,14,46,0.03666798025369644
5130,14,47,0.010984591208398342
5131,14,48,0.037562884390354156
5132,14,49,0.026529831811785698
5133,14,50,0.05181964486837387
5134,14,51,0.03066916950047016
5135,14,52,0.030969714745879173
5136,14,53,0.03632282465696335
5137,14,54,0.0422331839799881
5138,14,55,0.06678242981433868
5139,14,56,0.027904599905014038
5140,14,57,0.022225363180041313
5141,14,58,0.007944460958242416
5142,14,59,0.0482013039290905
5143,14,60,0.006020385306328535
5144,14,61,0.07090502977371216
5145,14,62,0.030839290469884872
5146,14,63,0.08370698988437653
5147,14,64,0.031852174550294876
5148,14,65,0.036725278943777084
5149,14,66,0.052266523241996765
5150,14,67,0.02697845548391342
5151,14,68,0.010453813709318638
5152,14,69,0.04083545506000519
5153,14,70,0.04150502756237984
5154,14,71,0.05116797983646393
5155,14,72,0.03618883714079857
5156,14,73,0.044158563017845154
5157,14,74,0.023251580074429512
5158,14,75,0.1264733225107193
5159,14,76,0.047314394265413284
5160,14,77,0.07146965712308884
5161,14,78,0.03321338817477226
5162,14,79,0.02942785434424877
5163,14,80,0.08858197182416916
5164,14,81,0.13043953478336334
5165,14,82,0.030517112463712692
5166,14,83,0.019340453669428825
5167,14,84,0.1007336899638176
5168,14,85,0.0274758692830801
5169,14,86,0.2135094702243805
5170,14,87,0.04063728451728821
5171,14,88,0.034078218042850494
5172,14,89,0.07947538048028946
5173,14,90,0.04932950437068939
5174,14,91,0.029622400179505348
5175,14,92,0.044866837561130524
5176,14,93,0.07869677990674973
5177,14,94,0.10969935357570648
5178,14,95,0.17676086723804474
5179,14,96,0.09469438344240189
5180,14,97,0.03911383077502251
5181,14,98,0.06106732040643692
5182,14,99,0.17822514474391937
5183,14,100,0.03677889704704285
5184,14,101,0.08174208551645279
5185,14,102,0.10088182240724564
5186,14,103,0.028037918731570244
5187,14,104,0.09607621282339096
5188,14,105,0.1528267115354538
5189,14,106,0.02956339344382286
5190,14,107,0.09467951208353043
5191,14,108,0.09650234133005142
5192,14,109,0.0671154111623764
5193,14,110,0.12650054693222046
5194,14,111,0.10499706119298935
5195,14,112,0.03331425413489342
5196,14,113,0.09146393090486526
5197,14,114,0.07056843489408493
5198,14,115,0.038310375064611435
5199,14,116,0.0143616683781147
5200,14,117,0.0801803320646286
5201,14,118,0.0884062722325325
5202,14,119,0.04538688063621521
5203,14,120,0.08324296772480011
5204,14,121,0.04876204952597618
5205,14,122,0.009567352011799812
5206,14,123,0.04523701220750809
5207,14,124,0.09820300340652466
5208,14,125,0.07513298094272614
5209,14,126,0.06190710887312889
5210,14,127,0.02364882081747055
5211,14,128,0.020902875810861588
5212,14,129,0.06608796119689941
5213,14,130,0.0819990485906601
5214,14,131,0.07061606645584106
5215,14,132,0.05145051330327988
5216,14,133,0.06169619783759117
5217,14,134,0.015287705697119236
5218,14,135,0.07199013233184814
5219,14,136,0.06360448151826859
5220,14,137,0.12599119544029236
5221,14,138,0.09633975476026535
5222,14,139,0.1466837227344513
5223,14,140,0.041522812098264694
5224,14,141,0.08438736945390701
5225,14,142,0.041859861463308334
5226,14,143,0.0545816496014595
5227,14,144,0.059279393404722214
5228,14,145,0.050906382501125336
5229,14,146,0.05776634439826012
5230,14,147,0.16245581209659576
5231,14,148,0.025642069056630135
5232,14,149,0.10105989873409271
5233,14,150,0.11061518639326096
5234,14,151,0.021818699315190315
5235,14,152,0.017820803448557854
5236,14,153,0.06649229675531387
5237,14,154,0.053626757115125656
5238,14,155,0.02462737448513508
5239,14,156,0.04840817674994469
5240,14,157,0.09556490182876587
5241,14,158,0.0657227635383606
5242,14,159,0.09643629938364029
5243,14,160,0.12254112958908081
5244,14,161,0.04671686142683029
5245,14,162,0.024058012291789055
5246,14,163,0.03924575075507164
5247,14,164,0.035134315490722656
5248,14,165,0.08686234802007675
5249,14,166,0.09600009769201279
5250,14,167,0.1362842470407486
5251,14,168,0.06300459057092667
5252,14,169,0.053871262818574905
5253,14,170,0.08789930492639542
5254,14,171,0.01763341762125492
5255,14,172,0.053400762379169464
5256,14,173,0.06827522069215775
5257,14,174,0.11345724761486053
5258,14,175,0.07670716941356659
5259,14,176,0.0810832679271698
5260,14,177,0.03414979204535484
5261,14,178,0.1031089499592781
5262,14,179,0.06194908171892166
5263,14,180,0.06344006955623627
5264,14,181,0.16390012204647064
5265,14,182,0.0685560330748558
5266,14,183,0.03961845859885216
5267,14,184,0.08598370850086212
5268,14,185,0.03611628711223602
5269,14,186,0.034293513745069504
5270,14,187,0.045607857406139374
5271,14,188,0.01566414162516594
5272,14,189,0.06698404997587204
5273,14,190,0.07921665906906128
5274,14,191,0.024349769577383995
5275,14,192,0.061090435832738876
5276,14,193,0.17562471330165863
5277,14,194,0.08070556819438934
5278,14,195,0.0671042874455452
5279,14,196,0.02744421549141407
5280,14,197,0.0255258958786726
5281,14,198,0.03899386525154114
5282,14,199,0.043298572301864624
5283,14,200,0.018956724554300308
5284,14,201,0.0731058195233345
5285,14,202,0.04488890990614891
5286,14,203,0.06862565129995346
5287,14,204,0.1164967492222786
5288,14,205,0.08753285557031631
5289,14,206,0.011913549154996872
5290,14,207,0.056333139538764954
5291,14,208,0.048872463405132294
5292,14,209,0.09194082021713257
5293,14,210,0.049451276659965515
5294,14,211,0.07767841219902039
5295,14,212,0.13723373413085938
5296,14,213,0.11203370988368988
5297,14,214,0.04200287163257599
5298,14,215,0.08245498687028885
5299,14,216,0.07922404259443283
5300,14,217,0.10634437203407288
5301,14,218,0.08268473297357559
5302,14,219,0.01947122998535633
5303,14,220,0.060588445514440536
5304,14,221,0.13108773529529572
5305,14,222,0.06278036534786224
5306,14,223,0.11615118384361267
5307,14,224,0.10708014667034149
5308,14,225,0.1118396669626236
5309,14,226,0.055084265768527985
5310,14,227,0.03622361645102501
5311,14,228,0.11220628023147583
5312,14,229,0.02980932407081127
5313,14,230,0.06679695099592209
5314,14,231,0.028198782354593277
5315,14,232,0.06669570505619049
5316,14,233,0.06715746223926544
5317,14,234,0.03874483332037926
5318,14,235,0.06982193887233734
5319,14,236,0.07541526108980179
5320,14,237,0.0829184353351593
5321,14,238,0.07207610458135605
5322,14,239,0.1632167398929596
5323,14,240,0.022385219112038612
5324,14,241,0.041403789073228836
5325,14,242,0.10607028007507324
5326,14,243,0.10238532721996307
5327,14,244,0.0182050634175539
5328,14,245,0.02313021384179592
5329,14,246,0.062386877834796906
5330,14,247,0.028465978801250458
5331,14,248,0.04012374207377434
5332,14,249,0.020261753350496292
5333,14,250,0.08045462518930435
5334,14,251,0.03032522462308407
5335,14,252,0.005772868171334267
5336,14,253,0.05119016766548157
5337,14,254,0.06804162263870239
5338,14,255,0.05393758788704872
5339,14,256,0.056243665516376495
5340,14,257,0.0510273352265358
5341,14,258,0.10431994497776031
5342,14,259,0.04137517884373665
5343,14,260,0.07622690498828888
5344,14,261,0.01879430189728737
5345,14,262,0.07909628748893738
5346,14,263,0.037931106984615326
5347,14,264,0.025353476405143738
5348,14,265,0.17001773416996002
5349,14,266,0.12081664055585861
5350,14,267,0.10326791554689407
5351,14,268,0.06264165788888931
5352,14,269,0.029196271672844887
5353,14,270,0.07265949994325638
5354,14,271,0.11671050637960434
5355,14,272,0.14382757246494293
5356,14,273,0.049624018371105194
5357,14,274,0.03315536677837372
5358,14,275,0.10823138058185577
5359,14,276,0.09904424846172333
5360,14,277,0.14697448909282684
5361,14,278,0.022460458800196648
5362,14,279,0.03196721151471138
5363,14,280,0.04321436583995819
5364,14,281,0.02504909411072731
5365,14,282,0.05685688182711601
5366,14,283,0.037767089903354645
5367,14,284,0.08284132182598114
5368,14,285,0.07384789735078812
5369,14,286,0.08787942677736282
5370,14,287,0.14811597764492035
5371,14,288,0.06346097588539124
5372,14,289,0.07778642326593399
5373,14,290,0.0331970751285553
5374,14,291,0.020725758746266365
5375,14,292,0.03614930808544159
5376,14,293,0.09342517703771591
5377,14,294,0.05324232950806618
5378,14,295,0.043772902339696884
5379,14,296,0.08781325817108154
5380,14,297,0.014156749472022057
5381,14,298,0.045180004090070724
5382,14,299,0.07789061218500137
5383,14,300,0.13658104836940765
5384,14,301,0.05759653449058533
5385,14,302,0.05304834246635437
5386,14,303,0.09328171610832214
5387,14,304,0.09904666244983673
5388,14,305,0.05704543739557266
5389,14,306,0.0551428385078907
5390,14,307,0.018486343324184418
5391,14,308,0.019897811114788055
5392,14,309,0.046656034886837006
5393,14,310,0.0304656233638525
5394,14,311,0.07083453238010406
5395,14,312,0.08302708715200424
5396,14,313,0.03600484877824783
5397,14,314,0.0821964219212532
5398,14,315,0.05130434036254883
5399,14,316,0.02308467961847782
5400,14,317,0.08691923320293427
5401,14,318,0.06067720055580139
5402,14,319,0.029195118695497513
5403,14,320,0.030385395511984825
5404,14,321,0.0643475279211998
5405,14,322,0.031925007700920105
5406,14,323,0.1319449096918106
5407,14,324,0.015245197340846062
5408,14,325,0.06303882598876953
5409,14,326,0.05430023744702339
5410,14,327,0.12549296021461487
5411,14,328,0.09355957806110382
5412,14,329,0.05489093065261841
5413,14,330,0.09289954602718353
5414,14,331,0.08049048483371735
5415,14,332,0.03197247162461281
5416,14,333,0.07507828623056412
5417,14,334,0.023470137268304825
5418,14,335,0.10989288240671158
5419,14,336,0.023365356028079987
5420,14,337,0.05732899159193039
5421,14,338,0.052473776042461395
5422,14,339,0.04647079482674599
5423,14,340,0.11673697084188461
5424,14,341,0.05877110734581947
5425,14,342,0.1807308942079544
5426,14,343,0.22928164899349213
5427,14,344,0.06112733855843544
5428,14,345,0.07162389904260635
5429,14,346,0.06014848127961159
5430,14,347,0.011742891743779182
5431,14,348,0.03739847242832184
5432,14,349,0.09192784875631332
5433,14,350,0.05826735869050026
5434,14,351,0.03368580713868141
5435,14,352,0.08057685196399689
5436,14,353,0.03575736656785011
5437,14,354,0.06102438271045685
5438,14,355,0.07486750185489655
5439,14,356,0.04846327379345894
5440,14,357,0.08488750457763672
5441,14,358,0.08610930293798447
5442,14,359,0.07513291388750076
5443,14,360,0.06312146037817001
5444,14,361,0.04761301353573799
5445,14,362,0.027804488316178322
5446,14,363,0.0256950780749321
5447,14,364,0.023903191089630127
5448,14,365,0.047628503292798996
5449,14,366,0.022689245641231537
5450,14,367,0.04983680322766304
5451,14,368,0.07934758067131042
5452,14,369,0.11190611869096756
5453,14,370,0.08041474968194962
5454,14,371,0.06841982156038284
5455,14,372,0.02693842723965645
5456,14,373,0.03144035115838051
5457,14,374,0.08119586855173111
5458,14,375,0.05647043138742447
5459,14,376,0.1088697761297226
5460,14,377,0.09892749786376953
5461,14,378,0.03610859811306
5462,14,379,0.056642185896635056
5463,14,380,0.14208340644836426
5464,14,381,0.19966445863246918
5465,14,382,0.05431588739156723
5466,14,383,0.06576560437679291
5467,14,384,0.06883370876312256
5468,14,385,0.03867870196700096
5469,14,386,0.06418969482183456
5470,14,387,0.07584131509065628
5471,14,388,0.08223448693752289
5472,14,389,0.08508668094873428
5473,14,390,0.0787261426448822
5474,14,391,0.07868028432130814
5475,15,1,0.13221372663974762
5476,15,2,0.04622209817171097
5477,15,3,0.015739841386675835
5478,15,4,0.021794432774186134
5479,15,5,0.045649368315935135
5480,15,6,0.025162311270833015
5481,15,7,0.0689263567328453
5482,15,8,0.051809974014759064
5483,15,9,0.041597455739974976
5484,15,10,0.10293076187372208
5485,15,11,0.11571256071329117
5486,15,12,0.05922333896160126
5487,15,13,0.015315162017941475
5488,15,14,0.08268482983112335
5489,15,15,0.11316051334142685
5490,15,16,0.07875747978687286
5491,15,17,0.035560403019189835
5492,15,18,0.03676631674170494
5493,15,19,0.06447610259056091
5494,15,20,0.04055381938815117
5495,15,21,0.03172775357961655
5496,15,22,0.03144249692559242
5497,15,23,0.029638711363077164
5498,15,24,0.0436437651515007
5499,15,25,0.11653545498847961
5500,15,26,0.046472933143377304
5501,15,27,0.02887079492211342
5502,15,28,0.013394067995250225
5503,15,29,0.07263148576021194
5504,15,30,0.04556098207831383
5505,15,31,0.0129830501973629
5506,15,32,0.032091427594423294
5507,15,33,0.13362382352352142
5508,15,34,0.047934796661138535
5509,15,35,0.03257646784186363
5510,15,36,0.03213353827595711
5511,15,37,0.035545721650123596
5512,15,38,0.11782312393188477
5513,15,39,0.01708998903632164
5514,15,40,0.07360780239105225
5515,15,41,0.05398019030690193
5516,15,42,0.08280236274003983
5517,15,43,0.021908769384026527
5518,15,44,0.060736943036317825
5519,15,45,0.045454539358615875
5520,15,46,0.016637220978736877
5521,15,47,0.05713680386543274
5522,15,48,0.04735349118709564
5523,15,49,0.05425914749503136
5524,15,50,0.08062602579593658
5525,15,51,0.08432741463184357
5526,15,52,0.032595518976449966
5527,15,53,0.03276225924491882
5528,15,54,0.05640917271375656
5529,15,55,0.016199300065636635
5530,15,56,0.04195966571569443
5531,15,57,0.010189789347350597
5532,15,58,0.07827533036470413
5533,15,59,0.005987436510622501
5534,15,60,0.025812111794948578
5535,15,61,0.09479793161153793
5536,15,62,0.10347525775432587
5537,15,63,0.027789529412984848
5538,15,64,0.04402618110179901
5539,15,65,0.023686641827225685
5540,15,66,0.060587793588638306
5541,15,67,0.007483136374503374
5542,15,68,0.020246734842658043
5543,15,69,0.03220783919095993
5544,15,70,0.043722353875637054
5545,15,71,0.019059155136346817
5546,15,72,0.015170225873589516
5547,15,73,0.03481440991163254
5548,15,74,0.04782750457525253
5549,15,75,0.07222162932157516
5550,15,76,0.034140732139348984
5551,15,77,0.04310404136776924
5552,15,78,0.0669717937707901
5553,15,79,0.037684615701436996
5554,15,80,0.07547874003648758
5555,15,81,0.11340928822755814
5556,15,82,0.005048137158155441
5557,15,83,0.051070477813482285
5558,15,84,0.014440243132412434
5559,15,85,0.035991884768009186
5560,15,86,0.057590827345848083
5561,15,87,0.05190795287489891
5562,15,88,0.02829677052795887
5563,15,89,0.011229196563363075
5564,15,90,0.032970771193504333
5565,15,91,0.108993299305439
5566,15,92,0.054791368544101715
5567,15,93,0.006235695444047451
5568,15,94,0.052709292620420456
5569,15,95,0.10846804827451706
5570,15,96,0.053127042949199677
5571,15,97,0.06790606677532196
5572,15,98,0.08617004752159119
5573,15,99,0.06455712020397186
5574,15,100,0.013905084691941738
5575,15,101,0.059167589992284775
5576,15,102,0.05446729436516762
5577,15,103,0.08843179047107697
5578,15,104,0.03405505046248436
5579,15,105,0.08254335820674896
5580,15,106,0.11950966715812683
5581,15,107,0.006922261789441109
5582,15,108,0.07243578881025314
5583,15,109,0.06971725076436996
5584,15,110,0.10324012488126755
5585,15,111,0.10546112805604935
5586,15,112,0.08927533775568008
5587,15,113,0.08348050713539124
5588,15,114,0.08516454696655273
5589,15,115,0.27513834834098816
5590,15,116,0.07106608897447586
5591,15,117,0.03686057776212692
5592,15,118,0.13169339299201965
5593,15,119,0.08322090655565262
5594,15,120,0.20966489613056183
5595,15,121,0.05531098321080208
5596,15,122,0.1137557327747345
5597,15,123,0.11569912731647491
5598,15,124,0.11154044419527054
5599,15,125,0.0627734512090683
5600,15,126,0.11362384259700775
5601,15,127,0.11505450308322906
5602,15,128,0.0651097521185875
5603,15,129,0.0974898710846901
5604,15,130,0.09380100667476654
5605,15,131,0.09908104687929153
5606,15,132,0.06331130862236023
5607,15,133,0.06621021032333374
5608,15,134,0.07536478340625763
5609,15,135,0.09569727629423141
5610,15,136,0.05875074490904808
5611,15,137,0.0920032486319542
5612,15,138,0.095278799533844
5613,15,139,0.11298903822898865
5614,15,140,0.025052201002836227
5615,15,141,0.09105925261974335
5616,15,142,0.09576994180679321
5617,15,143,0.044541772454977036
5618,15,144,0.05365005135536194
5619,15,145,0.09872733056545258
5620,15,146,0.0748368576169014
5621,15,147,0.034315310418605804
5622,15,148,0.14939750730991364
5623,15,149,0.0340765155851841
5624,15,150,0.06702275574207306
5625,15,151,0.05300828069448471
5626,15,152,0.0527082160115242
5627,15,153,0.05862283706665039
5628,15,154,0.05297906696796417
5629,15,155,0.10946173965930939
5630,15,156,0.03913431614637375
5631,15,157,0.08295939117670059
5632,15,158,0.02419050596654415
5633,15,159,0.13222377002239227
5634,15,160,0.020715763792395592
5635,15,161,0.05768333002924919
5636,15,162,0.07805046439170837
5637,15,163,0.013510620221495628
5638,15,164,0.11906751245260239
5639,15,165,0.1125180646777153
5640,15,166,0.123208187520504
5641,15,167,0.09253232181072235
5642,15,168,0.060844048857688904
5643,15,169,0.02875329740345478
5644,15,170,0.0823177695274353
5645,15,171,0.02739008329808712
5646,15,172,0.18356207013130188
5647,15,173,0.05425834655761719
5648,15,174,0.025804003700613976
5649,15,175,0.07274004817008972
5650,15,176,0.08158775418996811
5651,15,177,0.008593106642365456
5652,15,178,0.025565126910805702
5653,15,179,0.0603039488196373
5654,15,180,0.05584557726979256
5655,15,181,0.035670969635248184
5656,15,182,0.12294206023216248
5657,15,183,0.15061010420322418
5658,15,184,0.05248841270804405
5659,15,185,0.09556861966848373
5660,15,186,0.06432287395000458
5661,15,187,0.08855611085891724
5662,15,188,0.03567863255739212
5663,15,189,0.01658669114112854
5664,15,190,0.10711546987295151
5665,15,191,0.09502118080854416
5666,15,192,0.03388477489352226
5667,15,193,0.04412568360567093
5668,15,194,0.05832301825284958
5669,15,195,0.05141254514455795
5670,15,196,0.13273094594478607
5671,15,197,0.05073155090212822
5672,15,198,0.06548338383436203
5673,15,199,0.07428237050771713
5674,15,200,0.02639647200703621
5675,15,201,0.12069530785083771
5676,15,202,0.17543260753154755
5677,15,203,0.04424653202295303
5678,15,204,0.03694438934326172
5679,15,205,0.075104258954525
5680,15,206,0.0638168603181839
5681,15,207,0.04277629777789116
5682,15,208,0.14702390134334564
5683,15,209,0.047283805906772614
5684,15,210,0.04986678808927536
5685,15,211,0.07948898524045944
5686,15,212,0.029572712257504463
5687,15,213,0.04181382805109024
5688,15,214,0.0512574277818203
5689,15,215,0.051413845270872116
5690,15,216,0.05581391230225563
5691,15,217,0.037159960716962814
5692,15,218,0.08553627878427505
5693,15,219,0.032045669853687286
5694,15,220,0.13409465551376343
5695,15,221,0.044367123395204544
5696,15,222,0.05310305207967758
5697,15,223,0.05001135542988777
5698,15,224,0.022421499714255333
5699,15,225,0.07818710058927536
5700,15,226,0.06177815422415733
5701,15,227,0.07895781099796295
5702,15,228,0.050231534987688065
5703,15,229,0.05508972331881523
5704,15,230,0.04640406742691994
5705,15,231,0.07032234221696854
5706,15,232,0.10721167176961899
5707,15,233,0.062033623456954956
5708,15,234,0.07490567117929459
5709,15,235,0.05858438089489937
5710,15,236,0.09455090016126633
5711,15,237,0.021594639867544174
5712,15,238,0.04682597145438194
5713,15,239,0.03551258146762848
5714,15,240,0.044180482625961304
5715,15,241,0.10471317917108536
5716,15,242,0.02786513976752758
5717,15,243,0.0718129500746727
5718,15,244,0.13097263872623444
5719,15,245,0.060515522956848145
5720,15,246,0.08405531197786331
5721,15,247,0.01702488400042057
5722,15,248,0.01871807686984539
5723,15,249,0.05211389437317848
5724,15,250,0.05593566223978996
5725,15,251,0.04516741633415222
5726,15,252,0.0746607631444931
5727,15,253,0.033474646508693695
5728,15,254,0.026154836639761925
5729,15,255,0.10171467065811157
5730,15,256,0.11451904475688934
5731,15,257,0.11076818406581879
5732,15,258,0.09410496056079865
5733,15,259,0.06063923239707947
5734,15,260,0.09465480595827103
5735,15,261,0.16252633929252625
5736,15,262,0.062318023294210434
5737,15,263,0.07030235230922699
5738,15,264,0.1788327693939209
5739,15,265,0.06758127361536026
5740,15,266,0.062393587082624435
5741,15,267,0.10776916891336441
5742,15,268,0.04812658950686455
5743,15,269,0.07005663216114044
5744,15,270,0.04702036455273628
5745,15,271,0.02906104177236557
5746,15,272,0.03802043944597244
5747,15,273,0.04356606304645538
5748,15,274,0.06559980660676956
5749,15,275,0.1492457538843155
5750,15,276,0.10012134164571762
5751,15,277,0.049596961587667465
5752,15,278,0.05690491944551468
5753,15,279,0.06333544850349426
5754,15,280,0.05580303445458412
5755,15,281,0.02162528783082962
5756,15,282,0.08616427332162857
5757,15,283,0.055158983916044235
5758,15,284,0.030634291470050812
5759,15,285,0.07888173311948776
5760,15,286,0.03681592643260956
5761,15,287,0.09969843924045563
5762,15,288,0.04014739394187927
5763,15,289,0.0572950504720211
5764,15,290,0.07185070961713791
5765,15,291,0.10941541194915771
5766,15,292,0.07805110514163971
5767,15,293,0.11556445807218552
5768,15,294,0.058368563652038574
5769,15,295,0.03660379350185394
5770,15,296,0.09495552629232407
5771,15,297,0.041303087025880814
5772,15,298,0.045241616666316986
5773,15,299,0.07092677056789398
5774,15,300,0.07560110092163086
5775,15,301,0.02859090268611908
5776,15,302,0.048093609511852264
5777,15,303,0.07892025262117386
5778,15,304,0.03270342946052551
5779,15,305,0.030358031392097473
5780,15,306,0.03626024350523949
5781,15,307,0.055905312299728394
5782,15,308,0.009503943845629692
5783,15,309,0.05479774624109268
5784,15,310,0.03358868509531021
5785,15,311,0.06500224769115448
5786,15,312,0.0338539257645607
5787,15,313,0.0481794998049736
5788,15,314,0.030197162181138992
5789,15,315,0.1041031926870346
5790,15,316,0.03815178573131561
5791,15,317,0.06875962764024734
5792,15,318,0.0908488780260086
5793,15,319,0.04917680844664574
5794,15,320,0.050853561609983444
5795,15,321,0.07419534027576447
5796,15,322,0.06903408467769623
5797,15,323,0.046704526990652084
5798,15,324,0.04408174380660057
5799,15,325,0.06348210573196411
5800,15,326,0.021828819066286087
5801,15,327,0.047452762722969055
5802,15,328,0.07501234114170074
5803,15,329,0.05641339719295502
5804,15,330,0.042814288288354874
5805,15,331,0.050411853939294815
5806,15,332,0.12356439232826233
5807,15,333,0.06850305944681168
5808,15,334,0.02998475357890129
5809,15,335,0.15442323684692383
5810,15,336,0.04144846275448799
5811,15,337,0.07493051141500473
5812,15,338,0.039040856063365936
5813,15,339,0.1028531938791275
5814,15,340,0.09131618589162827
5815,15,341,0.0656619593501091
5816,15,342,0.05475388839840889
5817,15,343,0.052249010652303696
5818,15,344,0.046367060393095016
5819,15,345,0.06392669677734375
5820,15,346,0.0664210245013237
5821,15,347,0.06220076233148575
5822,15,348,0.06454262882471085
5823,15,349,0.11889225244522095
5824,15,350,0.01568995788693428
5825,15,351,0.0345454141497612
5826,15,352,0.05093477666378021
5827,15,353,0.04500715807080269
5828,15,354,0.0886431410908699
5829,15,355,0.07598463445901871
5830,15,356,0.07214865833520889
5831,15,357,0.05706213787198067
5832,15,358,0.0627346932888031
5833,15,359,0.02166096121072769
5834,15,360,0.04921286180615425
5835,15,361,0.05498260259628296
5836,15,362,0.03322748467326164
5837,15,363,0.04515305534005165
5838,15,364,0.11417379230260849
5839,15,365,0.07976391166448593
5840,15,366,0.045147690922021866
5841,15,367,0.1158120185136795
5842,15,368,0.06713532656431198
5843,15,369,0.09285974502563477
5844,15,370,0.047093603760004044
5845,15,371,0.15702995657920837
5846,15,372,0.03086167760193348
5847,15,373,0.025050051510334015
5848,15,374,0.09111939370632172
5849,15,375,0.06710383296012878
5850,15,376,0.059899091720581055
5851,15,377,0.04820236191153526
5852,15,378,0.04607578366994858
5853,15,379,0.06452324986457825
5854,15,380,0.1780683547258377
5855,15,381,0.11734900623559952
5856,15,382,0.12678785622119904
5857,15,383,0.056953489780426025
5858,15,384,0.14831596612930298
5859,15,385,0.04958513751626015
5860,15,386,0.14132113754749298
5861,15,387,0.09953989833593369
5862,15,388,0.11377876996994019
5863,15,389,0.08413708209991455
5864,15,390,0.054776232689619064
5865,15,391,0.043578583747148514
5866,16,1,0.06086527928709984
5867,16,2,0.036965902894735336
5868,16,3,0.12427996844053268
5869,16,4,0.03873834386467934
5870,16,5,0.09273675084114075
5871,16,6,0.03340829536318779
5872,16,7,0.08116333186626434
5873,16,8,0.06394056975841522
5874,16,9,0.0174732469022274
5875,16,10,0.04454302415251732
5876,16,11,0.07185282558202744
5877,16,12,0.09723803400993347
5878,16,13,0.044104672968387604
5879,16,14,0.03793030604720116
5880,16,15,0.07727815955877304
5881,16,16,0.013690738938748837
5882,16,17,0.05684123933315277
5883,16,18,0.023426895961165428
5884,16,19,0.05658122897148132
5885,16,20,0.05312104895710945
5886,16,21,0.04203120246529579
5887,16,22,0.019605396315455437
5888,16,23,0.05571383982896805
5889,16,24,0.015416325069963932
5890,16,25,0.06907828152179718
5891,16,26,0.12179338932037354
5892,16,27,0.03384510800242424
5893,16,28,0.04911151900887489
5894,16,29,0.019631126895546913
5895,16,30,0.12208828330039978
5896,16,31,0.02261999249458313
5897,16,32,0.09391576051712036
5898,16,33,0.0959501713514328
5899,16,34,0.017976272851228714
5900,16,35,0.08021023124456406
5901,16,36,0.049911122769117355
5902,16,37,0.05518914386630058
5903,16,38,0.04029795899987221
5904,16,39,0.07632804661989212
5905,16,40,0.01854315958917141
5906,16,41,0.017942456528544426
5907,16,42,0.055753909051418304
5908,16,43,0.04607050493359566
5909,16,44,0.04052482545375824
5910,16,45,0.010819572024047375
5911,16,46,0.016534719616174698
5912,16,47,0.05356186628341675
5913,16,48,0.036753617227077484
5914,16,49,0.04101426154375076
5915,16,50,0.02681007608771324
5916,16,51,0.09903959184885025
5917,16,52,0.033254917711019516
5918,16,53,0.08846569061279297
5919,16,54,0.01929917186498642
5920,16,55,0.07778901606798172
5921,16,56,0.03494105860590935
5922,16,57,0.055644892156124115
5923,16,58,0.048274118453264236
5924,16,59,0.10036521404981613
5925,16,60,0.0739322304725647
5926,16,61,0.04639851301908493
5927,16,62,0.03399009630084038
5928,16,63,0.0582788921892643
5929,16,64,0.03140195831656456
5930,16,65,0.09046589583158493
5931,16,66,0.04262082278728485
5932,16,67,0.014523857273161411
5933,16,68,0.059433989226818085
5934,16,69,0.12409976869821548
5935,16,70,0.06997592747211456
5936,16,71,0.08784987777471542
5937,16,72,0.017741993069648743
5938,16,73,0.014522328972816467
5939,16,74,0.023317286744713783
5940,16,75,0.05621380731463432
5941,16,76,0.06897027045488358
5942,16,77,0.028891097754240036
5943,16,78,0.0290372334420681
5944,16,79,0.1497490555047989
5945,16,80,0.1500343382358551
5946,16,81,0.034366264939308167
5947,16,82,0.012526508420705795
5948,16,83,0.037800878286361694
5949,16,84,0.0426945723593235
5950,16,85,0.07250106334686279
5951,16,86,0.04695586487650871
5952,16,87,0.054193198680877686
5953,16,88,0.025962455198168755
5954,16,89,0.17613323032855988
5955,16,90,0.09668409824371338
5956,16,91,0.0703326091170311
5957,16,92,0.019442228600382805
5958,16,93,0.024121198803186417
5959,16,94,0.08618339151144028
5960,16,95,0.1061396673321724
5961,16,96,0.10961677134037018
5962,16,97,0.00512358732521534
5963,16,98,0.17160654067993164
5964,16,99,0.07215603440999985
5965,16,100,0.11558064073324203
5966,16,101,0.09318577498197556
5967,16,102,0.1035274788737297
5968,16,103,0.07927950471639633
5969,16,104,0.04875998571515083
5970,16,105,0.028494538739323616
5971,16,106,0.025337785482406616
5972,16,107,0.01147792860865593
5973,16,108,0.10190550982952118
5974,16,109,0.10739482939243317
5975,16,110,0.05710624158382416
5976,16,111,0.10962718725204468
5977,16,112,0.08692944049835205
5978,16,113,0.018382472917437553
5979,16,114,0.06975729018449783
5980,16,115,0.09541667252779007
5981,16,116,0.08126892149448395
5982,16,117,0.12404287606477737
5983,16,118,0.06231305003166199
5984,16,119,0.024581432342529297
5985,16,120,0.084500752389431
5986,16,121,0.037608470767736435
5987,16,122,0.02098080888390541
5988,16,123,0.06746294349431992
5989,16,124,0.05537991225719452
5990,16,125,0.0319671556353569
5991,16,126,0.07703917473554611
5992,16,127,0.061650510877370834
5993,16,128,0.043982427567243576
5994,16,129,0.056163936853408813
5995,16,130,0.09572913497686386
5996,16,131,0.12171082198619843
5997,16,132,0.07860825210809708
5998,16,133,0.04372282326221466
5999,16,134,0.031978052109479904
6000,16,135,0.051866210997104645
6001,16,136,0.07232881337404251
6002,16,137,0.10200685262680054
6003,16,138,0.045106567442417145
6004,16,139,0.08536645770072937
6005,16,140,0.0585397407412529
6006,16,141,0.04363570734858513
6007,16,142,0.026058346033096313
6008,16,143,0.0941832885146141
6009,16,144,0.08002635091543198
6010,16,145,0.06895371526479721
6011,16,146,0.06688063591718674
6012,16,147,0.04232506453990936
6013,16,148,0.12257254123687744
6014,16,149,0.030812202021479607
6015,16,150,0.12239097058773041
6016,16,151,0.0228110421448946
6017,16,152,0.11162666231393814
6018,16,153,0.03115919791162014
6019,16,154,0.0664132758975029
6020,16,155,0.0663665384054184
6021,16,156,0.0513499453663826
6022,16,157,0.06231430172920227
6023,16,158,0.047273725271224976
6024,16,159,0.05898386240005493
6025,16,160,0.051665183156728745
6026,16,161,0.09762854874134064
6027,16,162,0.027124233543872833
6028,16,163,0.03960529342293739
6029,16,164,0.029417313635349274
6030,16,165,0.024211466312408447
6031,16,166,0.03552328795194626
6032,16,167,0.04112817719578743
6033,16,168,0.10573486238718033
6034,16,169,0.09909918159246445
6035,16,170,0.10114197432994843
6036,16,171,0.20222026109695435
6037,16,172,0.03911466524004936
6038,16,173,0.029653986915946007
6039,16,174,0.06586124747991562
6040,16,175,0.0668911263346672
6041,16,176,0.06512540578842163
6042,16,177,0.03014860861003399
6043,16,178,0.06900019198656082
6044,16,179,0.08994194120168686
6045,16,180,0.05962773784995079
6046,16,181,0.026999296620488167
6047,16,182,0.10099399089813232
6048,16,183,0.10176462680101395
6049,16,184,0.1248672679066658
6050,16,185,0.03335018828511238
6051,16,186,0.0748675987124443
6052,16,187,0.045934200286865234
6053,16,188,0.11928151547908783
6054,16,189,0.11458788812160492
6055,16,190,0.1389278620481491
6056,16,191,0.04842524975538254
6057,16,192,0.06374508887529373
6058,16,193,0.045972537249326706
6059,16,194,0.05343924090266228
6060,16,195,0.03930281475186348
6061,16,196,0.072597436606884
6062,16,197,0.055614814162254333
6063,16,198,0.04593396186828613
6064,16,199,0.07358286529779434
6065,16,200,0.03105209395289421
6066,16,201,0.04154276102781296
6067,16,202,0.055078987032175064
6068,16,203,0.010538953356444836
6069,16,204,0.10565216094255447
6070,16,205,0.06983011215925217
6071,16,206,0.04016231745481491
6072,16,207,0.021141575649380684
6073,16,208,0.012380496598780155
6074,16,209,0.07938742637634277
6075,16,210,0.030389990657567978
6076,16,211,0.07942787557840347
6077,16,212,0.13084660470485687
6078,16,213,0.02001892775297165
6079,16,214,0.03306398168206215
6080,16,215,0.061564721167087555
6081,16,216,0.010004264302551746
6082,16,217,0.11502562463283539
6083,16,218,0.09164118021726608
6084,16,219,0.19400736689567566
6085,16,220,0.1333475410938263
6086,16,221,0.03686359152197838
6087,16,222,0.1070922389626503
6088,16,223,0.0150291807949543
6089,16,224,0.022056052461266518
6090,16,225,0.11376310139894485
6091,16,226,0.10322444140911102
6092,16,227,0.01820969022810459
6093,16,228,0.04755714535713196
6094,16,229,0.04331204295158386
6095,16,230,0.11858976632356644
6096,16,231,0.013480588793754578
6097,16,232,0.0206381194293499
6098,16,233,0.031654052436351776
6099,16,234,0.045131027698516846
6100,16,235,0.009805135428905487
6101,16,236,0.011234709993004799
6102,16,237,0.060048431158065796
6103,16,238,0.023187965154647827
6104,16,239,0.054964885115623474
6105,16,240,0.0788850337266922
6106,16,241,0.048006776720285416
6107,16,242,0.0674506351351738
6108,16,243,0.04654350504279137
6109,16,244,0.05100348964333534
6110,16,245,0.033352091908454895
6111,16,246,0.03655440732836723
6112,16,247,0.05520953610539436
6113,16,248,0.025772085413336754
6114,16,249,0.15678255259990692
6115,16,250,0.02652357704937458
6116,16,251,0.051015064120292664
6117,16,252,0.02769044041633606
6118,16,253,0.04579038918018341
6119,16,254,0.028778528794646263
6120,16,255,0.04394383355975151
6121,16,256,0.02046992816030979
6122,16,257,0.10433267802000046
6123,16,258,0.054816994816064835
6124,16,259,0.0627136155962944
6125,16,260,0.03654984012246132
6126,16,261,0.045435622334480286
6127,16,262,0.06636258214712143
6128,16,263,0.019586937502026558
6129,16,264,0.08268841356039047
6130,16,265,0.04020919278264046
6131,16,266,0.019614320248365402
6132,16,267,0.012054621241986752
6133,16,268,0.10521124303340912
6134,16,269,0.054943330585956573
6135,16,270,0.01147407852113247
6136,16,271,0.12895777821540833
6137,16,272,0.011029497720301151
6138,16,273,0.0650159940123558
6139,16,274,0.014323033392429352
6140,16,275,0.0161601509898901
6141,16,276,0.0405336357653141
6142,16,277,0.11533438414335251
6143,16,278,0.06894155591726303
6144,16,279,0.05753560736775398
6145,16,280,0.08196505159139633
6146,16,281,0.00992208905518055
6147,16,282,0.02030777931213379
6148,16,283,0.045712608844041824
6149,16,284,0.11941508203744888
6150,16,285,0.024623623117804527
6151,16,286,0.006569216027855873
6152,16,287,0.03913423418998718
6153,16,288,0.05139913782477379
6154,16,289,0.12037337571382523
6155,16,290,0.016946638002991676
6156,16,291,0.012966779991984367
6157,16,292,0.08438656479120255
6158,16,293,0.07770153135061264
6159,16,294,0.11692902445793152
6160,16,295,0.15506434440612793
6161,16,296,0.040758125483989716
6162,16,297,0.015980741009116173
6163,16,298,0.05160358548164368
6164,16,299,0.11375965178012848
6165,16,300,0.024506479501724243
6166,16,301,0.12148041278123856
6167,16,302,0.06010580062866211
6168,16,303,0.10071032494306564
6169,16,304,0.03886884078383446
6170,16,305,0.06339679658412933
6171,16,306,0.20840516686439514
6172,16,307,0.06818421930074692
6173,16,308,0.040747031569480896
6174,16,309,0.0608842633664608
6175,16,310,0.12476132810115814
6176,16,311,0.0746278390288353
6177,16,312,0.08595342189073563
6178,16,313,0.056709785014390945
6179,16,314,0.11943266540765762
6180,16,315,0.11491931974887848
6181,16,316,0.08126918971538544
6182,16,317,0.018673831596970558
6183,16,318,0.0300587248057127
6184,16,319,0.03653768077492714
6185,16,320,0.04507558047771454
6186,16,321,0.05922925844788551
6187,16,322,0.07400074601173401
6188,16,323,0.07638242840766907
6189,16,324,0.023443523794412613
6190,16,325,0.04059227183461189
6191,16,326,0.02346583642065525
6192,16,327,0.03812972828745842
6193,16,328,0.08756361156702042
6194,16,329,0.05681847035884857
6195,16,330,0.05659424141049385
6196,16,331,0.050115831196308136
6197,16,332,0.043689027428627014
6198,16,333,0.15715032815933228
6199,16,334,0.05898558348417282
6200,16,335,0.10177316516637802
6201,16,336,0.039468105882406235
6202,16,337,0.07505480945110321
6203,16,338,0.08626602590084076
6204,16,339,0.06934940814971924
6205,16,340,0.02584792673587799
6206,16,341,0.18528595566749573
6207,16,342,0.031318504363298416
6208,16,343,0.04939468577504158
6209,16,344,0.0408538356423378
6210,16,345,0.016040785238146782
6211,16,346,0.04314834997057915
6212,16,347,0.09263370931148529
6213,16,348,0.03691297024488449
6214,16,349,0.04702237248420715
6215,16,350,0.02982478216290474
6216,16,351,0.02486054226756096
6217,16,352,0.0554601326584816
6218,16,353,0.06257682293653488
6219,16,354,0.16317999362945557
6220,16,355,0.05579220876097679
6221,16,356,0.07045886665582657
6222,16,357,0.08148251473903656
6223,16,358,0.056882165372371674
6224,16,359,0.045486461371183395
6225,16,360,0.05223281309008598
6226,16,361,0.058708734810352325
6227,16,362,0.047050606459379196
6228,16,363,0.048753008246421814
6229,16,364,0.06528189778327942
6230,16,365,0.03825041279196739
6231,16,366,0.07821229100227356
6232,16,367,0.06164730340242386
6233,16,368,0.03878822922706604
6234,16,369,0.05672052130103111
6235,16,370,0.08301601558923721
6236,16,371,0.013208647258579731
6237,16,372,0.06580477952957153
6238,16,373,0.01619603857398033
6239,16,374,0.02744644694030285
6240,16,375,0.04146341606974602
6241,16,376,0.03911593183875084
6242,16,377,0.02795220911502838
6243,16,378,0.02789469063282013
6244,16,379,0.07249784469604492
6245,16,380,0.0101695591583848
6246,16,381,0.04204108193516731
6247,16,382,0.10850256681442261
6248,16,383,0.04929996281862259
6249,16,384,0.0705316960811615
6250,16,385,0.012903831899166107
6251,16,386,0.09650687873363495
6252,16,387,0.06216011568903923
6253,16,388,0.052374403923749924
6254,16,389,0.07740560173988342
6255,16,390,0.027589082717895508
6256,16,391,0.07796678692102432
6257,17,1,0.03268828243017197
6258,17,2,0.06316877901554108
6259,17,3,0.02796984650194645
6260,17,4,0.13014277815818787
6261,17,5,0.06376122683286667
6262,17,6,0.015727298334240913
6263,17,7,0.03835916519165039
6264,17,8,0.02450462616980076
6265,17,9,0.032426174730062485
6266,17,10,0.09966132789850235
6267,17,11,0.054171331226825714
6268,17,12,0.1170203685760498
6269,17,13,0.16280518472194672
6270,17,14,0.07537244260311127
6271,17,15,0.06436921656131744
6272,17,16,0.01665486767888069
6273,17,17,0.01411021314561367
6274,17,18,0.02967497520148754
6275,17,19,0.004525784403085709
6276,17,20,0.05904453247785568
6277,17,21,0.06332618743181229
6278,17,22,0.05776473879814148
6279,17,23,0.05329855531454086
6280,17,24,0.14509743452072144
6281,17,25,0.009206288494169712
6282,17,26,0.022999592125415802
6283,17,27,0.06008133292198181
6284,17,28,0.05985970050096512
6285,17,29,0.04515264928340912
6286,17,30,0.11509887129068375
6287,17,31,0.11296752840280533
6288,17,32,0.0750378668308258
6289,17,33,0.05818232148885727
6290,17,34,0.01948894001543522
6291,17,35,0.06486225873231888
6292,17,36,0.04476085305213928
6293,17,37,0.0213138647377491
6294,17,38,0.011279387399554253
6295,17,39,0.04416518285870552
6296,17,40,0.07021370530128479
6297,17,41,0.033401794731616974
6298,17,42,0.07052722573280334
6299,17,43,0.07979662716388702
6300,17,44,0.010929609648883343
6301,17,45,0.051717035472393036
6302,17,46,0.03451456129550934
6303,17,47,0.07176351547241211
6304,17,48,0.13092868030071259
6305,17,49,0.04751041159033775
6306,17,50,0.0633513554930687
6307,17,51,0.05105753242969513
6308,17,52,0.050020817667245865
6309,17,53,0.05856037139892578
6310,17,54,0.02388128638267517
6311,17,55,0.01864846795797348
6312,17,56,0.11573601514101028
6313,17,57,0.032221853733062744
6314,17,58,0.0804382711648941
6315,17,59,0.0620395801961422
6316,17,60,0.014296988025307655
6317,17,61,0.06615419685840607
6318,17,62,0.03839786350727081
6319,17,63,0.044751789420843124
6320,17,64,0.05642521008849144
6321,17,65,0.05587365850806236
6322,17,66,0.05216638743877411
6323,17,67,0.09447143971920013
6324,17,68,0.03971310332417488
6325,17,69,0.01980716735124588
6326,17,70,0.02088245376944542
6327,17,71,0.23053762316703796
6328,17,72,0.01774814911186695
6329,17,73,0.06845673173666
6330,17,74,0.028683945536613464
6331,17,75,0.08062151074409485
6332,17,76,0.031183302402496338
6333,17,77,0.06383312493562698
6334,17,78,0.01902981847524643
6335,17,79,0.05439678579568863
6336,17,80,0.03132595866918564
6337,17,81,0.05184303596615791
6338,17,82,0.014963296242058277
6339,17,83,0.0740995705127716
6340,17,84,0.11199295520782471
6341,17,85,0.07685085386037827
6342,17,86,0.06972634792327881
6343,17,87,0.06933407485485077
6344,17,88,0.04563789442181587
6345,17,89,0.05138440802693367
6346,17,90,0.06571771949529648
6347,17,91,0.10549812763929367
6348,17,92,0.13113534450531006
6349,17,93,0.05608119070529938
6350,17,94,0.04620569199323654
6351,17,95,0.04280220344662666
6352,17,96,0.06678810715675354
6353,17,97,0.0662752017378807
6354,17,98,0.05431148409843445
6355,17,99,0.0704154223203659
6356,17,100,0.0341729000210762
6357,17,101,0.007583607453852892
6358,17,102,0.039546314626932144
6359,17,103,0.03616077080368996
6360,17,104,0.08788437396287918
6361,17,105,0.02293132059276104
6362,17,106,0.026675168424844742
6363,17,107,0.04162284731864929
6364,17,108,0.052883051335811615
6365,17,109,0.030463596805930138
6366,17,110,0.027370253577828407
6367,17,111,0.10584677755832672
6368,17,112,0.020324796438217163
6369,17,113,0.022814840078353882
6370,17,114,0.04129825904965401
6371,17,115,0.05887303501367569
6372,17,116,0.031601812690496445
6373,17,117,0.06589832901954651
6374,17,118,0.04196659475564957
6375,17,119,0.07919438928365707
6376,17,120,0.10350146144628525
6377,17,121,0.030375665053725243
6378,17,122,0.02790575474500656
6379,17,123,0.05074058473110199
6380,17,124,0.01203929353505373
6381,17,125,0.04768603295087814
6382,17,126,0.059043366461992264
6383,17,127,0.04282586649060249
6384,17,128,0.10674889385700226
6385,17,129,0.08811265975236893
6386,17,130,0.018888261169195175
6387,17,131,0.00568554550409317
6388,17,132,0.036865949630737305
6389,17,133,0.04876077547669411
6390,17,134,0.05957866832613945
6391,17,135,0.029670042917132378
6392,17,136,0.010787689127027988
6393,17,137,0.014138059690594673
6394,17,138,0.020228877663612366
6395,17,139,0.02994685247540474
6396,17,140,0.0261734277009964
6397,17,141,0.1293209344148636
6398,17,142,0.056744884699583054
6399,17,143,0.007059019058942795
6400,17,144,0.027830900624394417
6401,17,145,0.11718428879976273
6402,17,146,0.04563607648015022
6403,17,147,0.039131347090005875
6404,17,148,0.0651889517903328
6405,17,149,0.05302071198821068
6406,17,150,0.03408437222242355
6407,17,151,0.04139721766114235
6408,17,152,0.0073703560046851635
6409,17,153,0.011004223488271236
6410,17,154,0.036961913108825684
6411,17,155,0.048242367804050446
6412,17,156,0.020158490166068077
6413,17,157,0.015443054959177971
6414,17,158,0.034034572541713715
6415,17,159,0.012425237335264683
6416,17,160,0.04019735008478165
6417,17,161,0.051159314811229706
6418,17,162,0.03035443089902401
6419,17,163,0.1133352592587471
6420,17,164,0.04298439994454384
6421,17,165,0.02431883104145527
6422,17,166,0.002947878558188677
6423,17,167,0.010017218068242073
6424,17,168,0.015825970098376274
6425,17,169,0.003149179508909583
6426,17,170,0.014621911570429802
6427,17,171,0.023177318274974823
6428,17,172,0.09777599573135376
6429,17,173,0.03645589202642441
6430,17,174,0.024675581604242325
6431,17,175,0.02434089407324791
6432,17,176,0.011804048903286457
6433,17,177,0.007843433879315853
6434,17,178,0.02242751605808735
6435,17,179,0.05538344383239746
6436,17,180,0.06377370655536652
6437,17,181,0.0822281762957573
6438,17,182,0.059237636625766754
6439,17,183,0.012067671865224838
6440,17,184,0.04085402190685272
6441,17,185,0.02364356815814972
6442,17,186,0.051230382174253464
6443,17,187,0.023964159190654755
6444,17,188,0.053111184388399124
6445,17,189,0.015198803506791592
6446,17,190,0.0027083023451268673
6447,17,191,0.02682187594473362
6448,17,192,0.029012976214289665
6449,17,193,0.020699549466371536
6450,17,194,0.058812763541936874
6451,17,195,0.021017450839281082
6452,17,196,0.073472760617733
6453,17,197,0.014723419211804867
6454,17,198,0.09422321617603302
6455,17,199,0.08744435757398605
6456,17,200,0.09950084984302521
6457,17,201,0.0063749090768396854
6458,17,202,0.07569784671068192
6459,17,203,0.08259327709674835
6460,17,204,0.03214384615421295
6461,17,205,0.06709451973438263
6462,17,206,0.03128128871321678
6463,17,207,0.15475696325302124
6464,17,208,0.04951730743050575
6465,17,209,0.07544802874326706
6466,17,210,0.03276970982551575
6467,17,211,0.06882904469966888
6468,17,212,0.015376104973256588
6469,17,213,0.034728456288576126
6470,17,214,0.022987984120845795
6471,17,215,0.02520264871418476
6472,17,216,0.01352330669760704
6473,17,217,0.04286099970340729
6474,17,218,0.020671935752034187
6475,17,219,0.015797194093465805
6476,17,220,0.04020329564809799
6477,17,221,0.02778995968401432
6478,17,222,0.05246783792972565
6479,17,223,0.0313444510102272
6480,17,224,0.020495668053627014
6481,17,225,0.06829607486724854
6482,17,226,0.011231716722249985
6483,17,227,0.03800194337964058
6484,17,228,0.024933483451604843
6485,17,229,0.02161976508796215
6486,17,230,0.051259059458971024
6487,17,231,0.019999513402581215
6488,17,232,0.035437293350696564
6489,17,233,0.06541424244642258
6490,17,234,0.004606959875673056
6491,17,235,0.03026021458208561
6492,17,236,0.04207290709018707
6493,17,237,0.08258632570505142
6494,17,238,0.02530246041715145
6495,17,239,0.04702242091298103
6496,17,240,0.02969258651137352
6497,17,241,0.011265517212450504
6498,17,242,0.025815267115831375
6499,17,243,0.14147520065307617
6500,17,244,0.018119942396879196
6501,17,245,0.019178826361894608
6502,17,246,0.06537548452615738
6503,17,247,0.046467386186122894
6504,17,248,0.025902220979332924
6505,17,249,0.07157944142818451
6506,17,250,0.04879890754818916
6507,17,251,0.03588469699025154
6508,17,252,0.1143181249499321
6509,17,253,0.05367554724216461
6510,17,254,0.005730482283979654
6511,17,255,0.024532118812203407
6512,17,256,0.07278720289468765
6513,17,257,0.08465571701526642
6514,17,258,0.07039473205804825
6515,17,259,0.1752239465713501
6516,17,260,0.03594876080751419
6517,17,261,0.08701297640800476
6518,17,262,0.03679073229432106
6519,17,263,0.046449799090623856
6520,17,264,0.11801643669605255
6521,17,265,0.03883695974946022
6522,17,266,0.030582524836063385
6523,17,267,0.049735233187675476
6524,17,268,0.03324609622359276
6525,17,269,0.14885278046131134
6526,17,270,0.07007530331611633
6527,17,271,0.04963577538728714
6528,17,272,0.03956852853298187
6529,17,273,0.047045011073350906
6530,17,274,0.028774335980415344
6531,17,275,0.11628203094005585
6532,17,276,0.1457921713590622
6533,17,277,0.043895088136196136
6534,17,278,0.07023385912179947
6535,17,279,0.07906737923622131
6536,17,280,0.1211499571800232
6537,17,281,0.07568812370300293
6538,17,282,0.02754967100918293
6539,17,283,0.027163853868842125
6540,17,284,0.055546391755342484
6541,17,285,0.032259926199913025
6542,17,286,0.10410969704389572
6543,17,287,0.13310740888118744
6544,17,288,0.07254104316234589
6545,17,289,0.04262677952647209
6546,17,290,0.07707152515649796
6547,17,291,0.025452803820371628
6548,17,292,0.2573122978210449
6549,17,293,0.08222862333059311
6550,17,294,0.08756239712238312
6551,17,295,0.02844875492155552
6552,17,296,0.04666222259402275
6553,17,297,0.08387336879968643
6554,17,298,0.05787191540002823
6555,17,299,0.05256592109799385
6556,17,300,0.1006491556763649
6557,17,301,0.020781219005584717
6558,17,302,0.02933420240879059
6559,17,303,0.06274278461933136
6560,17,304,0.16563351452350616
6561,17,305,0.040010400116443634
6562,17,306,0.06723194569349289
6563,17,307,0.034733302891254425
6564,17,308,0.06386010348796844
6565,17,309,0.07497633993625641
6566,17,310,0.021196644753217697
6567,17,311,0.2079010009765625
6568,17,312,0.04128903150558472
6569,17,313,0.022797195240855217
6570,17,314,0.08260762691497803
6571,17,315,0.07876425981521606
6572,17,316,0.03625834733247757
6573,17,317,0.0707775428891182
6574,17,318,0.03943411633372307
6575,17,319,0.02910318411886692
6576,17,320,0.03994934633374214
6577,17,321,0.02252359315752983
6578,17,322,0.03564794734120369
6579,17,323,0.018338680267333984
6580,17,324,0.018164142966270447
6581,17,325,0.03409607708454132
6582,17,326,0.025051085278391838
6583,17,327,0.08433154225349426
6584,17,328,0.036978453397750854
6585,17,329,0.03183962032198906
6586,17,330,0.042679931968450546
6587,17,331,0.05527103319764137
6588,17,332,0.07890380173921585
6589,17,333,0.02726891078054905
6590,17,334,0.02051032893359661
6591,17,335,0.11430617421865463
6592,17,336,0.033630046993494034
6593,17,337,0.09513244032859802
6594,17,338,0.0334431454539299
6595,17,339,0.15167446434497833
6596,17,340,0.009893160313367844
6597,17,341,0.04699094966053963
6598,17,342,0.02990410104393959
6599,17,343,0.09280984848737717
6600,17,344,0.009046944789588451
6601,17,345,0.08950518816709518
6602,17,346,0.03576379641890526
6603,17,347,0.03930263966321945
6604,17,348,0.1816280335187912
6605,17,349,0.02207031100988388
6606,17,350,0.1166413277387619
6607,17,351,0.0332290343940258
6608,17,352,0.022181633859872818
6609,17,353,0.018445856869220734
6610,17,354,0.12501519918441772
6611,17,355,0.03438783809542656
6612,17,356,0.030164126306772232
6613,17,357,0.03549167141318321
6614,17,358,0.05203341692686081
6615,17,359,0.018924076110124588
6616,17,360,0.07072364538908005
6617,17,361,0.19880785048007965
6618,17,362,0.15046244859695435
6619,17,363,0.012756400741636753
6620,17,364,0.06308776885271072
6621,17,365,0.151962012052536
6622,17,366,0.03109186887741089
6623,17,367,0.08823233097791672
6624,17,368,0.07060703635215759
6625,17,369,0.18202818930149078
6626,17,370,0.05908956006169319
6627,17,371,0.09173709154129028
6628,17,372,0.06925827264785767
6629,17,373,0.10340997576713562
6630,17,374,0.10898072272539139
6631,17,375,0.048897434026002884
6632,17,376,0.10278882831335068
6633,17,377,0.06734345108270645
6634,17,378,0.05772468075156212
6635,17,379,0.08459294587373734
6636,17,380,0.06119990721344948
6637,17,381,0.046731770038604736
6638,17,382,0.04839814826846123
6639,17,383,0.07974566519260406
6640,17,384,0.05503249540925026
6641,17,385,0.0631994754076004
6642,17,386,0.03373856469988823
6643,17,387,0.06087737902998924
6644,17,388,0.020409351214766502
6645,17,389,0.07002756744623184
6646,17,390,0.11927805840969086
6647,17,391,0.027041858062148094
6648,18,1,0.0643669068813324
6649,18,2,0.05212377384305
6650,18,3,0.07805229723453522
6651,18,4,0.0834660679101944
6652,18,5,0.08350776135921478
6653,18,6,0.029772959649562836
6654,18,7,0.08431190997362137
6655,18,8,0.03922060877084732
6656,18,9,0.023294024169445038
6657,18,10,0.004476618021726608
6658,18,11,0.02949167601764202
6659,18,12,0.015710340812802315
6660,18,13,0.029283978044986725
6661,18,14,0.019799495115876198
6662,18,15,0.044277604669332504
6663,18,16,0.01604074239730835
6664,18,17,0.03221256658434868
6665,18,18,0.00726720504462719
6666,18,19,0.036856409162282944
6667,18,20,0.06030987203121185
6668,18,21,0.03488922491669655
6669,18,22,0.029229575768113136
6670,18,23,0.010874990373849869
6671,18,24,0.05612309277057648
6672,18,25,0.013432979583740234
6673,18,26,0.048483576625585556
6674,18,27,0.018414368852972984
6675,18,28,0.00916246883571148
6676,18,29,0.013277455233037472
6677,18,30,0.04640165716409683
6678,18,31,0.03070782497525215
6679,18,32,0.036857232451438904
6680,18,33,0.020426301285624504
6681,18,34,0.02370116487145424
6682,18,35,0.05163612961769104
6683,18,36,0.013428322970867157
6684,18,37,0.03453502804040909
6685,18,38,0.03902248293161392
6686,18,39,0.10266037285327911
6687,18,40,0.015434782952070236
6688,18,41,0.004903499037027359
6689,18,42,0.026060620322823524
6690,18,43,0.01950869895517826
6691,18,44,0.009207764640450478
6692,18,45,0.03182576596736908
6693,18,46,0.02606663480401039
6694,18,47,0.08377252519130707
6695,18,48,0.0601574182510376
6696,18,49,0.029359428212046623
6697,18,50,0.04818180203437805
6698,18,51,0.042990345507860184
6699,18,52,0.011831782758235931
6700,18,53,0.04573402553796768
6701,18,54,0.006325489841401577
6702,18,55,0.0047798980958759785
6703,18,56,0.03443451225757599
6704,18,57,0.01702917367219925
6705,18,58,0.026536522433161736
6706,18,59,0.060903724282979965
6707,18,60,0.015744708478450775
6708,18,61,0.06924586743116379
6709,18,62,0.018591251224279404
6710,18,63,0.07417654246091843
6711,18,64,0.04369353875517845
6712,18,65,0.03227486461400986
6713,18,66,0.027526618912816048
6714,18,67,0.02982824295759201
6715,18,68,0.023730061948299408
6716,18,69,0.015444280579686165
6717,18,70,0.006476449780166149
6718,18,71,0.025649698451161385
6719,18,72,0.05286698788404465
6720,18,73,0.13101045787334442
6721,18,74,0.10274562239646912
6722,18,75,0.18311023712158203
6723,18,76,0.021216778084635735
6724,18,77,0.06061987206339836
6725,18,78,0.013233605772256851
6726,18,79,0.08300696313381195
6727,18,80,0.11354437470436096
6728,18,81,0.040235910564661026
6729,18,82,0.05470743402838707
6730,18,83,0.031432729214429855
6731,18,84,0.014768077991902828
6732,18,85,0.01318349875509739
6733,18,86,0.021191053092479706
6734,18,87,0.027288969606161118
6735,18,88,0.026615498587489128
6736,18,89,0.0580325610935688
6737,18,90,0.056156937032938004
6738,18,91,0.015036343596875668
6739,18,92,0.05628998577594757
6740,18,93,0.13809096813201904
6741,18,94,0.05983895808458328
6742,18,95,0.027748115360736847
6743,18,96,0.01260808389633894
6744,18,97,0.027281858026981354
6745,18,98,0.07141873985528946
6746,18,99,0.050833310931921005
6747,18,100,0.08433781564235687
6748,18,101,0.09428654611110687
6749,18,102,0.1286333054304123
6750,18,103,0.02482672967016697
6751,18,104,0.0424145832657814
6752,18,105,0.13300512731075287
6753,18,106,0.02141311578452587
6754,18,107,0.0490897074341774
6755,18,108,0.04558770731091499
6756,18,109,0.08816500753164291
6757,18,110,0.08871981501579285
6758,18,111,0.08429064601659775
6759,18,112,0.07793188840150833
6760,18,113,0.048462752252817154
6761,18,114,0.06284209340810776
6762,18,115,0.09819959849119186
6763,18,116,0.05597621202468872
6764,18,117,0.07757463306188583
6765,18,118,0.033172253519296646
6766,18,119,0.14728760719299316
6767,18,120,0.07923529297113419
6768,18,121,0.00966221559792757
6769,18,122,0.02536323294043541
6770,18,123,0.04182641953229904
6771,18,124,0.008187451399862766
6772,18,125,0.016599150374531746
6773,18,126,0.09837589412927628
6774,18,127,0.048514656722545624
6775,18,128,0.15568584203720093
6776,18,129,0.053705845028162
6777,18,130,0.036083582788705826
6778,18,131,0.028482716530561447
6779,18,132,0.07179843634366989
6780,18,133,0.04302302375435829
6781,18,134,0.017953859642148018
6782,18,135,0.04850618541240692
6783,18,136,0.08726624399423599
6784,18,137,0.07826603204011917
6785,18,138,0.037125322967767715
6786,18,139,0.09772846102714539
6787,18,140,0.07396109402179718
6788,18,141,0.03290257975459099
6789,18,142,0.1423540562391281
6790,18,143,0.04196862131357193
6791,18,144,0.15441465377807617
6792,18,145,0.1041097566485405
6793,18,146,0.0494045615196228
6794,18,147,0.0839691013097763
6795,18,148,0.028988026082515717
6796,18,149,0.11674001812934875
6797,18,150,0.031457241624593735
6798,18,151,0.0685095563530922
6799,18,152,0.09625919908285141
6800,18,153,0.10461272299289703
6801,18,154,0.07887117564678192
6802,18,155,0.05767513066530228
6803,18,156,0.060478921979665756
6804,18,157,0.0192582830786705
6805,18,158,0.10487742722034454
6806,18,159,0.024426167830824852
6807,18,160,0.03346420079469681
6808,18,161,0.15763944387435913
6809,18,162,0.0458412803709507
6810,18,163,0.009907253086566925
6811,18,164,0.07415705919265747
6812,18,165,0.10742834210395813
6813,18,166,0.07502488791942596
6814,18,167,0.016390526667237282
6815,18,168,0.10523541271686554
6816,18,169,0.0983014926314354
6817,18,170,0.10798630863428116
6818,18,171,0.023884328082203865
6819,18,172,0.07279212027788162
6820,18,173,0.037232667207717896
6821,18,174,0.08777010440826416
6822,18,175,0.15343981981277466
6823,18,176,0.03084123134613037
6824,18,177,0.045231129974126816
6825,18,178,0.014973528683185577
6826,18,179,0.01475733146071434
6827,18,180,0.10237360745668411
6828,18,181,0.08328235894441605
6829,18,182,0.022017702460289
6830,18,183,0.09808077663183212
6831,18,184,0.029864273965358734
6832,18,185,0.02126774750649929
6833,18,186,0.05757346749305725
6834,18,187,0.1086697205901146
6835,18,188,0.05206567794084549
6836,18,189,0.004947523586452007
6837,18,190,0.03225353732705116
6838,18,191,0.023990100249648094
6839,18,192,0.022626526653766632
6840,18,193,0.10167266428470612
6841,18,194,0.060054630041122437
6842,18,195,0.02929367683827877
6843,18,196,0.07221855968236923
6844,18,197,0.13420838117599487
6845,18,198,0.08270970731973648
6846,18,199,0.035356681793928146
6847,18,200,0.04143346846103668
6848,18,201,0.08466639369726181
6849,18,202,0.06945709884166718
6850,18,203,0.07630892843008041
6851,18,204,0.033795811235904694
6852,18,205,0.0559886135160923
6853,18,206,0.08348287642002106
6854,18,207,0.012686694040894508
6855,18,208,0.03806687891483307
6856,18,209,0.04203366860747337
6857,18,210,0.06502321362495422
6858,18,211,0.05143081769347191
6859,18,212,0.040611691772937775
6860,18,213,0.021227436140179634
6861,18,214,0.007194763980805874
6862,18,215,0.11227606981992722
6863,18,216,0.04990885779261589
6864,18,217,0.044443242251873016
6865,18,218,0.041015684604644775
6866,18,219,0.04232921451330185
6867,18,220,0.018973566591739655
6868,18,221,0.027519535273313522
6869,18,222,0.01152839232236147
6870,18,223,0.042568907141685486
6871,18,224,0.03491323068737984
6872,18,225,0.062414828687906265
6873,18,226,0.023344824090600014
6874,18,227,0.03406684473156929
6875,18,228,0.18069979548454285
6876,18,229,0.028232339769601822
6877,18,230,0.024608416482806206
6878,18,231,0.013737072236835957
6879,18,232,0.02992168441414833
6880,18,233,0.01583540439605713
6881,18,234,0.06630060821771622
6882,18,235,0.09436814486980438
6883,18,236,0.07970694452524185
6884,18,237,0.06414063274860382
6885,18,238,0.05058075487613678
6886,18,239,0.045021913945674896
6887,18,240,0.058011699467897415
6888,18,241,0.027736343443393707
6889,18,242,0.026276161894202232
6890,18,243,0.04090472310781479
6891,18,244,0.06603307276964188
6892,18,245,0.020881786942481995
6893,18,246,0.06074918434023857
6894,18,247,0.07365041226148605
6895,18,248,0.011222363449633121
6896,18,249,0.014072313904762268
6897,18,250,0.04090844839811325
6898,18,251,0.11023598909378052
6899,18,252,0.034737929701805115
6900,18,253,0.0628216415643692
6901,18,254,0.04685188829898834
6902,18,255,0.05645758658647537
6903,18,256,0.06413884460926056
6904,18,257,0.07008467614650726
6905,18,258,0.09735991805791855
6906,18,259,0.030961234122514725
6907,18,260,0.02477411925792694
6908,18,261,0.09271575510501862
6909,18,262,0.03645812347531319
6910,18,263,0.0802341178059578
6911,18,264,0.09943201392889023
6912,18,265,0.014302014373242855
6913,18,266,0.05578271672129631
6914,18,267,0.03821812570095062
6915,18,268,0.054832957684993744
6916,18,269,0.02674817480146885
6917,18,270,0.016499724239110947
6918,18,271,0.033364638686180115
6919,18,272,0.0671970546245575
6920,18,273,0.05754414573311806
6921,18,274,0.08991873264312744
6922,18,275,0.03631420433521271
6923,18,276,0.028862640261650085
6924,18,277,0.02223561704158783
6925,18,278,0.0390625074505806
6926,18,279,0.0038996017538011074
6927,18,280,0.027433445677161217
6928,18,281,0.09083054214715958
6929,18,282,0.020037002861499786
6930,18,283,0.09696245938539505
6931,18,284,0.04561709240078926
6932,18,285,0.043360304087400436
6933,18,286,0.08160605281591415
6934,18,287,0.0415666326880455
6935,18,288,0.04013548046350479
6936,18,289,0.04747270420193672
6937,18,290,0.010379517450928688
6938,18,291,0.043654490262269974
6939,18,292,0.02024517022073269
6940,18,293,0.03293763846158981
6941,18,294,0.052533771842718124
6942,18,295,0.044312529265880585
6943,18,296,0.03244312107563019
6944,18,297,0.01499597355723381
6945,18,298,0.03952581435441971
6946,18,299,0.05734296888113022
6947,18,300,0.03359001502394676
6948,18,301,0.027282049879431725
6949,18,302,0.06301628053188324
6950,18,303,0.0699833482503891
6951,18,304,0.017318375408649445
6952,18,305,0.048363279551267624
6953,18,306,0.02248905412852764
6954,18,307,0.015368619002401829
6955,18,308,0.03092295303940773
6956,18,309,0.05224082991480827
6957,18,310,0.054806988686323166
6958,18,311,0.04905017092823982
6959,18,312,0.06404179334640503
6960,18,313,0.004469653591513634
6961,18,314,0.002892196411266923
6962,18,315,0.04195193946361542
6963,18,316,0.0487012080848217
6964,18,317,0.02641262486577034
6965,18,318,0.08821480721235275
6966,18,319,0.03954410180449486
6967,18,320,0.007364930119365454
6968,18,321,0.012551341205835342
6969,18,322,0.005160856060683727
6970,18,323,0.013054321520030499
6971,18,324,0.06124723702669144
6972,18,325,0.09715703129768372
6973,18,326,0.03546550124883652
6974,18,327,0.009498580358922482
6975,18,328,0.048762865364551544
6976,18,329,0.05319442227482796
6977,18,330,0.01550582516938448
6978,18,331,0.015341472811996937
6979,18,332,0.03381624072790146
6980,18,333,0.035731468349695206
6981,18,334,0.03702341020107269
6982,18,335,0.08459338545799255
6983,18,336,0.07251404970884323
6984,18,337,0.024679187685251236
6985,18,338,0.049093738198280334
6986,18,339,0.04023696482181549
6987,18,340,0.06331333518028259
6988,18,341,0.07938394695520401
6989,18,342,0.03534131497144699
6990,18,343,0.011667474173009396
6991,18,344,0.01308956928551197
6992,18,345,0.027599545195698738
6993,18,346,0.03710697963833809
6994,18,347,0.11315121501684189
6995,18,348,0.07859931886196136
6996,18,349,0.06624182313680649
6997,18,350,0.04779403656721115
6998,18,351,0.008620175532996655
6999,18,352,0.027075404301285744
7000,18,353,0.011937079019844532
7001,18,354,0.037915781140327454
7002,18,355,0.06999742984771729
7003,18,356,0.05371503904461861
7004,18,357,0.05193467065691948
7005,18,358,0.022328834980726242
7006,18,359,0.07083684206008911
7007,18,360,0.10313821583986282
7008,18,361,0.03740493580698967
7009,18,362,0.020399687811732292
7010,18,363,0.09013335406780243
7011,18,364,0.03384716063737869
7012,18,365,0.03133620694279671
7013,18,366,0.03434115648269653
7014,18,367,0.025993311777710915
7015,18,368,0.09672542661428452
7016,18,369,0.06714387238025665
7017,18,370,0.048677779734134674
7018,18,371,0.019802648574113846
7019,18,372,0.13167662918567657
7020,18,373,0.03071286529302597
7021,18,374,0.0067602721974253654
7022,18,375,0.12890762090682983
7023,18,376,0.0371210053563118
7024,18,377,0.00883025024086237
7025,18,378,0.03404993936419487
7026,18,379,0.05364789813756943
7027,18,380,0.045429620891809464
7028,18,381,0.04206297546625137
7029,18,382,0.07308196276426315
7030,18,383,0.02407943271100521
7031,18,384,0.16855905950069427
7032,18,385,0.042994365096092224
7033,18,386,0.03848941996693611
7034,18,387,0.07573314011096954
7035,18,388,0.0667518600821495
7036,18,389,0.09118978679180145
7037,18,390,0.01349344290792942
7038,18,391,0.2386019229888916
7039,19,1,0.03150874376296997
7040,19,2,0.02112296223640442
7041,19,3,0.0299373809248209
7042,19,4,0.04445452243089676
7043,19,5,0.04947798326611519
7044,19,6,0.024281080812215805
7045,19,7,0.04621036723256111
7046,19,8,0.08038575947284698
7047,19,9,0.14385101199150085
7048,19,10,0.007534361910074949
7049,19,11,0.036369889974594116
7050,19,12,0.056604012846946716
7051,19,13,0.08208182454109192
7052,19,14,0.02584041841328144
7053,19,15,0.012558725662529469
7054,19,16,0.056111834943294525
7055,19,17,0.05482049658894539
7056,19,18,0.03846931830048561
7057,19,19,0.014639693312346935
7058,19,20,0.045263346284627914
7059,19,21,0.014009122736752033
7060,19,22,0.01993669755756855
7061,19,23,0.03990945965051651
7062,19,24,0.043150510638952255
7063,19,25,0.026709750294685364
7064,19,26,0.015291680581867695
7065,19,27,0.07167676091194153
7066,19,28,0.01937093771994114
7067,19,29,0.02148251049220562
7068,19,30,0.13108250498771667
7069,19,31,0.04909837245941162
7070,19,32,0.03155144304037094
7071,19,33,0.015580940060317516
7072,19,34,0.010093865916132927
7073,19,35,0.04610901325941086
7074,19,36,0.06977039575576782
7075,19,37,0.04198909550905228
7076,19,38,0.007399991154670715
7077,19,39,0.03581080585718155
7078,19,40,0.029539063572883606
7079,19,41,0.07012613862752914
7080,19,42,0.014575985260307789
7081,19,43,0.016757061704993248
7082,19,44,0.009340999647974968
7083,19,45,0.06443686783313751
7084,19,46,0.01811409182846546
7085,19,47,0.021084677428007126
7086,19,48,0.04218189790844917
7087,19,49,0.03212648630142212
7088,19,50,0.033513426780700684
7089,19,51,0.028226790949702263
7090,19,52,0.02231329120695591
7091,19,53,0.03460067883133888
7092,19,54,0.049956243485212326
7093,19,55,0.014114770106971264
7094,19,56,0.008169169537723064
7095,19,57,0.07463906705379486
7096,19,58,0.015093326568603516
7097,19,59,0.01828918047249317
7098,19,60,0.033820897340774536
7099,19,61,0.0763944610953331
7100,19,62,0.05672379583120346
7101,19,63,0.038228921592235565
7102,19,64,0.057758208364248276
7103,19,65,0.05641784518957138
7104,19,66,0.019287334755063057
7105,19,67,0.045891836285591125
7106,19,68,0.039704661816358566
7107,19,69,0.01665499433875084
7108,19,70,0.024755924940109253
7109,19,71,0.03751713037490845
7110,19,72,0.049326587468385696
7111,19,73,0.07165707647800446
7112,19,74,0.06153644621372223
7113,19,75,0.023320361971855164
7114,19,76,0.010274633765220642
7115,19,77,0.007220648229122162
7116,19,78,0.046341586858034134
7117,19,79,0.11354846507310867
7118,19,80,0.040586188435554504
7119,19,81,0.05655632168054581
7120,19,82,0.016927070915699005
7121,19,83,0.03772526606917381
7122,19,84,0.056443314999341965
7123,19,85,0.01678725704550743
7124,19,86,0.022711608558893204
7125,19,87,0.04139558970928192
7126,19,88,0.04876674339175224
7127,19,89,0.04041373357176781
7128,19,90,0.0847337618470192
7129,19,91,0.07591850310564041
7130,19,92,0.05117102712392807
7131,19,93,0.03483794629573822
7132,19,94,0.09640949964523315
7133,19,95,0.04264850169420242
7134,19,96,0.024432707577943802
7135,19,97,0.024877237156033516
7136,19,98,0.08381865173578262
7137,19,99,0.048250552266836166
7138,19,100,0.05092506855726242
7139,19,101,0.045583222061395645
7140,19,102,0.018606126308441162
7141,19,103,0.016997218132019043
7142,19,104,0.16518500447273254
7143,19,105,0.030499037355184555
7144,19,106,0.05134096369147301
7145,19,107,0.06174436956644058
7146,19,108,0.08403854817152023
7147,19,109,0.07127313315868378
7148,19,110,0.15846824645996094
7149,19,111,0.03662923723459244
7150,19,112,0.09930768609046936
7151,19,113,0.006244444753974676
7152,19,114,0.015799950808286667
7153,19,115,0.04384434223175049
7154,19,116,0.010754705406725407
7155,19,117,0.0967399999499321
7156,19,118,0.02784338966012001
7157,19,119,0.03618897125124931
7158,19,120,0.09137892723083496
7159,19,121,0.03556491807103157
7160,19,122,0.06126813963055611
7161,19,123,0.015647118911147118
7162,19,124,0.04047286510467529
7163,19,125,0.09305302798748016
7164,19,126,0.04119361937046051
7165,19,127,0.022327369078993797
7166,19,128,0.022275855764746666
7167,19,129,0.024699661880731583
7168,19,130,0.10712993890047073
7169,19,131,0.04675931856036186
7170,19,132,0.06254646927118301
7171,19,133,0.06482790410518646
7172,19,134,0.03628740832209587
7173,19,135,0.015027421526610851
7174,19,136,0.06790371984243393
7175,19,137,0.023229189217090607
7176,19,138,0.09828151762485504
7177,19,139,0.038763098418712616
7178,19,140,0.04416293278336525
7179,19,141,0.08915331214666367
7180,19,142,0.09461600333452225
7181,19,143,0.11352168768644333
7182,19,144,0.019012119621038437
7183,19,145,0.013015637174248695
7184,19,146,0.03801961988210678
7185,19,147,0.03213140368461609
7186,19,148,0.0448821522295475
7187,19,149,0.031260896474123
7188,19,150,0.015571621246635914
7189,19,151,0.08338546007871628
7190,19,152,0.11310604214668274
7191,19,153,0.02727409265935421
7192,19,154,0.02694295346736908
7193,19,155,0.010073188692331314
7194,19,156,0.019250212237238884
7195,19,157,0.035504087805747986
7196,19,158,0.05750387907028198
7197,19,159,0.10067740827798843
7198,19,160,0.04623771458864212
7199,19,161,0.05414396896958351
7200,19,162,0.032968346029520035
7201,19,163,0.01455344632267952
7202,19,164,0.0064230491407215595
7203,19,165,0.03582043945789337
7204,19,166,0.02509261667728424
7205,19,167,0.021999286487698555
7206,19,168,0.05194348096847534
7207,19,169,0.02408372238278389
7208,19,170,0.05285407602787018
7209,19,171,0.016322776675224304
7210,19,172,0.0299171581864357
7211,19,173,0.03532402589917183
7212,19,174,0.008077651262283325
7213,19,175,0.012402896769344807
7214,19,176,0.0801742821931839
7215,19,177,0.07243219763040543
7216,19,178,0.014539023861289024
7217,19,179,0.043440695852041245
7218,19,180,0.025548886507749557
7219,19,181,0.025404131039977074
7220,19,182,0.01918743923306465
7221,19,183,0.011675969697535038
7222,19,184,0.0050490787252783775
7223,19,185,0.009404756128787994
7224,19,186,0.0871906578540802
7225,19,187,0.03517734631896019
7226,19,188,0.06538986414670944
7227,19,189,0.03394142538309097
7228,19,190,0.009450212121009827
7229,19,191,0.02701268345117569
7230,19,192,0.003509041853249073
7231,19,193,0.08082374930381775
7232,19,194,0.03192608803510666
7233,19,195,0.0330439992249012
7234,19,196,0.0593407042324543
7235,19,197,0.008313795551657677
7236,19,198,0.07283156365156174
7237,19,199,0.030164772644639015
7238,19,200,0.035142865031957626
7239,19,201,0.005341628100723028
7240,19,202,0.012784452177584171
7241,19,203,0.05489981174468994
7242,19,204,0.019677981734275818
7243,19,205,0.04624158516526222
7244,19,206,0.025652509182691574
7245,19,207,0.04185449331998825
7246,19,208,0.032499656081199646
7247,19,209,0.04692055657505989
7248,19,210,0.021352646872401237
7249,19,211,0.040287457406520844
7250,19,212,0.07742270827293396
7251,19,213,0.060751739889383316
7252,19,214,0.07385498285293579
7253,19,215,0.048484206199645996
7254,19,216,0.025412902235984802
7255,19,217,0.0445464625954628
7256,19,218,0.03800176829099655
7257,19,219,0.02937287464737892
7258,19,220,0.0049841273576021194
7259,19,221,0.02436690405011177
7260,19,222,0.061370015144348145
7261,19,223,0.013347359374165535
7262,19,224,0.08125949651002884
7263,19,225,0.09989220649003983
7264,19,226,0.03456989303231239
7265,19,227,0.01691017486155033
7266,19,228,0.043484169989824295
7267,19,229,0.026448264718055725
7268,19,230,0.03030531108379364
7269,19,231,0.11070519685745239
7270,19,232,0.03878285735845566
7271,19,233,0.005479270126670599
7272,19,234,0.06675246357917786
7273,19,235,0.12002772092819214
7274,19,236,0.02968803606927395
7275,19,237,0.042923036962747574
7276,19,238,0.06807669252157211
7277,19,239,0.03657374531030655
7278,19,240,0.004127982538193464
7279,19,241,0.09104827046394348
7280,19,242,0.007655926514416933
7281,19,243,0.0071567632257938385
7282,19,244,0.03590238839387894
7283,19,245,0.032233189791440964
7284,19,246,0.09080379456281662
7285,19,247,0.04249553382396698
7286,19,248,0.07511607557535172
7287,19,249,0.0917729064822197
7288,19,250,0.06339457631111145
7289,19,251,0.19886720180511475
7290,19,252,0.054365936666727066
7291,19,253,0.04323587566614151
7292,19,254,0.04929240792989731
7293,19,255,0.013064312748610973
7294,19,256,0.02492607943713665
7295,19,257,0.024904074147343636
7296,19,258,0.02398047037422657
7297,19,259,0.06810116022825241
7298,19,260,0.05482630059123039
7299,19,261,0.060547228902578354
7300,19,262,0.03378862515091896
7301,19,263,0.04822776839137077
7302,19,264,0.04249393939971924
7303,19,265,0.011304967105388641
7304,19,266,0.09481994807720184
7305,19,267,0.020099623128771782
7306,19,268,0.011254874058067799
7307,19,269,0.054680973291397095
7308,19,270,0.02029421366751194
7309,19,271,0.04999048262834549
7310,19,272,0.06334217637777328
7311,19,273,0.03629964217543602
7312,19,274,0.010292641818523407
7313,19,275,0.056647129356861115
7314,19,276,0.017011182382702827
7315,19,277,0.011891602538526058
7316,19,278,0.026912054046988487
7317,19,279,0.03218904137611389
7318,19,280,0.017201557755470276
7319,19,281,0.054370466619729996
7320,19,282,0.05593122914433479
7321,19,283,0.030045554041862488
7322,19,284,0.012641162611544132
7323,19,285,0.015361926518380642
7324,19,286,0.012202787213027477
7325,19,287,0.013900136575102806
7326,19,288,0.03055877983570099
7327,19,289,0.013151384890079498
7328,19,290,0.03133881464600563
7329,19,291,0.014410875737667084
7330,19,292,0.007095452398061752
7331,19,293,0.037330739200115204
7332,19,294,0.006126606836915016
7333,19,295,0.0048817237839102745
7334,19,296,0.008904973976314068
7335,19,297,0.0083119235932827
7336,19,298,0.053682681173086166
7337,19,299,0.0035327994264662266
7338,19,300,0.05994422361254692
7339,19,301,0.045168109238147736
7340,19,302,0.04608405753970146
7341,19,303,0.03518368676304817
7342,19,304,0.011857889592647552
7343,19,305,0.05493573099374771
7344,19,306,0.038194477558135986
7345,19,307,0.021929316222667694
7346,19,308,0.024773824959993362
7347,19,309,0.0824865773320198
7348,19,310,0.052836544811725616
7349,19,311,0.1267959475517273
7350,19,312,0.07152236253023148
7351,19,313,0.024935521185398102
7352,19,314,0.036508094519376755
7353,19,315,0.10795412212610245
7354,19,316,0.012711902149021626
7355,19,317,0.03564254567027092
7356,19,318,0.00798827689141035
7357,19,319,0.07791084796190262
7358,19,320,0.07412782311439514
7359,19,321,0.0365966260433197
7360,19,322,0.00736964913085103
7361,19,323,0.03646581992506981
7362,19,324,0.010308479890227318
7363,19,325,0.03895876184105873
7364,19,326,0.07932758331298828
7365,19,327,0.10542038083076477
7366,19,328,0.015336093492805958
7367,19,329,0.05009771138429642
7368,19,330,0.06106957420706749
7369,19,331,0.030313074588775635
7370,19,332,0.08525388687849045
7371,19,333,0.10195720195770264
7372,19,334,0.08820993453264236
7373,19,335,0.048373427242040634
7374,19,336,0.034115783870220184
7375,19,337,0.015402263961732388
7376,19,338,0.09482239931821823
7377,19,339,0.05648677051067352
7378,19,340,0.07320640236139297
7379,19,341,0.04688884690403938
7380,19,342,0.08606186509132385
7381,19,343,0.11878501623868942
7382,19,344,0.06202607601881027
7383,19,345,0.06617289781570435
7384,19,346,0.10329777002334595
7385,19,347,0.054031237959861755
7386,19,348,0.05712345987558365
7387,19,349,0.11086446046829224
7388,19,350,0.044756170362234116
7389,19,351,0.025334838777780533
7390,19,352,0.03448987007141113
7391,19,353,0.07753434777259827
7392,19,354,0.0912497341632843
7393,19,355,0.04215903952717781
7394,19,356,0.06972407549619675
7395,19,357,0.04460258036851883
7396,19,358,0.05288708955049515
7397,19,359,0.048469189554452896
7398,19,360,0.023868294432759285
7399,19,361,0.045089028775691986
7400,19,362,0.05608440935611725
7401,19,363,0.04296405613422394
7402,19,364,0.024705523625016212
7403,19,365,0.08435667306184769
7404,19,366,0.0671529695391655
7405,19,367,0.006851647514849901
7406,19,368,0.04598502814769745
7407,19,369,0.03507969528436661
7408,19,370,0.04276600852608681
7409,19,371,0.030894892290234566
7410,19,372,0.019750535488128662
7411,19,373,0.02145426720380783
7412,19,374,0.07275711745023727
7413,19,375,0.16608908772468567
7414,19,376,0.05407426878809929
7415,19,377,0.04122525453567505
7416,19,378,0.10763707011938095
7417,19,379,0.034432705491781235
7418,19,380,0.10778868943452835
7419,19,381,0.04370623826980591
7420,19,382,0.05172637850046158
7421,19,383,0.1953660249710083
7422,19,384,0.18370020389556885
7423,19,385,0.06273487955331802
7424,19,386,0.08162339776754379
7425,19,387,0.012840138748288155
7426,19,388,0.03950883075594902
7427,19,389,0.05337110534310341
7428,19,390,0.23896034061908722
7429,19,391,0.028683826327323914
7430,20,1,0.1731320321559906
7431,20,2,0.07677445560693741
7432,20,3,0.09459665417671204
7433,20,4,0.01816347800195217
7434,20,5,0.09857304394245148
7435,20,6,0.06056740880012512
7436,20,7,0.01130177266895771
7437,20,8,0.050052743405103683
7438,20,9,0.011315282434225082
7439,20,10,0.02693593129515648
7440,20,11,0.05724591389298439
7441,20,12,0.032360319048166275
7442,20,13,0.08623606711626053
7443,20,14,0.049721308052539825
7444,20,15,0.04779031500220299
7445,20,16,0.046330034732818604
7446,20,17,0.09495291113853455
7447,20,18,0.028458738699555397
7448,20,19,0.057724278420209885
7449,20,20,0.015012389048933983
7450,20,21,0.025523172691464424
7451,20,22,0.05551804229617119
7452,20,23,0.02535649947822094
7453,20,24,0.01348900981247425
7454,20,25,0.021149536594748497
7455,20,26,0.032592933624982834
7456,20,27,0.013679715804755688
7457,20,28,0.004982456564903259
7458,20,29,0.038719527423381805
7459,20,30,0.011772946454584599
7460,20,31,0.030522210523486137
7461,20,32,0.048677828162908554
7462,20,33,0.061074938625097275
7463,20,34,0.03725361451506615
7464,20,35,0.05187906697392464
7465,20,36,0.008946605958044529
7466,20,37,0.01610092632472515
7467,20,38,0.025519106537103653
7468,20,39,0.07075885683298111
7469,20,40,0.019977223128080368
7470,20,41,0.014117513783276081
7471,20,42,0.010820705443620682
7472,20,43,0.017071368172764778
7473,20,44,0.031570807099342346
7474,20,45,0.0030070936772972345
7475,20,46,0.003767370479181409
7476,20,47,0.03723360225558281
7477,20,48,0.004520642105489969
7478,20,49,0.02647468075156212
7479,20,50,0.010000617243349552
7480,20,51,0.025340447202324867
7481,20,52,0.013655717484652996
7482,20,53,0.00984678789973259
7483,20,54,0.006863065995275974
7484,20,55,0.02509620040655136
7485,20,56,0.012265854515135288
7486,20,57,0.004222467541694641
7487,20,58,0.0033509288914501667
7488,20,59,0.014154481701552868
7489,20,60,0.0257299542427063
7490,20,61,0.12197921425104141
7491,20,62,0.01043058093637228
7492,20,63,0.002467250917106867
7493,20,64,0.004420189186930656
7494,20,65,0.1157495379447937
7495,20,66,0.015698274597525597
7496,20,67,0.0012348106829449534
7497,20,68,0.014131025411188602
7498,20,69,0.009826937690377235
7499,20,70,0.024492690339684486
7500,20,71,0.007239927537739277
7501,20,72,0.04336777329444885
7502,20,73,0.04897955805063248
7503,20,74,0.0224729236215353
7504,20,75,0.01595614291727543
7505,20,76,0.0409465953707695
7506,20,77,0.07080152630805969
7507,20,78,0.08576203137636185
7508,20,79,0.05343024060130119
7509,20,80,0.12621164321899414
7510,20,81,0.001582534285262227
7511,20,82,0.0026578856632113457
7512,20,83,0.034595467150211334
7513,20,84,0.011313614435493946
7514,20,85,0.07162360101938248
7515,20,86,0.03103291243314743
7516,20,87,0.010177051648497581
7517,20,88,0.0018024201272055507
7518,20,89,0.0494731068611145
7519,20,90,0.030683880671858788
7520,20,91,0.08274003863334656
7521,20,92,0.02210960164666176
7522,20,93,0.01469031535089016
7523,20,94,0.0392443984746933
7524,20,95,0.03584092855453491
7525,20,96,0.010057684034109116
7526,20,97,0.02460787072777748
7527,20,98,0.02268839068710804
7528,20,99,0.0072162882424890995
7529,20,100,0.008444147184491158
7530,20,101,0.061773259192705154
7531,20,102,0.01523243635892868
7532,20,103,0.02945576421916485
7533,20,104,0.02402050420641899
7534,20,105,0.03411865234375
7535,20,106,0.07441991567611694
7536,20,107,0.03281966596841812
7537,20,108,0.04169711843132973
7538,20,109,0.02938491478562355
7539,20,110,0.00740132387727499
7540,20,111,0.024912547320127487
7541,20,112,0.026207229122519493
7542,20,113,0.022172478958964348
7543,20,114,0.055111128836870193
7544,20,115,0.03348783031105995
7545,20,116,0.007796669378876686
7546,20,117,0.08133886754512787
7547,20,118,0.003575132926926017
7548,20,119,0.039655204862356186
7549,20,120,0.0548936203122139
7550,20,121,0.03642871975898743
7551,20,122,0.02118416503071785
7552,20,123,0.01164561603218317
7553,20,124,0.04223962500691414
7554,20,125,0.023470450192689896
7555,20,126,0.10624538362026215
7556,20,127,0.08469603210687637
7557,20,128,0.03897145763039589
7558,20,129,0.01362474262714386
7559,20,130,0.053757455199956894
7560,20,131,0.04431851580739021
7561,20,132,0.0044743032194674015
7562,20,133,0.044011641293764114
7563,20,134,0.06930724531412125
7564,20,135,0.007930251769721508
7565,20,136,0.033044811338186264
7566,20,137,0.0031807885970920324
7567,20,138,0.038491759449243546
7568,20,139,0.024219978600740433
7569,20,140,0.0569915734231472
7570,20,141,0.012402893044054508
7571,20,142,0.04987573251128197
7572,20,143,0.036419570446014404
7573,20,144,0.06158860772848129
7574,20,145,0.01900579035282135
7575,20,146,0.02986631914973259
7576,20,147,0.036336857825517654
7577,20,148,0.03954794257879257
7578,20,149,0.012960590422153473
7579,20,150,0.011461243033409119
7580,20,151,0.07232006639242172
7581,20,152,0.05735309422016144
7582,20,153,0.03148792311549187
7583,20,154,0.049722909927368164
7584,20,155,0.06086422875523567
7585,20,156,0.004110437352210283
7586,20,157,0.0171248409897089
7587,20,158,0.04966111481189728
7588,20,159,0.04245343431830406
7589,20,160,0.048325277864933014
7590,20,161,0.0036853263154625893
7591,20,162,0.02149789221584797
7592,20,163,0.014317462220788002
7593,20,164,0.025324426591396332
7594,20,165,0.12109237164258957
7595,20,166,0.0628797858953476
7596,20,167,0.03813228756189346
7597,20,168,0.04287765920162201
7598,20,169,0.018793649971485138
7599,20,170,0.07454867660999298
7600,20,171,0.025770870968699455
7601,20,172,0.028811905533075333
7602,20,173,0.016778185963630676
7603,20,174,0.018286533653736115
7604,20,175,0.009348138235509396
7605,20,176,0.07265958189964294
7606,20,177,0.07042676955461502
7607,20,178,0.03793453797698021
7608,20,179,0.002675296040251851
7609,20,180,0.057287976145744324
7610,20,181,0.03522998094558716
7611,20,182,0.043770525604486465
7612,20,183,0.03703503683209419
7613,20,184,0.01739083230495453
7614,20,185,0.047835346311330795
7615,20,186,0.05006873607635498
7616,20,187,0.1380692720413208
7617,20,188,0.03798779845237732
7618,20,189,0.015542149543762207
7619,20,190,0.03093649074435234
7620,20,191,0.020876111462712288
7621,20,192,0.06657033413648605
7622,20,193,0.0109747014939785
7623,20,194,0.026671279221773148
7624,20,195,0.01315072551369667
7625,20,196,0.060558170080184937
7626,20,197,0.029519548639655113
7627,20,198,0.02071765437722206
7628,20,199,0.09640711545944214
7629,20,200,0.03622925281524658
7630,20,201,0.028218761086463928
7631,20,202,0.03027321770787239
7632,20,203,0.006482561584562063
7633,20,204,0.04572702944278717
7634,20,205,0.07403073459863663
7635,20,206,0.1188625693321228
7636,20,207,0.08442327380180359
7637,20,208,0.03984528407454491
7638,20,209,0.044751934707164764
7639,20,210,0.03466293588280678
7640,20,211,0.1643412709236145
7641,20,212,0.04517684131860733
7642,20,213,0.07665283977985382
7643,20,214,0.013564749620854855
7644,20,215,0.031362440437078476
7645,20,216,0.08701948821544647
7646,20,217,0.05740208923816681
7647,20,218,0.11945583671331406
7648,20,219,0.06510496884584427
7649,20,220,0.0474652498960495
7650,20,221,0.02264261245727539
7651,20,222,0.028872691094875336
7652,20,223,0.018703032284975052
7653,20,224,0.07407518476247787
7654,20,225,0.07484257221221924
7655,20,226,0.062142595648765564
7656,20,227,0.01528409868478775
7657,20,228,0.018405649811029434
7658,20,229,0.03598177805542946
7659,20,230,0.03254518285393715
7660,20,231,0.03387904912233353
7661,20,232,0.03307681158185005
7662,20,233,0.024926871061325073
7663,20,234,0.0682588666677475
7664,20,235,0.03690773621201515
7665,20,236,0.007577513810247183
7666,20,237,0.10429250448942184
7667,20,238,0.017175912857055664
7668,20,239,0.15795129537582397
7669,20,240,0.00318730971775949
7670,20,241,0.016859104856848717
7671,20,242,0.058076124638319016
7672,20,243,0.030098384246230125
7673,20,244,0.04242934659123421
7674,20,245,0.025272684171795845
7675,20,246,0.04096122458577156
7676,20,247,0.029881158843636513
7677,20,248,0.025241589173674583
7678,20,249,0.073185496032238
7679,20,250,0.09887871891260147
7680,20,251,0.05384612828493118
7681,20,252,0.14665663242340088
7682,20,253,0.06123155355453491
7683,20,254,0.061127182096242905
7684,20,255,0.06178361922502518
7685,20,256,0.04616782069206238
7686,20,257,0.07419846951961517
7687,20,258,0.010157217271625996
7688,20,259,0.009685068391263485
7689,20,260,0.047102414071559906
7690,20,261,0.025140132755041122
7691,20,262,0.05091548711061478
7692,20,263,0.030849050730466843
7693,20,264,0.038832806050777435
7694,20,265,0.023034416139125824
7695,20,266,0.06644868105649948
7696,20,267,0.015486258082091808
7697,20,268,0.028295835480093956
7698,20,269,0.022708063945174217
7699,20,270,0.04270745813846588
7700,20,271,0.049810562282800674
7701,20,272,0.017019368708133698
7702,20,273,0.09829586744308472
7703,20,274,0.026407532393932343
7704,20,275,0.04350445419549942
7705,20,276,0.026215730234980583
7706,20,277,0.01851894147694111
7707,20,278,0.03886988013982773
7708,20,279,0.016964273527264595
7709,20,280,0.050024498254060745
7710,20,281,0.026569271460175514
7711,20,282,0.11561812460422516
7712,20,283,0.10299311578273773
7713,20,284,0.034470539540052414
7714,20,285,0.024396134540438652
7715,20,286,0.042223911732435226
7716,20,287,0.043335963040590286
7717,20,288,0.011511596851050854
7718,20,289,0.04861091822385788
7719,20,290,0.045246027410030365
7720,20,291,0.05302324891090393
7721,20,292,0.05570442974567413
7722,20,293,0.026573248207569122
7723,20,294,0.0568595826625824
7724,20,295,0.05736975744366646
7725,20,296,0.06734360754489899
7726,20,297,0.025699298828840256
7727,20,298,0.022571634501218796
7728,20,299,0.03157978132367134
7729,20,300,0.0068160174414515495
7730,20,301,0.06750661134719849
7731,20,302,0.016849206760525703
7732,20,303,0.06690660119056702
7733,20,304,0.005892293993383646
7734,20,305,0.02571910060942173
7735,20,306,0.037246301770210266
7736,20,307,0.08416242152452469
7737,20,308,0.0930439680814743
7738,20,309,0.11003910005092621
7739,20,310,0.11846820265054703
7740,20,311,0.027181895449757576
7741,20,312,0.03508502244949341
7742,20,313,0.031466804444789886
7743,20,314,0.03553740307688713
7744,20,315,0.043422408401966095
7745,20,316,0.018634313717484474
7746,20,317,0.07716939598321915
7747,20,318,0.043004442006349564
7748,20,319,0.03192649036645889
7749,20,320,0.029376402497291565
7750,20,321,0.049298983067274094
7751,20,322,0.09518827497959137
7752,20,323,0.02723543904721737
7753,20,324,0.0548693910241127
7754,20,325,0.029000351205468178
7755,20,326,0.06901320815086365
7756,20,327,0.015976911410689354
7757,20,328,0.015582527965307236
7758,20,329,0.05127900093793869
7759,20,330,0.03900944069027901
7760,20,331,0.062342721968889236
7761,20,332,0.08193887025117874
7762,20,333,0.020070580765604973
7763,20,334,0.050645217299461365
7764,20,335,0.019991984590888023
7765,20,336,0.042687613517045975
7766,20,337,0.03220178559422493
7767,20,338,0.041303325444459915
7768,20,339,0.0222408976405859
7769,20,340,0.05357952415943146
7770,20,341,0.11816156655550003
7771,20,342,0.12677374482154846
7772,20,343,0.05736749991774559
7773,20,344,0.18080012500286102
7774,20,345,0.020600048825144768
7775,20,346,0.012481444515287876
7776,20,347,0.006261585745960474
7777,20,348,0.010259538888931274
7778,20,349,0.03998984023928642
7779,20,350,0.05757801607251167
7780,20,351,0.1298721581697464
7781,20,352,0.009087048470973969
7782,20,353,0.12771400809288025
7783,20,354,0.06206674128770828
7784,20,355,0.0317399725317955
7785,20,356,0.03983556479215622
7786,20,357,0.02870761603116989
7787,20,358,0.029201481491327286
7788,20,359,0.055235423147678375
7789,20,360,0.057114072144031525
7790,20,361,0.04675561189651489
7791,20,362,0.014477243646979332
7792,20,363,0.024941077455878258
7793,20,364,0.08099611103534698
7794,20,365,0.07620297372341156
7795,20,366,0.02858900837600231
7796,20,367,0.009138926863670349
7797,20,368,0.01220535859465599
7798,20,369,0.05200229212641716
7799,20,370,0.024724310263991356
7800,20,371,0.028435200452804565
7801,20,372,0.06098686158657074
7802,20,373,0.030955441296100616
7803,20,374,0.05577598884701729
7804,20,375,0.017838386818766594
7805,20,376,0.12948726117610931
7806,20,377,0.05625677853822708
7807,20,378,0.021039513871073723
7808,20,379,0.02694547548890114
7809,20,380,0.011998980306088924
7810,20,381,0.07995922118425369
7811,20,382,0.009355124086141586
7812,20,383,0.03635062277317047
7813,20,384,0.020515471696853638
7814,20,385,0.08284769207239151
7815,20,386,0.0399848073720932
7816,20,387,0.028514578938484192
7817,20,388,0.019835222512483597
7818,20,389,0.011567715555429459
7819,20,390,0.06208692491054535
7820,20,391,0.055141329765319824
