step,epoch,batch,train_loss
1,1,1,2.476846694946289
2,1,2,5.838000774383545
3,1,3,4.257243633270264
4,1,4,3.3593180179595947
5,1,5,2.8920533657073975
6,1,6,2.409027099609375
7,1,7,2.777982711791992
8,1,8,2.4323294162750244
9,1,9,2.412914752960205
10,1,10,2.3997931480407715
11,1,11,2.2195940017700195
12,1,12,2.296823740005493
13,1,13,2.3009140491485596
14,1,14,2.291349411010742
15,1,15,2.3246684074401855
16,1,16,2.230165481567383
17,1,17,2.2726292610168457
18,1,18,2.4336376190185547
19,1,19,2.2952494621276855
20,1,20,2.333775758743286
21,1,21,2.2887089252471924
22,1,22,2.2321701049804688
23,1,23,2.2568304538726807
24,1,24,2.221686601638794
25,1,25,2.3093605041503906
26,1,26,2.3093461990356445
27,1,27,2.2322769165039062
28,1,28,2.2751214504241943
29,1,29,2.314499616622925
30,1,30,2.250765085220337
31,1,31,2.406693935394287
32,1,32,2.2998619079589844
33,1,33,2.3012213706970215
34,1,34,2.257265329360962
35,1,35,2.2353742122650146
36,1,36,2.2544236183166504
37,1,37,2.211017370223999
38,1,38,2.255688190460205
39,1,39,2.2715885639190674
40,1,40,2.210411310195923
41,1,41,2.3091914653778076
42,1,42,2.2068395614624023
43,1,43,2.165452241897583
44,1,44,2.207815647125244
45,1,45,2.287220001220703
46,1,46,2.2060983180999756
47,1,47,2.1623692512512207
48,1,48,2.196587085723877
49,1,49,2.197260856628418
50,1,50,2.1246368885040283
51,1,51,2.170806884765625
52,1,52,2.154858350753784
53,1,53,2.1510541439056396
54,1,54,2.0282015800476074
55,1,55,2.146489143371582
56,1,56,2.1319808959960938
57,1,57,2.096560001373291
58,1,58,2.0525944232940674
59,1,59,2.0054988861083984
60,1,60,2.0113203525543213
61,1,61,2.0212361812591553
62,1,62,2.0168254375457764
63,1,63,2.073831796646118
64,1,64,2.0633294582366943
65,1,65,2.093308925628662
66,1,66,2.0263166427612305
67,1,67,1.9630309343338013
68,1,68,2.044801950454712
69,1,69,1.934260368347168
70,1,70,1.9523324966430664
71,1,71,2.0834875106811523
72,1,72,1.9295858144760132
73,1,73,2.0613293647766113
74,1,74,2.177710771560669
75,1,75,2.046427011489868
76,1,76,1.9901776313781738
77,1,77,1.9964137077331543
78,1,78,2.035907745361328
79,1,79,2.051985025405884
80,1,80,1.9934426546096802
81,1,81,2.0308821201324463
82,1,82,1.9372918605804443
83,1,83,2.00788950920105
84,1,84,2.0230770111083984
85,1,85,1.9868828058242798
86,1,86,1.9432480335235596
87,1,87,1.9292116165161133
88,1,88,1.9477016925811768
89,1,89,2.0148274898529053
90,1,90,1.8532488346099854
91,1,91,2.0640275478363037
92,1,92,1.9333884716033936
93,1,93,1.9511045217514038
94,1,94,1.9844224452972412
95,1,95,1.8629698753356934
96,1,96,1.8959474563598633
97,1,97,1.994088053703308
98,1,98,1.9179481267929077
99,1,99,2.05861759185791
100,1,100,1.923471450805664
101,1,101,1.9488552808761597
102,1,102,1.9829072952270508
103,1,103,2.0460543632507324
104,1,104,1.989115595817566
105,1,105,1.9694575071334839
106,1,106,2.073486328125
107,1,107,1.9347636699676514
108,1,108,1.9628992080688477
109,1,109,1.9511703252792358
110,1,110,1.8711189031600952
111,1,111,1.8603750467300415
112,1,112,1.9746195077896118
113,1,113,1.92683744430542
114,1,114,1.934847354888916
115,1,115,1.840949296951294
116,1,116,1.988763689994812
117,1,117,1.9697788953781128
118,1,118,1.907391905784607
119,1,119,1.83602774143219
120,1,120,1.8766515254974365
121,1,121,1.8573741912841797
122,1,122,1.8791778087615967
123,1,123,2.0132884979248047
124,1,124,1.8953101634979248
125,1,125,1.9666746854782104
126,1,126,1.9550025463104248
127,1,127,1.9021875858306885
128,1,128,1.9053751230239868
129,1,129,1.8644077777862549
130,1,130,1.8967331647872925
131,1,131,1.9309684038162231
132,1,132,1.8978310823440552
133,1,133,1.8969262838363647
134,1,134,1.8671653270721436
135,1,135,1.8383138179779053
136,1,136,1.8359403610229492
137,1,137,1.8864858150482178
138,1,138,2.064760684967041
139,1,139,1.9484485387802124
140,1,140,1.8766461610794067
141,1,141,1.8051376342773438
142,1,142,1.9812630414962769
143,1,143,1.9971293210983276
144,1,144,2.034304141998291
145,1,145,1.9559001922607422
146,1,146,1.9657387733459473
147,1,147,1.9609540700912476
148,1,148,1.9036543369293213
149,1,149,1.8364181518554688
150,1,150,1.9034843444824219
151,1,151,1.8523682355880737
152,1,152,1.9319736957550049
153,1,153,1.8482789993286133
154,1,154,1.761231780052185
155,1,155,1.9786946773529053
156,1,156,1.880832552909851
157,1,157,1.9489575624465942
158,1,158,1.831559419631958
159,1,159,1.8691041469573975
160,1,160,1.9542738199234009
161,1,161,1.9706182479858398
162,1,162,1.9114398956298828
163,1,163,1.7979379892349243
164,1,164,1.8607177734375
165,1,165,1.8425004482269287
166,1,166,1.8058435916900635
167,1,167,1.817958116531372
168,1,168,1.863120675086975
169,1,169,1.8193918466567993
170,1,170,1.8731337785720825
171,1,171,2.0043509006500244
172,1,172,1.8482928276062012
173,1,173,1.9024980068206787
174,1,174,1.8850568532943726
175,1,175,1.9121477603912354
176,1,176,1.8603332042694092
177,1,177,1.8274775743484497
178,1,178,1.8639708757400513
179,1,179,1.9299094676971436
180,1,180,1.7868454456329346
181,1,181,1.758338212966919
182,1,182,1.8207850456237793
183,1,183,1.8348881006240845
184,1,184,1.8766605854034424
185,1,185,1.8612903356552124
186,1,186,1.8136800527572632
187,1,187,1.9308722019195557
188,1,188,1.915978193283081
189,1,189,1.8538132905960083
190,1,190,1.7692548036575317
191,1,191,1.7981350421905518
192,1,192,1.8485825061798096
193,1,193,1.9562578201293945
194,1,194,1.8527039289474487
195,1,195,1.7455495595932007
196,1,196,1.7832540273666382
197,1,197,1.6621063947677612
198,1,198,1.6878209114074707
199,1,199,1.8521934747695923
200,1,200,1.8466017246246338
201,1,201,1.9004542827606201
202,1,202,1.8651412725448608
203,1,203,1.9073048830032349
204,1,204,1.8178684711456299
205,1,205,1.6839271783828735
206,1,206,1.8480923175811768
207,1,207,1.8472943305969238
208,1,208,1.8577505350112915
209,1,209,1.8784959316253662
210,1,210,1.7725433111190796
211,1,211,1.810021996498108
212,1,212,1.7352886199951172
213,1,213,1.6829943656921387
214,1,214,1.8082114458084106
215,1,215,1.8371939659118652
216,1,216,1.7906322479248047
217,1,217,1.864999532699585
218,1,218,1.745731234550476
219,1,219,1.7418006658554077
220,1,220,1.7857495546340942
221,1,221,1.7476061582565308
222,1,222,1.8510066270828247
223,1,223,1.766775369644165
224,1,224,1.7031596899032593
225,1,225,1.789986491203308
226,1,226,1.722312569618225
227,1,227,1.676417589187622
228,1,228,1.6845462322235107
229,1,229,1.6909403800964355
230,1,230,1.673746109008789
231,1,231,1.806435465812683
232,1,232,1.7908505201339722
233,1,233,1.6733098030090332
234,1,234,1.742733359336853
235,1,235,1.7890841960906982
236,1,236,1.651809573173523
237,1,237,1.6897932291030884
238,1,238,1.690515160560608
239,1,239,1.6974562406539917
240,1,240,1.7065725326538086
241,1,241,1.6341694593429565
242,1,242,1.6098493337631226
243,1,243,1.633008360862732
244,1,244,1.658439040184021
245,1,245,1.723985195159912
246,1,246,1.565218448638916
247,1,247,1.7768523693084717
248,1,248,1.7020955085754395
249,1,249,1.6453388929367065
250,1,250,1.7562177181243896
251,1,251,1.5549018383026123
252,1,252,1.6989625692367554
253,1,253,1.6986889839172363
254,1,254,1.6044695377349854
255,1,255,1.7745112180709839
256,1,256,1.6990782022476196
257,1,257,1.6248540878295898
258,1,258,1.777245283126831
259,1,259,1.5987637042999268
260,1,260,1.609897494316101
261,1,261,1.627779483795166
262,1,262,1.6405339241027832
263,1,263,1.6464673280715942
264,1,264,1.6179174184799194
265,1,265,1.6745409965515137
266,1,266,1.8273634910583496
267,1,267,1.6126970052719116
268,1,268,1.6181566715240479
269,1,269,1.902706503868103
270,1,270,1.7961894273757935
271,1,271,1.607608675956726
272,1,272,1.6548793315887451
273,1,273,1.7188892364501953
274,1,274,1.652031421661377
275,1,275,1.7772164344787598
276,1,276,1.6779719591140747
277,1,277,1.7511811256408691
278,1,278,1.6597261428833008
279,1,279,1.6296422481536865
280,1,280,1.5074412822723389
281,1,281,1.7431319952011108
282,1,282,1.6403000354766846
283,1,283,1.767940878868103
284,1,284,1.6881959438323975
285,1,285,1.5620356798171997
286,1,286,1.6008446216583252
287,1,287,1.7476178407669067
288,1,288,1.7452478408813477
289,1,289,1.6044480800628662
290,1,290,1.5093635320663452
291,1,291,1.7326325178146362
292,1,292,1.7219374179840088
293,1,293,1.5948071479797363
294,1,294,1.6424224376678467
295,1,295,1.529771327972412
296,1,296,1.624147653579712
297,1,297,1.6551307439804077
298,1,298,1.534095287322998
299,1,299,1.8045711517333984
300,1,300,1.709274172782898
301,1,301,1.6757993698120117
302,1,302,1.688847541809082
303,1,303,1.5895614624023438
304,1,304,1.5965176820755005
305,1,305,1.578845739364624
306,1,306,1.6159465312957764
307,1,307,1.481612205505371
308,1,308,1.5848889350891113
309,1,309,1.6155191659927368
310,1,310,1.6356637477874756
311,1,311,1.576710820198059
312,1,312,1.6462242603302002
313,1,313,1.605509877204895
314,1,314,1.515163540840149
315,1,315,1.60997474193573
316,1,316,1.5632482767105103
317,1,317,1.5067194700241089
318,1,318,1.5250966548919678
319,1,319,1.533299207687378
320,1,320,1.4766772985458374
321,1,321,1.6895233392715454
322,1,322,1.7436147928237915
323,1,323,1.6599088907241821
324,1,324,1.5999937057495117
325,1,325,1.6259996891021729
326,1,326,1.655836582183838
327,1,327,1.6201422214508057
328,1,328,1.5652656555175781
329,1,329,1.6360282897949219
330,1,330,1.6108899116516113
331,1,331,1.6407155990600586
332,1,332,1.5931814908981323
333,1,333,1.5578690767288208
334,1,334,1.553926706314087
335,1,335,1.7033629417419434
336,1,336,1.6648354530334473
337,1,337,1.574188470840454
338,1,338,1.6589539051055908
339,1,339,1.6286654472351074
340,1,340,1.6362242698669434
341,1,341,1.693464756011963
342,1,342,1.5264707803726196
343,1,343,1.5654371976852417
344,1,344,1.523610234260559
345,1,345,1.579472541809082
346,1,346,1.6428098678588867
347,1,347,1.5522083044052124
348,1,348,1.5859568119049072
349,1,349,1.5724960565567017
350,1,350,1.4257789850234985
351,1,351,1.590285062789917
352,1,352,1.661628007888794
353,1,353,1.5495715141296387
354,1,354,1.6576323509216309
355,1,355,1.4573837518692017
356,1,356,1.6328096389770508
357,1,357,1.668337106704712
358,1,358,1.4757261276245117
359,1,359,1.5056962966918945
360,1,360,1.6003457307815552
361,1,361,1.622324824333191
362,1,362,1.5819894075393677
363,1,363,1.4567879438400269
364,1,364,1.6190481185913086
365,1,365,1.6419432163238525
366,1,366,1.4792317152023315
367,1,367,1.6395719051361084
368,1,368,1.4133485555648804
369,1,369,1.515373706817627
370,1,370,1.5331504344940186
371,1,371,1.7340091466903687
372,1,372,1.6336973905563354
373,1,373,1.4516372680664062
374,1,374,1.4499341249465942
375,1,375,1.6421228647232056
376,1,376,1.5262861251831055
377,1,377,1.6915696859359741
378,1,378,1.5336010456085205
379,1,379,1.7069997787475586
380,1,380,1.5379620790481567
381,1,381,1.6276601552963257
382,1,382,1.4686906337738037
383,1,383,1.392674446105957
384,1,384,1.5802452564239502
385,1,385,1.6116762161254883
386,1,386,1.6603821516036987
387,1,387,1.4542455673217773
388,1,388,1.5550658702850342
389,1,389,1.4740614891052246
390,1,390,1.4319686889648438
391,1,391,1.3500893115997314
392,2,1,1.3399921655654907
393,2,2,1.3443245887756348
394,2,3,1.4590814113616943
395,2,4,1.571664810180664
396,2,5,1.4206773042678833
397,2,6,1.3261830806732178
398,2,7,1.4496796131134033
399,2,8,1.6188149452209473
400,2,9,1.6010503768920898
401,2,10,1.611124038696289
402,2,11,1.4411555528640747
403,2,12,1.7414973974227905
404,2,13,1.4930697679519653
405,2,14,1.6454442739486694
406,2,15,1.5371646881103516
407,2,16,1.5700660943984985
408,2,17,1.4818615913391113
409,2,18,1.4716062545776367
410,2,19,1.3974331617355347
411,2,20,1.3592815399169922
412,2,21,1.427517056465149
413,2,22,1.450348138809204
414,2,23,1.4584903717041016
415,2,24,1.3671703338623047
416,2,25,1.4124280214309692
417,2,26,1.48318350315094
418,2,27,1.6693403720855713
419,2,28,1.5078543424606323
420,2,29,1.5009764432907104
421,2,30,1.5241879224777222
422,2,31,1.6138031482696533
423,2,32,1.5703766345977783
424,2,33,1.6244001388549805
425,2,34,1.5022765398025513
426,2,35,1.4886096715927124
427,2,36,1.4258633852005005
428,2,37,1.362432837486267
429,2,38,1.3234302997589111
430,2,39,1.5149108171463013
431,2,40,1.57378089427948
432,2,41,1.4807401895523071
433,2,42,1.5032178163528442
434,2,43,1.3198243379592896
435,2,44,1.5159138441085815
436,2,45,1.4280967712402344
437,2,46,1.498436450958252
438,2,47,1.540870189666748
439,2,48,1.617768406867981
440,2,49,1.4425231218338013
441,2,50,1.5311161279678345
442,2,51,1.3558019399642944
443,2,52,1.4935494661331177
444,2,53,1.4649689197540283
445,2,54,1.3508676290512085
446,2,55,1.432368278503418
447,2,56,1.5626130104064941
448,2,57,1.5135722160339355
449,2,58,1.4467889070510864
450,2,59,1.460681676864624
451,2,60,1.4270949363708496
452,2,61,1.3309863805770874
453,2,62,1.505538821220398
454,2,63,1.4862701892852783
455,2,64,1.2625455856323242
456,2,65,1.3668214082717896
457,2,66,1.3199830055236816
458,2,67,1.511670708656311
459,2,68,1.4929485321044922
460,2,69,1.4687823057174683
461,2,70,1.4453368186950684
462,2,71,1.4809439182281494
463,2,72,1.3994567394256592
464,2,73,1.463223934173584
465,2,74,1.491844892501831
466,2,75,1.4988226890563965
467,2,76,1.7030125856399536
468,2,77,1.4176865816116333
469,2,78,1.5357182025909424
470,2,79,1.394346833229065
471,2,80,1.5666285753250122
472,2,81,1.447191834449768
473,2,82,1.4473621845245361
474,2,83,1.4461727142333984
475,2,84,1.4728693962097168
476,2,85,1.4228105545043945
477,2,86,1.5354158878326416
478,2,87,1.2803508043289185
479,2,88,1.3459843397140503
480,2,89,1.2613751888275146
481,2,90,1.286373496055603
482,2,91,1.295202374458313
483,2,92,1.4719312191009521
484,2,93,1.31312894821167
485,2,94,1.5618867874145508
486,2,95,1.3933703899383545
487,2,96,1.3638081550598145
488,2,97,1.627997636795044
489,2,98,1.3590962886810303
490,2,99,1.5977129936218262
491,2,100,1.5434978008270264
492,2,101,1.3378876447677612
493,2,102,1.4528298377990723
494,2,103,1.3856433629989624
495,2,104,1.331185221672058
496,2,105,1.4086202383041382
497,2,106,1.5028682947158813
498,2,107,1.5596950054168701
499,2,108,1.3285809755325317
500,2,109,1.4314781427383423
501,2,110,1.2630572319030762
502,2,111,1.3504265546798706
503,2,112,1.3051536083221436
504,2,113,1.378821611404419
505,2,114,1.396275520324707
506,2,115,1.3815112113952637
507,2,116,1.2037895917892456
508,2,117,1.3890395164489746
509,2,118,1.4057354927062988
510,2,119,1.3958024978637695
511,2,120,1.3008499145507812
512,2,121,1.422926425933838
513,2,122,1.40851628780365
514,2,123,1.2998350858688354
515,2,124,1.3438621759414673
516,2,125,1.3691006898880005
517,2,126,1.3325973749160767
518,2,127,1.4213813543319702
519,2,128,1.5384228229522705
520,2,129,1.3591803312301636
521,2,130,1.4218255281448364
522,2,131,1.4278461933135986
523,2,132,1.3120043277740479
524,2,133,1.5147813558578491
525,2,134,1.366248369216919
526,2,135,1.4016928672790527
527,2,136,1.3167002201080322
528,2,137,1.3603392839431763
529,2,138,1.2933087348937988
530,2,139,1.578857421875
531,2,140,1.2985398769378662
532,2,141,1.3605210781097412
533,2,142,1.536981225013733
534,2,143,1.302425503730774
535,2,144,1.3601330518722534
536,2,145,1.4183764457702637
537,2,146,1.2994670867919922
538,2,147,1.274435043334961
539,2,148,1.2272740602493286
540,2,149,1.3581310510635376
541,2,150,1.2537206411361694
542,2,151,1.411369800567627
543,2,152,1.2770471572875977
544,2,153,1.4542357921600342
545,2,154,1.4691804647445679
546,2,155,1.2253628969192505
547,2,156,1.3137058019638062
548,2,157,1.3344569206237793
549,2,158,1.3674062490463257
550,2,159,1.4200671911239624
551,2,160,1.4005675315856934
552,2,161,1.6246024370193481
553,2,162,1.4933820962905884
554,2,163,1.3751137256622314
555,2,164,1.2979116439819336
556,2,165,1.211225152015686
557,2,166,1.4140243530273438
558,2,167,1.306724190711975
559,2,168,1.2382152080535889
560,2,169,1.4091331958770752
561,2,170,1.3400871753692627
562,2,171,1.3403270244598389
563,2,172,1.4078513383865356
564,2,173,1.285886287689209
565,2,174,1.266134262084961
566,2,175,1.291966438293457
567,2,176,1.4083001613616943
568,2,177,1.2596278190612793
569,2,178,1.1931644678115845
570,2,179,1.136333703994751
571,2,180,1.3120886087417603
572,2,181,1.254540205001831
573,2,182,1.1407479047775269
574,2,183,1.204831600189209
575,2,184,1.5379021167755127
576,2,185,1.2229000329971313
577,2,186,1.4173083305358887
578,2,187,1.460997462272644
579,2,188,1.2876057624816895
580,2,189,1.2240581512451172
581,2,190,1.2550108432769775
582,2,191,1.204521656036377
583,2,192,1.19211745262146
584,2,193,1.374226689338684
585,2,194,1.4520148038864136
586,2,195,1.350477695465088
587,2,196,1.3707096576690674
588,2,197,1.4100193977355957
589,2,198,1.3901718854904175
590,2,199,1.243853211402893
591,2,200,1.4268162250518799
592,2,201,1.2856903076171875
593,2,202,1.2781215906143188
594,2,203,1.607008934020996
595,2,204,1.4036486148834229
596,2,205,1.381745457649231
597,2,206,1.635408878326416
598,2,207,1.2714767456054688
599,2,208,1.3770856857299805
600,2,209,1.2049345970153809
601,2,210,1.3142359256744385
602,2,211,1.1996915340423584
603,2,212,1.2799550294876099
604,2,213,1.3310267925262451
605,2,214,1.2311230897903442
606,2,215,1.243332028388977
607,2,216,1.2888644933700562
608,2,217,1.1952557563781738
609,2,218,1.225644826889038
610,2,219,1.2132983207702637
611,2,220,1.3565407991409302
612,2,221,1.170546054840088
613,2,222,1.2085508108139038
614,2,223,1.0921064615249634
615,2,224,1.1843197345733643
616,2,225,1.1541775465011597
617,2,226,1.2799222469329834
618,2,227,1.1120017766952515
619,2,228,1.2574812173843384
620,2,229,1.4610660076141357
621,2,230,1.2292323112487793
622,2,231,1.441693902015686
623,2,232,1.4114975929260254
624,2,233,1.3995916843414307
625,2,234,1.2122713327407837
626,2,235,1.217283844947815
627,2,236,1.4196237325668335
628,2,237,1.2091325521469116
629,2,238,1.21916925907135
630,2,239,1.2684589624404907
631,2,240,1.4148435592651367
632,2,241,1.3174455165863037
633,2,242,1.3729861974716187
634,2,243,1.3537055253982544
635,2,244,1.1033822298049927
636,2,245,1.3676714897155762
637,2,246,1.2526839971542358
638,2,247,1.097769856452942
639,2,248,1.290871500968933
640,2,249,1.3418259620666504
641,2,250,1.2462810277938843
642,2,251,1.3710525035858154
643,2,252,1.423990249633789
644,2,253,1.3172508478164673
645,2,254,1.1630101203918457
646,2,255,1.2194286584854126
647,2,256,1.1741424798965454
648,2,257,1.3034204244613647
649,2,258,1.227176308631897
650,2,259,1.4623628854751587
651,2,260,1.187910556793213
652,2,261,1.2532527446746826
653,2,262,1.218388319015503
654,2,263,1.0626558065414429
655,2,264,1.3741873502731323
656,2,265,1.154381513595581
657,2,266,1.1039588451385498
658,2,267,1.158189296722412
659,2,268,1.1957758665084839
660,2,269,1.29933762550354
661,2,270,1.1644611358642578
662,2,271,1.2357686758041382
663,2,272,1.2820639610290527
664,2,273,0.9990435838699341
665,2,274,1.3110980987548828
666,2,275,1.2928255796432495
667,2,276,1.3045305013656616
668,2,277,1.1114509105682373
669,2,278,1.336984634399414
670,2,279,1.2783302068710327
671,2,280,1.1029595136642456
672,2,281,1.1560686826705933
673,2,282,0.9941123723983765
674,2,283,1.0456280708312988
675,2,284,1.1191086769104004
676,2,285,1.3418164253234863
677,2,286,1.1243951320648193
678,2,287,1.2118866443634033
679,2,288,1.0598504543304443
680,2,289,1.4980270862579346
681,2,290,0.9298878312110901
682,2,291,1.2431758642196655
683,2,292,1.0927401781082153
684,2,293,1.0930473804473877
685,2,294,1.2467926740646362
686,2,295,1.0893545150756836
687,2,296,1.1853023767471313
688,2,297,1.0864275693893433
689,2,298,1.048884391784668
690,2,299,1.1989738941192627
691,2,300,1.1447856426239014
692,2,301,1.0789250135421753
693,2,302,1.1429235935211182
694,2,303,1.0999009609222412
695,2,304,1.0477463006973267
696,2,305,1.074326753616333
697,2,306,1.120069146156311
698,2,307,1.0505119562149048
699,2,308,1.0123041868209839
700,2,309,1.149377703666687
701,2,310,1.3352019786834717
702,2,311,1.1337312459945679
703,2,312,1.1345505714416504
704,2,313,1.2368632555007935
705,2,314,1.185716152191162
706,2,315,1.1942650079727173
707,2,316,1.15779447555542
708,2,317,1.1689127683639526
709,2,318,1.204435110092163
710,2,319,1.1507443189620972
711,2,320,1.203896403312683
712,2,321,1.310276746749878
713,2,322,1.100969910621643
714,2,323,1.1967997550964355
715,2,324,1.0973669290542603
716,2,325,1.0300099849700928
717,2,326,1.1478708982467651
718,2,327,1.2970560789108276
719,2,328,1.0602060556411743
720,2,329,1.1470357179641724
721,2,330,1.1419929265975952
722,2,331,1.1607322692871094
723,2,332,1.0596048831939697
724,2,333,1.1970479488372803
725,2,334,1.131358027458191
726,2,335,1.1124764680862427
727,2,336,1.166673183441162
728,2,337,1.0836902856826782
729,2,338,1.1445857286453247
730,2,339,1.1558541059494019
731,2,340,1.0432676076889038
732,2,341,1.036760926246643
733,2,342,1.1834038496017456
734,2,343,1.0451425313949585
735,2,344,1.1964819431304932
736,2,345,1.20258629322052
737,2,346,1.0396134853363037
738,2,347,1.1646814346313477
739,2,348,1.0105704069137573
740,2,349,1.212306022644043
741,2,350,1.3389090299606323
742,2,351,0.999589204788208
743,2,352,1.1235320568084717
744,2,353,1.0290756225585938
745,2,354,1.1910146474838257
746,2,355,1.1107066869735718
747,2,356,1.0892174243927002
748,2,357,0.9753246903419495
749,2,358,0.9703764319419861
750,2,359,0.9418275356292725
751,2,360,1.0735594034194946
752,2,361,1.1050446033477783
753,2,362,1.0954835414886475
754,2,363,1.0502270460128784
755,2,364,1.0913947820663452
756,2,365,1.1371501684188843
757,2,366,1.1970258951187134
758,2,367,1.0408577919006348
759,2,368,0.9955210089683533
760,2,369,1.029097557067871
761,2,370,1.3210934400558472
762,2,371,1.0093104839324951
763,2,372,1.0758081674575806
764,2,373,1.102499008178711
765,2,374,1.10194993019104
766,2,375,1.179795265197754
767,2,376,1.0390318632125854
768,2,377,1.2271562814712524
769,2,378,0.9049175381660461
770,2,379,1.197067379951477
771,2,380,1.086356520652771
772,2,381,1.0461196899414062
773,2,382,1.1062707901000977
774,2,383,1.0181024074554443
775,2,384,1.1501107215881348
776,2,385,1.1998714208602905
777,2,386,0.9965437650680542
778,2,387,1.281022071838379
779,2,388,1.0174243450164795
780,2,389,1.0219404697418213
781,2,390,1.1788432598114014
782,2,391,1.2585443258285522
783,3,1,0.9070551991462708
784,3,2,0.9945980906486511
785,3,3,1.1000885963439941
786,3,4,1.067067265510559
787,3,5,1.0806896686553955
788,3,6,0.9688639044761658
789,3,7,1.0882266759872437
790,3,8,0.9656023383140564
791,3,9,1.08154296875
792,3,10,1.1185053586959839
793,3,11,1.1445646286010742
794,3,12,0.9000646471977234
795,3,13,1.2890428304672241
796,3,14,1.001025915145874
797,3,15,0.9702455997467041
798,3,16,0.948829174041748
799,3,17,1.0560691356658936
800,3,18,1.0212138891220093
801,3,19,1.0314637422561646
802,3,20,0.9786127209663391
803,3,21,0.9176939129829407
804,3,22,1.0767544507980347
805,3,23,1.0527637004852295
806,3,24,1.2639955282211304
807,3,25,0.9390197992324829
808,3,26,1.075999140739441
809,3,27,1.0336179733276367
810,3,28,0.9178906679153442
811,3,29,1.2570900917053223
812,3,30,1.0705403089523315
813,3,31,0.9496654272079468
814,3,32,1.0776777267456055
815,3,33,1.1782820224761963
816,3,34,1.0297317504882812
817,3,35,1.0806516408920288
818,3,36,0.9348484873771667
819,3,37,0.9860694408416748
820,3,38,1.1562449932098389
821,3,39,1.0045082569122314
822,3,40,1.1892235279083252
823,3,41,1.002320408821106
824,3,42,1.1702688932418823
825,3,43,1.1252892017364502
826,3,44,1.122522234916687
827,3,45,1.0838093757629395
828,3,46,0.9573184251785278
829,3,47,1.0697203874588013
830,3,48,1.0699493885040283
831,3,49,1.0174272060394287
832,3,50,1.1804596185684204
833,3,51,0.9046862125396729
834,3,52,1.3519622087478638
835,3,53,0.9536058306694031
836,3,54,1.0842589139938354
837,3,55,0.9535604119300842
838,3,56,1.060196042060852
839,3,57,1.0930218696594238
840,3,58,1.1817309856414795
841,3,59,1.1447300910949707
842,3,60,0.9402171969413757
843,3,61,1.091665506362915
844,3,62,1.1360465288162231
845,3,63,1.0946816205978394
846,3,64,1.030967116355896
847,3,65,0.9787501692771912
848,3,66,1.1393202543258667
849,3,67,1.0774811506271362
850,3,68,0.9594643712043762
851,3,69,1.1486626863479614
852,3,70,1.034820318222046
853,3,71,1.0324907302856445
854,3,72,0.975109338760376
855,3,73,1.0339795351028442
856,3,74,0.8925617933273315
857,3,75,0.8297469615936279
858,3,76,1.1397504806518555
859,3,77,1.0311278104782104
860,3,78,1.0382059812545776
861,3,79,1.1684460639953613
862,3,80,0.975216269493103
863,3,81,1.0174087285995483
864,3,82,1.114378809928894
865,3,83,1.0570298433303833
866,3,84,0.9941132068634033
867,3,85,1.0383766889572144
868,3,86,1.029379963874817
869,3,87,1.2583036422729492
870,3,88,1.0777764320373535
871,3,89,1.0998594760894775
872,3,90,1.0248383283615112
873,3,91,1.0647940635681152
874,3,92,1.0199682712554932
875,3,93,1.046636700630188
876,3,94,1.2037286758422852
877,3,95,0.9076416492462158
878,3,96,0.972554087638855
879,3,97,0.9685070514678955
880,3,98,1.1031626462936401
881,3,99,1.0436923503875732
882,3,100,1.0048314332962036
883,3,101,0.9731079936027527
884,3,102,0.9661727547645569
885,3,103,0.9905967116355896
886,3,104,0.9216302037239075
887,3,105,0.939112663269043
888,3,106,1.0078561305999756
889,3,107,1.2257542610168457
890,3,108,0.9516700506210327
891,3,109,1.1177889108657837
892,3,110,1.0065003633499146
893,3,111,0.8925274014472961
894,3,112,0.9828901290893555
895,3,113,1.0904946327209473
896,3,114,0.8780019879341125
897,3,115,0.9861509799957275
898,3,116,0.8950511813163757
899,3,117,0.9825637340545654
900,3,118,0.9374439716339111
901,3,119,0.9471080899238586
902,3,120,1.0041552782058716
903,3,121,0.9193153977394104
904,3,122,0.9115104079246521
905,3,123,1.1163307428359985
906,3,124,1.0625978708267212
907,3,125,1.2313605546951294
908,3,126,0.9511098861694336
909,3,127,1.17523193359375
910,3,128,1.0355525016784668
911,3,129,0.8919876217842102
912,3,130,1.165612816810608
913,3,131,0.9841994047164917
914,3,132,1.0374696254730225
915,3,133,0.9671148657798767
916,3,134,1.0299593210220337
917,3,135,0.9178355932235718
918,3,136,0.8193387985229492
919,3,137,0.8596659302711487
920,3,138,0.9990423917770386
921,3,139,0.9465293884277344
922,3,140,1.15172278881073
923,3,141,0.9925764799118042
924,3,142,1.0145275592803955
925,3,143,0.965538501739502
926,3,144,0.9960482120513916
927,3,145,0.9873761534690857
928,3,146,0.9617496728897095
929,3,147,1.0289807319641113
930,3,148,0.9385868906974792
931,3,149,0.9414578080177307
932,3,150,0.9992339611053467
933,3,151,0.8967183232307434
934,3,152,0.8775204420089722
935,3,153,0.9268906116485596
936,3,154,0.8144333362579346
937,3,155,0.907403290271759
938,3,156,0.9168370366096497
939,3,157,0.9280598163604736
940,3,158,1.12722647190094
941,3,159,0.8570554852485657
942,3,160,1.0886027812957764
943,3,161,1.023061990737915
944,3,162,0.7613167762756348
945,3,163,0.8132126331329346
946,3,164,0.9405531883239746
947,3,165,1.0153112411499023
948,3,166,0.9900929927825928
949,3,167,1.0049935579299927
950,3,168,0.8289481997489929
951,3,169,0.8375378251075745
952,3,170,0.8453688621520996
953,3,171,1.143943190574646
954,3,172,0.839674174785614
955,3,173,1.0419894456863403
956,3,174,0.9479393362998962
957,3,175,1.1648610830307007
958,3,176,0.8974772691726685
959,3,177,1.0956428050994873
960,3,178,0.8142963647842407
961,3,179,1.004415512084961
962,3,180,0.9306207895278931
963,3,181,1.1254067420959473
964,3,182,1.1705892086029053
965,3,183,1.0078750848770142
966,3,184,0.9549688696861267
967,3,185,0.9836148619651794
968,3,186,0.9955146312713623
969,3,187,0.7788252830505371
970,3,188,0.9357612133026123
971,3,189,0.9575720429420471
972,3,190,0.9300374388694763
973,3,191,1.0163460969924927
974,3,192,0.8162541389465332
975,3,193,0.8829545974731445
976,3,194,0.9214077591896057
977,3,195,0.8675018548965454
978,3,196,0.8345125317573547
979,3,197,0.9783762693405151
980,3,198,0.7957348227500916
981,3,199,1.039535403251648
982,3,200,0.8841081857681274
983,3,201,0.9079259037971497
984,3,202,0.8286516070365906
985,3,203,0.8514772057533264
986,3,204,0.7195631861686707
987,3,205,0.9071106314659119
988,3,206,0.9184097051620483
989,3,207,0.9528210759162903
990,3,208,1.0894994735717773
991,3,209,0.9924660921096802
992,3,210,0.850066065788269
993,3,211,1.0561244487762451
994,3,212,1.0515187978744507
995,3,213,0.7866673469543457
996,3,214,0.9570322632789612
997,3,215,1.0096935033798218
998,3,216,0.8391231894493103
999,3,217,1.0469603538513184
1000,3,218,0.8417940139770508
1001,3,219,0.7109202742576599
1002,3,220,0.8664478063583374
1003,3,221,1.0570485591888428
1004,3,222,0.9362152218818665
1005,3,223,1.0318647623062134
1006,3,224,0.8887776136398315
1007,3,225,0.9296531081199646
1008,3,226,0.982019305229187
1009,3,227,0.9826095104217529
1010,3,228,1.029110074043274
1011,3,229,0.9668256044387817
1012,3,230,0.7929850220680237
1013,3,231,1.038804292678833
1014,3,232,1.0912679433822632
1015,3,233,0.9321337342262268
1016,3,234,0.8639947175979614
1017,3,235,1.032738208770752
1018,3,236,1.0558723211288452
1019,3,237,1.0862419605255127
1020,3,238,0.9452691674232483
1021,3,239,0.8461983799934387
1022,3,240,0.9490353465080261
1023,3,241,0.8244217038154602
1024,3,242,0.8135050535202026
1025,3,243,0.9611479043960571
1026,3,244,0.9015480279922485
1027,3,245,0.8939907550811768
1028,3,246,0.851854145526886
1029,3,247,0.8709281086921692
1030,3,248,0.9636704921722412
1031,3,249,0.8756656646728516
1032,3,250,0.7167229652404785
1033,3,251,0.8088319897651672
1034,3,252,0.7204131484031677
1035,3,253,0.9387558102607727
1036,3,254,0.9302660226821899
1037,3,255,0.8167695999145508
1038,3,256,0.8066489696502686
1039,3,257,1.0790964365005493
1040,3,258,0.9673154354095459
1041,3,259,0.8711074590682983
1042,3,260,0.7656682729721069
1043,3,261,0.8396575450897217
1044,3,262,0.9969784617424011
1045,3,263,0.9661376476287842
1046,3,264,0.8656837940216064
1047,3,265,0.935042679309845
1048,3,266,1.091225028038025
1049,3,267,0.9228621125221252
1050,3,268,0.9521204233169556
1051,3,269,1.084037184715271
1052,3,270,0.9124901294708252
1053,3,271,0.9015673398971558
1054,3,272,1.0202463865280151
1055,3,273,0.8412590026855469
1056,3,274,0.8485868573188782
1057,3,275,0.9584743976593018
1058,3,276,0.8328864574432373
1059,3,277,0.8017311692237854
1060,3,278,0.8959574699401855
1061,3,279,0.9474846720695496
1062,3,280,0.9542537927627563
1063,3,281,0.9714358448982239
1064,3,282,0.9240677356719971
1065,3,283,0.8229854106903076
1066,3,284,0.9648752212524414
1067,3,285,0.9061716794967651
1068,3,286,0.8412814140319824
1069,3,287,0.8485407829284668
1070,3,288,0.7676253318786621
1071,3,289,1.0027369260787964
1072,3,290,0.7295904755592346
1073,3,291,0.8053745031356812
1074,3,292,0.9760250449180603
1075,3,293,0.8134182691574097
1076,3,294,0.7296336889266968
1077,3,295,0.843431830406189
1078,3,296,0.819485604763031
1079,3,297,0.8909041881561279
1080,3,298,0.9663873910903931
1081,3,299,0.686247706413269
1082,3,300,0.8679496645927429
1083,3,301,1.0184417963027954
1084,3,302,0.7806845307350159
1085,3,303,1.219870924949646
1086,3,304,0.8544272184371948
1087,3,305,0.8448048233985901
1088,3,306,0.9258768558502197
1089,3,307,0.9555472135543823
1090,3,308,0.9792038202285767
1091,3,309,0.9651276469230652
1092,3,310,0.8288403153419495
1093,3,311,0.9014206528663635
1094,3,312,0.8524287939071655
1095,3,313,0.9653444290161133
1096,3,314,0.8100591897964478
1097,3,315,0.7452172636985779
1098,3,316,0.8540854454040527
1099,3,317,0.8770667314529419
1100,3,318,0.6705951690673828
1101,3,319,0.8583580255508423
1102,3,320,0.9838734269142151
1103,3,321,0.9730232954025269
1104,3,322,0.8349066972732544
1105,3,323,0.7723965644836426
1106,3,324,0.9056951403617859
1107,3,325,0.7011327743530273
1108,3,326,1.053973913192749
1109,3,327,0.8516927361488342
1110,3,328,0.9257218241691589
1111,3,329,0.8345084190368652
1112,3,330,0.939472496509552
1113,3,331,0.8388739824295044
1114,3,332,0.8064252138137817
1115,3,333,0.5849107503890991
1116,3,334,0.8919247388839722
1117,3,335,0.8029003143310547
1118,3,336,0.8592301607131958
1119,3,337,0.6762919425964355
1120,3,338,0.8729698657989502
1121,3,339,0.7049971222877502
1122,3,340,0.886692225933075
1123,3,341,1.2400901317596436
1124,3,342,0.9228600263595581
1125,3,343,0.8323214054107666
1126,3,344,0.8312501907348633
1127,3,345,0.779801070690155
1128,3,346,0.7557483315467834
1129,3,347,0.9431578516960144
1130,3,348,0.9513738751411438
1131,3,349,0.859540581703186
1132,3,350,0.9550215601921082
1133,3,351,0.7973645925521851
1134,3,352,0.7392780184745789
1135,3,353,0.9029707312583923
1136,3,354,0.8576774597167969
1137,3,355,0.9898395538330078
1138,3,356,0.9592006802558899
1139,3,357,0.8939759135246277
1140,3,358,1.2315255403518677
1141,3,359,0.7993535399436951
1142,3,360,0.8264923095703125
1143,3,361,0.8308039307594299
1144,3,362,0.8521244525909424
1145,3,363,0.7553951144218445
1146,3,364,0.9035996794700623
1147,3,365,0.8727905750274658
1148,3,366,1.0606253147125244
1149,3,367,1.001847743988037
1150,3,368,0.8960812091827393
1151,3,369,0.8499277830123901
1152,3,370,0.835120439529419
1153,3,371,1.120326280593872
1154,3,372,0.6880151629447937
1155,3,373,0.8039184808731079
1156,3,374,0.7951011061668396
1157,3,375,0.9644302725791931
1158,3,376,0.914472758769989
1159,3,377,0.8087905645370483
1160,3,378,0.8422330021858215
1161,3,379,0.8487502932548523
1162,3,380,0.7693988680839539
1163,3,381,0.678381085395813
1164,3,382,0.8101004362106323
1165,3,383,0.9109382629394531
1166,3,384,0.7888451218605042
1167,3,385,0.7914320826530457
1168,3,386,0.8235865831375122
1169,3,387,0.9576502442359924
1170,3,388,1.0011801719665527
1171,3,389,0.766306459903717
1172,3,390,0.669257640838623
1173,3,391,0.8546845316886902
1174,4,1,0.8702265024185181
1175,4,2,0.7182528972625732
1176,4,3,0.9845634698867798
1177,4,4,0.7827132940292358
1178,4,5,0.6930797100067139
1179,4,6,0.9095231294631958
1180,4,7,0.8744888305664062
1181,4,8,0.7171356678009033
1182,4,9,0.7108455300331116
1183,4,10,0.6356894969940186
1184,4,11,0.7756245732307434
1185,4,12,0.7638077139854431
1186,4,13,0.9008911848068237
1187,4,14,0.7295482754707336
1188,4,15,0.7411970496177673
1189,4,16,0.9755067825317383
1190,4,17,0.7406220436096191
1191,4,18,0.650886595249176
1192,4,19,0.7391830086708069
1193,4,20,0.7087963223457336
1194,4,21,0.7205451130867004
1195,4,22,0.6458194851875305
1196,4,23,0.6907152533531189
1197,4,24,0.9162378311157227
1198,4,25,0.6795339584350586
1199,4,26,0.7506020665168762
1200,4,27,0.8356900215148926
1201,4,28,0.8458122611045837
1202,4,29,0.6928008198738098
1203,4,30,0.9212046265602112
1204,4,31,0.706860363483429
1205,4,32,0.6151896119117737
1206,4,33,0.9486339092254639
1207,4,34,0.8359423875808716
1208,4,35,0.7015222311019897
1209,4,36,0.8160194158554077
1210,4,37,0.9553511738777161
1211,4,38,0.8561388254165649
1212,4,39,0.7155748009681702
1213,4,40,0.7589850425720215
1214,4,41,0.6507099866867065
1215,4,42,0.7160519957542419
1216,4,43,0.8427670001983643
1217,4,44,0.6291353702545166
1218,4,45,0.9357702732086182
1219,4,46,0.87583988904953
1220,4,47,0.6521793007850647
1221,4,48,0.6285523176193237
1222,4,49,0.6440656185150146
1223,4,50,0.7464705109596252
1224,4,51,0.7061033248901367
1225,4,52,0.7780691385269165
1226,4,53,0.6287761926651001
1227,4,54,0.866012454032898
1228,4,55,0.7246161103248596
1229,4,56,0.8186968564987183
1230,4,57,0.742637038230896
1231,4,58,0.7285416722297668
1232,4,59,0.8962627053260803
1233,4,60,0.8390058279037476
1234,4,61,0.8999890089035034
1235,4,62,0.922876238822937
1236,4,63,0.8807184100151062
1237,4,64,0.6623337268829346
1238,4,65,0.69587242603302
1239,4,66,0.7037380337715149
1240,4,67,0.7582213878631592
1241,4,68,0.9308173060417175
1242,4,69,0.7440727949142456
1243,4,70,0.9000875353813171
1244,4,71,0.7317171692848206
1245,4,72,0.8483567833900452
1246,4,73,0.7534762024879456
1247,4,74,0.7372979521751404
1248,4,75,0.7299392223358154
1249,4,76,0.7156911492347717
1250,4,77,0.8508380651473999
1251,4,78,0.9073745608329773
1252,4,79,0.6577233076095581
1253,4,80,0.8082603216171265
1254,4,81,0.9886254072189331
1255,4,82,0.6316073536872864
1256,4,83,0.8218016624450684
1257,4,84,0.7032138705253601
1258,4,85,0.9065266847610474
1259,4,86,0.9612369537353516
1260,4,87,0.7609877586364746
1261,4,88,0.8271583914756775
1262,4,89,0.9013126492500305
1263,4,90,0.8943486213684082
1264,4,91,0.6992538571357727
1265,4,92,0.7507293820381165
1266,4,93,0.8051705360412598
1267,4,94,0.7369263768196106
1268,4,95,0.6666480302810669
1269,4,96,0.7471847534179688
1270,4,97,0.7075040936470032
1271,4,98,0.8356009125709534
1272,4,99,0.9152773022651672
1273,4,100,0.8047417402267456
1274,4,101,0.659632682800293
1275,4,102,0.6907537579536438
1276,4,103,0.7452883720397949
1277,4,104,0.8356755971908569
1278,4,105,0.7772753238677979
1279,4,106,0.6944597959518433
1280,4,107,0.7722557187080383
1281,4,108,0.6972717642784119
1282,4,109,0.4848823547363281
1283,4,110,0.9202167987823486
1284,4,111,0.7658709287643433
1285,4,112,0.6530060172080994
1286,4,113,0.7298915982246399
1287,4,114,0.7278692722320557
1288,4,115,0.7641125917434692
1289,4,116,0.7182642817497253
1290,4,117,0.9097267389297485
1291,4,118,0.8497793078422546
1292,4,119,0.963430643081665
1293,4,120,0.7281568646430969
1294,4,121,0.8657324910163879
1295,4,122,0.8614166975021362
1296,4,123,0.8027781248092651
1297,4,124,0.7985183000564575
1298,4,125,0.7581619024276733
1299,4,126,0.7460115551948547
1300,4,127,0.8072580695152283
1301,4,128,0.6707744002342224
1302,4,129,0.9746807813644409
1303,4,130,0.7524993419647217
1304,4,131,0.7480093836784363
1305,4,132,0.9025172591209412
1306,4,133,1.055985450744629
1307,4,134,0.690464973449707
1308,4,135,0.6951939463615417
1309,4,136,0.7004760503768921
1310,4,137,0.9682279825210571
1311,4,138,0.954465925693512
1312,4,139,0.5508648753166199
1313,4,140,0.7977181673049927
1314,4,141,0.9113001823425293
1315,4,142,0.8282670378684998
1316,4,143,0.6736884117126465
1317,4,144,0.9166926145553589
1318,4,145,0.7045108079910278
1319,4,146,0.5950398445129395
1320,4,147,0.9185410141944885
1321,4,148,0.8303614854812622
1322,4,149,0.7684127688407898
1323,4,150,0.6524622440338135
1324,4,151,0.7595450282096863
1325,4,152,0.682412326335907
1326,4,153,0.5656379461288452
1327,4,154,0.6487345695495605
1328,4,155,0.7250651717185974
1329,4,156,0.6377809643745422
1330,4,157,0.6361685991287231
1331,4,158,0.8147485256195068
1332,4,159,0.7596781849861145
1333,4,160,0.9034097790718079
1334,4,161,0.8906692266464233
1335,4,162,0.6682862043380737
1336,4,163,0.6171101927757263
1337,4,164,0.9318577647209167
1338,4,165,0.716199517250061
1339,4,166,0.7390835881233215
1340,4,167,0.826036274433136
1341,4,168,0.7701543569564819
1342,4,169,0.6745581030845642
1343,4,170,0.6783698797225952
1344,4,171,0.6303200721740723
1345,4,172,1.0339014530181885
1346,4,173,0.7749557495117188
1347,4,174,0.7029905319213867
1348,4,175,0.7879986763000488
1349,4,176,0.7781378030776978
1350,4,177,0.6763699650764465
1351,4,178,0.7391884326934814
1352,4,179,0.7506780624389648
1353,4,180,0.6679036021232605
1354,4,181,0.8188095688819885
1355,4,182,0.8062207102775574
1356,4,183,0.8056236505508423
1357,4,184,0.6944725513458252
1358,4,185,0.7927953004837036
1359,4,186,0.7226714491844177
1360,4,187,0.7202796339988708
1361,4,188,0.7381598353385925
1362,4,189,0.9463388919830322
1363,4,190,0.7389101386070251
1364,4,191,0.8155074119567871
1365,4,192,0.796612024307251
1366,4,193,0.7832134962081909
1367,4,194,0.6220625638961792
1368,4,195,0.7715885043144226
1369,4,196,0.7781535983085632
1370,4,197,0.8325899243354797
1371,4,198,0.7344886660575867
1372,4,199,0.7596150040626526
1373,4,200,0.5969207882881165
1374,4,201,0.8175098299980164
1375,4,202,0.7344223856925964
1376,4,203,0.6532105803489685
1377,4,204,0.7797653675079346
1378,4,205,0.7140144109725952
1379,4,206,0.7794195413589478
1380,4,207,0.887832760810852
1381,4,208,0.7805449366569519
1382,4,209,0.5842450261116028
1383,4,210,0.6109516024589539
1384,4,211,0.6357113122940063
1385,4,212,0.7078732252120972
1386,4,213,1.0389950275421143
1387,4,214,0.8079995512962341
1388,4,215,0.7233315110206604
1389,4,216,0.7704954147338867
1390,4,217,0.6985582113265991
1391,4,218,0.9043078422546387
1392,4,219,0.7963898181915283
1393,4,220,0.7364562153816223
1394,4,221,0.6408222317695618
1395,4,222,0.6569873094558716
1396,4,223,0.7338268160820007
1397,4,224,0.6668308973312378
1398,4,225,0.8524807691574097
1399,4,226,0.7153070569038391
1400,4,227,0.7790377140045166
1401,4,228,0.6166219711303711
1402,4,229,0.9105863571166992
1403,4,230,0.80842125415802
1404,4,231,0.8431204557418823
1405,4,232,0.9858577251434326
1406,4,233,0.7581102252006531
1407,4,234,0.6962430477142334
1408,4,235,0.9713098406791687
1409,4,236,1.0026988983154297
1410,4,237,0.9512208104133606
1411,4,238,0.6929813623428345
1412,4,239,0.680335521697998
1413,4,240,0.7484714984893799
1414,4,241,0.8140448331832886
1415,4,242,0.8380300402641296
1416,4,243,0.81778484582901
1417,4,244,0.9196687340736389
1418,4,245,0.7678975462913513
1419,4,246,0.6906936168670654
1420,4,247,0.8607670664787292
1421,4,248,0.8864955306053162
1422,4,249,0.6875038146972656
1423,4,250,0.6511387825012207
1424,4,251,0.7691864967346191
1425,4,252,0.7573769688606262
1426,4,253,0.9532663226127625
1427,4,254,0.9537385702133179
1428,4,255,0.843220055103302
1429,4,256,0.5617934465408325
1430,4,257,0.7059267163276672
1431,4,258,0.7506099343299866
1432,4,259,0.8689960241317749
1433,4,260,0.8255325555801392
1434,4,261,0.6958844065666199
1435,4,262,0.8020541071891785
1436,4,263,0.68120276927948
1437,4,264,0.6856003403663635
1438,4,265,0.7677050828933716
1439,4,266,0.6301665306091309
1440,4,267,0.7449449300765991
1441,4,268,0.6759929656982422
1442,4,269,0.6352865695953369
1443,4,270,0.6487730145454407
1444,4,271,0.5271176695823669
1445,4,272,0.7047299742698669
1446,4,273,0.6011277437210083
1447,4,274,0.7357074618339539
1448,4,275,0.6103315353393555
1449,4,276,0.6459379196166992
1450,4,277,0.747128963470459
1451,4,278,0.6912996768951416
1452,4,279,0.6044111251831055
1453,4,280,0.7998525500297546
1454,4,281,0.9336206316947937
1455,4,282,0.7200952172279358
1456,4,283,0.8941940665245056
1457,4,284,0.7427767515182495
1458,4,285,0.6814073324203491
1459,4,286,0.6125714778900146
1460,4,287,0.7971522808074951
1461,4,288,0.7672121524810791
1462,4,289,0.8458981513977051
1463,4,290,0.7324221730232239
1464,4,291,0.6799110770225525
1465,4,292,0.7920317649841309
1466,4,293,0.6420385837554932
1467,4,294,0.8271182179450989
1468,4,295,0.8767526149749756
1469,4,296,0.65733802318573
1470,4,297,0.610034167766571
1471,4,298,0.7582597732543945
1472,4,299,0.6778891682624817
1473,4,300,0.5674995183944702
1474,4,301,0.6305774450302124
1475,4,302,0.7280234098434448
1476,4,303,0.6257692575454712
1477,4,304,0.7822147011756897
1478,4,305,0.6195032596588135
1479,4,306,0.5935495495796204
1480,4,307,0.4955216348171234
1481,4,308,0.6979813575744629
1482,4,309,0.6643263101577759
1483,4,310,0.7480000257492065
1484,4,311,0.6730786561965942
1485,4,312,0.7397232055664062
1486,4,313,0.7394834756851196
1487,4,314,0.7294479608535767
1488,4,315,0.866439163684845
1489,4,316,0.754219114780426
1490,4,317,0.8015233874320984
1491,4,318,0.6913449168205261
1492,4,319,0.881001889705658
1493,4,320,0.8237872123718262
1494,4,321,0.7919633984565735
1495,4,322,0.7280068397521973
1496,4,323,0.6724352240562439
1497,4,324,0.6111056804656982
1498,4,325,0.7109726667404175
1499,4,326,0.9437004923820496
1500,4,327,0.6365675330162048
1501,4,328,0.6847582459449768
1502,4,329,0.6790094375610352
1503,4,330,0.5892590284347534
1504,4,331,0.6378900408744812
1505,4,332,0.8001103401184082
1506,4,333,0.7759342789649963
1507,4,334,0.7977944612503052
1508,4,335,0.6217210292816162
1509,4,336,0.6658861637115479
1510,4,337,0.5286898016929626
1511,4,338,0.628063976764679
1512,4,339,0.7663558125495911
1513,4,340,0.7526282072067261
1514,4,341,0.7433550953865051
1515,4,342,0.7922863960266113
1516,4,343,0.7983326315879822
1517,4,344,0.6693947315216064
1518,4,345,0.6964529752731323
1519,4,346,0.6334722638130188
1520,4,347,0.7622307538986206
1521,4,348,0.7164928317070007
1522,4,349,0.5978792905807495
1523,4,350,0.734098494052887
1524,4,351,0.7058544158935547
1525,4,352,0.7171360850334167
1526,4,353,0.7105659246444702
1527,4,354,0.6641194224357605
1528,4,355,0.9088254570960999
1529,4,356,0.9798251390457153
1530,4,357,0.7528654336929321
1531,4,358,0.5529709458351135
1532,4,359,0.7742074131965637
1533,4,360,0.9082452058792114
1534,4,361,0.900830864906311
1535,4,362,0.6703985929489136
1536,4,363,0.7376084923744202
1537,4,364,0.627723217010498
1538,4,365,0.540359377861023
1539,4,366,0.7143313884735107
1540,4,367,0.7255460023880005
1541,4,368,0.7453094720840454
1542,4,369,0.7031009793281555
1543,4,370,0.7462692260742188
1544,4,371,0.811840295791626
1545,4,372,0.7397975921630859
1546,4,373,0.6215317249298096
1547,4,374,0.6375045776367188
1548,4,375,0.7643765807151794
1549,4,376,0.5937365293502808
1550,4,377,0.6052202582359314
1551,4,378,0.7398340702056885
1552,4,379,0.6400648355484009
1553,4,380,0.8414933085441589
1554,4,381,0.5793386101722717
1555,4,382,0.6772084832191467
1556,4,383,0.784561038017273
1557,4,384,0.6366671919822693
1558,4,385,0.7687506675720215
1559,4,386,0.5956442952156067
1560,4,387,0.5624627470970154
1561,4,388,0.669941246509552
1562,4,389,0.6126651167869568
1563,4,390,0.5115844011306763
1564,4,391,0.9606077075004578
1565,5,1,0.5533629059791565
1566,5,2,0.5539216995239258
1567,5,3,0.5913033485412598
1568,5,4,0.6316642761230469
1569,5,5,0.5996828675270081
1570,5,6,0.646308958530426
1571,5,7,0.5860071778297424
1572,5,8,0.47653836011886597
1573,5,9,0.6477985382080078
1574,5,10,0.6195170283317566
1575,5,11,0.7967590689659119
1576,5,12,0.6954650282859802
1577,5,13,0.6513720750808716
1578,5,14,0.7160930037498474
1579,5,15,0.5586358904838562
1580,5,16,0.6264068484306335
1581,5,17,0.6052161455154419
1582,5,18,0.7909342646598816
1583,5,19,0.43393492698669434
1584,5,20,0.6447433829307556
1585,5,21,0.5610443353652954
1586,5,22,0.4449538290500641
1587,5,23,0.531050443649292
1588,5,24,0.5726143717765808
1589,5,25,0.5848883986473083
1590,5,26,0.7012004852294922
1591,5,27,0.5261502861976624
1592,5,28,0.617272138595581
1593,5,29,0.6357079744338989
1594,5,30,0.684380829334259
1595,5,31,0.5892454981803894
1596,5,32,0.5826689004898071
1597,5,33,0.5897078514099121
1598,5,34,0.6966915130615234
1599,5,35,0.6427309513092041
1600,5,36,0.5896239280700684
1601,5,37,0.5813688039779663
1602,5,38,0.5867968201637268
1603,5,39,0.5611993670463562
1604,5,40,0.6100025177001953
1605,5,41,0.6516665816307068
1606,5,42,0.5894749164581299
1607,5,43,0.4947357475757599
1608,5,44,0.512656033039093
1609,5,45,0.5004847645759583
1610,5,46,0.6310998797416687
1611,5,47,0.7536481022834778
1612,5,48,0.7079919576644897
1613,5,49,0.9499208927154541
1614,5,50,0.7110048532485962
1615,5,51,0.6445618867874146
1616,5,52,0.5575633645057678
1617,5,53,0.6244781613349915
1618,5,54,0.5201701521873474
1619,5,55,0.7135769128799438
1620,5,56,0.6187999248504639
1621,5,57,0.5324393510818481
1622,5,58,0.593991756439209
1623,5,59,0.6295292973518372
1624,5,60,0.44942334294319153
1625,5,61,0.5596969127655029
1626,5,62,0.7826712727546692
1627,5,63,0.579852283000946
1628,5,64,0.8720548152923584
1629,5,65,0.48352542519569397
1630,5,66,0.6591938734054565
1631,5,67,0.46298593282699585
1632,5,68,0.7704510688781738
1633,5,69,0.6317179799079895
1634,5,70,0.5820737481117249
1635,5,71,0.7123314142227173
1636,5,72,0.6321187019348145
1637,5,73,0.5961290001869202
1638,5,74,0.6279445886611938
1639,5,75,0.7184765338897705
1640,5,76,0.6509917378425598
1641,5,77,0.8854265809059143
1642,5,78,0.7800970077514648
1643,5,79,0.8173047304153442
1644,5,80,0.5975263118743896
1645,5,81,0.5360619425773621
1646,5,82,0.7159237861633301
1647,5,83,0.5580118298530579
1648,5,84,0.7678905129432678
1649,5,85,0.6023188233375549
1650,5,86,0.7114168405532837
1651,5,87,0.8515108823776245
1652,5,88,0.6287069320678711
1653,5,89,0.730767011642456
1654,5,90,0.516325831413269
1655,5,91,0.5599563121795654
1656,5,92,0.5988308787345886
1657,5,93,0.6269621253013611
1658,5,94,0.6090326309204102
1659,5,95,0.532703697681427
1660,5,96,0.5734933018684387
1661,5,97,0.5826103687286377
1662,5,98,0.7385513782501221
1663,5,99,0.5911648273468018
1664,5,100,0.5626348853111267
1665,5,101,0.7334155440330505
1666,5,102,0.6479048132896423
1667,5,103,0.4938983619213104
1668,5,104,0.5444363355636597
1669,5,105,0.8281432390213013
1670,5,106,0.6344308853149414
1671,5,107,0.710105836391449
1672,5,108,0.5974699258804321
1673,5,109,0.5435723066329956
1674,5,110,0.7667520642280579
1675,5,111,0.7791279554367065
1676,5,112,0.732678234577179
1677,5,113,0.7476069927215576
1678,5,114,0.6152785420417786
1679,5,115,0.5345001816749573
1680,5,116,0.7209542989730835
1681,5,117,0.45757225155830383
1682,5,118,0.7394592761993408
1683,5,119,0.5494339466094971
1684,5,120,0.6226261854171753
1685,5,121,0.589841365814209
1686,5,122,0.6414340734481812
1687,5,123,0.6008573174476624
1688,5,124,0.6248983144760132
1689,5,125,0.5943728089332581
1690,5,126,0.8877468109130859
1691,5,127,0.5420491099357605
1692,5,128,0.7898780107498169
1693,5,129,0.7409664392471313
1694,5,130,0.5014380812644958
1695,5,131,0.7910813093185425
1696,5,132,0.5773965716362
1697,5,133,0.7425056099891663
1698,5,134,0.7159920334815979
1699,5,135,0.5125154256820679
1700,5,136,0.556361973285675
1701,5,137,0.6964519023895264
1702,5,138,0.464082807302475
1703,5,139,0.7509012818336487
1704,5,140,0.5910158157348633
1705,5,141,0.6190922856330872
1706,5,142,0.6946826577186584
1707,5,143,0.4877138137817383
1708,5,144,0.6320158839225769
1709,5,145,0.6072254180908203
1710,5,146,0.6239548325538635
1711,5,147,0.7406620979309082
1712,5,148,0.6655291318893433
1713,5,149,0.6450075507164001
1714,5,150,0.6582717299461365
1715,5,151,0.528383195400238
1716,5,152,0.5311874747276306
1717,5,153,0.6963599324226379
1718,5,154,0.6514559388160706
1719,5,155,0.6182398796081543
1720,5,156,0.5370166301727295
1721,5,157,0.7528468370437622
1722,5,158,0.6912353038787842
1723,5,159,0.5971229672431946
1724,5,160,0.49369823932647705
1725,5,161,0.5485336780548096
1726,5,162,0.4594697654247284
1727,5,163,0.5616635680198669
1728,5,164,0.8527266979217529
1729,5,165,0.5858895182609558
1730,5,166,0.7575415372848511
1731,5,167,0.6491668820381165
1732,5,168,0.49646812677383423
1733,5,169,0.7234300971031189
1734,5,170,0.6030310988426208
1735,5,171,0.6383830308914185
1736,5,172,0.589656412601471
1737,5,173,0.42740267515182495
1738,5,174,0.5606279373168945
1739,5,175,0.6448346376419067
1740,5,176,0.6396058201789856
1741,5,177,0.6659407615661621
1742,5,178,0.4970884621143341
1743,5,179,0.5789775848388672
1744,5,180,0.6030352711677551
1745,5,181,0.6721170544624329
1746,5,182,0.6253206133842468
1747,5,183,0.7856083512306213
1748,5,184,0.4885895848274231
1749,5,185,0.7378567457199097
1750,5,186,0.5941463708877563
1751,5,187,0.5487106442451477
1752,5,188,0.4767317771911621
1753,5,189,0.5354340076446533
1754,5,190,0.618644654750824
1755,5,191,0.4290999472141266
1756,5,192,0.5307757258415222
1757,5,193,0.5405904054641724
1758,5,194,0.6409770250320435
1759,5,195,0.569230854511261
1760,5,196,0.6879315376281738
1761,5,197,0.5150549411773682
1762,5,198,0.5267237424850464
1763,5,199,0.5773271918296814
1764,5,200,0.5714551210403442
1765,5,201,0.6267541646957397
1766,5,202,0.6172435879707336
1767,5,203,0.5726197361946106
1768,5,204,0.5113766193389893
1769,5,205,0.5430874824523926
1770,5,206,0.5798224806785583
1771,5,207,0.6782300472259521
1772,5,208,0.559259295463562
1773,5,209,0.7007145881652832
1774,5,210,0.520595371723175
1775,5,211,0.6099333763122559
1776,5,212,0.4367704689502716
1777,5,213,0.5038899779319763
1778,5,214,0.6553536653518677
1779,5,215,0.6583285331726074
1780,5,216,0.730883002281189
1781,5,217,0.664059579372406
1782,5,218,0.6021717190742493
1783,5,219,0.6238757967948914
1784,5,220,0.6235929727554321
1785,5,221,0.7147644758224487
1786,5,222,0.6915717720985413
1787,5,223,0.7994480133056641
1788,5,224,0.604669451713562
1789,5,225,0.6133817434310913
1790,5,226,0.6123948097229004
1791,5,227,0.7384689450263977
1792,5,228,0.5821162462234497
1793,5,229,0.5630393624305725
1794,5,230,0.5217927694320679
1795,5,231,0.5486661195755005
1796,5,232,0.601209819316864
1797,5,233,0.5677116513252258
1798,5,234,0.5265430808067322
1799,5,235,0.6364633440971375
1800,5,236,0.6992177963256836
1801,5,237,0.6937404274940491
1802,5,238,0.6623855233192444
1803,5,239,0.5747532248497009
1804,5,240,0.5873585343360901
1805,5,241,0.5629251599311829
1806,5,242,0.5903584361076355
1807,5,243,0.6291378736495972
1808,5,244,0.5723749995231628
1809,5,245,0.5111804604530334
1810,5,246,0.5788354873657227
1811,5,247,0.5539446473121643
1812,5,248,0.5779927372932434
1813,5,249,0.5620079040527344
1814,5,250,0.5856465697288513
1815,5,251,0.5844786167144775
1816,5,252,0.6026355028152466
1817,5,253,0.44221338629722595
1818,5,254,0.6678510904312134
1819,5,255,0.6881899237632751
1820,5,256,0.5467973947525024
1821,5,257,0.5550040602684021
1822,5,258,0.5403867959976196
1823,5,259,0.6191445589065552
1824,5,260,0.5334168672561646
1825,5,261,0.56917804479599
1826,5,262,0.5361155867576599
1827,5,263,0.567971408367157
1828,5,264,0.6924074292182922
1829,5,265,0.4113139808177948
1830,5,266,0.5214732885360718
1831,5,267,0.7124872207641602
1832,5,268,0.6169198751449585
1833,5,269,0.6123013496398926
1834,5,270,0.628397524356842
1835,5,271,0.6149412989616394
1836,5,272,0.5232374668121338
1837,5,273,0.4920192360877991
1838,5,274,0.5408580303192139
1839,5,275,0.7119032144546509
1840,5,276,0.5240509510040283
1841,5,277,0.746562659740448
1842,5,278,0.7569378018379211
1843,5,279,0.8707128763198853
1844,5,280,0.4838132858276367
1845,5,281,0.460201233625412
1846,5,282,0.601620614528656
1847,5,283,0.5537152290344238
1848,5,284,0.5280187129974365
1849,5,285,0.6904996633529663
1850,5,286,0.614351212978363
1851,5,287,0.6644347310066223
1852,5,288,0.5534917712211609
1853,5,289,0.5519027709960938
1854,5,290,0.5656423568725586
1855,5,291,0.8044629693031311
1856,5,292,0.5348609685897827
1857,5,293,0.8394438028335571
1858,5,294,0.5071996450424194
1859,5,295,0.6555041670799255
1860,5,296,0.5170044302940369
1861,5,297,0.5490049123764038
1862,5,298,0.8500751256942749
1863,5,299,0.7110056281089783
1864,5,300,0.6720629930496216
1865,5,301,0.6266798973083496
1866,5,302,0.5142496824264526
1867,5,303,0.7004380226135254
1868,5,304,0.4481559991836548
1869,5,305,0.5629897713661194
1870,5,306,0.5734586119651794
1871,5,307,0.7866286039352417
1872,5,308,0.4279729723930359
1873,5,309,0.6962475180625916
1874,5,310,0.7685213088989258
1875,5,311,0.8183697462081909
1876,5,312,0.4859882891178131
1877,5,313,0.6562466621398926
1878,5,314,0.6692899465560913
1879,5,315,0.6174373030662537
1880,5,316,0.595673680305481
1881,5,317,0.6749234199523926
1882,5,318,0.5207600593566895
1883,5,319,0.5556022524833679
1884,5,320,0.5255496501922607
1885,5,321,0.5665668249130249
1886,5,322,0.6263195276260376
1887,5,323,0.5552521347999573
1888,5,324,0.6712011098861694
1889,5,325,0.5717505812644958
1890,5,326,0.58966463804245
1891,5,327,0.4868120551109314
1892,5,328,0.5031648278236389
1893,5,329,0.6085531115531921
1894,5,330,0.5382598042488098
1895,5,331,0.5399694442749023
1896,5,332,0.6402996182441711
1897,5,333,0.42017674446105957
1898,5,334,0.490653395652771
1899,5,335,0.5311700701713562
1900,5,336,0.5222962498664856
1901,5,337,0.659369170665741
1902,5,338,0.4574395716190338
1903,5,339,0.5473107099533081
1904,5,340,0.6604491472244263
1905,5,341,0.48886018991470337
1906,5,342,0.5456303358078003
1907,5,343,0.5445199012756348
1908,5,344,0.462039053440094
1909,5,345,0.5955435037612915
1910,5,346,0.4955647587776184
1911,5,347,0.6210010647773743
1912,5,348,0.4302615523338318
1913,5,349,0.5302990078926086
1914,5,350,0.595332682132721
1915,5,351,0.5124977231025696
1916,5,352,0.6266059279441833
1917,5,353,0.5537774562835693
1918,5,354,0.5251014828681946
1919,5,355,0.5155614614486694
1920,5,356,0.7718658447265625
1921,5,357,0.4694276750087738
1922,5,358,0.5024177432060242
1923,5,359,0.7093988060951233
1924,5,360,0.4617881774902344
1925,5,361,0.5817498564720154
1926,5,362,0.7688217163085938
1927,5,363,0.6192646622657776
1928,5,364,0.5379149913787842
1929,5,365,0.6733356714248657
1930,5,366,0.5309885740280151
1931,5,367,0.6484551429748535
1932,5,368,0.6493650078773499
1933,5,369,0.5961130857467651
1934,5,370,0.6039843559265137
1935,5,371,0.6572150588035583
1936,5,372,0.6476622819900513
1937,5,373,0.6289916038513184
1938,5,374,0.5440416932106018
1939,5,375,0.5757303237915039
1940,5,376,0.5298841595649719
1941,5,377,0.6833548545837402
1942,5,378,0.6170070171356201
1943,5,379,0.6029975414276123
1944,5,380,0.5595405101776123
1945,5,381,0.6130027174949646
1946,5,382,0.5411953330039978
1947,5,383,0.4842866361141205
1948,5,384,0.5011323094367981
1949,5,385,0.6351852416992188
1950,5,386,0.6565495729446411
1951,5,387,0.631889820098877
1952,5,388,0.5555509328842163
1953,5,389,0.6404311656951904
1954,5,390,0.6198282837867737
1955,5,391,0.7305341958999634
1956,6,1,0.4733573794364929
1957,6,2,0.4474014639854431
1958,6,3,0.4044230282306671
1959,6,4,0.5072205662727356
1960,6,5,0.5174465179443359
1961,6,6,0.45398667454719543
1962,6,7,0.45597216486930847
1963,6,8,0.507556140422821
1964,6,9,0.4838913083076477
1965,6,10,0.5579710006713867
1966,6,11,0.642665684223175
1967,6,12,0.5364523530006409
1968,6,13,0.4382765591144562
1969,6,14,0.5442436933517456
1970,6,15,0.40096166729927063
1971,6,16,0.543749213218689
1972,6,17,0.6278329491615295
1973,6,18,0.4624773859977722
1974,6,19,0.5325191020965576
1975,6,20,0.4874037504196167
1976,6,21,0.4519200026988983
1977,6,22,0.3307613730430603
1978,6,23,0.40454450249671936
1979,6,24,0.5461999177932739
1980,6,25,0.5817056894302368
1981,6,26,0.2923574447631836
1982,6,27,0.46537816524505615
1983,6,28,0.5123430490493774
1984,6,29,0.528353214263916
1985,6,30,0.4464254379272461
1986,6,31,0.37588852643966675
1987,6,32,0.47234228253364563
1988,6,33,0.310066819190979
1989,6,34,0.552782416343689
1990,6,35,0.4284660518169403
1991,6,36,0.4695722460746765
1992,6,37,0.3865252733230591
1993,6,38,0.3895482122898102
1994,6,39,0.4311211109161377
1995,6,40,0.5460230112075806
1996,6,41,0.4634445905685425
1997,6,42,0.5819178819656372
1998,6,43,0.37490665912628174
1999,6,44,0.423351913690567
2000,6,45,0.3551225960254669
2001,6,46,0.5625636577606201
2002,6,47,0.419648677110672
2003,6,48,0.43520820140838623
2004,6,49,0.4810613691806793
2005,6,50,0.3453298807144165
2006,6,51,0.45879095792770386
2007,6,52,0.4831966161727905
2008,6,53,0.5175166726112366
2009,6,54,0.5009258389472961
2010,6,55,0.46717867255210876
2011,6,56,0.444620281457901
2012,6,57,0.5140002369880676
2013,6,58,0.6514200568199158
2014,6,59,0.49696728587150574
2015,6,60,0.548914909362793
2016,6,61,0.501295804977417
2017,6,62,0.47644925117492676
2018,6,63,0.4958803057670593
2019,6,64,0.35340139269828796
2020,6,65,0.5535464882850647
2021,6,66,0.5813322067260742
2022,6,67,0.5317886471748352
2023,6,68,0.4196475148200989
2024,6,69,0.5653398036956787
2025,6,70,0.35632118582725525
2026,6,71,0.4368285834789276
2027,6,72,0.48401322960853577
2028,6,73,0.6153947710990906
2029,6,74,0.4008985459804535
2030,6,75,0.5065305233001709
2031,6,76,0.5520111322402954
2032,6,77,0.47670918703079224
2033,6,78,0.4179365932941437
2034,6,79,0.5120831727981567
2035,6,80,0.4297143518924713
2036,6,81,0.5214035511016846
2037,6,82,0.5409932136535645
2038,6,83,0.4988023042678833
2039,6,84,0.5777499079704285
2040,6,85,0.4747436046600342
2041,6,86,0.5448228716850281
2042,6,87,0.5295615792274475
2043,6,88,0.41104623675346375
2044,6,89,0.42791974544525146
2045,6,90,0.5554320812225342
2046,6,91,0.49171534180641174
2047,6,92,0.5537106394767761
2048,6,93,0.39094650745391846
2049,6,94,0.5978339910507202
2050,6,95,0.6494073271751404
2051,6,96,0.48476770520210266
2052,6,97,0.4901856482028961
2053,6,98,0.4928649067878723
2054,6,99,0.522372305393219
2055,6,100,0.6264201998710632
2056,6,101,0.7286858558654785
2057,6,102,0.6349450945854187
2058,6,103,0.5311960577964783
2059,6,104,0.524974524974823
2060,6,105,0.44875261187553406
2061,6,106,0.5183537006378174
2062,6,107,0.4294987916946411
2063,6,108,0.4093903601169586
2064,6,109,0.514496386051178
2065,6,110,0.44681426882743835
2066,6,111,0.5922394394874573
2067,6,112,0.6424904465675354
2068,6,113,0.4732252061367035
2069,6,114,0.5452213883399963
2070,6,115,0.43022313714027405
2071,6,116,0.42306822538375854
2072,6,117,0.49900031089782715
2073,6,118,0.49807924032211304
2074,6,119,0.5357818603515625
2075,6,120,0.36545053124427795
2076,6,121,0.5448399782180786
2077,6,122,0.6206693053245544
2078,6,123,0.49638357758522034
2079,6,124,0.44112539291381836
2080,6,125,0.4112577438354492
2081,6,126,0.6409987807273865
2082,6,127,0.5865890979766846
2083,6,128,0.49780797958374023
2084,6,129,0.523036003112793
2085,6,130,0.4536120295524597
2086,6,131,0.5296021699905396
2087,6,132,0.4523979425430298
2088,6,133,0.42062970995903015
2089,6,134,0.45413485169410706
2090,6,135,0.6246418952941895
2091,6,136,0.43098944425582886
2092,6,137,0.4771391451358795
2093,6,138,0.4122491478919983
2094,6,139,0.5581886172294617
2095,6,140,0.4462586045265198
2096,6,141,0.6371578574180603
2097,6,142,0.5165303945541382
2098,6,143,0.5546671152114868
2099,6,144,0.5244608521461487
2100,6,145,0.5284299850463867
2101,6,146,0.6939715147018433
2102,6,147,0.5677894353866577
2103,6,148,0.4144834876060486
2104,6,149,0.5365822911262512
2105,6,150,0.3157486915588379
2106,6,151,0.5834176540374756
2107,6,152,0.5347030162811279
2108,6,153,0.5371706485748291
2109,6,154,0.41078174114227295
2110,6,155,0.44198915362358093
2111,6,156,0.5177622437477112
2112,6,157,0.5571203231811523
2113,6,158,0.5652416348457336
2114,6,159,0.48961007595062256
2115,6,160,0.6162529587745667
2116,6,161,0.5477569103240967
2117,6,162,0.6006832718849182
2118,6,163,0.5246887803077698
2119,6,164,0.5076186060905457
2120,6,165,0.42806196212768555
2121,6,166,0.5449878573417664
2122,6,167,0.5530000329017639
2123,6,168,0.6670495271682739
2124,6,169,0.31827208399772644
2125,6,170,0.5782939195632935
2126,6,171,0.536850094795227
2127,6,172,0.5407972931861877
2128,6,173,0.5502423644065857
2129,6,174,0.4667137563228607
2130,6,175,0.49163901805877686
2131,6,176,0.486551433801651
2132,6,177,0.47932958602905273
2133,6,178,0.5119181871414185
2134,6,179,0.3992421329021454
2135,6,180,0.5888503789901733
2136,6,181,0.49630746245384216
2137,6,182,0.5397960543632507
2138,6,183,0.5945065021514893
2139,6,184,0.5680226683616638
2140,6,185,0.43677768111228943
2141,6,186,0.5951637029647827
2142,6,187,0.4062492847442627
2143,6,188,0.5863558650016785
2144,6,189,0.5485039353370667
2145,6,190,0.5426263809204102
2146,6,191,0.46386879682540894
2147,6,192,0.5969139337539673
2148,6,193,0.35243624448776245
2149,6,194,0.5455459952354431
2150,6,195,0.5382852554321289
2151,6,196,0.5207291841506958
2152,6,197,0.47688671946525574
2153,6,198,0.5903748869895935
2154,6,199,0.5791845917701721
2155,6,200,0.5398301482200623
2156,6,201,0.6238964200019836
2157,6,202,0.4981289803981781
2158,6,203,0.5534653067588806
2159,6,204,0.6274750828742981
2160,6,205,0.7841388583183289
2161,6,206,0.5662364363670349
2162,6,207,0.5440182685852051
2163,6,208,0.6878951191902161
2164,6,209,0.657198965549469
2165,6,210,0.5091922879219055
2166,6,211,0.48955556750297546
2167,6,212,0.5502181649208069
2168,6,213,0.46541672945022583
2169,6,214,0.5195824503898621
2170,6,215,0.4390510618686676
2171,6,216,0.3787984549999237
2172,6,217,0.47641515731811523
2173,6,218,0.3177555501461029
2174,6,219,0.5036823153495789
2175,6,220,0.6720370054244995
2176,6,221,0.5429185032844543
2177,6,222,0.4602651298046112
2178,6,223,0.4859142601490021
2179,6,224,0.4182725250720978
2180,6,225,0.359821081161499
2181,6,226,0.5226094126701355
2182,6,227,0.3524304926395416
2183,6,228,0.5350035429000854
2184,6,229,0.46844375133514404
2185,6,230,0.45616769790649414
2186,6,231,0.46429723501205444
2187,6,232,0.4863305389881134
2188,6,233,0.5975390076637268
2189,6,234,0.5848180055618286
2190,6,235,0.5435628294944763
2191,6,236,0.4159197211265564
2192,6,237,0.4135556221008301
2193,6,238,0.5874645709991455
2194,6,239,0.5990899205207825
2195,6,240,0.6078407764434814
2196,6,241,0.5543810129165649
2197,6,242,0.5886600017547607
2198,6,243,0.6002484560012817
2199,6,244,0.4986775815486908
2200,6,245,0.4330030083656311
2201,6,246,0.33131566643714905
2202,6,247,0.4232991337776184
2203,6,248,0.47047311067581177
2204,6,249,0.3719455599784851
2205,6,250,0.6493138670921326
2206,6,251,0.5935958623886108
2207,6,252,0.4234229326248169
2208,6,253,0.6654027104377747
2209,6,254,0.41751542687416077
2210,6,255,0.4750024080276489
2211,6,256,0.5116830468177795
2212,6,257,0.3548632264137268
2213,6,258,0.37480899691581726
2214,6,259,0.5445010662078857
2215,6,260,0.41396188735961914
2216,6,261,0.6441300511360168
2217,6,262,0.5587494373321533
2218,6,263,0.6243544220924377
2219,6,264,0.48882248997688293
2220,6,265,0.4173511266708374
2221,6,266,0.4496602416038513
2222,6,267,0.33890649676322937
2223,6,268,0.575537383556366
2224,6,269,0.539034903049469
2225,6,270,0.7111896872520447
2226,6,271,0.5044741630554199
2227,6,272,0.40697523951530457
2228,6,273,0.5620452165603638
2229,6,274,0.5567882061004639
2230,6,275,0.4648105204105377
2231,6,276,0.4569564759731293
2232,6,277,0.4055544435977936
2233,6,278,0.44001126289367676
2234,6,279,0.6992732286453247
2235,6,280,0.6049020886421204
2236,6,281,0.47588711977005005
2237,6,282,0.38635367155075073
2238,6,283,0.39330294728279114
2239,6,284,0.386296808719635
2240,6,285,0.5561155676841736
2241,6,286,0.6081930994987488
2242,6,287,0.40671175718307495
2243,6,288,0.42542919516563416
2244,6,289,0.5166270732879639
2245,6,290,0.34653034806251526
2246,6,291,0.5671362280845642
2247,6,292,0.44359225034713745
2248,6,293,0.6977368593215942
2249,6,294,0.4514215588569641
2250,6,295,0.48619788885116577
2251,6,296,0.4415576457977295
2252,6,297,0.49957776069641113
2253,6,298,0.5396943092346191
2254,6,299,0.4333483874797821
2255,6,300,0.5014320015907288
2256,6,301,0.4827829897403717
2257,6,302,0.4926570951938629
2258,6,303,0.5236754417419434
2259,6,304,0.5325546860694885
2260,6,305,0.5340746641159058
2261,6,306,0.454698771238327
2262,6,307,0.6370173692703247
2263,6,308,0.5549222826957703
2264,6,309,0.45046278834342957
2265,6,310,0.4300166964530945
2266,6,311,0.4775755703449249
2267,6,312,0.5747235417366028
2268,6,313,0.48439016938209534
2269,6,314,0.3993453085422516
2270,6,315,0.497814804315567
2271,6,316,0.4130733609199524
2272,6,317,0.4406864047050476
2273,6,318,0.44764500856399536
2274,6,319,0.5773216485977173
2275,6,320,0.41813504695892334
2276,6,321,0.49281153082847595
2277,6,322,0.3596971035003662
2278,6,323,0.45155349373817444
2279,6,324,0.4710538685321808
2280,6,325,0.5485499501228333
2281,6,326,0.5122250318527222
2282,6,327,0.4244074523448944
2283,6,328,0.5238235592842102
2284,6,329,0.45049482583999634
2285,6,330,0.5010197758674622
2286,6,331,0.6840132474899292
2287,6,332,0.5076025724411011
2288,6,333,0.5852643847465515
2289,6,334,0.42193251848220825
2290,6,335,0.46493303775787354
2291,6,336,0.5304766893386841
2292,6,337,0.5140039324760437
2293,6,338,0.5212567448616028
2294,6,339,0.48524051904678345
2295,6,340,0.4187948405742645
2296,6,341,0.5174394845962524
2297,6,342,0.317050039768219
2298,6,343,0.516874372959137
2299,6,344,0.5743873119354248
2300,6,345,0.38126903772354126
2301,6,346,0.5257675051689148
2302,6,347,0.45013079047203064
2303,6,348,0.37492597103118896
2304,6,349,0.4974204897880554
2305,6,350,0.3164861500263214
2306,6,351,0.5239838361740112
2307,6,352,0.48737633228302
2308,6,353,0.4020460546016693
2309,6,354,0.5806071758270264
2310,6,355,0.553826093673706
2311,6,356,0.4210013747215271
2312,6,357,0.5110656023025513
2313,6,358,0.48827970027923584
2314,6,359,0.5357303023338318
2315,6,360,0.4548042416572571
2316,6,361,0.5386987924575806
2317,6,362,0.5114290118217468
2318,6,363,0.49068158864974976
2319,6,364,0.5890982151031494
2320,6,365,0.46610674262046814
2321,6,366,0.5555316805839539
2322,6,367,0.572539210319519
2323,6,368,0.5382280349731445
2324,6,369,0.37751850485801697
2325,6,370,0.5500693917274475
2326,6,371,0.5058596134185791
2327,6,372,0.3974109888076782
2328,6,373,0.405399352312088
2329,6,374,0.46543651819229126
2330,6,375,0.49573609232902527
2331,6,376,0.5130294561386108
2332,6,377,0.5375090837478638
2333,6,378,0.6115902662277222
2334,6,379,0.6804369688034058
2335,6,380,0.4584520757198334
2336,6,381,0.6282562017440796
2337,6,382,0.5533785223960876
2338,6,383,0.7011622190475464
2339,6,384,0.3407033383846283
2340,6,385,0.41856521368026733
2341,6,386,0.5542035698890686
2342,6,387,0.6257398128509521
2343,6,388,0.4241730570793152
2344,6,389,0.5301960110664368
2345,6,390,0.4497333765029907
2346,6,391,0.636039137840271
2347,7,1,0.38354727625846863
2348,7,2,0.2735077738761902
2349,7,3,0.3829140365123749
2350,7,4,0.3575664460659027
2351,7,5,0.3780145049095154
2352,7,6,0.4207335412502289
2353,7,7,0.4540894031524658
2354,7,8,0.46901023387908936
2355,7,9,0.42508038878440857
2356,7,10,0.34832242131233215
2357,7,11,0.27296847105026245
2358,7,12,0.3054460287094116
2359,7,13,0.3419080376625061
2360,7,14,0.2806188762187958
2361,7,15,0.3997340202331543
2362,7,16,0.4500826895236969
2363,7,17,0.3787538707256317
2364,7,18,0.4844689667224884
2365,7,19,0.42488130927085876
2366,7,20,0.42622384428977966
2367,7,21,0.37654298543930054
2368,7,22,0.31827592849731445
2369,7,23,0.2607227563858032
2370,7,24,0.48803532123565674
2371,7,25,0.3867465853691101
2372,7,26,0.33654898405075073
2373,7,27,0.32316383719444275
2374,7,28,0.5052506327629089
2375,7,29,0.4449821710586548
2376,7,30,0.3434121310710907
2377,7,31,0.4006926715373993
2378,7,32,0.4112039804458618
2379,7,33,0.25174248218536377
2380,7,34,0.34432581067085266
2381,7,35,0.5090426802635193
2382,7,36,0.35568711161613464
2383,7,37,0.45305800437927246
2384,7,38,0.46842730045318604
2385,7,39,0.40755823254585266
2386,7,40,0.47867149114608765
2387,7,41,0.3892357051372528
2388,7,42,0.3819672167301178
2389,7,43,0.39814749360084534
2390,7,44,0.4879588782787323
2391,7,45,0.3800578713417053
2392,7,46,0.2685701847076416
2393,7,47,0.4027365446090698
2394,7,48,0.43911081552505493
2395,7,49,0.4589264392852783
2396,7,50,0.28506702184677124
2397,7,51,0.29677602648735046
2398,7,52,0.34271275997161865
2399,7,53,0.30882927775382996
2400,7,54,0.47917404770851135
2401,7,55,0.3052770495414734
2402,7,56,0.404076486825943
2403,7,57,0.34144118428230286
2404,7,58,0.4113602638244629
2405,7,59,0.39634206891059875
2406,7,60,0.4053277373313904
2407,7,61,0.5074886083602905
2408,7,62,0.5016844272613525
2409,7,63,0.32181036472320557
2410,7,64,0.499680757522583
2411,7,65,0.5540755987167358
2412,7,66,0.2968800663948059
2413,7,67,0.3070312738418579
2414,7,68,0.5584961771965027
2415,7,69,0.3424450755119324
2416,7,70,0.4588122069835663
2417,7,71,0.35353973507881165
2418,7,72,0.34219124913215637
2419,7,73,0.40907055139541626
2420,7,74,0.5037854909896851
2421,7,75,0.410892128944397
2422,7,76,0.3357616662979126
2423,7,77,0.36339375376701355
2424,7,78,0.4392635226249695
2425,7,79,0.33324798941612244
2426,7,80,0.43026164174079895
2427,7,81,0.24321003258228302
2428,7,82,0.3453218936920166
2429,7,83,0.2971106171607971
2430,7,84,0.3852280378341675
2431,7,85,0.3986667990684509
2432,7,86,0.38019803166389465
2433,7,87,0.38002344965934753
2434,7,88,0.2651709020137787
2435,7,89,0.4279078245162964
2436,7,90,0.35356271266937256
2437,7,91,0.6523852944374084
2438,7,92,0.3561183512210846
2439,7,93,0.43950191140174866
2440,7,94,0.2485600709915161
2441,7,95,0.3302260637283325
2442,7,96,0.4096139669418335
2443,7,97,0.31251782178878784
2444,7,98,0.3622574806213379
2445,7,99,0.48124417662620544
2446,7,100,0.5319726467132568
2447,7,101,0.4522886872291565
2448,7,102,0.3608545660972595
2449,7,103,0.5680338144302368
2450,7,104,0.4285610318183899
2451,7,105,0.22890974581241608
2452,7,106,0.5195168852806091
2453,7,107,0.4085826277732849
2454,7,108,0.3087099492549896
2455,7,109,0.43419569730758667
2456,7,110,0.39213961362838745
2457,7,111,0.45201733708381653
2458,7,112,0.3998855948448181
2459,7,113,0.2938026487827301
2460,7,114,0.37131571769714355
2461,7,115,0.5162553191184998
2462,7,116,0.3967267870903015
2463,7,117,0.36792463064193726
2464,7,118,0.4045579433441162
2465,7,119,0.3139083981513977
2466,7,120,0.31915387511253357
2467,7,121,0.33221858739852905
2468,7,122,0.43953827023506165
2469,7,123,0.3610087037086487
2470,7,124,0.3046099543571472
2471,7,125,0.49751734733581543
2472,7,126,0.4394558072090149
2473,7,127,0.38337716460227966
2474,7,128,0.5269643068313599
2475,7,129,0.3339061141014099
2476,7,130,0.327571839094162
2477,7,131,0.2951037287712097
2478,7,132,0.34737488627433777
2479,7,133,0.48260802030563354
2480,7,134,0.3491700291633606
2481,7,135,0.4047720730304718
2482,7,136,0.31173285841941833
2483,7,137,0.3235894441604614
2484,7,138,0.4316416382789612
2485,7,139,0.4656398892402649
2486,7,140,0.5717331767082214
2487,7,141,0.29802367091178894
2488,7,142,0.3669878840446472
2489,7,143,0.3513790965080261
2490,7,144,0.3060884475708008
2491,7,145,0.32331547141075134
2492,7,146,0.23084044456481934
2493,7,147,0.38330739736557007
2494,7,148,0.41937434673309326
2495,7,149,0.4077654480934143
2496,7,150,0.27284306287765503
2497,7,151,0.6253858804702759
2498,7,152,0.5116887092590332
2499,7,153,0.333412766456604
2500,7,154,0.47888773679733276
2501,7,155,0.20447319746017456
2502,7,156,0.3297606110572815
2503,7,157,0.37418630719184875
2504,7,158,0.3617214262485504
2505,7,159,0.3746284246444702
2506,7,160,0.3448314666748047
2507,7,161,0.40850481390953064
2508,7,162,0.30445608496665955
2509,7,163,0.487356036901474
2510,7,164,0.3218141794204712
2511,7,165,0.3483146131038666
2512,7,166,0.3583507835865021
2513,7,167,0.3513028621673584
2514,7,168,0.62639319896698
2515,7,169,0.2945135831832886
2516,7,170,0.27905556559562683
2517,7,171,0.33355051279067993
2518,7,172,0.32704856991767883
2519,7,173,0.36106300354003906
2520,7,174,0.36874228715896606
2521,7,175,0.2906070053577423
2522,7,176,0.4614499509334564
2523,7,177,0.4052256941795349
2524,7,178,0.31747397780418396
2525,7,179,0.5475029349327087
2526,7,180,0.34384429454803467
2527,7,181,0.4031312167644501
2528,7,182,0.42177775502204895
2529,7,183,0.4459781348705292
2530,7,184,0.2664613127708435
2531,7,185,0.2844294309616089
2532,7,186,0.47471266984939575
2533,7,187,0.3370179831981659
2534,7,188,0.5399770140647888
2535,7,189,0.3523540496826172
2536,7,190,0.24826572835445404
2537,7,191,0.37496209144592285
2538,7,192,0.25394630432128906
2539,7,193,0.3069886565208435
2540,7,194,0.30073076486587524
2541,7,195,0.3723646104335785
2542,7,196,0.3782975971698761
2543,7,197,0.47119706869125366
2544,7,198,0.40779510140419006
2545,7,199,0.4126490652561188
2546,7,200,0.34679752588272095
2547,7,201,0.44470179080963135
2548,7,202,0.4180625081062317
2549,7,203,0.40505287051200867
2550,7,204,0.36402392387390137
2551,7,205,0.30045604705810547
2552,7,206,0.37538665533065796
2553,7,207,0.3813766837120056
2554,7,208,0.42213869094848633
2555,7,209,0.3657870590686798
2556,7,210,0.4183865189552307
2557,7,211,0.3722503185272217
2558,7,212,0.4528067708015442
2559,7,213,0.5049717426300049
2560,7,214,0.4157024323940277
2561,7,215,0.464481383562088
2562,7,216,0.4735317528247833
2563,7,217,0.3888964354991913
2564,7,218,0.524754524230957
2565,7,219,0.4019172787666321
2566,7,220,0.5028168559074402
2567,7,221,0.525493323802948
2568,7,222,0.4107736647129059
2569,7,223,0.41770216822624207
2570,7,224,0.4198915660381317
2571,7,225,0.48347651958465576
2572,7,226,0.3471640348434448
2573,7,227,0.48815250396728516
2574,7,228,0.5550863742828369
2575,7,229,0.6005870699882507
2576,7,230,0.4796746075153351
2577,7,231,0.4574226140975952
2578,7,232,0.3252731263637543
2579,7,233,0.40875443816185
2580,7,234,0.32702043652534485
2581,7,235,0.37963050603866577
2582,7,236,0.3879038095474243
2583,7,237,0.4415637254714966
2584,7,238,0.5625447630882263
2585,7,239,0.6090128421783447
2586,7,240,0.4614813029766083
2587,7,241,0.5487633943557739
2588,7,242,0.39726722240448
2589,7,243,0.49225449562072754
2590,7,244,0.33420267701148987
2591,7,245,0.5494453310966492
2592,7,246,0.33216631412506104
2593,7,247,0.4103979170322418
2594,7,248,0.4434204399585724
2595,7,249,0.4391622245311737
2596,7,250,0.335489958524704
2597,7,251,0.23407100141048431
2598,7,252,0.28508827090263367
2599,7,253,0.24991783499717712
2600,7,254,0.41090622544288635
2601,7,255,0.4677692651748657
2602,7,256,0.43223053216934204
2603,7,257,0.29114973545074463
2604,7,258,0.39459046721458435
2605,7,259,0.4532056748867035
2606,7,260,0.4496936798095703
2607,7,261,0.28626129031181335
2608,7,262,0.4735998511314392
2609,7,263,0.4584619104862213
2610,7,264,0.35111185908317566
2611,7,265,0.48652565479278564
2612,7,266,0.48127439618110657
2613,7,267,0.4248984158039093
2614,7,268,0.5398069620132446
2615,7,269,0.28353357315063477
2616,7,270,0.37946465611457825
2617,7,271,0.42991340160369873
2618,7,272,0.584537148475647
2619,7,273,0.4996316432952881
2620,7,274,0.4386957287788391
2621,7,275,0.3704889416694641
2622,7,276,0.49708133935928345
2623,7,277,0.3272087275981903
2624,7,278,0.4597982168197632
2625,7,279,0.3924451768398285
2626,7,280,0.43863847851753235
2627,7,281,0.38991978764533997
2628,7,282,0.5223609805107117
2629,7,283,0.470680296421051
2630,7,284,0.6098191142082214
2631,7,285,0.2512849271297455
2632,7,286,0.5121469497680664
2633,7,287,0.4973495900630951
2634,7,288,0.5420652031898499
2635,7,289,0.3823819160461426
2636,7,290,0.355716735124588
2637,7,291,0.5367782115936279
2638,7,292,0.3379800319671631
2639,7,293,0.47592946887016296
2640,7,294,0.5003365874290466
2641,7,295,0.36800307035446167
2642,7,296,0.4616471827030182
2643,7,297,0.4219290614128113
2644,7,298,0.28447383642196655
2645,7,299,0.4380226731300354
2646,7,300,0.3663875162601471
2647,7,301,0.42157110571861267
2648,7,302,0.3640764653682709
2649,7,303,0.365632027387619
2650,7,304,0.35282254219055176
2651,7,305,0.6567390561103821
2652,7,306,0.3867277204990387
2653,7,307,0.5329812169075012
2654,7,308,0.5101243257522583
2655,7,309,0.39037585258483887
2656,7,310,0.4452187120914459
2657,7,311,0.4134344458580017
2658,7,312,0.4235067069530487
2659,7,313,0.4011339545249939
2660,7,314,0.4829668402671814
2661,7,315,0.396309494972229
2662,7,316,0.36673280596733093
2663,7,317,0.5064395666122437
2664,7,318,0.5167517066001892
2665,7,319,0.5313825607299805
2666,7,320,0.36278796195983887
2667,7,321,0.4070942997932434
2668,7,322,0.40190622210502625
2669,7,323,0.5320715308189392
2670,7,324,0.5954456329345703
2671,7,325,0.42327532172203064
2672,7,326,0.5672137141227722
2673,7,327,0.45402446389198303
2674,7,328,0.40219298005104065
2675,7,329,0.3984307646751404
2676,7,330,0.34561967849731445
2677,7,331,0.5283225774765015
2678,7,332,0.39677900075912476
2679,7,333,0.36571985483169556
2680,7,334,0.3258362114429474
2681,7,335,0.424763560295105
2682,7,336,0.3554515838623047
2683,7,337,0.565930962562561
2684,7,338,0.3730756640434265
2685,7,339,0.4396074414253235
2686,7,340,0.5938295722007751
2687,7,341,0.44037702679634094
2688,7,342,0.5413345694541931
2689,7,343,0.26465556025505066
2690,7,344,0.3202493488788605
2691,7,345,0.34411922097206116
2692,7,346,0.4152206480503082
2693,7,347,0.5107319355010986
2694,7,348,0.3635493516921997
2695,7,349,0.5365204215049744
2696,7,350,0.36049285531044006
2697,7,351,0.44343364238739014
2698,7,352,0.5194157361984253
2699,7,353,0.349162757396698
2700,7,354,0.4270537197589874
2701,7,355,0.26995956897735596
2702,7,356,0.3975868225097656
2703,7,357,0.46572694182395935
2704,7,358,0.3627643287181854
2705,7,359,0.3759406805038452
2706,7,360,0.480669230222702
2707,7,361,0.42071348428726196
2708,7,362,0.36256882548332214
2709,7,363,0.26706579327583313
2710,7,364,0.35771840810775757
2711,7,365,0.3188379406929016
2712,7,366,0.3385322690010071
2713,7,367,0.46532148122787476
2714,7,368,0.35770565271377563
2715,7,369,0.3787665069103241
2716,7,370,0.3365093469619751
2717,7,371,0.3221744894981384
2718,7,372,0.42146846652030945
2719,7,373,0.31786197423934937
2720,7,374,0.3797670602798462
2721,7,375,0.4040304720401764
2722,7,376,0.3743000626564026
2723,7,377,0.4009316861629486
2724,7,378,0.370728999376297
2725,7,379,0.35873496532440186
2726,7,380,0.4066792130470276
2727,7,381,0.49161240458488464
2728,7,382,0.4117417335510254
2729,7,383,0.24739432334899902
2730,7,384,0.4710215926170349
2731,7,385,0.554774820804596
2732,7,386,0.4823530614376068
2733,7,387,0.37891870737075806
2734,7,388,0.4594726264476776
2735,7,389,0.24429471790790558
2736,7,390,0.47533130645751953
2737,7,391,0.4215007424354553
2738,8,1,0.4395028054714203
2739,8,2,0.2593824565410614
2740,8,3,0.3069201409816742
2741,8,4,0.4433746039867401
2742,8,5,0.2381356805562973
2743,8,6,0.33463162183761597
2744,8,7,0.33261749148368835
2745,8,8,0.282170832157135
2746,8,9,0.2569815218448639
2747,8,10,0.3423388600349426
2748,8,11,0.24510031938552856
2749,8,12,0.3576371669769287
2750,8,13,0.4165501594543457
2751,8,14,0.3140552341938019
2752,8,15,0.3175202012062073
2753,8,16,0.4205681085586548
2754,8,17,0.31645283102989197
2755,8,18,0.3221893906593323
2756,8,19,0.26608866453170776
2757,8,20,0.24766533076763153
2758,8,21,0.20244011282920837
2759,8,22,0.2678047716617584
2760,8,23,0.3040691018104553
2761,8,24,0.3054247498512268
2762,8,25,0.3606663644313812
2763,8,26,0.27112507820129395
2764,8,27,0.2634355425834656
2765,8,28,0.2790408730506897
2766,8,29,0.43783876299858093
2767,8,30,0.4610881805419922
2768,8,31,0.4615034759044647
2769,8,32,0.28240785002708435
2770,8,33,0.22295069694519043
2771,8,34,0.21737833321094513
2772,8,35,0.40936219692230225
2773,8,36,0.3480604290962219
2774,8,37,0.40424802899360657
2775,8,38,0.29601576924324036
2776,8,39,0.3009038269519806
2777,8,40,0.22127220034599304
2778,8,41,0.40636759996414185
2779,8,42,0.21170593798160553
2780,8,43,0.30228668451309204
2781,8,44,0.2428930699825287
2782,8,45,0.21804440021514893
2783,8,46,0.32261085510253906
2784,8,47,0.33601900935173035
2785,8,48,0.38808149099349976
2786,8,49,0.34220460057258606
2787,8,50,0.2385302633047104
2788,8,51,0.3978862762451172
2789,8,52,0.39616918563842773
2790,8,53,0.2642146944999695
2791,8,54,0.2767259478569031
2792,8,55,0.20952102541923523
2793,8,56,0.2699284851551056
2794,8,57,0.3694421052932739
2795,8,58,0.2638622522354126
2796,8,59,0.4401587247848511
2797,8,60,0.26248231530189514
2798,8,61,0.3836576044559479
2799,8,62,0.25896650552749634
2800,8,63,0.2674018144607544
2801,8,64,0.44575026631355286
2802,8,65,0.29022014141082764
2803,8,66,0.30241671204566956
2804,8,67,0.27119892835617065
2805,8,68,0.34758758544921875
2806,8,69,0.30458077788352966
2807,8,70,0.32372933626174927
2808,8,71,0.20661868155002594
2809,8,72,0.31520983576774597
2810,8,73,0.3309219181537628
2811,8,74,0.2980732023715973
2812,8,75,0.2766623795032501
2813,8,76,0.2461661398410797
2814,8,77,0.2908923625946045
2815,8,78,0.21598254144191742
2816,8,79,0.36305880546569824
2817,8,80,0.3119233548641205
2818,8,81,0.2909788489341736
2819,8,82,0.20131061971187592
2820,8,83,0.20061060786247253
2821,8,84,0.20873495936393738
2822,8,85,0.3151247501373291
2823,8,86,0.3602873682975769
2824,8,87,0.2913515567779541
2825,8,88,0.3444369435310364
2826,8,89,0.32676783204078674
2827,8,90,0.26557815074920654
2828,8,91,0.3271876275539398
2829,8,92,0.23545333743095398
2830,8,93,0.36508652567863464
2831,8,94,0.35954633355140686
2832,8,95,0.27665746212005615
2833,8,96,0.2606368660926819
2834,8,97,0.3449239730834961
2835,8,98,0.3429972529411316
2836,8,99,0.24052678048610687
2837,8,100,0.2586721181869507
2838,8,101,0.3407526910305023
2839,8,102,0.4452112019062042
2840,8,103,0.38926804065704346
2841,8,104,0.194433331489563
2842,8,105,0.3359676003456116
2843,8,106,0.25855693221092224
2844,8,107,0.33837178349494934
2845,8,108,0.30412936210632324
2846,8,109,0.25675129890441895
2847,8,110,0.3430948257446289
2848,8,111,0.3727872967720032
2849,8,112,0.39241400361061096
2850,8,113,0.25687989592552185
2851,8,114,0.3390209674835205
2852,8,115,0.3051503896713257
2853,8,116,0.19924670457839966
2854,8,117,0.2719634473323822
2855,8,118,0.2070857435464859
2856,8,119,0.2717425227165222
2857,8,120,0.5442464351654053
2858,8,121,0.3001554310321808
2859,8,122,0.48479369282722473
2860,8,123,0.3012878894805908
2861,8,124,0.29353630542755127
2862,8,125,0.3611900210380554
2863,8,126,0.3708067536354065
2864,8,127,0.2132592648267746
2865,8,128,0.32299160957336426
2866,8,129,0.4705991744995117
2867,8,130,0.3551141321659088
2868,8,131,0.28374379873275757
2869,8,132,0.31223347783088684
2870,8,133,0.3618405759334564
2871,8,134,0.3763763904571533
2872,8,135,0.49089351296424866
2873,8,136,0.3342975974082947
2874,8,137,0.19729240238666534
2875,8,138,0.291511595249176
2876,8,139,0.322248250246048
2877,8,140,0.2763059735298157
2878,8,141,0.3653077781200409
2879,8,142,0.47886383533477783
2880,8,143,0.39652231335639954
2881,8,144,0.22495536506175995
2882,8,145,0.3008154034614563
2883,8,146,0.26222702860832214
2884,8,147,0.3558981120586395
2885,8,148,0.27881211042404175
2886,8,149,0.28547003865242004
2887,8,150,0.29531168937683105
2888,8,151,0.2763969302177429
2889,8,152,0.3500205874443054
2890,8,153,0.36254066228866577
2891,8,154,0.3487381637096405
2892,8,155,0.507656991481781
2893,8,156,0.2998863160610199
2894,8,157,0.5528696775436401
2895,8,158,0.24515345692634583
2896,8,159,0.3550162613391876
2897,8,160,0.29719147086143494
2898,8,161,0.26582950353622437
2899,8,162,0.296955943107605
2900,8,163,0.2618670165538788
2901,8,164,0.3485278785228729
2902,8,165,0.28576382994651794
2903,8,166,0.43437230587005615
2904,8,167,0.3853246867656708
2905,8,168,0.33738580346107483
2906,8,169,0.24575982987880707
2907,8,170,0.4484226703643799
2908,8,171,0.3190484642982483
2909,8,172,0.4200025796890259
2910,8,173,0.2686789929866791
2911,8,174,0.1862354725599289
2912,8,175,0.4411287009716034
2913,8,176,0.30820149183273315
2914,8,177,0.19620226323604584
2915,8,178,0.24790087342262268
2916,8,179,0.23847933113574982
2917,8,180,0.4229840636253357
2918,8,181,0.28144747018814087
2919,8,182,0.3729622960090637
2920,8,183,0.3603062033653259
2921,8,184,0.38104119896888733
2922,8,185,0.2734833061695099
2923,8,186,0.23048527538776398
2924,8,187,0.2374565154314041
2925,8,188,0.23752032220363617
2926,8,189,0.31780362129211426
2927,8,190,0.24735310673713684
2928,8,191,0.2789933681488037
2929,8,192,0.2598706781864166
2930,8,193,0.2497531622648239
2931,8,194,0.23661287128925323
2932,8,195,0.2858210802078247
2933,8,196,0.2555161118507385
2934,8,197,0.3574914336204529
2935,8,198,0.23042064905166626
2936,8,199,0.36854708194732666
2937,8,200,0.36543503403663635
2938,8,201,0.38426244258880615
2939,8,202,0.34979698061943054
2940,8,203,0.34335002303123474
2941,8,204,0.40586864948272705
2942,8,205,0.39373835921287537
2943,8,206,0.18920372426509857
2944,8,207,0.38012343645095825
2945,8,208,0.32120585441589355
2946,8,209,0.21713382005691528
2947,8,210,0.3348778188228607
2948,8,211,0.26622137427330017
2949,8,212,0.3140936493873596
2950,8,213,0.28530991077423096
2951,8,214,0.2944135367870331
2952,8,215,0.4635045528411865
2953,8,216,0.22858573496341705
2954,8,217,0.23857279121875763
2955,8,218,0.3551357388496399
2956,8,219,0.2564048767089844
2957,8,220,0.3789016008377075
2958,8,221,0.2957082688808441
2959,8,222,0.4699506163597107
2960,8,223,0.3771912455558777
2961,8,224,0.32293564081192017
2962,8,225,0.28240811824798584
2963,8,226,0.33517056703567505
2964,8,227,0.2913508415222168
2965,8,228,0.2870105803012848
2966,8,229,0.32504016160964966
2967,8,230,0.3034975826740265
2968,8,231,0.3666621446609497
2969,8,232,0.1987413614988327
2970,8,233,0.30535176396369934
2971,8,234,0.3218955993652344
2972,8,235,0.4629163146018982
2973,8,236,0.3646288812160492
2974,8,237,0.3052172064781189
2975,8,238,0.2668442130088806
2976,8,239,0.3526296019554138
2977,8,240,0.27639222145080566
2978,8,241,0.2409854382276535
2979,8,242,0.3784601390361786
2980,8,243,0.22303752601146698
2981,8,244,0.5144975185394287
2982,8,245,0.29304811358451843
2983,8,246,0.33571505546569824
2984,8,247,0.1978084146976471
2985,8,248,0.3773304522037506
2986,8,249,0.3410378396511078
2987,8,250,0.38615649938583374
2988,8,251,0.381985604763031
2989,8,252,0.3238144814968109
2990,8,253,0.36012616753578186
2991,8,254,0.36854031682014465
2992,8,255,0.24640381336212158
2993,8,256,0.32567739486694336
2994,8,257,0.3686680495738983
2995,8,258,0.2347785234451294
2996,8,259,0.5668720602989197
2997,8,260,0.38047900795936584
2998,8,261,0.3371124863624573
2999,8,262,0.31408417224884033
3000,8,263,0.38896292448043823
3001,8,264,0.4207310974597931
3002,8,265,0.3344806134700775
3003,8,266,0.2264319658279419
3004,8,267,0.3980620801448822
3005,8,268,0.308468222618103
3006,8,269,0.34368929266929626
3007,8,270,0.43389376997947693
3008,8,271,0.3267197906970978
3009,8,272,0.49292057752609253
3010,8,273,0.22069433331489563
3011,8,274,0.2545928657054901
3012,8,275,0.2387991100549698
3013,8,276,0.40068453550338745
3014,8,277,0.41303199529647827
3015,8,278,0.36731135845184326
3016,8,279,0.4143613874912262
3017,8,280,0.2690967321395874
3018,8,281,0.32526323199272156
3019,8,282,0.41183170676231384
3020,8,283,0.3124372959136963
3021,8,284,0.3061053156852722
3022,8,285,0.25883936882019043
3023,8,286,0.3004077076911926
3024,8,287,0.407760888338089
3025,8,288,0.5169323682785034
3026,8,289,0.26053786277770996
3027,8,290,0.29114848375320435
3028,8,291,0.31337395310401917
3029,8,292,0.2949455678462982
3030,8,293,0.38330143690109253
3031,8,294,0.29153260588645935
3032,8,295,0.3610426187515259
3033,8,296,0.31638237833976746
3034,8,297,0.30151426792144775
3035,8,298,0.378469318151474
3036,8,299,0.3124186396598816
3037,8,300,0.1933305859565735
3038,8,301,0.29943200945854187
3039,8,302,0.260554701089859
3040,8,303,0.3408508598804474
3041,8,304,0.3534837067127228
3042,8,305,0.3410467505455017
3043,8,306,0.5307856202125549
3044,8,307,0.6536470055580139
3045,8,308,0.3383558392524719
3046,8,309,0.29019033908843994
3047,8,310,0.3834683299064636
3048,8,311,0.4617687463760376
3049,8,312,0.3620147407054901
3050,8,313,0.5309736728668213
3051,8,314,0.3118405044078827
3052,8,315,0.20909090340137482
3053,8,316,0.42152053117752075
3054,8,317,0.25591611862182617
3055,8,318,0.34686926007270813
3056,8,319,0.3302784860134125
3057,8,320,0.447622150182724
3058,8,321,0.3578149974346161
3059,8,322,0.4951990246772766
3060,8,323,0.30140623450279236
3061,8,324,0.38051921129226685
3062,8,325,0.3202611207962036
3063,8,326,0.396978497505188
3064,8,327,0.354038268327713
3065,8,328,0.32499295473098755
3066,8,329,0.47761207818984985
3067,8,330,0.2714431881904602
3068,8,331,0.38467150926589966
3069,8,332,0.29377639293670654
3070,8,333,0.22912167012691498
3071,8,334,0.19233176112174988
3072,8,335,0.3548690676689148
3073,8,336,0.22005516290664673
3074,8,337,0.3886834383010864
3075,8,338,0.34613847732543945
3076,8,339,0.1864231675863266
3077,8,340,0.2793459892272949
3078,8,341,0.22703783214092255
3079,8,342,0.32251814007759094
3080,8,343,0.4207748770713806
3081,8,344,0.39671969413757324
3082,8,345,0.3786943852901459
3083,8,346,0.23094680905342102
3084,8,347,0.28945696353912354
3085,8,348,0.3145488202571869
3086,8,349,0.19576816260814667
3087,8,350,0.33946239948272705
3088,8,351,0.301392138004303
3089,8,352,0.22168122231960297
3090,8,353,0.3062521517276764
3091,8,354,0.2782832086086273
3092,8,355,0.31839513778686523
3093,8,356,0.4759148955345154
3094,8,357,0.582874596118927
3095,8,358,0.2431814968585968
3096,8,359,0.2945614755153656
3097,8,360,0.3755587041378021
3098,8,361,0.30819904804229736
3099,8,362,0.3813198208808899
3100,8,363,0.3970576524734497
3101,8,364,0.3345223367214203
3102,8,365,0.38582220673561096
3103,8,366,0.26872050762176514
3104,8,367,0.4708085358142853
3105,8,368,0.2941250205039978
3106,8,369,0.3079952001571655
3107,8,370,0.3701355457305908
3108,8,371,0.4305780529975891
3109,8,372,0.4566603899002075
3110,8,373,0.23989714682102203
3111,8,374,0.31176623702049255
3112,8,375,0.44299444556236267
3113,8,376,0.3142051100730896
3114,8,377,0.35745030641555786
3115,8,378,0.3812251091003418
3116,8,379,0.24674052000045776
3117,8,380,0.42793136835098267
3118,8,381,0.2689894735813141
3119,8,382,0.3087849020957947
3120,8,383,0.329206258058548
3121,8,384,0.3094083368778229
3122,8,385,0.4695001244544983
3123,8,386,0.2695399522781372
3124,8,387,0.40467751026153564
3125,8,388,0.2399468868970871
3126,8,389,0.33415859937667847
3127,8,390,0.4913386106491089
3128,8,391,0.34114888310432434
3129,9,1,0.2334451675415039
3130,9,2,0.3075583279132843
3131,9,3,0.3764117658138275
3132,9,4,0.27174636721611023
3133,9,5,0.16842471063137054
3134,9,6,0.3379911780357361
3135,9,7,0.23666197061538696
3136,9,8,0.3487309217453003
3137,9,9,0.25220048427581787
3138,9,10,0.25975143909454346
3139,9,11,0.288941353559494
3140,9,12,0.27235567569732666
3141,9,13,0.23810435831546783
3142,9,14,0.2795284688472748
3143,9,15,0.2069881558418274
3144,9,16,0.19526968896389008
3145,9,17,0.28889000415802
3146,9,18,0.1437104493379593
3147,9,19,0.24175958335399628
3148,9,20,0.1716066300868988
3149,9,21,0.28498730063438416
3150,9,22,0.24682097136974335
3151,9,23,0.3588016927242279
3152,9,24,0.1809394359588623
3153,9,25,0.3074706792831421
3154,9,26,0.22376002371311188
3155,9,27,0.18018294870853424
3156,9,28,0.36293452978134155
3157,9,29,0.16274845600128174
3158,9,30,0.30364811420440674
3159,9,31,0.2820361256599426
3160,9,32,0.28584036231040955
3161,9,33,0.27880367636680603
3162,9,34,0.3195977807044983
3163,9,35,0.1962156444787979
3164,9,36,0.18070727586746216
3165,9,37,0.145786851644516
3166,9,38,0.1701318621635437
3167,9,39,0.2004120945930481
3168,9,40,0.34415295720100403
3169,9,41,0.15877632796764374
3170,9,42,0.2726966142654419
3171,9,43,0.3030751347541809
3172,9,44,0.2534908354282379
3173,9,45,0.19736024737358093
3174,9,46,0.22273769974708557
3175,9,47,0.18118858337402344
3176,9,48,0.22396233677864075
3177,9,49,0.3365664780139923
3178,9,50,0.21092499792575836
3179,9,51,0.33564043045043945
3180,9,52,0.40750575065612793
3181,9,53,0.16682229936122894
3182,9,54,0.34016433358192444
3183,9,55,0.1912621557712555
3184,9,56,0.16005079448223114
3185,9,57,0.37772706151008606
3186,9,58,0.13910537958145142
3187,9,59,0.23572750389575958
3188,9,60,0.32137206196784973
3189,9,61,0.21496078372001648
3190,9,62,0.4685846269130707
3191,9,63,0.34187933802604675
3192,9,64,0.3602657914161682
3193,9,65,0.1978103518486023
3194,9,66,0.34005898237228394
3195,9,67,0.43935346603393555
3196,9,68,0.22035782039165497
3197,9,69,0.2473924160003662
3198,9,70,0.17734989523887634
3199,9,71,0.22530756890773773
3200,9,72,0.2524837851524353
3201,9,73,0.4191874861717224
3202,9,74,0.20586787164211273
3203,9,75,0.2616765797138214
3204,9,76,0.23789043724536896
3205,9,77,0.17509455978870392
3206,9,78,0.31788599491119385
3207,9,79,0.32934439182281494
3208,9,80,0.20311510562896729
3209,9,81,0.18714523315429688
3210,9,82,0.19310936331748962
3211,9,83,0.3227843642234802
3212,9,84,0.18726912140846252
3213,9,85,0.2692575752735138
3214,9,86,0.34615209698677063
3215,9,87,0.25253164768218994
3216,9,88,0.2984975576400757
3217,9,89,0.18815267086029053
3218,9,90,0.18033458292484283
3219,9,91,0.241398423910141
3220,9,92,0.34638282656669617
3221,9,93,0.19425508379936218
3222,9,94,0.19132328033447266
3223,9,95,0.3228726387023926
3224,9,96,0.17225973308086395
3225,9,97,0.3334141671657562
3226,9,98,0.20319676399230957
3227,9,99,0.27398988604545593
3228,9,100,0.17823736369609833
3229,9,101,0.3051348030567169
3230,9,102,0.22305500507354736
3231,9,103,0.2700941860675812
3232,9,104,0.2735862731933594
3233,9,105,0.3547438979148865
3234,9,106,0.2552233636379242
3235,9,107,0.12851405143737793
3236,9,108,0.29552561044692993
3237,9,109,0.2389470934867859
3238,9,110,0.2075766772031784
3239,9,111,0.11614654213190079
3240,9,112,0.23638688027858734
3241,9,113,0.2637886106967926
3242,9,114,0.30543169379234314
3243,9,115,0.23436138033866882
3244,9,116,0.2161155790090561
3245,9,117,0.2941991686820984
3246,9,118,0.26419147849082947
3247,9,119,0.1469213366508484
3248,9,120,0.3107594847679138
3249,9,121,0.21796594560146332
3250,9,122,0.13360509276390076
3251,9,123,0.1903362274169922
3252,9,124,0.28935378789901733
3253,9,125,0.20433098077774048
3254,9,126,0.2507729232311249
3255,9,127,0.38475915789604187
3256,9,128,0.37156161665916443
3257,9,129,0.2283291220664978
3258,9,130,0.2310253083705902
3259,9,131,0.22580991685390472
3260,9,132,0.1850350946187973
3261,9,133,0.20640119910240173
3262,9,134,0.23343516886234283
3263,9,135,0.3632414937019348
3264,9,136,0.2891065776348114
3265,9,137,0.30551135540008545
3266,9,138,0.30391281843185425
3267,9,139,0.22918830811977386
3268,9,140,0.15047937631607056
3269,9,141,0.26140543818473816
3270,9,142,0.32347849011421204
3271,9,143,0.18880805373191833
3272,9,144,0.19442956149578094
3273,9,145,0.17279402911663055
3274,9,146,0.33923330903053284
3275,9,147,0.16360342502593994
3276,9,148,0.13398122787475586
3277,9,149,0.1910795122385025
3278,9,150,0.2857741117477417
3279,9,151,0.2960432171821594
3280,9,152,0.21933574974536896
3281,9,153,0.30602142214775085
3282,9,154,0.11935767531394958
3283,9,155,0.3090735077857971
3284,9,156,0.2522337734699249
3285,9,157,0.29386308789253235
3286,9,158,0.19312408566474915
3287,9,159,0.13193318247795105
3288,9,160,0.1517273187637329
3289,9,161,0.22035203874111176
3290,9,162,0.31617283821105957
3291,9,163,0.1859683096408844
3292,9,164,0.3011687397956848
3293,9,165,0.27662384510040283
3294,9,166,0.37167471647262573
3295,9,167,0.4192027449607849
3296,9,168,0.21222499012947083
3297,9,169,0.32951897382736206
3298,9,170,0.3738570511341095
3299,9,171,0.29660606384277344
3300,9,172,0.21982549130916595
3301,9,173,0.2904253602027893
3302,9,174,0.3111579716205597
3303,9,175,0.3966216742992401
3304,9,176,0.2777692377567291
3305,9,177,0.3858572244644165
3306,9,178,0.380892276763916
3307,9,179,0.2732798755168915
3308,9,180,0.3222995400428772
3309,9,181,0.2286384403705597
3310,9,182,0.2842884659767151
3311,9,183,0.4180731475353241
3312,9,184,0.2639460563659668
3313,9,185,0.2584332525730133
3314,9,186,0.20119301974773407
3315,9,187,0.21859005093574524
3316,9,188,0.2889294922351837
3317,9,189,0.23583626747131348
3318,9,190,0.2715010941028595
3319,9,191,0.19446119666099548
3320,9,192,0.2237069010734558
3321,9,193,0.26322758197784424
3322,9,194,0.283605694770813
3323,9,195,0.1959097534418106
3324,9,196,0.16792939603328705
3325,9,197,0.1451774686574936
3326,9,198,0.2811068892478943
3327,9,199,0.34578806161880493
3328,9,200,0.31439438462257385
3329,9,201,0.2890316843986511
3330,9,202,0.30255457758903503
3331,9,203,0.16895169019699097
3332,9,204,0.38147979974746704
3333,9,205,0.18712803721427917
3334,9,206,0.28036439418792725
3335,9,207,0.10103119164705276
3336,9,208,0.22975662350654602
3337,9,209,0.28495195508003235
3338,9,210,0.37287867069244385
3339,9,211,0.3013337254524231
3340,9,212,0.3321171700954437
3341,9,213,0.2531665563583374
3342,9,214,0.13365903496742249
3343,9,215,0.21333596110343933
3344,9,216,0.18507492542266846
3345,9,217,0.30197808146476746
3346,9,218,0.3156435787677765
3347,9,219,0.30580028891563416
3348,9,220,0.23079495131969452
3349,9,221,0.20927363634109497
3350,9,222,0.32539305090904236
3351,9,223,0.3018576502799988
3352,9,224,0.3134574592113495
3353,9,225,0.14997370541095734
3354,9,226,0.29324647784233093
3355,9,227,0.1718417853116989
3356,9,228,0.20138171315193176
3357,9,229,0.24435938894748688
3358,9,230,0.29590776562690735
3359,9,231,0.3762702941894531
3360,9,232,0.4608314633369446
3361,9,233,0.35550087690353394
3362,9,234,0.2607862055301666
3363,9,235,0.20065711438655853
3364,9,236,0.22850994765758514
3365,9,237,0.3584246039390564
3366,9,238,0.29662561416625977
3367,9,239,0.3552733063697815
3368,9,240,0.3000732958316803
3369,9,241,0.28733402490615845
3370,9,242,0.24333161115646362
3371,9,243,0.32702696323394775
3372,9,244,0.4188539683818817
3373,9,245,0.3252715468406677
3374,9,246,0.31908273696899414
3375,9,247,0.3200213313102722
3376,9,248,0.4355337619781494
3377,9,249,0.31649184226989746
3378,9,250,0.2871415615081787
3379,9,251,0.31906789541244507
3380,9,252,0.3158678710460663
3381,9,253,0.21210862696170807
3382,9,254,0.2475263476371765
3383,9,255,0.2371506243944168
3384,9,256,0.2742480933666229
3385,9,257,0.2285826951265335
3386,9,258,0.2312883883714676
3387,9,259,0.16971427202224731
3388,9,260,0.40082478523254395
3389,9,261,0.33801624178886414
3390,9,262,0.2840111255645752
3391,9,263,0.34920239448547363
3392,9,264,0.2363443374633789
3393,9,265,0.3792770206928253
3394,9,266,0.2546534836292267
3395,9,267,0.38389089703559875
3396,9,268,0.2880970239639282
3397,9,269,0.2759110629558563
3398,9,270,0.3002678155899048
3399,9,271,0.23781977593898773
3400,9,272,0.12550726532936096
3401,9,273,0.23062476515769958
3402,9,274,0.4059964418411255
3403,9,275,0.21256226301193237
3404,9,276,0.14433684945106506
3405,9,277,0.305171936750412
3406,9,278,0.25397205352783203
3407,9,279,0.514094889163971
3408,9,280,0.30427494645118713
3409,9,281,0.2906167209148407
3410,9,282,0.2605240046977997
3411,9,283,0.2404620349407196
3412,9,284,0.28181028366088867
3413,9,285,0.17603936791419983
3414,9,286,0.28419607877731323
3415,9,287,0.4593227803707123
3416,9,288,0.2812809646129608
3417,9,289,0.2774714529514313
3418,9,290,0.25000104308128357
3419,9,291,0.29119640588760376
3420,9,292,0.2541951537132263
3421,9,293,0.1866489201784134
3422,9,294,0.22054646909236908
3423,9,295,0.2146986424922943
3424,9,296,0.24360191822052002
3425,9,297,0.26791104674339294
3426,9,298,0.25980719923973083
3427,9,299,0.2047061324119568
3428,9,300,0.2164400964975357
3429,9,301,0.3822968304157257
3430,9,302,0.23903320729732513
3431,9,303,0.21416641771793365
3432,9,304,0.21086448431015015
3433,9,305,0.2234371304512024
3434,9,306,0.2480422407388687
3435,9,307,0.2575710117816925
3436,9,308,0.22020989656448364
3437,9,309,0.2426488995552063
3438,9,310,0.1605277955532074
3439,9,311,0.3570748269557953
3440,9,312,0.289154976606369
3441,9,313,0.375733882188797
3442,9,314,0.17110368609428406
3443,9,315,0.19528934359550476
3444,9,316,0.3293357491493225
3445,9,317,0.32610082626342773
3446,9,318,0.1840232014656067
3447,9,319,0.17779861390590668
3448,9,320,0.31225869059562683
3449,9,321,0.26978734135627747
3450,9,322,0.23493444919586182
3451,9,323,0.29805177450180054
3452,9,324,0.3311193883419037
3453,9,325,0.35374632477760315
3454,9,326,0.2550637125968933
3455,9,327,0.20085881650447845
3456,9,328,0.3639650344848633
3457,9,329,0.2977723181247711
3458,9,330,0.24020253121852875
3459,9,331,0.3829827904701233
3460,9,332,0.2590855360031128
3461,9,333,0.21914823353290558
3462,9,334,0.3270190954208374
3463,9,335,0.24113145470619202
3464,9,336,0.2685309946537018
3465,9,337,0.20132006704807281
3466,9,338,0.2221159040927887
3467,9,339,0.370953232049942
3468,9,340,0.21070735156536102
3469,9,341,0.23337306082248688
3470,9,342,0.30622369050979614
3471,9,343,0.308241069316864
3472,9,344,0.27606794238090515
3473,9,345,0.29652491211891174
3474,9,346,0.34776148200035095
3475,9,347,0.2844199538230896
3476,9,348,0.3457616865634918
3477,9,349,0.29320481419563293
3478,9,350,0.1796075850725174
3479,9,351,0.23100164532661438
3480,9,352,0.2411617934703827
3481,9,353,0.23633994162082672
3482,9,354,0.14913372695446014
3483,9,355,0.23621468245983124
3484,9,356,0.2139473259449005
3485,9,357,0.22192595899105072
3486,9,358,0.22662486135959625
3487,9,359,0.21268345415592194
3488,9,360,0.293897420167923
3489,9,361,0.3502645492553711
3490,9,362,0.37117356061935425
3491,9,363,0.24854356050491333
3492,9,364,0.22378073632717133
3493,9,365,0.2543703317642212
3494,9,366,0.2381816804409027
3495,9,367,0.21121834218502045
3496,9,368,0.2507805824279785
3497,9,369,0.20259009301662445
3498,9,370,0.296450674533844
3499,9,371,0.337699294090271
3500,9,372,0.34403297305107117
3501,9,373,0.28908002376556396
3502,9,374,0.30182451009750366
3503,9,375,0.23253467679023743
3504,9,376,0.43853995203971863
3505,9,377,0.46236488223075867
3506,9,378,0.24996556341648102
3507,9,379,0.370859831571579
3508,9,380,0.3150201141834259
3509,9,381,0.27238497138023376
3510,9,382,0.28817474842071533
3511,9,383,0.21758298575878143
3512,9,384,0.21472401916980743
3513,9,385,0.2876545488834381
3514,9,386,0.21754176914691925
3515,9,387,0.26972514390945435
3516,9,388,0.2213657647371292
3517,9,389,0.2147335708141327
3518,9,390,0.2724478840827942
3519,9,391,0.2371387779712677
3520,10,1,0.18577848374843597
3521,10,2,0.10433600842952728
3522,10,3,0.1566208451986313
3523,10,4,0.17881616950035095
3524,10,5,0.15265901386737823
3525,10,6,0.10486629605293274
3526,10,7,0.25381550192832947
3527,10,8,0.2705515921115875
3528,10,9,0.17791865766048431
3529,10,10,0.1797005981206894
3530,10,11,0.165383443236351
3531,10,12,0.1590120643377304
3532,10,13,0.13476085662841797
3533,10,14,0.2587645947933197
3534,10,15,0.12547710537910461
3535,10,16,0.08190502971410751
3536,10,17,0.13618864119052887
3537,10,18,0.17760750651359558
3538,10,19,0.13515020906925201
3539,10,20,0.18578021228313446
3540,10,21,0.07835642248392105
3541,10,22,0.16488584876060486
3542,10,23,0.22292867302894592
3543,10,24,0.19228889048099518
3544,10,25,0.1520274430513382
3545,10,26,0.11519210040569305
3546,10,27,0.3224032521247864
3547,10,28,0.10618419200181961
3548,10,29,0.15847909450531006
3549,10,30,0.14695516228675842
3550,10,31,0.12398052215576172
3551,10,32,0.16656897962093353
3552,10,33,0.20176464319229126
3553,10,34,0.24592438340187073
3554,10,35,0.15299229323863983
3555,10,36,0.15235230326652527
3556,10,37,0.14526568353176117
3557,10,38,0.1988449990749359
3558,10,39,0.1947464793920517
3559,10,40,0.10877639800310135
3560,10,41,0.14698262512683868
3561,10,42,0.194707989692688
3562,10,43,0.13499890267848969
3563,10,44,0.08581908792257309
3564,10,45,0.09819922596216202
3565,10,46,0.23307357728481293
3566,10,47,0.20295241475105286
3567,10,48,0.16473034024238586
3568,10,49,0.1573483645915985
3569,10,50,0.12446385622024536
3570,10,51,0.163278728723526
3571,10,52,0.27146026492118835
3572,10,53,0.1219581887125969
3573,10,54,0.20067808032035828
3574,10,55,0.13656726479530334
3575,10,56,0.18671999871730804
3576,10,57,0.213535875082016
3577,10,58,0.0856115072965622
3578,10,59,0.11037687957286835
3579,10,60,0.11186499893665314
3580,10,61,0.25047534704208374
3581,10,62,0.25663888454437256
3582,10,63,0.2587514817714691
3583,10,64,0.18143972754478455
3584,10,65,0.2178458422422409
3585,10,66,0.3045284152030945
3586,10,67,0.15696173906326294
3587,10,68,0.12626232206821442
3588,10,69,0.10156013071537018
3589,10,70,0.12093246728181839
3590,10,71,0.13964442908763885
3591,10,72,0.42016589641571045
3592,10,73,0.2882257103919983
3593,10,74,0.18061238527297974
3594,10,75,0.15959225594997406
3595,10,76,0.23654606938362122
3596,10,77,0.19510146975517273
3597,10,78,0.16569143533706665
3598,10,79,0.2829110026359558
3599,10,80,0.18417581915855408
3600,10,81,0.16169999539852142
3601,10,82,0.13408640027046204
3602,10,83,0.19717690348625183
3603,10,84,0.24230289459228516
3604,10,85,0.2890627384185791
3605,10,86,0.18887628614902496
3606,10,87,0.14705239236354828
3607,10,88,0.1859590709209442
3608,10,89,0.14403977990150452
3609,10,90,0.21834389865398407
3610,10,91,0.2603403925895691
3611,10,92,0.24138078093528748
3612,10,93,0.1665588915348053
3613,10,94,0.09471242129802704
3614,10,95,0.2670155465602875
3615,10,96,0.27574077248573303
3616,10,97,0.20582596957683563
3617,10,98,0.1861347109079361
3618,10,99,0.18330104649066925
3619,10,100,0.24202507734298706
3620,10,101,0.20519965887069702
3621,10,102,0.18570461869239807
3622,10,103,0.18193462491035461
3623,10,104,0.2910414934158325
3624,10,105,0.19769318401813507
3625,10,106,0.2371920794248581
3626,10,107,0.1611945629119873
3627,10,108,0.2323703020811081
3628,10,109,0.2262941151857376
3629,10,110,0.15185610949993134
3630,10,111,0.23130063712596893
3631,10,112,0.19255691766738892
3632,10,113,0.22424279153347015
3633,10,114,0.2099139243364334
3634,10,115,0.19077840447425842
3635,10,116,0.2089661806821823
3636,10,117,0.4045405983924866
3637,10,118,0.19347526133060455
3638,10,119,0.3478812277317047
3639,10,120,0.26390698552131653
3640,10,121,0.3228103816509247
3641,10,122,0.1566515862941742
3642,10,123,0.2872523367404938
3643,10,124,0.11515356600284576
3644,10,125,0.2630571722984314
3645,10,126,0.2283831387758255
3646,10,127,0.22536367177963257
3647,10,128,0.22249667346477509
3648,10,129,0.3186984956264496
3649,10,130,0.2987220883369446
3650,10,131,0.1946130245923996
3651,10,132,0.17438538372516632
3652,10,133,0.16540934145450592
3653,10,134,0.17924964427947998
3654,10,135,0.12770536541938782
3655,10,136,0.20598560571670532
3656,10,137,0.24619092047214508
3657,10,138,0.20701415836811066
3658,10,139,0.12815533578395844
3659,10,140,0.27480044960975647
3660,10,141,0.28457778692245483
3661,10,142,0.07124011963605881
3662,10,143,0.08429703861474991
3663,10,144,0.20895259082317352
3664,10,145,0.1479395031929016
3665,10,146,0.2265968918800354
3666,10,147,0.18000566959381104
3667,10,148,0.16683830320835114
3668,10,149,0.14594097435474396
3669,10,150,0.3451232314109802
3670,10,151,0.29494988918304443
3671,10,152,0.2667745351791382
3672,10,153,0.15666590631008148
3673,10,154,0.10489144921302795
3674,10,155,0.1594007909297943
3675,10,156,0.1919526755809784
3676,10,157,0.17110216617584229
3677,10,158,0.11890774965286255
3678,10,159,0.32703307271003723
3679,10,160,0.28069186210632324
3680,10,161,0.1818205714225769
3681,10,162,0.1592838317155838
3682,10,163,0.2468605488538742
3683,10,164,0.21677528321743011
3684,10,165,0.160569965839386
3685,10,166,0.087479367852211
3686,10,167,0.12216490507125854
3687,10,168,0.18490666151046753
3688,10,169,0.1632622331380844
3689,10,170,0.2877218723297119
3690,10,171,0.22887268662452698
3691,10,172,0.1584695428609848
3692,10,173,0.11064690351486206
3693,10,174,0.15635444223880768
3694,10,175,0.15455487370491028
3695,10,176,0.23621197044849396
3696,10,177,0.18214727938175201
3697,10,178,0.17137205600738525
3698,10,179,0.25585880875587463
3699,10,180,0.15010495483875275
3700,10,181,0.14802727103233337
3701,10,182,0.1384638249874115
3702,10,183,0.10911377519369125
3703,10,184,0.1728402078151703
3704,10,185,0.1941514015197754
3705,10,186,0.1966859996318817
3706,10,187,0.31950441002845764
3707,10,188,0.2883625328540802
3708,10,189,0.14633946120738983
3709,10,190,0.2756586968898773
3710,10,191,0.10096381604671478
3711,10,192,0.2439281940460205
3712,10,193,0.19429829716682434
3713,10,194,0.1989312767982483
3714,10,195,0.20698191225528717
3715,10,196,0.18232864141464233
3716,10,197,0.17427845299243927
3717,10,198,0.15447638928890228
3718,10,199,0.13221870362758636
3719,10,200,0.16689719259738922
3720,10,201,0.16933515667915344
3721,10,202,0.1056668609380722
3722,10,203,0.11487532407045364
3723,10,204,0.16959047317504883
3724,10,205,0.12767420709133148
3725,10,206,0.12607727944850922
3726,10,207,0.15055646002292633
3727,10,208,0.22679094970226288
3728,10,209,0.3130522668361664
3729,10,210,0.3774207532405853
3730,10,211,0.08855153620243073
3731,10,212,0.2634296715259552
3732,10,213,0.3699963688850403
3733,10,214,0.1960635483264923
3734,10,215,0.10454941540956497
3735,10,216,0.2847438156604767
3736,10,217,0.28580811619758606
3737,10,218,0.2721691131591797
3738,10,219,0.15645787119865417
3739,10,220,0.13851596415042877
3740,10,221,0.2826617360115051
3741,10,222,0.2627567946910858
3742,10,223,0.32517048716545105
3743,10,224,0.3882265090942383
3744,10,225,0.22801518440246582
3745,10,226,0.3206181228160858
3746,10,227,0.12156061828136444
3747,10,228,0.142716646194458
3748,10,229,0.26389583945274353
3749,10,230,0.27069467306137085
3750,10,231,0.21759124100208282
3751,10,232,0.21542026102542877
3752,10,233,0.2747136950492859
3753,10,234,0.24177286028862
3754,10,235,0.3557232916355133
3755,10,236,0.3198474049568176
3756,10,237,0.2200792133808136
3757,10,238,0.15533989667892456
3758,10,239,0.26106467843055725
3759,10,240,0.2035660743713379
3760,10,241,0.21661420166492462
3761,10,242,0.16926728188991547
3762,10,243,0.21453359723091125
3763,10,244,0.13870267570018768
3764,10,245,0.2871551215648651
3765,10,246,0.38318130373954773
3766,10,247,0.24767328798770905
3767,10,248,0.11829140782356262
3768,10,249,0.1974405199289322
3769,10,250,0.24238252639770508
3770,10,251,0.2285652905702591
3771,10,252,0.24287892878055573
3772,10,253,0.15751081705093384
3773,10,254,0.16963358223438263
3774,10,255,0.24212084710597992
3775,10,256,0.16604609787464142
3776,10,257,0.24357442557811737
3777,10,258,0.22445048391819
3778,10,259,0.33488011360168457
3779,10,260,0.2900545001029968
3780,10,261,0.15189802646636963
3781,10,262,0.14580106735229492
3782,10,263,0.2863641381263733
3783,10,264,0.22099973261356354
3784,10,265,0.29825660586357117
3785,10,266,0.21255117654800415
3786,10,267,0.2751659154891968
3787,10,268,0.15320472419261932
3788,10,269,0.3420608937740326
3789,10,270,0.1796800047159195
3790,10,271,0.18401594460010529
3791,10,272,0.17332714796066284
3792,10,273,0.31901344656944275
3793,10,274,0.26418575644493103
3794,10,275,0.13597282767295837
3795,10,276,0.28541839122772217
3796,10,277,0.1640131026506424
3797,10,278,0.20036806166172028
3798,10,279,0.2053450345993042
3799,10,280,0.15684454143047333
3800,10,281,0.17803819477558136
3801,10,282,0.18089085817337036
3802,10,283,0.1866687387228012
3803,10,284,0.28416287899017334
3804,10,285,0.12324939668178558
3805,10,286,0.3349469304084778
3806,10,287,0.2088669240474701
3807,10,288,0.22582979500293732
3808,10,289,0.19862405955791473
3809,10,290,0.1858992725610733
3810,10,291,0.25420182943344116
3811,10,292,0.2623249888420105
3812,10,293,0.3191450238227844
3813,10,294,0.14847449958324432
3814,10,295,0.14141596853733063
3815,10,296,0.2593863904476166
3816,10,297,0.31840142607688904
3817,10,298,0.11890885978937149
3818,10,299,0.14259320497512817
3819,10,300,0.23380878567695618
3820,10,301,0.1986699104309082
3821,10,302,0.21392221748828888
3822,10,303,0.2110321968793869
3823,10,304,0.22444069385528564
3824,10,305,0.36465322971343994
3825,10,306,0.19786496460437775
3826,10,307,0.16911399364471436
3827,10,308,0.2355434149503708
3828,10,309,0.17508213222026825
3829,10,310,0.28202497959136963
3830,10,311,0.2050103396177292
3831,10,312,0.22870174050331116
3832,10,313,0.12726500630378723
3833,10,314,0.18637114763259888
3834,10,315,0.08032768964767456
3835,10,316,0.16531790792942047
3836,10,317,0.14830605685710907
3837,10,318,0.21213588118553162
3838,10,319,0.10371222347021103
3839,10,320,0.20208120346069336
3840,10,321,0.2161993831396103
3841,10,322,0.2494567185640335
3842,10,323,0.19815120100975037
3843,10,324,0.173675999045372
3844,10,325,0.22562557458877563
3845,10,326,0.16372139751911163
3846,10,327,0.20151738822460175
3847,10,328,0.16704902052879333
3848,10,329,0.13990910351276398
3849,10,330,0.15864203870296478
3850,10,331,0.3130856454372406
3851,10,332,0.15830233693122864
3852,10,333,0.2258334457874298
3853,10,334,0.21694953739643097
3854,10,335,0.2037637084722519
3855,10,336,0.38467153906822205
3856,10,337,0.2642655670642853
3857,10,338,0.14642463624477386
3858,10,339,0.15490758419036865
3859,10,340,0.22807244956493378
3860,10,341,0.0837235301733017
3861,10,342,0.1576288789510727
3862,10,343,0.10402275621891022
3863,10,344,0.26504021883010864
3864,10,345,0.16223832964897156
3865,10,346,0.2102806568145752
3866,10,347,0.24826249480247498
3867,10,348,0.11522924154996872
3868,10,349,0.2210874706506729
3869,10,350,0.1417791247367859
3870,10,351,0.22153979539871216
3871,10,352,0.19556713104248047
3872,10,353,0.157618910074234
3873,10,354,0.3386261761188507
3874,10,355,0.17627112567424774
3875,10,356,0.17713302373886108
3876,10,357,0.27073049545288086
3877,10,358,0.17183655500411987
3878,10,359,0.13052073121070862
3879,10,360,0.23512576520442963
3880,10,361,0.20748910307884216
3881,10,362,0.18468259274959564
3882,10,363,0.16029585897922516
3883,10,364,0.34552162885665894
3884,10,365,0.22700440883636475
3885,10,366,0.18758884072303772
3886,10,367,0.21563468873500824
3887,10,368,0.23435448110103607
3888,10,369,0.28195029497146606
3889,10,370,0.2001018077135086
3890,10,371,0.19258469343185425
3891,10,372,0.2410135716199875
3892,10,373,0.2285025417804718
3893,10,374,0.15138226747512817
3894,10,375,0.2619979679584503
3895,10,376,0.17912253737449646
3896,10,377,0.21639420092105865
3897,10,378,0.2780105173587799
3898,10,379,0.22375498712062836
3899,10,380,0.19387833774089813
3900,10,381,0.25610992312431335
3901,10,382,0.24185995757579803
3902,10,383,0.24387362599372864
3903,10,384,0.31337469816207886
3904,10,385,0.24266193807125092
3905,10,386,0.3208628296852112
3906,10,387,0.31099408864974976
3907,10,388,0.202291339635849
3908,10,389,0.25551873445510864
3909,10,390,0.21700957417488098
3910,10,391,0.22425763309001923
3911,11,1,0.12519417703151703
3912,11,2,0.2869735360145569
3913,11,3,0.2162572741508484
3914,11,4,0.14347334206104279
3915,11,5,0.1802130490541458
3916,11,6,0.14206163585186005
3917,11,7,0.20753955841064453
3918,11,8,0.17194782197475433
3919,11,9,0.213649719953537
3920,11,10,0.09911125153303146
3921,11,11,0.14001058042049408
3922,11,12,0.11216279864311218
3923,11,13,0.1440015733242035
3924,11,14,0.1364368051290512
3925,11,15,0.15340526401996613
3926,11,16,0.145157128572464
3927,11,17,0.13760748505592346
3928,11,18,0.08908066898584366
3929,11,19,0.11314079165458679
3930,11,20,0.16596117615699768
3931,11,21,0.06223765388131142
3932,11,22,0.1301260143518448
3933,11,23,0.10425293445587158
3934,11,24,0.15118752419948578
3935,11,25,0.18647249042987823
3936,11,26,0.07163888961076736
3937,11,27,0.16552366316318512
3938,11,28,0.12880061566829681
3939,11,29,0.1251581758260727
3940,11,30,0.13145266473293304
3941,11,31,0.10305663198232651
3942,11,32,0.1602209061384201
3943,11,33,0.0681208148598671
3944,11,34,0.16426993906497955
3945,11,35,0.0921546220779419
3946,11,36,0.13288941979408264
3947,11,37,0.14094983041286469
3948,11,38,0.15410470962524414
3949,11,39,0.22303372621536255
3950,11,40,0.13512931764125824
3951,11,41,0.06315302848815918
3952,11,42,0.14808186888694763
3953,11,43,0.09598127007484436
3954,11,44,0.09620291739702225
3955,11,45,0.09464135766029358
3956,11,46,0.09108363837003708
3957,11,47,0.17867067456245422
3958,11,48,0.09450142085552216
3959,11,49,0.10837116837501526
3960,11,50,0.10578975081443787
3961,11,51,0.12370795756578445
3962,11,52,0.06539613753557205
3963,11,53,0.23542653024196625
3964,11,54,0.07357446104288101
3965,11,55,0.394447386264801
3966,11,56,0.09424632042646408
3967,11,57,0.08019841462373734
3968,11,58,0.1325930655002594
3969,11,59,0.14389504492282867
3970,11,60,0.14607882499694824
3971,11,61,0.16389131546020508
3972,11,62,0.0939459353685379
3973,11,63,0.30623021721839905
3974,11,64,0.21710743010044098
3975,11,65,0.22877585887908936
3976,11,66,0.2053360939025879
3977,11,67,0.33215755224227905
3978,11,68,0.11384178698062897
3979,11,69,0.1993206888437271
3980,11,70,0.264544278383255
3981,11,71,0.09811950474977493
3982,11,72,0.2005550116300583
3983,11,73,0.232568621635437
3984,11,74,0.11853227764368057
3985,11,75,0.10853612422943115
3986,11,76,0.14793318510055542
3987,11,77,0.09438808262348175
3988,11,78,0.13313907384872437
3989,11,79,0.20771151781082153
3990,11,80,0.17397332191467285
3991,11,81,0.2099209874868393
3992,11,82,0.06773506104946136
3993,11,83,0.1390235275030136
3994,11,84,0.27461329102516174
3995,11,85,0.1497666835784912
3996,11,86,0.17942851781845093
3997,11,87,0.055839527398347855
3998,11,88,0.15333934128284454
3999,11,89,0.18780001997947693
4000,11,90,0.07886650413274765
4001,11,91,0.10275193303823471
4002,11,92,0.14342159032821655
4003,11,93,0.08664044737815857
4004,11,94,0.13917309045791626
4005,11,95,0.3658909201622009
4006,11,96,0.13180644810199738
4007,11,97,0.13433966040611267
4008,11,98,0.14650383591651917
4009,11,99,0.18291735649108887
4010,11,100,0.09872033447027206
4011,11,101,0.23427854478359222
4012,11,102,0.14215320348739624
4013,11,103,0.1617555171251297
4014,11,104,0.29208308458328247
4015,11,105,0.20834533870220184
4016,11,106,0.12029056251049042
4017,11,107,0.15670721232891083
4018,11,108,0.09933504462242126
4019,11,109,0.14444996416568756
4020,11,110,0.14026890695095062
4021,11,111,0.2078361213207245
4022,11,112,0.11440473794937134
4023,11,113,0.16050836443901062
4024,11,114,0.1773654818534851
4025,11,115,0.14305555820465088
4026,11,116,0.2735675573348999
4027,11,117,0.09565597772598267
4028,11,118,0.17756903171539307
4029,11,119,0.11793189495801926
4030,11,120,0.08184818923473358
4031,11,121,0.13937999308109283
4032,11,122,0.07192999869585037
4033,11,123,0.15168750286102295
4034,11,124,0.10934842377901077
4035,11,125,0.19093334674835205
4036,11,126,0.12029509991407394
4037,11,127,0.1484575867652893
4038,11,128,0.2421916127204895
4039,11,129,0.19337664544582367
4040,11,130,0.11135856062173843
4041,11,131,0.25023943185806274
4042,11,132,0.13734111189842224
4043,11,133,0.1993970274925232
4044,11,134,0.10253991186618805
4045,11,135,0.23329389095306396
4046,11,136,0.2156844139099121
4047,11,137,0.1489652842283249
4048,11,138,0.1003977581858635
4049,11,139,0.2130827009677887
4050,11,140,0.11505194753408432
4051,11,141,0.13089318573474884
4052,11,142,0.29284536838531494
4053,11,143,0.14950676262378693
4054,11,144,0.4074370563030243
4055,11,145,0.21116046607494354
4056,11,146,0.21562674641609192
4057,11,147,0.14301437139511108
4058,11,148,0.11935695260763168
4059,11,149,0.15792495012283325
4060,11,150,0.2018251270055771
4061,11,151,0.22786247730255127
4062,11,152,0.17897102236747742
4063,11,153,0.17734384536743164
4064,11,154,0.19196084141731262
4065,11,155,0.10110077261924744
4066,11,156,0.10330244898796082
4067,11,157,0.17176972329616547
4068,11,158,0.18043524026870728
4069,11,159,0.1111760288476944
4070,11,160,0.22862295806407928
4071,11,161,0.17189575731754303
4072,11,162,0.10298307240009308
4073,11,163,0.1215708777308464
4074,11,164,0.2534783184528351
4075,11,165,0.14055974781513214
4076,11,166,0.1737603098154068
4077,11,167,0.157082661986351
4078,11,168,0.15594716370105743
4079,11,169,0.12276878952980042
4080,11,170,0.1934226006269455
4081,11,171,0.13235726952552795
4082,11,172,0.2253682166337967
4083,11,173,0.11691215634346008
4084,11,174,0.23096583783626556
4085,11,175,0.12847958505153656
4086,11,176,0.23498958349227905
4087,11,177,0.15637116134166718
4088,11,178,0.1786893755197525
4089,11,179,0.13262268900871277
4090,11,180,0.19499561190605164
4091,11,181,0.1365947276353836
4092,11,182,0.09842358529567719
4093,11,183,0.2110043168067932
4094,11,184,0.11901585757732391
4095,11,185,0.20330920815467834
4096,11,186,0.17088596522808075
4097,11,187,0.1363920271396637
4098,11,188,0.09086234122514725
4099,11,189,0.15419036149978638
4100,11,190,0.1621505171060562
4101,11,191,0.13314087688922882
4102,11,192,0.11420296132564545
4103,11,193,0.16589012742042542
4104,11,194,0.12937811017036438
4105,11,195,0.09608311951160431
4106,11,196,0.13976648449897766
4107,11,197,0.20606271922588348
4108,11,198,0.21359099447727203
4109,11,199,0.2203204333782196
4110,11,200,0.21141105890274048
4111,11,201,0.1318282037973404
4112,11,202,0.1711360663175583
4113,11,203,0.2376335710287094
4114,11,204,0.21525052189826965
4115,11,205,0.18163728713989258
4116,11,206,0.12072773277759552
4117,11,207,0.1501702070236206
4118,11,208,0.1526159793138504
4119,11,209,0.16944609582424164
4120,11,210,0.24125996232032776
4121,11,211,0.17501616477966309
4122,11,212,0.1350242644548416
4123,11,213,0.15558955073356628
4124,11,214,0.14259600639343262
4125,11,215,0.2214098572731018
4126,11,216,0.19403477013111115
4127,11,217,0.16822801530361176
4128,11,218,0.13557514548301697
4129,11,219,0.08862058818340302
4130,11,220,0.15241029858589172
4131,11,221,0.07310163229703903
4132,11,222,0.13129138946533203
4133,11,223,0.1310502588748932
4134,11,224,0.14210766553878784
4135,11,225,0.10032130032777786
4136,11,226,0.15772196650505066
4137,11,227,0.07149189710617065
4138,11,228,0.21541959047317505
4139,11,229,0.10207651555538177
4140,11,230,0.14472296833992004
4141,11,231,0.20577384531497955
4142,11,232,0.2082410454750061
4143,11,233,0.16447187960147858
4144,11,234,0.22434981167316437
4145,11,235,0.16507716476917267
4146,11,236,0.24235984683036804
4147,11,237,0.05872119590640068
4148,11,238,0.14832094311714172
4149,11,239,0.08324819058179855
4150,11,240,0.14507713913917542
4151,11,241,0.3003053665161133
4152,11,242,0.12408004701137543
4153,11,243,0.12163470685482025
4154,11,244,0.14237332344055176
4155,11,245,0.14588169753551483
4156,11,246,0.0919211357831955
4157,11,247,0.12246377021074295
4158,11,248,0.1394629031419754
4159,11,249,0.08778391778469086
4160,11,250,0.12251110374927521
4161,11,251,0.1498301923274994
4162,11,252,0.1829664558172226
4163,11,253,0.40125566720962524
4164,11,254,0.17122390866279602
4165,11,255,0.1302786022424698
4166,11,256,0.13591822981834412
4167,11,257,0.18278031051158905
4168,11,258,0.17809250950813293
4169,11,259,0.09313566237688065
4170,11,260,0.2863979935646057
4171,11,261,0.15216101706027985
4172,11,262,0.32718124985694885
4173,11,263,0.13011784851551056
4174,11,264,0.11039630323648453
4175,11,265,0.1274263858795166
4176,11,266,0.13310198485851288
4177,11,267,0.1204928532242775
4178,11,268,0.13451507687568665
4179,11,269,0.27042874693870544
4180,11,270,0.11486908793449402
4181,11,271,0.1696649044752121
4182,11,272,0.08874078840017319
4183,11,273,0.18147341907024384
4184,11,274,0.13279269635677338
4185,11,275,0.1280338317155838
4186,11,276,0.2669719159603119
4187,11,277,0.21268878877162933
4188,11,278,0.22665980458259583
4189,11,279,0.2948765754699707
4190,11,280,0.12773340940475464
4191,11,281,0.15120527148246765
4192,11,282,0.20084354281425476
4193,11,283,0.22971542179584503
4194,11,284,0.23824435472488403
4195,11,285,0.091534323990345
4196,11,286,0.21563518047332764
4197,11,287,0.19489073753356934
4198,11,288,0.31269341707229614
4199,11,289,0.12429045140743256
4200,11,290,0.2460097372531891
4201,11,291,0.2309601753950119
4202,11,292,0.30356186628341675
4203,11,293,0.2318335324525833
4204,11,294,0.12293419241905212
4205,11,295,0.11552803218364716
4206,11,296,0.278469979763031
4207,11,297,0.2102348804473877
4208,11,298,0.1346510797739029
4209,11,299,0.22780683636665344
4210,11,300,0.16494201123714447
4211,11,301,0.2275550365447998
4212,11,302,0.19623112678527832
4213,11,303,0.17454443871974945
4214,11,304,0.20697227120399475
4215,11,305,0.23639118671417236
4216,11,306,0.09411469101905823
4217,11,307,0.13562491536140442
4218,11,308,0.2886260747909546
4219,11,309,0.17609182000160217
4220,11,310,0.2130986750125885
4221,11,311,0.12364828586578369
4222,11,312,0.3084713816642761
4223,11,313,0.16975931823253632
4224,11,314,0.14514891803264618
4225,11,315,0.09551454335451126
4226,11,316,0.21367207169532776
4227,11,317,0.10182685405015945
4228,11,318,0.2653973698616028
4229,11,319,0.1659189611673355
4230,11,320,0.19256390631198883
4231,11,321,0.22474752366542816
4232,11,322,0.2713162302970886
4233,11,323,0.1516416370868683
4234,11,324,0.11576364189386368
4235,11,325,0.21892112493515015
4236,11,326,0.08231377601623535
4237,11,327,0.14698810875415802
4238,11,328,0.12346943467855453
4239,11,329,0.14415223896503448
4240,11,330,0.15413105487823486
4241,11,331,0.1641213744878769
4242,11,332,0.2073739767074585
4243,11,333,0.08590267598628998
4244,11,334,0.09185754507780075
4245,11,335,0.16643495857715607
4246,11,336,0.20239336788654327
4247,11,337,0.1397833526134491
4248,11,338,0.21676909923553467
4249,11,339,0.17707090079784393
4250,11,340,0.09268023818731308
4251,11,341,0.21995142102241516
4252,11,342,0.15296630561351776
4253,11,343,0.15199410915374756
4254,11,344,0.15233467519283295
4255,11,345,0.2036321759223938
4256,11,346,0.2707206904888153
4257,11,347,0.21393872797489166
4258,11,348,0.13425850868225098
4259,11,349,0.194602370262146
4260,11,350,0.28846174478530884
4261,11,351,0.13194479048252106
4262,11,352,0.13644078373908997
4263,11,353,0.23606029152870178
4264,11,354,0.16014286875724792
4265,11,355,0.23910997807979584
4266,11,356,0.19886139035224915
4267,11,357,0.1950017511844635
4268,11,358,0.17931069433689117
4269,11,359,0.19563335180282593
4270,11,360,0.3014879822731018
4271,11,361,0.18597359955310822
4272,11,362,0.11493401974439621
4273,11,363,0.3006933033466339
4274,11,364,0.16694515943527222
4275,11,365,0.14604295790195465
4276,11,366,0.1413927972316742
4277,11,367,0.16638648509979248
4278,11,368,0.15276606380939484
4279,11,369,0.30502912402153015
4280,11,370,0.13327036798000336
4281,11,371,0.19098742306232452
4282,11,372,0.15024858713150024
4283,11,373,0.1566150039434433
4284,11,374,0.07922545820474625
4285,11,375,0.1833207756280899
4286,11,376,0.09474758803844452
4287,11,377,0.13380660116672516
4288,11,378,0.2135290652513504
4289,11,379,0.1781441569328308
4290,11,380,0.2936912775039673
4291,11,381,0.14384444057941437
4292,11,382,0.19878284633159637
4293,11,383,0.16807562112808228
4294,11,384,0.20935554802417755
4295,11,385,0.15877318382263184
4296,11,386,0.18045006692409515
4297,11,387,0.11228436231613159
4298,11,388,0.08874637633562088
4299,11,389,0.16956469416618347
4300,11,390,0.20423796772956848
4301,11,391,0.11353506147861481
4302,12,1,0.09309165924787521
4303,12,2,0.11239471286535263
4304,12,3,0.08376399427652359
4305,12,4,0.12645162642002106
4306,12,5,0.06948991864919662
4307,12,6,0.10087220370769501
4308,12,7,0.14576920866966248
4309,12,8,0.08479215204715729
4310,12,9,0.10581482201814651
4311,12,10,0.05560960993170738
4312,12,11,0.08462558686733246
4313,12,12,0.09098652750253677
4314,12,13,0.04379024729132652
4315,12,14,0.1063901036977768
4316,12,15,0.04475412890315056
4317,12,16,0.03137340024113655
4318,12,17,0.08886335790157318
4319,12,18,0.1351216584444046
4320,12,19,0.05637844651937485
4321,12,20,0.1740676313638687
4322,12,21,0.09543570131063461
4323,12,22,0.16708384454250336
4324,12,23,0.13073447346687317
4325,12,24,0.07634265720844269
4326,12,25,0.04451429471373558
4327,12,26,0.1476563960313797
4328,12,27,0.16575437784194946
4329,12,28,0.12517136335372925
4330,12,29,0.07479873299598694
4331,12,30,0.07945127785205841
4332,12,31,0.07092566788196564
4333,12,32,0.11182789504528046
4334,12,33,0.07880009710788727
4335,12,34,0.10912547260522842
4336,12,35,0.07333441078662872
4337,12,36,0.14823681116104126
4338,12,37,0.09779798239469528
4339,12,38,0.04478500410914421
4340,12,39,0.060402292758226395
4341,12,40,0.2824753522872925
4342,12,41,0.07676248997449875
4343,12,42,0.14814895391464233
4344,12,43,0.087847039103508
4345,12,44,0.05543241649866104
4346,12,45,0.09805120527744293
4347,12,46,0.045910365879535675
4348,12,47,0.10201115161180496
4349,12,48,0.13825112581253052
4350,12,49,0.08044010400772095
4351,12,50,0.1310034543275833
4352,12,51,0.09759651124477386
4353,12,52,0.10671878606081009
4354,12,53,0.13568954169750214
4355,12,54,0.12070459872484207
4356,12,55,0.13629499077796936
4357,12,56,0.13364815711975098
4358,12,57,0.07562051713466644
4359,12,58,0.051420558243989944
4360,12,59,0.09503418207168579
4361,12,60,0.2124580293893814
4362,12,61,0.15755850076675415
4363,12,62,0.10373872518539429
4364,12,63,0.04917506128549576
4365,12,64,0.0971701443195343
4366,12,65,0.05421559140086174
4367,12,66,0.13762152194976807
4368,12,67,0.08204887062311172
4369,12,68,0.06666860729455948
4370,12,69,0.2059556394815445
4371,12,70,0.13722620904445648
4372,12,71,0.14834238588809967
4373,12,72,0.10779557377099991
4374,12,73,0.07544707506895065
4375,12,74,0.08769761770963669
4376,12,75,0.0512828454375267
4377,12,76,0.13138946890830994
4378,12,77,0.1435137540102005
4379,12,78,0.2184106409549713
4380,12,79,0.11635013669729233
4381,12,80,0.154696986079216
4382,12,81,0.15696068108081818
4383,12,82,0.14237724244594574
4384,12,83,0.07624372094869614
4385,12,84,0.052637726068496704
4386,12,85,0.12021584808826447
4387,12,86,0.13685092329978943
4388,12,87,0.1531919240951538
4389,12,88,0.0745394304394722
4390,12,89,0.1450410932302475
4391,12,90,0.13876250386238098
4392,12,91,0.18664342164993286
4393,12,92,0.07201933115720749
4394,12,93,0.0904533863067627
4395,12,94,0.1704753190279007
4396,12,95,0.03673820570111275
4397,12,96,0.08018171042203903
4398,12,97,0.10086861997842789
4399,12,98,0.208893284201622
4400,12,99,0.09285754710435867
4401,12,100,0.10718584060668945
4402,12,101,0.17000211775302887
4403,12,102,0.14861129224300385
4404,12,103,0.03745564445853233
4405,12,104,0.061105985194444656
4406,12,105,0.1305125206708908
4407,12,106,0.0704384371638298
4408,12,107,0.16652628779411316
4409,12,108,0.07367321848869324
4410,12,109,0.11233919113874435
4411,12,110,0.13036006689071655
4412,12,111,0.12533895671367645
4413,12,112,0.13323183357715607
4414,12,113,0.11056442558765411
4415,12,114,0.12725524604320526
4416,12,115,0.1852608025074005
4417,12,116,0.22687681019306183
4418,12,117,0.09662443399429321
4419,12,118,0.293332576751709
4420,12,119,0.11864505708217621
4421,12,120,0.21128959953784943
4422,12,121,0.13791927695274353
4423,12,122,0.20134766399860382
4424,12,123,0.12415394186973572
4425,12,124,0.23906545341014862
4426,12,125,0.13616032898426056
4427,12,126,0.16388806700706482
4428,12,127,0.12748557329177856
4429,12,128,0.10971925407648087
4430,12,129,0.12955769896507263
4431,12,130,0.08851919323205948
4432,12,131,0.147647425532341
4433,12,132,0.1674138456583023
4434,12,133,0.14970910549163818
4435,12,134,0.19413983821868896
4436,12,135,0.16372941434383392
4437,12,136,0.07969660311937332
4438,12,137,0.12841565907001495
4439,12,138,0.12462875992059708
4440,12,139,0.2046559453010559
4441,12,140,0.1598169505596161
4442,12,141,0.10747101157903671
4443,12,142,0.11707953363656998
4444,12,143,0.1592540293931961
4445,12,144,0.08635149896144867
4446,12,145,0.10083416104316711
4447,12,146,0.13062892854213715
4448,12,147,0.10413627326488495
4449,12,148,0.21169830858707428
4450,12,149,0.12984265387058258
4451,12,150,0.10337968915700912
4452,12,151,0.1820043921470642
4453,12,152,0.0850151926279068
4454,12,153,0.07749039679765701
4455,12,154,0.13744500279426575
4456,12,155,0.15331341326236725
4457,12,156,0.19828544557094574
4458,12,157,0.2230255901813507
4459,12,158,0.05788613483309746
4460,12,159,0.16568917036056519
4461,12,160,0.3939673900604248
4462,12,161,0.11412893980741501
4463,12,162,0.09215064346790314
4464,12,163,0.17711900174617767
4465,12,164,0.13896958529949188
4466,12,165,0.11239151656627655
4467,12,166,0.21349845826625824
4468,12,167,0.11517366021871567
4469,12,168,0.1534441113471985
4470,12,169,0.15742653608322144
4471,12,170,0.12080301344394684
4472,12,171,0.16951394081115723
4473,12,172,0.10854540020227432
4474,12,173,0.17829996347427368
4475,12,174,0.21507956087589264
4476,12,175,0.16226226091384888
4477,12,176,0.04066745191812515
4478,12,177,0.22393859922885895
4479,12,178,0.15411843359470367
4480,12,179,0.11239715665578842
4481,12,180,0.16038276255130768
4482,12,181,0.14896488189697266
4483,12,182,0.09763167798519135
4484,12,183,0.09738246351480484
4485,12,184,0.05416863039135933
4486,12,185,0.1316245198249817
4487,12,186,0.1376482993364334
4488,12,187,0.04086821526288986
4489,12,188,0.14070424437522888
4490,12,189,0.11656615138053894
4491,12,190,0.18420182168483734
4492,12,191,0.14862607419490814
4493,12,192,0.051354262977838516
4494,12,193,0.10275567322969437
4495,12,194,0.02939656935632229
4496,12,195,0.17677302658557892
4497,12,196,0.13094905018806458
4498,12,197,0.12055036425590515
4499,12,198,0.10353291034698486
4500,12,199,0.18684415519237518
4501,12,200,0.09697327017784119
4502,12,201,0.08717656880617142
4503,12,202,0.1359759271144867
4504,12,203,0.08509668707847595
4505,12,204,0.14559918642044067
4506,12,205,0.1586281955242157
4507,12,206,0.09298214316368103
4508,12,207,0.11752678453922272
4509,12,208,0.12169867753982544
4510,12,209,0.09402309358119965
4511,12,210,0.06206035614013672
4512,12,211,0.09659095108509064
4513,12,212,0.18201811611652374
4514,12,213,0.08310137689113617
4515,12,214,0.10100068897008896
4516,12,215,0.04524744302034378
4517,12,216,0.20787476003170013
4518,12,217,0.05446246266365051
4519,12,218,0.13039931654930115
4520,12,219,0.05103503167629242
4521,12,220,0.21910230815410614
4522,12,221,0.04919792711734772
4523,12,222,0.11452669650316238
4524,12,223,0.10159436613321304
4525,12,224,0.12899655103683472
4526,12,225,0.0716070905327797
4527,12,226,0.19525203108787537
4528,12,227,0.05032208189368248
4529,12,228,0.26058050990104675
4530,12,229,0.08812998235225677
4531,12,230,0.11468300968408585
4532,12,231,0.2638746500015259
4533,12,232,0.2285676896572113
4534,12,233,0.17610019445419312
4535,12,234,0.20508186519145966
4536,12,235,0.3096124231815338
4537,12,236,0.09372484683990479
4538,12,237,0.13176724314689636
4539,12,238,0.11346936225891113
4540,12,239,0.2300630509853363
4541,12,240,0.21851244568824768
4542,12,241,0.14920923113822937
4543,12,242,0.07774592190980911
4544,12,243,0.11515530943870544
4545,12,244,0.10142483562231064
4546,12,245,0.15947338938713074
4547,12,246,0.19887909293174744
4548,12,247,0.13760939240455627
4549,12,248,0.09930913895368576
4550,12,249,0.12315043061971664
4551,12,250,0.1680477261543274
4552,12,251,0.24777434766292572
4553,12,252,0.12730945646762848
4554,12,253,0.12175551056861877
4555,12,254,0.22113798558712006
4556,12,255,0.16185908019542694
4557,12,256,0.22870288789272308
4558,12,257,0.07553846389055252
4559,12,258,0.1453205645084381
4560,12,259,0.13681671023368835
4561,12,260,0.12937529385089874
4562,12,261,0.1319834440946579
4563,12,262,0.12868070602416992
4564,12,263,0.14812378585338593
4565,12,264,0.11597146838903427
4566,12,265,0.1426810324192047
4567,12,266,0.11375594884157181
4568,12,267,0.10646972805261612
4569,12,268,0.035990290343761444
4570,12,269,0.14645890891551971
4571,12,270,0.09196198731660843
4572,12,271,0.13271662592887878
4573,12,272,0.07087817043066025
4574,12,273,0.1535109579563141
4575,12,274,0.09997893869876862
4576,12,275,0.125202476978302
4577,12,276,0.07783830910921097
4578,12,277,0.17666466534137726
4579,12,278,0.12042151391506195
4580,12,279,0.1928921937942505
4581,12,280,0.11263678222894669
4582,12,281,0.05318161100149155
4583,12,282,0.14799289405345917
4584,12,283,0.07585202157497406
4585,12,284,0.10347793251276016
4586,12,285,0.13371257483959198
4587,12,286,0.07455690950155258
4588,12,287,0.1120908334851265
4589,12,288,0.12102971225976944
4590,12,289,0.07208419591188431
4591,12,290,0.1327245980501175
4592,12,291,0.16074147820472717
4593,12,292,0.16888712346553802
4594,12,293,0.23279359936714172
4595,12,294,0.0931541696190834
4596,12,295,0.2864723205566406
4597,12,296,0.10181746631860733
4598,12,297,0.1620088368654251
4599,12,298,0.14612802863121033
4600,12,299,0.177965447306633
4601,12,300,0.15628860890865326
4602,12,301,0.11128602921962738
4603,12,302,0.1917201727628708
4604,12,303,0.11448193341493607
4605,12,304,0.09853445738554001
4606,12,305,0.17546434700489044
4607,12,306,0.10217402875423431
4608,12,307,0.054616864770650864
4609,12,308,0.19692465662956238
4610,12,309,0.08818913996219635
4611,12,310,0.20625603199005127
4612,12,311,0.14636854827404022
4613,12,312,0.19238021969795227
4614,12,313,0.1664871871471405
4615,12,314,0.24416598677635193
4616,12,315,0.1502694934606552
4617,12,316,0.14368169009685516
4618,12,317,0.14864890277385712
4619,12,318,0.10900460928678513
4620,12,319,0.07417092472314835
4621,12,320,0.10844095051288605
4622,12,321,0.14135867357254028
4623,12,322,0.25117021799087524
4624,12,323,0.12256620079278946
4625,12,324,0.18519456684589386
4626,12,325,0.07008083909749985
4627,12,326,0.1132919043302536
4628,12,327,0.16173169016838074
4629,12,328,0.06490008533000946
4630,12,329,0.18342077732086182
4631,12,330,0.1444685310125351
4632,12,331,0.10587307810783386
4633,12,332,0.17368094623088837
4634,12,333,0.09480488300323486
4635,12,334,0.09757991880178452
4636,12,335,0.12290888279676437
4637,12,336,0.04530328884720802
4638,12,337,0.055512718856334686
4639,12,338,0.09497705847024918
4640,12,339,0.232618048787117
4641,12,340,0.07100968062877655
4642,12,341,0.16797739267349243
4643,12,342,0.21195200085639954
4644,12,343,0.05360683053731918
4645,12,344,0.14301687479019165
4646,12,345,0.2020123153924942
4647,12,346,0.1690848171710968
4648,12,347,0.08654450625181198
4649,12,348,0.11438760161399841
4650,12,349,0.19525989890098572
4651,12,350,0.07669167220592499
4652,12,351,0.11863182485103607
4653,12,352,0.0834633931517601
4654,12,353,0.07179445028305054
4655,12,354,0.15204942226409912
4656,12,355,0.16598311066627502
4657,12,356,0.05115371197462082
4658,12,357,0.13821831345558167
4659,12,358,0.1588791012763977
4660,12,359,0.13733986020088196
4661,12,360,0.13150706887245178
4662,12,361,0.23404556512832642
4663,12,362,0.05161341279745102
4664,12,363,0.08472968637943268
4665,12,364,0.11655905842781067
4666,12,365,0.1932709813117981
4667,12,366,0.2059364765882492
4668,12,367,0.11750240623950958
4669,12,368,0.11005958169698715
4670,12,369,0.18249298632144928
4671,12,370,0.15158240497112274
4672,12,371,0.16182947158813477
4673,12,372,0.09021982550621033
4674,12,373,0.11431548744440079
4675,12,374,0.1478964239358902
4676,12,375,0.16850711405277252
4677,12,376,0.19741429388523102
4678,12,377,0.13201910257339478
4679,12,378,0.22167491912841797
4680,12,379,0.09486817568540573
4681,12,380,0.10366448760032654
4682,12,381,0.11063038557767868
4683,12,382,0.10399407148361206
4684,12,383,0.10554418712854385
4685,12,384,0.17176339030265808
4686,12,385,0.17224876582622528
4687,12,386,0.21007515490055084
4688,12,387,0.17246606945991516
4689,12,388,0.11634787917137146
4690,12,389,0.05914507433772087
4691,12,390,0.11208482831716537
4692,12,391,0.13811999559402466
4693,13,1,0.22500313818454742
4694,13,2,0.22258588671684265
4695,13,3,0.08955498784780502
4696,13,4,0.09633138030767441
4697,13,5,0.09783987700939178
4698,13,6,0.12738701701164246
4699,13,7,0.04477493464946747
4700,13,8,0.04514797031879425
4701,13,9,0.02333797514438629
4702,13,10,0.12317845970392227
4703,13,11,0.06089400127530098
4704,13,12,0.10043156892061234
4705,13,13,0.06258123368024826
4706,13,14,0.11163082718849182
4707,13,15,0.19149871170520782
4708,13,16,0.05821487307548523
4709,13,17,0.1112644299864769
4710,13,18,0.05607176944613457
4711,13,19,0.050640758126974106
4712,13,20,0.07861611247062683
4713,13,21,0.16417279839515686
4714,13,22,0.062455132603645325
4715,13,23,0.1512441784143448
4716,13,24,0.02348840981721878
4717,13,25,0.09832242131233215
4718,13,26,0.0966922789812088
4719,13,27,0.08903182297945023
4720,13,28,0.08566734939813614
4721,13,29,0.11679800599813461
4722,13,30,0.06847066432237625
4723,13,31,0.0373254232108593
4724,13,32,0.11293591558933258
4725,13,33,0.10893435031175613
4726,13,34,0.1470305472612381
4727,13,35,0.10690109431743622
4728,13,36,0.09753134846687317
4729,13,37,0.09405697137117386
4730,13,38,0.2502767741680145
4731,13,39,0.08167514204978943
4732,13,40,0.11844343692064285
4733,13,41,0.04687592014670372
4734,13,42,0.055633291602134705
4735,13,43,0.03309568017721176
4736,13,44,0.145461767911911
4737,13,45,0.1213688999414444
4738,13,46,0.10261301696300507
4739,13,47,0.09074070304632187
4740,13,48,0.15790575742721558
4741,13,49,0.10581177473068237
4742,13,50,0.08019305020570755
4743,13,51,0.13903240859508514
4744,13,52,0.07145555317401886
4745,13,53,0.2153138816356659
4746,13,54,0.06826668232679367
4747,13,55,0.1558130830526352
4748,13,56,0.09618225693702698
4749,13,57,0.09357233345508575
4750,13,58,0.0805538147687912
4751,13,59,0.10669028759002686
4752,13,60,0.03627783805131912
4753,13,61,0.08407934755086899
4754,13,62,0.021782323718070984
4755,13,63,0.053774770349264145
4756,13,64,0.04475214332342148
4757,13,65,0.10121214389801025
4758,13,66,0.10955775529146194
4759,13,67,0.12616494297981262
4760,13,68,0.09843377768993378
4761,13,69,0.08875764161348343
4762,13,70,0.11436909437179565
4763,13,71,0.06074170395731926
4764,13,72,0.06543564051389694
4765,13,73,0.04510941356420517
4766,13,74,0.0981946736574173
4767,13,75,0.0807112604379654
4768,13,76,0.09247906506061554
4769,13,77,0.11676354706287384
4770,13,78,0.18492235243320465
4771,13,79,0.1339816153049469
4772,13,80,0.1982782781124115
4773,13,81,0.12892383337020874
4774,13,82,0.10929665714502335
4775,13,83,0.08151397854089737
4776,13,84,0.134500190615654
4777,13,85,0.24191820621490479
4778,13,86,0.07639151066541672
4779,13,87,0.08486796915531158
4780,13,88,0.06005335599184036
4781,13,89,0.17445722222328186
4782,13,90,0.05843336880207062
4783,13,91,0.12988515198230743
4784,13,92,0.10046893358230591
4785,13,93,0.08535186201334
4786,13,94,0.05702798068523407
4787,13,95,0.06102820858359337
4788,13,96,0.050408944487571716
4789,13,97,0.03610736131668091
4790,13,98,0.11256136745214462
4791,13,99,0.04537862166762352
4792,13,100,0.11587421596050262
4793,13,101,0.069719098508358
4794,13,102,0.025969181209802628
4795,13,103,0.08541899174451828
4796,13,104,0.046123526990413666
4797,13,105,0.14279484748840332
4798,13,106,0.06730984896421432
4799,13,107,0.035132549703121185
4800,13,108,0.09204939007759094
4801,13,109,0.08930929005146027
4802,13,110,0.048802778124809265
4803,13,111,0.11606253683567047
4804,13,112,0.09549533575773239
4805,13,113,0.07756777107715607
4806,13,114,0.23598352074623108
4807,13,115,0.08705387264490128
4808,13,116,0.05187767744064331
4809,13,117,0.10227019339799881
4810,13,118,0.1052735447883606
4811,13,119,0.25367242097854614
4812,13,120,0.17526894807815552
4813,13,121,0.1307496577501297
4814,13,122,0.10322470217943192
4815,13,123,0.08721063286066055
4816,13,124,0.09601911157369614
4817,13,125,0.07018554210662842
4818,13,126,0.1395096331834793
4819,13,127,0.06137807294726372
4820,13,128,0.1363237202167511
4821,13,129,0.03589899465441704
4822,13,130,0.16414597630500793
4823,13,131,0.11421677470207214
4824,13,132,0.09517446160316467
4825,13,133,0.213522806763649
4826,13,134,0.04038463905453682
4827,13,135,0.14374947547912598
4828,13,136,0.08976537734270096
4829,13,137,0.08780794590711594
4830,13,138,0.08222213387489319
4831,13,139,0.10829916596412659
4832,13,140,0.054771289229393005
4833,13,141,0.2299422323703766
4834,13,142,0.09213802963495255
4835,13,143,0.054129090160131454
4836,13,144,0.13375064730644226
4837,13,145,0.12300334125757217
4838,13,146,0.1284332126379013
4839,13,147,0.035370662808418274
4840,13,148,0.033768124878406525
4841,13,149,0.0734342485666275
4842,13,150,0.0778200626373291
4843,13,151,0.15067094564437866
4844,13,152,0.1369522660970688
4845,13,153,0.04927852004766464
4846,13,154,0.06022176146507263
4847,13,155,0.12082239240407944
4848,13,156,0.09667756408452988
4849,13,157,0.07616516947746277
4850,13,158,0.12252318114042282
4851,13,159,0.09295783191919327
4852,13,160,0.09812139719724655
4853,13,161,0.13474403321743011
4854,13,162,0.04028969630599022
4855,13,163,0.11353035271167755
4856,13,164,0.05559762194752693
4857,13,165,0.13868215680122375
4858,13,166,0.10915414988994598
4859,13,167,0.0889536514878273
4860,13,168,0.08038267493247986
4861,13,169,0.06139450520277023
4862,13,170,0.20157772302627563
4863,13,171,0.10329882055521011
4864,13,172,0.20537857711315155
4865,13,173,0.014882191084325314
4866,13,174,0.09258484840393066
4867,13,175,0.10958272218704224
4868,13,176,0.09217610955238342
4869,13,177,0.0677916556596756
4870,13,178,0.04895041882991791
4871,13,179,0.1480962336063385
4872,13,180,0.13057836890220642
4873,13,181,0.1597486287355423
4874,13,182,0.10153138637542725
4875,13,183,0.028410086408257484
4876,13,184,0.034958552569150925
4877,13,185,0.0885089784860611
4878,13,186,0.0739530399441719
4879,13,187,0.06928609311580658
4880,13,188,0.06505647301673889
4881,13,189,0.07325311005115509
4882,13,190,0.03621858358383179
4883,13,191,0.08971790969371796
4884,13,192,0.1188063770532608
4885,13,193,0.13916964828968048
4886,13,194,0.1377839893102646
4887,13,195,0.1566740721464157
4888,13,196,0.09085913747549057
4889,13,197,0.04172811657190323
4890,13,198,0.07997193187475204
4891,13,199,0.2057115137577057
4892,13,200,0.07854895293712616
4893,13,201,0.13990482687950134
4894,13,202,0.06612978875637054
4895,13,203,0.13316650688648224
4896,13,204,0.1377318948507309
4897,13,205,0.19071578979492188
4898,13,206,0.0688953846693039
4899,13,207,0.12138526141643524
4900,13,208,0.054415684193372726
4901,13,209,0.057008612900972366
4902,13,210,0.18178589642047882
4903,13,211,0.05027836188673973
4904,13,212,0.09288646280765533
4905,13,213,0.18752335011959076
4906,13,214,0.029423341155052185
4907,13,215,0.14555130898952484
4908,13,216,0.09987209737300873
4909,13,217,0.1578998863697052
4910,13,218,0.053208887577056885
4911,13,219,0.09019407629966736
4912,13,220,0.0889342799782753
4913,13,221,0.09223320335149765
4914,13,222,0.17858387529850006
4915,13,223,0.18395943939685822
4916,13,224,0.10230524092912674
4917,13,225,0.08518371731042862
4918,13,226,0.19668038189411163
4919,13,227,0.0845317542552948
4920,13,228,0.16035667061805725
4921,13,229,0.0708962231874466
4922,13,230,0.04440190643072128
4923,13,231,0.07339107990264893
4924,13,232,0.14849592745304108
4925,13,233,0.08242140710353851
4926,13,234,0.19116315245628357
4927,13,235,0.04414122924208641
4928,13,236,0.07721350342035294
4929,13,237,0.09981442987918854
4930,13,238,0.06332414597272873
4931,13,239,0.04167115315794945
4932,13,240,0.05737888440489769
4933,13,241,0.0780147910118103
4934,13,242,0.22843214869499207
4935,13,243,0.13442300260066986
4936,13,244,0.08369520306587219
4937,13,245,0.05385312810540199
4938,13,246,0.06861339509487152
4939,13,247,0.06778883934020996
4940,13,248,0.08466997742652893
4941,13,249,0.1324620246887207
4942,13,250,0.07089605182409286
4943,13,251,0.10871115326881409
4944,13,252,0.08355938643217087
4945,13,253,0.10185956209897995
4946,13,254,0.11446346342563629
4947,13,255,0.17689990997314453
4948,13,256,0.11026431620121002
4949,13,257,0.08962730318307877
4950,13,258,0.05902908742427826
4951,13,259,0.08556284010410309
4952,13,260,0.0865040048956871
4953,13,261,0.09440600126981735
4954,13,262,0.060344018042087555
4955,13,263,0.048689957708120346
4956,13,264,0.17193603515625
4957,13,265,0.12588141858577728
4958,13,266,0.07379445433616638
4959,13,267,0.1030663400888443
4960,13,268,0.13720515370368958
4961,13,269,0.06726223230361938
4962,13,270,0.11290077120065689
4963,13,271,0.08526626229286194
4964,13,272,0.13712967932224274
4965,13,273,0.30047255754470825
4966,13,274,0.07944034785032272
4967,13,275,0.07030026614665985
4968,13,276,0.07989296317100525
4969,13,277,0.11240817606449127
4970,13,278,0.15737779438495636
4971,13,279,0.1955815702676773
4972,13,280,0.15807560086250305
4973,13,281,0.13546688854694366
4974,13,282,0.07336597889661789
4975,13,283,0.027746031060814857
4976,13,284,0.06588339060544968
4977,13,285,0.07316192984580994
4978,13,286,0.1179785504937172
4979,13,287,0.1764635443687439
4980,13,288,0.07839038968086243
4981,13,289,0.13634391129016876
4982,13,290,0.09497777372598648
4983,13,291,0.11566927284002304
4984,13,292,0.05601750686764717
4985,13,293,0.2263103425502777
4986,13,294,0.03583874925971031
4987,13,295,0.1756674200296402
4988,13,296,0.20686188340187073
4989,13,297,0.18248111009597778
4990,13,298,0.06809167563915253
4991,13,299,0.1307564526796341
4992,13,300,0.15058933198451996
4993,13,301,0.10554902255535126
4994,13,302,0.11087189614772797
4995,13,303,0.10678107291460037
4996,13,304,0.04198405519127846
4997,13,305,0.07378420233726501
4998,13,306,0.13794071972370148
4999,13,307,0.12044117599725723
5000,13,308,0.03505542501807213
5001,13,309,0.06382620334625244
5002,13,310,0.10128358751535416
5003,13,311,0.14994925260543823
5004,13,312,0.13179005682468414
5005,13,313,0.15992069244384766
5006,13,314,0.31873631477355957
5007,13,315,0.12423603236675262
5008,13,316,0.1592826247215271
5009,13,317,0.09333299100399017
5010,13,318,0.11664492636919022
5011,13,319,0.1332433968782425
5012,13,320,0.18386530876159668
5013,13,321,0.1379462033510208
5014,13,322,0.09331326186656952
5015,13,323,0.07597842812538147
5016,13,324,0.08576444536447525
5017,13,325,0.1668897420167923
5018,13,326,0.12123477458953857
5019,13,327,0.1223115548491478
5020,13,328,0.148145854473114
5021,13,329,0.040189217776060104
5022,13,330,0.150728240609169
5023,13,331,0.10467398911714554
5024,13,332,0.05321589484810829
5025,13,333,0.16288207471370697
5026,13,334,0.16813218593597412
5027,13,335,0.2084772139787674
5028,13,336,0.07792572677135468
5029,13,337,0.1999681293964386
5030,13,338,0.07491294294595718
5031,13,339,0.08593450486660004
5032,13,340,0.09053824841976166
5033,13,341,0.16359803080558777
5034,13,342,0.16340845823287964
5035,13,343,0.06387585401535034
5036,13,344,0.11012382060289383
5037,13,345,0.07710763812065125
5038,13,346,0.05192641168832779
5039,13,347,0.08939018845558167
5040,13,348,0.08520899713039398
5041,13,349,0.0726807713508606
5042,13,350,0.14738331735134125
5043,13,351,0.07966071367263794
5044,13,352,0.12973538041114807
5045,13,353,0.10891883075237274
5046,13,354,0.0703129991889
5047,13,355,0.06057588756084442
5048,13,356,0.07854160666465759
5049,13,357,0.1480206698179245
5050,13,358,0.128590926527977
5051,13,359,0.12063698470592499
5052,13,360,0.15559668838977814
5053,13,361,0.1318800449371338
5054,13,362,0.09858852624893188
5055,13,363,0.2323583960533142
5056,13,364,0.13507360219955444
5057,13,365,0.11988405883312225
5058,13,366,0.15731783211231232
5059,13,367,0.11934400349855423
5060,13,368,0.16441023349761963
5061,13,369,0.07708629965782166
5062,13,370,0.11562810093164444
5063,13,371,0.13260528445243835
5064,13,372,0.1150904968380928
5065,13,373,0.08197968453168869
5066,13,374,0.09268812090158463
5067,13,375,0.1592174917459488
5068,13,376,0.09064579755067825
5069,13,377,0.04768606647849083
5070,13,378,0.14206787943840027
5071,13,379,0.102496437728405
5072,13,380,0.05849536135792732
5073,13,381,0.11693142354488373
5074,13,382,0.06991112232208252
5075,13,383,0.13537536561489105
5076,13,384,0.05401359871029854
5077,13,385,0.11183086037635803
5078,13,386,0.07096562534570694
5079,13,387,0.10700926929712296
5080,13,388,0.1579909473657608
5081,13,389,0.07789404690265656
5082,13,390,0.10586586594581604
5083,13,391,0.14515462517738342
5084,14,1,0.028286650776863098
5085,14,2,0.22899660468101501
5086,14,3,0.034158285707235336
5087,14,4,0.038809794932603836
5088,14,5,0.058350466191768646
5089,14,6,0.08215180039405823
5090,14,7,0.11039498448371887
5091,14,8,0.05746743083000183
5092,14,9,0.08631327003240585
5093,14,10,0.047516319900751114
5094,14,11,0.10683713853359222
5095,14,12,0.028171563521027565
5096,14,13,0.13211262226104736
5097,14,14,0.10930062085390091
5098,14,15,0.03731336444616318
5099,14,16,0.036482974886894226
5100,14,17,0.11699319630861282
5101,14,18,0.056330978870391846
5102,14,19,0.1187521368265152
5103,14,20,0.02580317109823227
5104,14,21,0.051284123212099075
5105,14,22,0.07539593428373337
5106,14,23,0.05972500890493393
5107,14,24,0.06411650776863098
5108,14,25,0.022493045777082443
5109,14,26,0.0825158953666687
5110,14,27,0.12625011801719666
5111,14,28,0.0170440636575222
5112,14,29,0.06143519654870033
5113,14,30,0.06474969536066055
5114,14,31,0.08464471995830536
5115,14,32,0.025552473962306976
5116,14,33,0.05297517031431198
5117,14,34,0.08927926421165466
5118,14,35,0.07221408188343048
5119,14,36,0.08537270128726959
5120,14,37,0.13967575132846832
5121,14,38,0.06581182032823563
5122,14,39,0.08126381784677505
5123,14,40,0.06414306163787842
5124,14,41,0.06061646714806557
5125,14,42,0.01790131814777851
5126,14,43,0.09996218979358673
5127,14,44,0.08084441721439362
5128,14,45,0.04050643369555473
5129,14,46,0.06541932374238968
5130,14,47,0.03502978757023811
5131,14,48,0.20374485850334167
5132,14,49,0.1111195757985115
5133,14,50,0.0672709122300148
5134,14,51,0.10463901609182358
5135,14,52,0.09631168097257614
5136,14,53,0.0668967142701149
5137,14,54,0.10062242299318314
5138,14,55,0.09032785892486572
5139,14,56,0.08993510156869888
5140,14,57,0.12543027102947235
5141,14,58,0.028110558167099953
5142,14,59,0.07790792733430862
5143,14,60,0.04999316483736038
5144,14,61,0.1794067621231079
5145,14,62,0.09469246119260788
5146,14,63,0.19722583889961243
5147,14,64,0.050571464002132416
5148,14,65,0.0881359726190567
5149,14,66,0.02607712149620056
5150,14,67,0.0290887001901865
5151,14,68,0.0653814896941185
5152,14,69,0.0897781029343605
5153,14,70,0.058801449835300446
5154,14,71,0.06682822853326797
5155,14,72,0.06883762031793594
5156,14,73,0.19046413898468018
5157,14,74,0.020173074677586555
5158,14,75,0.06405115872621536
5159,14,76,0.09321236610412598
5160,14,77,0.0583999939262867
5161,14,78,0.152001291513443
5162,14,79,0.08608055859804153
5163,14,80,0.18035128712654114
5164,14,81,0.05452921241521835
5165,14,82,0.01923029124736786
5166,14,83,0.12240840494632721
5167,14,84,0.10865774750709534
5168,14,85,0.0685744509100914
5169,14,86,0.09622661769390106
5170,14,87,0.04862885922193527
5171,14,88,0.12344395369291306
5172,14,89,0.09732785820960999
5173,14,90,0.02770036831498146
5174,14,91,0.035178638994693756
5175,14,92,0.05490189418196678
5176,14,93,0.09932001680135727
5177,14,94,0.11269522458314896
5178,14,95,0.0874008908867836
5179,14,96,0.057156287133693695
5180,14,97,0.05505615472793579
5181,14,98,0.09089501202106476
5182,14,99,0.023369891569018364
5183,14,100,0.05559217184782028
5184,14,101,0.12237018346786499
5185,14,102,0.08546525239944458
5186,14,103,0.09466300159692764
5187,14,104,0.024616379290819168
5188,14,105,0.05899951979517937
5189,14,106,0.08931098878383636
5190,14,107,0.044186610728502274
5191,14,108,0.123746357858181
5192,14,109,0.06870986521244049
5193,14,110,0.18585918843746185
5194,14,111,0.15720851719379425
5195,14,112,0.14424210786819458
5196,14,113,0.045242056250572205
5197,14,114,0.09069172292947769
5198,14,115,0.036866359412670135
5199,14,116,0.06565877795219421
5200,14,117,0.04690205305814743
5201,14,118,0.05262332409620285
5202,14,119,0.08102214336395264
5203,14,120,0.10495965927839279
5204,14,121,0.12257980555295944
5205,14,122,0.038249049335718155
5206,14,123,0.022755181416869164
5207,14,124,0.15382903814315796
5208,14,125,0.11143562942743301
5209,14,126,0.09146810322999954
5210,14,127,0.033777084201574326
5211,14,128,0.014781264588236809
5212,14,129,0.06699559837579727
5213,14,130,0.13815154135227203
5214,14,131,0.05249830335378647
5215,14,132,0.1228703185915947
5216,14,133,0.09697256982326508
5217,14,134,0.05378188192844391
5218,14,135,0.054491445422172546
5219,14,136,0.02699446864426136
5220,14,137,0.1567326933145523
5221,14,138,0.05514304339885712
5222,14,139,0.076992928981781
5223,14,140,0.061972279101610184
5224,14,141,0.06073920801281929
5225,14,142,0.08494651317596436
5226,14,143,0.07650136202573776
5227,14,144,0.16804976761341095
5228,14,145,0.029456540942192078
5229,14,146,0.055227458477020264
5230,14,147,0.16441302001476288
5231,14,148,0.12146551162004471
5232,14,149,0.05797455087304115
5233,14,150,0.10272661596536636
5234,14,151,0.09262984246015549
5235,14,152,0.05863221362233162
5236,14,153,0.02604690194129944
5237,14,154,0.0974193587899208
5238,14,155,0.08574163913726807
5239,14,156,0.0790385976433754
5240,14,157,0.07626684010028839
5241,14,158,0.10415361821651459
5242,14,159,0.036646127700805664
5243,14,160,0.061505626887083054
5244,14,161,0.1301502138376236
5245,14,162,0.05534917488694191
5246,14,163,0.058376457542181015
5247,14,164,0.09796662628650665
5248,14,165,0.12498254328966141
5249,14,166,0.08796076476573944
5250,14,167,0.05843900516629219
5251,14,168,0.12367724627256393
5252,14,169,0.040488101541996
5253,14,170,0.12857171893119812
5254,14,171,0.1398715376853943
5255,14,172,0.08623991161584854
5256,14,173,0.08688484132289886
5257,14,174,0.06542474031448364
5258,14,175,0.046497195959091187
5259,14,176,0.050232626497745514
5260,14,177,0.08217117935419083
5261,14,178,0.09223881363868713
5262,14,179,0.1193842664361
5263,14,180,0.04049641638994217
5264,14,181,0.11870595067739487
5265,14,182,0.09073767066001892
5266,14,183,0.04293154552578926
5267,14,184,0.024298595264554024
5268,14,185,0.08804421126842499
5269,14,186,0.07470276951789856
5270,14,187,0.06148681044578552
5271,14,188,0.08136419951915741
5272,14,189,0.11866824328899384
5273,14,190,0.023800749331712723
5274,14,191,0.06623467057943344
5275,14,192,0.1496608406305313
5276,14,193,0.10195092111825943
5277,14,194,0.027022328227758408
5278,14,195,0.21595776081085205
5279,14,196,0.08003111183643341
5280,14,197,0.02722093090415001
5281,14,198,0.0949329361319542
5282,14,199,0.07925838977098465
5283,14,200,0.07017157226800919
5284,14,201,0.06125868856906891
5285,14,202,0.039063964039087296
5286,14,203,0.059608474373817444
5287,14,204,0.028899943456053734
5288,14,205,0.06768904626369476
5289,14,206,0.10541441291570663
5290,14,207,0.1329864114522934
5291,14,208,0.09083977341651917
5292,14,209,0.07612541317939758
5293,14,210,0.07412130385637283
5294,14,211,0.0970689132809639
5295,14,212,0.08459511399269104
5296,14,213,0.1032719761133194
5297,14,214,0.09199212491512299
5298,14,215,0.06896166503429413
5299,14,216,0.13166791200637817
5300,14,217,0.09276292473077774
5301,14,218,0.09609474986791611
5302,14,219,0.03930167853832245
5303,14,220,0.07860812544822693
5304,14,221,0.061312220990657806
5305,14,222,0.13317608833312988
5306,14,223,0.12917493283748627
5307,14,224,0.10579495877027512
5308,14,225,0.08129730820655823
5309,14,226,0.049844712018966675
5310,14,227,0.05619547888636589
5311,14,228,0.04532976448535919
5312,14,229,0.0701797604560852
5313,14,230,0.14821167290210724
5314,14,231,0.07585053890943527
5315,14,232,0.05232080817222595
5316,14,233,0.053217701613903046
5317,14,234,0.0944741815328598
5318,14,235,0.09192287921905518
5319,14,236,0.1261889487504959
5320,14,237,0.09641484171152115
5321,14,238,0.05251491442322731
5322,14,239,0.1198938712477684
5323,14,240,0.041411977261304855
5324,14,241,0.06806550920009613
5325,14,242,0.10046128928661346
5326,14,243,0.07447846233844757
5327,14,244,0.048988815397024155
5328,14,245,0.050154414027929306
5329,14,246,0.0696549341082573
5330,14,247,0.05085030943155289
5331,14,248,0.09402736276388168
5332,14,249,0.04459980130195618
5333,14,250,0.04625014215707779
5334,14,251,0.06338469684123993
5335,14,252,0.0598759725689888
5336,14,253,0.10419487953186035
5337,14,254,0.035068344324827194
5338,14,255,0.012049826793372631
5339,14,256,0.04898211359977722
5340,14,257,0.047595828771591187
5341,14,258,0.01962118409574032
5342,14,259,0.05187467858195305
5343,14,260,0.0600762739777565
5344,14,261,0.07119950652122498
5345,14,262,0.08468576520681381
5346,14,263,0.06780066341161728
5347,14,264,0.027006013318896294
5348,14,265,0.14582772552967072
5349,14,266,0.04805562645196915
5350,14,267,0.08864054083824158
5351,14,268,0.0497761070728302
5352,14,269,0.059306398034095764
5353,14,270,0.052630484104156494
5354,14,271,0.1478673368692398
5355,14,272,0.15203939378261566
5356,14,273,0.19489549100399017
5357,14,274,0.06206216290593147
5358,14,275,0.12104247510433197
5359,14,276,0.15503962337970734
5360,14,277,0.2832007110118866
5361,14,278,0.12493517249822617
5362,14,279,0.08887101709842682
5363,14,280,0.14498215913772583
5364,14,281,0.17880377173423767
5365,14,282,0.07761376351118088
5366,14,283,0.14280149340629578
5367,14,284,0.12566453218460083
5368,14,285,0.042980510741472244
5369,14,286,0.12623275816440582
5370,14,287,0.06408016383647919
5371,14,288,0.15415549278259277
5372,14,289,0.11222892254590988
5373,14,290,0.039264991879463196
5374,14,291,0.146071657538414
5375,14,292,0.1346142441034317
5376,14,293,0.11859548091888428
5377,14,294,0.1621473878622055
5378,14,295,0.11715126782655716
5379,14,296,0.1205265149474144
5380,14,297,0.2663096487522125
5381,14,298,0.11666327714920044
5382,14,299,0.1444309651851654
5383,14,300,0.09318123012781143
5384,14,301,0.09411078691482544
5385,14,302,0.06221752241253853
5386,14,303,0.10091967135667801
5387,14,304,0.13826332986354828
5388,14,305,0.06979761272668839
5389,14,306,0.10560902208089828
5390,14,307,0.10994528234004974
5391,14,308,0.09583685547113419
5392,14,309,0.06094297766685486
5393,14,310,0.04841366782784462
5394,14,311,0.10680778324604034
5395,14,312,0.04314310848712921
5396,14,313,0.029267745092511177
5397,14,314,0.1347813904285431
5398,14,315,0.07772092521190643
5399,14,316,0.058021146804094315
5400,14,317,0.2779373228549957
5401,14,318,0.05763968080282211
5402,14,319,0.1407782882452011
5403,14,320,0.10275059938430786
5404,14,321,0.0505400188267231
5405,14,322,0.035450901836156845
5406,14,323,0.05415951833128929
5407,14,324,0.08386822789907455
5408,14,325,0.14905062317848206
5409,14,326,0.06790440529584885
5410,14,327,0.06061426177620888
5411,14,328,0.03570743650197983
5412,14,329,0.05361635982990265
5413,14,330,0.08649404346942902
5414,14,331,0.09343138337135315
5415,14,332,0.05106418579816818
5416,14,333,0.10691257566213608
5417,14,334,0.1224323958158493
5418,14,335,0.11160564422607422
5419,14,336,0.19745755195617676
5420,14,337,0.15810178220272064
5421,14,338,0.04310854524374008
5422,14,339,0.058202341198921204
5423,14,340,0.0678752213716507
5424,14,341,0.06465784460306168
5425,14,342,0.11154261231422424
5426,14,343,0.16179317235946655
5427,14,344,0.06782760471105576
5428,14,345,0.07484249770641327
5429,14,346,0.09687304496765137
5430,14,347,0.07880764454603195
5431,14,348,0.07834770530462265
5432,14,349,0.051821060478687286
5433,14,350,0.0901426151394844
5434,14,351,0.11827754229307175
5435,14,352,0.06354139000177383
5436,14,353,0.1081574410200119
5437,14,354,0.07144050300121307
5438,14,355,0.083125039935112
5439,14,356,0.05652891471982002
5440,14,357,0.10622755438089371
5441,14,358,0.15755096077919006
5442,14,359,0.15036803483963013
5443,14,360,0.14397478103637695
5444,14,361,0.04740642011165619
5445,14,362,0.10353569686412811
5446,14,363,0.09768035262823105
5447,14,364,0.07451527565717697
5448,14,365,0.12591882050037384
5449,14,366,0.07320800423622131
5450,14,367,0.1301274448633194
5451,14,368,0.032697662711143494
5452,14,369,0.08645016700029373
5453,14,370,0.1737547218799591
5454,14,371,0.08648534119129181
5455,14,372,0.07846211642026901
5456,14,373,0.13332504034042358
5457,14,374,0.14786095917224884
5458,14,375,0.07787609100341797
5459,14,376,0.12587380409240723
5460,14,377,0.09502917528152466
5461,14,378,0.06990540772676468
5462,14,379,0.23058010637760162
5463,14,380,0.05069628357887268
5464,14,381,0.17492374777793884
5465,14,382,0.06295126676559448
5466,14,383,0.06219934672117233
5467,14,384,0.06037026643753052
5468,14,385,0.07390620559453964
5469,14,386,0.13446757197380066
5470,14,387,0.09495117515325546
5471,14,388,0.1032218486070633
5472,14,389,0.05468697473406792
5473,14,390,0.10172061622142792
5474,14,391,0.12064915895462036
5475,15,1,0.050468042492866516
5476,15,2,0.0899810716509819
5477,15,3,0.025274554267525673
5478,15,4,0.012240437790751457
5479,15,5,0.03920026123523712
5480,15,6,0.05239588022232056
5481,15,7,0.0737491250038147
5482,15,8,0.07543070614337921
5483,15,9,0.12388435751199722
5484,15,10,0.05945739150047302
5485,15,11,0.029329368844628334
5486,15,12,0.03485911339521408
5487,15,13,0.06778061389923096
5488,15,14,0.0467548742890358
5489,15,15,0.07258956134319305
5490,15,16,0.05702255293726921
5491,15,17,0.039067499339580536
5492,15,18,0.029125262051820755
5493,15,19,0.06306789070367813
5494,15,20,0.03826858475804329
5495,15,21,0.0968426764011383
5496,15,22,0.1139993816614151
5497,15,23,0.12932483851909637
5498,15,24,0.03713390603661537
5499,15,25,0.1088438406586647
5500,15,26,0.04965972900390625
5501,15,27,0.05538993701338768
5502,15,28,0.04870934039354324
5503,15,29,0.08730918914079666
5504,15,30,0.012096011079847813
5505,15,31,0.03795049339532852
5506,15,32,0.09007743746042252
5507,15,33,0.11187802255153656
5508,15,34,0.03530055657029152
5509,15,35,0.026895729824900627
5510,15,36,0.039275623857975006
5511,15,37,0.03773271292448044
5512,15,38,0.07642783224582672
5513,15,39,0.01575966738164425
5514,15,40,0.1338794231414795
5515,15,41,0.10093365609645844
5516,15,42,0.0937044620513916
5517,15,43,0.07824685424566269
5518,15,44,0.08529053628444672
5519,15,45,0.016502022743225098
5520,15,46,0.014886927790939808
5521,15,47,0.05175575986504555
5522,15,48,0.06373946368694305
5523,15,49,0.0924130231142044
5524,15,50,0.044474463909864426
5525,15,51,0.046056896448135376
5526,15,52,0.06762750446796417
5527,15,53,0.044190745800733566
5528,15,54,0.08754786103963852
5529,15,55,0.10245765000581741
5530,15,56,0.09369830787181854
5531,15,57,0.022634832188487053
5532,15,58,0.05321293696761131
5533,15,59,0.024547241628170013
5534,15,60,0.019354069605469704
5535,15,61,0.0760161429643631
5536,15,62,0.09873403608798981
5537,15,63,0.0808366909623146
5538,15,64,0.07293283194303513
5539,15,65,0.05228137597441673
5540,15,66,0.08356130868196487
5541,15,67,0.06381138414144516
5542,15,68,0.05807696282863617
5543,15,69,0.010920319706201553
5544,15,70,0.10611949115991592
5545,15,71,0.11416073888540268
5546,15,72,0.07678398489952087
5547,15,73,0.09353228658437729
5548,15,74,0.05757977440953255
5549,15,75,0.10671253502368927
5550,15,76,0.10597444325685501
5551,15,77,0.12745964527130127
5552,15,78,0.07550835609436035
5553,15,79,0.06739286333322525
5554,15,80,0.14524409174919128
5555,15,81,0.07982506603002548
5556,15,82,0.04618503898382187
5557,15,83,0.1829843968153
5558,15,84,0.07271962612867355
5559,15,85,0.046463772654533386
5560,15,86,0.06901760399341583
5561,15,87,0.07093799859285355
5562,15,88,0.03158852830529213
5563,15,89,0.057885318994522095
5564,15,90,0.06961686909198761
5565,15,91,0.08507997542619705
5566,15,92,0.1326846480369568
5567,15,93,0.06102137267589569
5568,15,94,0.13316650688648224
5569,15,95,0.11596713960170746
5570,15,96,0.025516167283058167
5571,15,97,0.013811538927257061
5572,15,98,0.08518463373184204
5573,15,99,0.08711977303028107
5574,15,100,0.031137123703956604
5575,15,101,0.08195237815380096
5576,15,102,0.04169612005352974
5577,15,103,0.15502798557281494
5578,15,104,0.07206989824771881
5579,15,105,0.0092644477263093
5580,15,106,0.08798669278621674
5581,15,107,0.017940033227205276
5582,15,108,0.06878215074539185
5583,15,109,0.05905941501259804
5584,15,110,0.05591525882482529
5585,15,111,0.056657977402210236
5586,15,112,0.09997685998678207
5587,15,113,0.045965712517499924
5588,15,114,0.03512293100357056
5589,15,115,0.13111408054828644
5590,15,116,0.11828067153692245
5591,15,117,0.05457334592938423
5592,15,118,0.05799565836787224
5593,15,119,0.05131704732775688
5594,15,120,0.06580526381731033
5595,15,121,0.11352699249982834
5596,15,122,0.1349630355834961
5597,15,123,0.06756039708852768
5598,15,124,0.02326822839677334
5599,15,125,0.049347709864377975
5600,15,126,0.08717222511768341
5601,15,127,0.08801279962062836
5602,15,128,0.0536063089966774
5603,15,129,0.08658163994550705
5604,15,130,0.020850811153650284
5605,15,131,0.11563675850629807
5606,15,132,0.1191108226776123
5607,15,133,0.054531268775463104
5608,15,134,0.1022963598370552
5609,15,135,0.18321307003498077
5610,15,136,0.08440372347831726
5611,15,137,0.1414969116449356
5612,15,138,0.0687989890575409
5613,15,139,0.13366998732089996
5614,15,140,0.04240642115473747
5615,15,141,0.03937818855047226
5616,15,142,0.03907763212919235
5617,15,143,0.04161452874541283
5618,15,144,0.09515935927629471
5619,15,145,0.11064200848340988
5620,15,146,0.18032962083816528
5621,15,147,0.030086684972047806
5622,15,148,0.07561512291431427
5623,15,149,0.08514431864023209
5624,15,150,0.15936091542243958
5625,15,151,0.07004419714212418
5626,15,152,0.0936092734336853
5627,15,153,0.10988732427358627
5628,15,154,0.044594764709472656
5629,15,155,0.09047942608594894
5630,15,156,0.04876750335097313
5631,15,157,0.05898142233490944
5632,15,158,0.04586457088589668
5633,15,159,0.04533231630921364
5634,15,160,0.04623515158891678
5635,15,161,0.023665716871619225
5636,15,162,0.10802406817674637
5637,15,163,0.07218685001134872
5638,15,164,0.03822847455739975
5639,15,165,0.023988598957657814
5640,15,166,0.14917996525764465
5641,15,167,0.1347263604402542
5642,15,168,0.0906965583562851
5643,15,169,0.020391372963786125
5644,15,170,0.0692395344376564
5645,15,171,0.045464061200618744
5646,15,172,0.0956835150718689
5647,15,173,0.07082700729370117
5648,15,174,0.07315480709075928
5649,15,175,0.06585617363452911
5650,15,176,0.022841323167085648
5651,15,177,0.07989288121461868
5652,15,178,0.12198302149772644
5653,15,179,0.16734100878238678
5654,15,180,0.05978533253073692
5655,15,181,0.10609922558069229
5656,15,182,0.03732592239975929
5657,15,183,0.07801996916532516
5658,15,184,0.054658982902765274
5659,15,185,0.13601918518543243
5660,15,186,0.048539791256189346
5661,15,187,0.14876492321491241
5662,15,188,0.04895198345184326
5663,15,189,0.048379991203546524
5664,15,190,0.06410478800535202
5665,15,191,0.09506694227457047
5666,15,192,0.07975427806377411
5667,15,193,0.07057800143957138
5668,15,194,0.055905669927597046
5669,15,195,0.040063172578811646
5670,15,196,0.12194949388504028
5671,15,197,0.06414657831192017
5672,15,198,0.047598324716091156
5673,15,199,0.021625295281410217
5674,15,200,0.07324130833148956
5675,15,201,0.10626160353422165
5676,15,202,0.0905677080154419
5677,15,203,0.022059064358472824
5678,15,204,0.05781267583370209
5679,15,205,0.04942524805665016
5680,15,206,0.048532143235206604
5681,15,207,0.11074017733335495
5682,15,208,0.08109583705663681
5683,15,209,0.0729769915342331
5684,15,210,0.020674601197242737
5685,15,211,0.07977297902107239
5686,15,212,0.06206389144062996
5687,15,213,0.03759725019335747
5688,15,214,0.053500737994909286
5689,15,215,0.07098355144262314
5690,15,216,0.06668819487094879
5691,15,217,0.03038921020925045
5692,15,218,0.11165284365415573
5693,15,219,0.07104897499084473
5694,15,220,0.05999405309557915
5695,15,221,0.006987215951085091
5696,15,222,0.06717570871114731
5697,15,223,0.0751555785536766
5698,15,224,0.05660243704915047
5699,15,225,0.11489018052816391
5700,15,226,0.05998212844133377
5701,15,227,0.06019837409257889
5702,15,228,0.04891926795244217
5703,15,229,0.1403573453426361
5704,15,230,0.0726933479309082
5705,15,231,0.018348628655076027
5706,15,232,0.04145180433988571
5707,15,233,0.05014600232243538
5708,15,234,0.05824355036020279
5709,15,235,0.016430502757430077
5710,15,236,0.03714286908507347
5711,15,237,0.06477601826190948
5712,15,238,0.04222312569618225
5713,15,239,0.1464100182056427
5714,15,240,0.07721434533596039
5715,15,241,0.06386499106884003
5716,15,242,0.12714874744415283
5717,15,243,0.06635621190071106
5718,15,244,0.07154227048158646
5719,15,245,0.024221517145633698
5720,15,246,0.0733460858464241
5721,15,247,0.16473285853862762
5722,15,248,0.1632705181837082
5723,15,249,0.07122745364904404
5724,15,250,0.05671922117471695
5725,15,251,0.16461379826068878
5726,15,252,0.12524178624153137
5727,15,253,0.05478593334555626
5728,15,254,0.10541491210460663
5729,15,255,0.07638867199420929
5730,15,256,0.16187191009521484
5731,15,257,0.09650491178035736
5732,15,258,0.10199015587568283
5733,15,259,0.0765049085021019
5734,15,260,0.05262867361307144
5735,15,261,0.05713585764169693
5736,15,262,0.12134263664484024
5737,15,263,0.1783236712217331
5738,15,264,0.13611449301242828
5739,15,265,0.09515117853879929
5740,15,266,0.10265982896089554
5741,15,267,0.1467338502407074
5742,15,268,0.05691556632518768
5743,15,269,0.044414013624191284
5744,15,270,0.10803722590208054
5745,15,271,0.06037655100226402
5746,15,272,0.0726727768778801
5747,15,273,0.08683811873197556
5748,15,274,0.06877587735652924
5749,15,275,0.06846527755260468
5750,15,276,0.09147540479898453
5751,15,277,0.09167013317346573
5752,15,278,0.0802500918507576
5753,15,279,0.03146025165915489
5754,15,280,0.10985033959150314
5755,15,281,0.04583997651934624
5756,15,282,0.11748586595058441
5757,15,283,0.038192350417375565
5758,15,284,0.11130458116531372
5759,15,285,0.05297961086034775
5760,15,286,0.029861588031053543
5761,15,287,0.05656912177801132
5762,15,288,0.05408694967627525
5763,15,289,0.06077290326356888
5764,15,290,0.14276039600372314
5765,15,291,0.019114015623927116
5766,15,292,0.05056549608707428
5767,15,293,0.03267999738454819
5768,15,294,0.05295075848698616
5769,15,295,0.08460739254951477
5770,15,296,0.04844037815928459
5771,15,297,0.10235697031021118
5772,15,298,0.07194463908672333
5773,15,299,0.09525084495544434
5774,15,300,0.06699496507644653
5775,15,301,0.11830595135688782
5776,15,302,0.06880804896354675
5777,15,303,0.08318562060594559
5778,15,304,0.05621757730841637
5779,15,305,0.02901647984981537
5780,15,306,0.07512913644313812
5781,15,307,0.032947152853012085
5782,15,308,0.06282240152359009
5783,15,309,0.04931729659438133
5784,15,310,0.13179905712604523
5785,15,311,0.030565036460757256
5786,15,312,0.04130105301737785
5787,15,313,0.10900246351957321
5788,15,314,0.025221966207027435
5789,15,315,0.1429397612810135
5790,15,316,0.08602605015039444
5791,15,317,0.03125055879354477
5792,15,318,0.07667689025402069
5793,15,319,0.1185530424118042
5794,15,320,0.05479016900062561
5795,15,321,0.050132837146520615
5796,15,322,0.11070150882005692
5797,15,323,0.09008989483118057
5798,15,324,0.17407408356666565
5799,15,325,0.17011301219463348
5800,15,326,0.04068521037697792
5801,15,327,0.013394471257925034
5802,15,328,0.114518903195858
5803,15,329,0.04540164768695831
5804,15,330,0.036835927516222
5805,15,331,0.04450763761997223
5806,15,332,0.03875981643795967
5807,15,333,0.15591061115264893
5808,15,334,0.08015257865190506
5809,15,335,0.05000358819961548
5810,15,336,0.05841895565390587
5811,15,337,0.1979760378599167
5812,15,338,0.031565021723508835
5813,15,339,0.09885962307453156
5814,15,340,0.0654333308339119
5815,15,341,0.11355683952569962
5816,15,342,0.058377571403980255
5817,15,343,0.1812649369239807
5818,15,344,0.06830144673585892
5819,15,345,0.04832872748374939
5820,15,346,0.05611646547913551
5821,15,347,0.09965626895427704
5822,15,348,0.1208408772945404
5823,15,349,0.1396314799785614
5824,15,350,0.1041833907365799
5825,15,351,0.14999356865882874
5826,15,352,0.13690654933452606
5827,15,353,0.09694680571556091
5828,15,354,0.07886815071105957
5829,15,355,0.101626455783844
5830,15,356,0.11970524489879608
5831,15,357,0.05223938450217247
5832,15,358,0.017358673736453056
5833,15,359,0.11574646830558777
5834,15,360,0.04685041680932045
5835,15,361,0.07320722937583923
5836,15,362,0.09998518973588943
5837,15,363,0.056094396859407425
5838,15,364,0.11546739935874939
5839,15,365,0.025205478072166443
5840,15,366,0.07160596549510956
5841,15,367,0.08428405225276947
5842,15,368,0.022063670679926872
5843,15,369,0.04502059891819954
5844,15,370,0.07586928457021713
5845,15,371,0.18194064497947693
5846,15,372,0.049310725182294846
5847,15,373,0.1411309689283371
5848,15,374,0.17192469537258148
5849,15,375,0.21945993602275848
5850,15,376,0.1054156944155693
5851,15,377,0.05862488970160484
5852,15,378,0.08724761754274368
5853,15,379,0.0960576981306076
5854,15,380,0.11997773498296738
5855,15,381,0.060328587889671326
5856,15,382,0.10207078605890274
5857,15,383,0.03964321315288544
5858,15,384,0.10818733274936676
5859,15,385,0.03912839666008949
5860,15,386,0.04941803589463234
5861,15,387,0.07271834462881088
5862,15,388,0.12729234993457794
5863,15,389,0.12065563350915909
5864,15,390,0.019456766545772552
5865,15,391,0.05226192623376846
5866,16,1,0.026817863807082176
5867,16,2,0.03403310850262642
5868,16,3,0.06523836404085159
5869,16,4,0.03065921925008297
5870,16,5,0.07976546138525009
5871,16,6,0.016780026257038116
5872,16,7,0.05604397878050804
5873,16,8,0.05408698692917824
5874,16,9,0.09216222167015076
5875,16,10,0.016437072306871414
5876,16,11,0.06366913765668869
5877,16,12,0.05400841683149338
5878,16,13,0.028736215084791183
5879,16,14,0.05010339617729187
5880,16,15,0.029380356892943382
5881,16,16,0.018515275791287422
5882,16,17,0.02837490104138851
5883,16,18,0.06487817317247391
5884,16,19,0.10026533901691437
5885,16,20,0.07997909188270569
5886,16,21,0.005333339795470238
5887,16,22,0.05640382319688797
5888,16,23,0.053106751292943954
5889,16,24,0.008029300719499588
5890,16,25,0.0299335028976202
5891,16,26,0.07395055890083313
5892,16,27,0.044845495373010635
5893,16,28,0.0851173847913742
5894,16,29,0.01638629101216793
5895,16,30,0.12161743640899658
5896,16,31,0.04091139882802963
5897,16,32,0.030261842533946037
5898,16,33,0.07675044238567352
5899,16,34,0.02036198601126671
5900,16,35,0.0766812190413475
5901,16,36,0.06737282872200012
5902,16,37,0.06103014200925827
5903,16,38,0.09276557713747025
5904,16,39,0.0301433727145195
5905,16,40,0.01720581203699112
5906,16,41,0.042466919869184494
5907,16,42,0.01840265840291977
5908,16,43,0.05398626998066902
5909,16,44,0.05852389708161354
5910,16,45,0.09807595610618591
5911,16,46,0.027708696201443672
5912,16,47,0.023854034021496773
5913,16,48,0.09106934815645218
5914,16,49,0.031568992882966995
5915,16,50,0.03789162635803223
5916,16,51,0.03465913236141205
5917,16,52,0.05252217501401901
5918,16,53,0.0022965241223573685
5919,16,54,0.04164055362343788
5920,16,55,0.06399790197610855
5921,16,56,0.08780574798583984
5922,16,57,0.11365091055631638
5923,16,58,0.035235363990068436
5924,16,59,0.04841620475053787
5925,16,60,0.1160711795091629
5926,16,61,0.03946869820356369
5927,16,62,0.020862597972154617
5928,16,63,0.03132365271449089
5929,16,64,0.020066892728209496
5930,16,65,0.026164989918470383
5931,16,66,0.04647362604737282
5932,16,67,0.09042604267597198
5933,16,68,0.11533351987600327
5934,16,69,0.07285681366920471
5935,16,70,0.0925443172454834
5936,16,71,0.10313994437456131
5937,16,72,0.03572726994752884
5938,16,73,0.08137640357017517
5939,16,74,0.1392752081155777
5940,16,75,0.05003044754266739
5941,16,76,0.04320336878299713
5942,16,77,0.04523121565580368
5943,16,78,0.03785496577620506
5944,16,79,0.015531912446022034
5945,16,80,0.17225894331932068
5946,16,81,0.055316466838121414
5947,16,82,0.07920698076486588
5948,16,83,0.00923527218401432
5949,16,84,0.06804251670837402
5950,16,85,0.06809491664171219
5951,16,86,0.054670557379722595
5952,16,87,0.06938136368989944
5953,16,88,0.028224941343069077
5954,16,89,0.08004605025053024
5955,16,90,0.023189516738057137
5956,16,91,0.10405026376247406
5957,16,92,0.06632578372955322
5958,16,93,0.09561921656131744
5959,16,94,0.026093460619449615
5960,16,95,0.046351660043001175
5961,16,96,0.05077064409852028
5962,16,97,0.08015307784080505
5963,16,98,0.07840581238269806
5964,16,99,0.06967875361442566
5965,16,100,0.13468411564826965
5966,16,101,0.030013209208846092
5967,16,102,0.05524187535047531
5968,16,103,0.07860632240772247
5969,16,104,0.09655623883008957
5970,16,105,0.027089161798357964
5971,16,106,0.06116696074604988
5972,16,107,0.04335872828960419
5973,16,108,0.04078548029065132
5974,16,109,0.028330262750387192
5975,16,110,0.049392327666282654
5976,16,111,0.06716062128543854
5977,16,112,0.06149721145629883
5978,16,113,0.1031683087348938
5979,16,114,0.03890669345855713
5980,16,115,0.040681418031454086
5981,16,116,0.03911806643009186
5982,16,117,0.08335582166910172
5983,16,118,0.054908040910959244
5984,16,119,0.05274124816060066
5985,16,120,0.08566326647996902
5986,16,121,0.0657893717288971
5987,16,122,0.0403171181678772
5988,16,123,0.0389401912689209
5989,16,124,0.08334539085626602
5990,16,125,0.09528064727783203
5991,16,126,0.048963963985443115
5992,16,127,0.012567571364343166
5993,16,128,0.05260362848639488
5994,16,129,0.04620853811502457
5995,16,130,0.07653878629207611
5996,16,131,0.019336290657520294
5997,16,132,0.08443785458803177
5998,16,133,0.04302496090531349
5999,16,134,0.047021254897117615
6000,16,135,0.054909348487854004
6001,16,136,0.06645897030830383
6002,16,137,0.10151289403438568
6003,16,138,0.034174948930740356
6004,16,139,0.15472590923309326
6005,16,140,0.09489265829324722
6006,16,141,0.07781608402729034
6007,16,142,0.058311354368925095
6008,16,143,0.05057135596871376
6009,16,144,0.034643419086933136
6010,16,145,0.042163386940956116
6011,16,146,0.06658339500427246
6012,16,147,0.05135180056095123
6013,16,148,0.05892575904726982
6014,16,149,0.03803166747093201
6015,16,150,0.0636707991361618
6016,16,151,0.08903982490301132
6017,16,152,0.11608386039733887
6018,16,153,0.08039334416389465
6019,16,154,0.019701343029737473
6020,16,155,0.01851804554462433
6021,16,156,0.03549729287624359
6022,16,157,0.1053391844034195
6023,16,158,0.18273991346359253
6024,16,159,0.09161746501922607
6025,16,160,0.014854061417281628
6026,16,161,0.1410336047410965
6027,16,162,0.04167252406477928
6028,16,163,0.10082067549228668
6029,16,164,0.07248295843601227
6030,16,165,0.08105132728815079
6031,16,166,0.10505498200654984
6032,16,167,0.06825395673513412
6033,16,168,0.08000768721103668
6034,16,169,0.14091289043426514
6035,16,170,0.04843394458293915
6036,16,171,0.08663103729486465
6037,16,172,0.06767955422401428
6038,16,173,0.06918200105428696
6039,16,174,0.023251479491591454
6040,16,175,0.03204157575964928
6041,16,176,0.06049499288201332
6042,16,177,0.0416676327586174
6043,16,178,0.13536792993545532
6044,16,179,0.12981078028678894
6045,16,180,0.07751688361167908
6046,16,181,0.06460120528936386
6047,16,182,0.04266650602221489
6048,16,183,0.07645940780639648
6049,16,184,0.0842527449131012
6050,16,185,0.11594562232494354
6051,16,186,0.059320274740457535
6052,16,187,0.06839478760957718
6053,16,188,0.03896338492631912
6054,16,189,0.0495976097881794
6055,16,190,0.043935585767030716
6056,16,191,0.0949597880244255
6057,16,192,0.10738853365182877
6058,16,193,0.12702186405658722
6059,16,194,0.05871207267045975
6060,16,195,0.051102761179208755
6061,16,196,0.10729998350143433
6062,16,197,0.10126861929893494
6063,16,198,0.04730348661541939
6064,16,199,0.056860778480768204
6065,16,200,0.045511480420827866
6066,16,201,0.030790193006396294
6067,16,202,0.04530019313097
6068,16,203,0.046878065913915634
6069,16,204,0.13853862881660461
6070,16,205,0.08138508349657059
6071,16,206,0.038054559379816055
6072,16,207,0.07212573289871216
6073,16,208,0.052022743970155716
6074,16,209,0.12366343289613724
6075,16,210,0.01798589713871479
6076,16,211,0.05830705538392067
6077,16,212,0.05477870628237724
6078,16,213,0.0724203884601593
6079,16,214,0.06525792926549911
6080,16,215,0.10187019407749176
6081,16,216,0.04175896197557449
6082,16,217,0.08365948498249054
6083,16,218,0.11257287114858627
6084,16,219,0.06547585129737854
6085,16,220,0.07147710025310516
6086,16,221,0.0922965258359909
6087,16,222,0.029172319918870926
6088,16,223,0.07649238407611847
6089,16,224,0.04367942363023758
6090,16,225,0.020949965342879295
6091,16,226,0.09706155955791473
6092,16,227,0.0491497665643692
6093,16,228,0.05444784089922905
6094,16,229,0.0387302003800869
6095,16,230,0.04063551500439644
6096,16,231,0.09173259139060974
6097,16,232,0.14443202316761017
6098,16,233,0.11347879469394684
6099,16,234,0.061489347368478775
6100,16,235,0.07126674056053162
6101,16,236,0.023455975577235222
6102,16,237,0.034204352647066116
6103,16,238,0.07883918285369873
6104,16,239,0.056753143668174744
6105,16,240,0.057548798620700836
6106,16,241,0.08776573836803436
6107,16,242,0.12110442668199539
6108,16,243,0.060957666486501694
6109,16,244,0.1165328323841095
6110,16,245,0.034584302455186844
6111,16,246,0.1337338089942932
6112,16,247,0.045142583549022675
6113,16,248,0.06539992988109589
6114,16,249,0.08281828463077545
6115,16,250,0.09056723862886429
6116,16,251,0.11957564204931259
6117,16,252,0.09043613076210022
6118,16,253,0.031690847128629684
6119,16,254,0.05137478560209274
6120,16,255,0.043140556663274765
6121,16,256,0.059249479323625565
6122,16,257,0.06726647168397903
6123,16,258,0.06806768476963043
6124,16,259,0.08100965619087219
6125,16,260,0.07643354684114456
6126,16,261,0.0522293858230114
6127,16,262,0.1759483516216278
6128,16,263,0.0438694953918457
6129,16,264,0.014298159629106522
6130,16,265,0.045353952795267105
6131,16,266,0.0266694538295269
6132,16,267,0.12529826164245605
6133,16,268,0.14569205045700073
6134,16,269,0.03537273406982422
6135,16,270,0.08343646675348282
6136,16,271,0.07139009982347488
6137,16,272,0.08297258615493774
6138,16,273,0.04371952265501022
6139,16,274,0.12938912212848663
6140,16,275,0.04628220573067665
6141,16,276,0.143257275223732
6142,16,277,0.12018132954835892
6143,16,278,0.12202281504869461
6144,16,279,0.09432198107242584
6145,16,280,0.11016084998846054
6146,16,281,0.013921682722866535
6147,16,282,0.04008183628320694
6148,16,283,0.03886965289711952
6149,16,284,0.14793820679187775
6150,16,285,0.2324240356683731
6151,16,286,0.0912182554602623
6152,16,287,0.1387312114238739
6153,16,288,0.04246152937412262
6154,16,289,0.1143433079123497
6155,16,290,0.031988825649023056
6156,16,291,0.07332032173871994
6157,16,292,0.0957016795873642
6158,16,293,0.026394451037049294
6159,16,294,0.06663660705089569
6160,16,295,0.16522271931171417
6161,16,296,0.08188779652118683
6162,16,297,0.10449919104576111
6163,16,298,0.2198345959186554
6164,16,299,0.02453220821917057
6165,16,300,0.05320567637681961
6166,16,301,0.040303606539964676
6167,16,302,0.18006029725074768
6168,16,303,0.07083024084568024
6169,16,304,0.09468524158000946
6170,16,305,0.05169256031513214
6171,16,306,0.12845641374588013
6172,16,307,0.07704174518585205
6173,16,308,0.08094000816345215
6174,16,309,0.09616459161043167
6175,16,310,0.1349734365940094
6176,16,311,0.08902308344841003
6177,16,312,0.06322265416383743
6178,16,313,0.16090384125709534
6179,16,314,0.12300876528024673
6180,16,315,0.09923805296421051
6181,16,316,0.14009585976600647
6182,16,317,0.15603086352348328
6183,16,318,0.09791713207960129
6184,16,319,0.03371656686067581
6185,16,320,0.10017115622758865
6186,16,321,0.07196580618619919
6187,16,322,0.062290072441101074
6188,16,323,0.045707181096076965
6189,16,324,0.0516337975859642
6190,16,325,0.11814619600772858
6191,16,326,0.07683156430721283
6192,16,327,0.05706794932484627
6193,16,328,0.05920340120792389
6194,16,329,0.1183718889951706
6195,16,330,0.12424163520336151
6196,16,331,0.06747256964445114
6197,16,332,0.08166635781526566
6198,16,333,0.12762945890426636
6199,16,334,0.17468614876270294
6200,16,335,0.11634379625320435
6201,16,336,0.10027816891670227
6202,16,337,0.08847127854824066
6203,16,338,0.06520245224237442
6204,16,339,0.05155865475535393
6205,16,340,0.04302583262324333
6206,16,341,0.1494521200656891
6207,16,342,0.08078260719776154
6208,16,343,0.03938518837094307
6209,16,344,0.13370272517204285
6210,16,345,0.05396878719329834
6211,16,346,0.06434696912765503
6212,16,347,0.08528182655572891
6213,16,348,0.033120784908533096
6214,16,349,0.05569212883710861
6215,16,350,0.06674093008041382
6216,16,351,0.05407663434743881
6217,16,352,0.09194442629814148
6218,16,353,0.05776948481798172
6219,16,354,0.11978092789649963
6220,16,355,0.05339931324124336
6221,16,356,0.03714367002248764
6222,16,357,0.02316923998296261
6223,16,358,0.14054277539253235
6224,16,359,0.07178321480751038
6225,16,360,0.0405723936855793
6226,16,361,0.03967195376753807
6227,16,362,0.07877515256404877
6228,16,363,0.10329660028219223
6229,16,364,0.07104362547397614
6230,16,365,0.04027344658970833
6231,16,366,0.08385792374610901
6232,16,367,0.1547086536884308
6233,16,368,0.05125463753938675
6234,16,369,0.05273181572556496
6235,16,370,0.0908716544508934
6236,16,371,0.051402196288108826
6237,16,372,0.04666145518422127
6238,16,373,0.06488177925348282
6239,16,374,0.06383679807186127
6240,16,375,0.08965287357568741
6241,16,376,0.12113416194915771
6242,16,377,0.03939876705408096
6243,16,378,0.09276262670755386
6244,16,379,0.018622925505042076
6245,16,380,0.04292869195342064
6246,16,381,0.05487535521388054
6247,16,382,0.03004436567425728
6248,16,383,0.09497657418251038
6249,16,384,0.0812571570277214
6250,16,385,0.017181091010570526
6251,16,386,0.05599519610404968
6252,16,387,0.0474272258579731
6253,16,388,0.04812024161219597
6254,16,389,0.037779901176691055
6255,16,390,0.13407544791698456
6256,16,391,0.07539404183626175
6257,17,1,0.01596006006002426
6258,17,2,0.04965547099709511
6259,17,3,0.055451735854148865
6260,17,4,0.024971745908260345
6261,17,5,0.12099679559469223
6262,17,6,0.04579925164580345
6263,17,7,0.035066455602645874
6264,17,8,0.06427007168531418
6265,17,9,0.05795566365122795
6266,17,10,0.06692535430192947
6267,17,11,0.0684501901268959
6268,17,12,0.1253928691148758
6269,17,13,0.03534775972366333
6270,17,14,0.0883411169052124
6271,17,15,0.014324554242193699
6272,17,16,0.05113675072789192
6273,17,17,0.048337072134017944
6274,17,18,0.024410439655184746
6275,17,19,0.04815833643078804
6276,17,20,0.069166399538517
6277,17,21,0.022352231666445732
6278,17,22,0.02306555211544037
6279,17,23,0.0509912483394146
6280,17,24,0.0418844148516655
6281,17,25,0.047543395310640335
6282,17,26,0.023727770894765854
6283,17,27,0.03441638499498367
6284,17,28,0.13269895315170288
6285,17,29,0.023094099014997482
6286,17,30,0.04503928869962692
6287,17,31,0.04252591356635094
6288,17,32,0.06199260801076889
6289,17,33,0.047795139253139496
6290,17,34,0.0530284121632576
6291,17,35,0.08775469660758972
6292,17,36,0.08686305582523346
6293,17,37,0.04432019218802452
6294,17,38,0.009143504314124584
6295,17,39,0.021484222263097763
6296,17,40,0.022095587104558945
6297,17,41,0.025365754961967468
6298,17,42,0.0741652175784111
6299,17,43,0.1838279664516449
6300,17,44,0.10488913208246231
6301,17,45,0.016524765640497208
6302,17,46,0.09717287868261337
6303,17,47,0.0209493525326252
6304,17,48,0.11609899997711182
6305,17,49,0.03928397223353386
6306,17,50,0.08354925364255905
6307,17,51,0.08134341239929199
6308,17,52,0.06945213675498962
6309,17,53,0.03960546478629112
6310,17,54,0.08258311450481415
6311,17,55,0.03778089955449104
6312,17,56,0.13721853494644165
6313,17,57,0.050057001411914825
6314,17,58,0.08789341151714325
6315,17,59,0.09110097587108612
6316,17,60,0.11497422307729721
6317,17,61,0.02463569864630699
6318,17,62,0.07351711392402649
6319,17,63,0.03934282064437866
6320,17,64,0.04575952887535095
6321,17,65,0.09333320707082748
6322,17,66,0.042190421372652054
6323,17,67,0.13434869050979614
6324,17,68,0.06633225828409195
6325,17,69,0.043307386338710785
6326,17,70,0.0820736363530159
6327,17,71,0.04619329050183296
6328,17,72,0.043694015592336655
6329,17,73,0.022944016382098198
6330,17,74,0.03591596335172653
6331,17,75,0.14426563680171967
6332,17,76,0.03711109235882759
6333,17,77,0.14248421788215637
6334,17,78,0.1392468512058258
6335,17,79,0.059277791529893875
6336,17,80,0.08960369974374771
6337,17,81,0.05700195953249931
6338,17,82,0.026632990688085556
6339,17,83,0.04295821487903595
6340,17,84,0.04116925224661827
6341,17,85,0.05925864726305008
6342,17,86,0.04678785428404808
6343,17,87,0.10119370371103287
6344,17,88,0.1488427370786667
6345,17,89,0.07591971009969711
6346,17,90,0.13609929382801056
6347,17,91,0.0995311439037323
6348,17,92,0.056888457387685776
6349,17,93,0.08501581847667694
6350,17,94,0.05091254413127899
6351,17,95,0.07878169417381287
6352,17,96,0.077374666929245
6353,17,97,0.10058299452066422
6354,17,98,0.07109415531158447
6355,17,99,0.031820621341466904
6356,17,100,0.04571768268942833
6357,17,101,0.01733311451971531
6358,17,102,0.042916133999824524
6359,17,103,0.06319499760866165
6360,17,104,0.025599058717489243
6361,17,105,0.03804725408554077
6362,17,106,0.03594931960105896
6363,17,107,0.07358460128307343
6364,17,108,0.08981682360172272
6365,17,109,0.03069353848695755
6366,17,110,0.05362209677696228
6367,17,111,0.13815724849700928
6368,17,112,0.04353225976228714
6369,17,113,0.03159601241350174
6370,17,114,0.06522682309150696
6371,17,115,0.0572771281003952
6372,17,116,0.04264060780405998
6373,17,117,0.02856619842350483
6374,17,118,0.1621500551700592
6375,17,119,0.04549967497587204
6376,17,120,0.09388653934001923
6377,17,121,0.04565965756773949
6378,17,122,0.058794472366571426
6379,17,123,0.07078816741704941
6380,17,124,0.053629711270332336
6381,17,125,0.024608489125967026
6382,17,126,0.047284625470638275
6383,17,127,0.07814585417509079
6384,17,128,0.05686365067958832
6385,17,129,0.049670688807964325
6386,17,130,0.07510490715503693
6387,17,131,0.03739454224705696
6388,17,132,0.048585351556539536
6389,17,133,0.10954811424016953
6390,17,134,0.06283632665872574
6391,17,135,0.06024579703807831
6392,17,136,0.08622992038726807
6393,17,137,0.02013443410396576
6394,17,138,0.04228087514638901
6395,17,139,0.04434783011674881
6396,17,140,0.14846283197402954
6397,17,141,0.03444455936551094
6398,17,142,0.07954082638025284
6399,17,143,0.029529189690947533
6400,17,144,0.06710468232631683
6401,17,145,0.05614928901195526
6402,17,146,0.10230733454227448
6403,17,147,0.051495157182216644
6404,17,148,0.05207621678709984
6405,17,149,0.06457529217004776
6406,17,150,0.10875466465950012
6407,17,151,0.08272576332092285
6408,17,152,0.08795955777168274
6409,17,153,0.025143537670373917
6410,17,154,0.03793075680732727
6411,17,155,0.033518727868795395
6412,17,156,0.011328375898301601
6413,17,157,0.017360951751470566
6414,17,158,0.046306248754262924
6415,17,159,0.04306194931268692
6416,17,160,0.07354564964771271
6417,17,161,0.08915705233812332
6418,17,162,0.026646219193935394
6419,17,163,0.09798682481050491
6420,17,164,0.019890595227479935
6421,17,165,0.05322163924574852
6422,17,166,0.04961908981204033
6423,17,167,0.06044065207242966
6424,17,168,0.10382538288831711
6425,17,169,0.10383328050374985
6426,17,170,0.048610229045152664
6427,17,171,0.031583935022354126
6428,17,172,0.08205699175596237
6429,17,173,0.020946836099028587
6430,17,174,0.016236882656812668
6431,17,175,0.023410752415657043
6432,17,176,0.02965638041496277
6433,17,177,0.025214634835720062
6434,17,178,0.08093138039112091
6435,17,179,0.0243877861648798
6436,17,180,0.09262790530920029
6437,17,181,0.061676714569330215
6438,17,182,0.028640754520893097
6439,17,183,0.050242021679878235
6440,17,184,0.059714991599321365
6441,17,185,0.0657310038805008
6442,17,186,0.036391597241163254
6443,17,187,0.03928413242101669
6444,17,188,0.04713799059391022
6445,17,189,0.03388098254799843
6446,17,190,0.014214882627129555
6447,17,191,0.0700199082493782
6448,17,192,0.028198231011629105
6449,17,193,0.042148906737565994
6450,17,194,0.05973396822810173
6451,17,195,0.10565932095050812
6452,17,196,0.02411908470094204
6453,17,197,0.07506826519966125
6454,17,198,0.062401559203863144
6455,17,199,0.07641686499118805
6456,17,200,0.047873709350824356
6457,17,201,0.00975094921886921
6458,17,202,0.03341757506132126
6459,17,203,0.05420737341046333
6460,17,204,0.02627357468008995
6461,17,205,0.0381472110748291
6462,17,206,0.020976392552256584
6463,17,207,0.0524553544819355
6464,17,208,0.05866269767284393
6465,17,209,0.06361167132854462
6466,17,210,0.1062665730714798
6467,17,211,0.07734395563602448
6468,17,212,0.044465504586696625
6469,17,213,0.026541877537965775
6470,17,214,0.1388002336025238
6471,17,215,0.06417230516672134
6472,17,216,0.06476197391748428
6473,17,217,0.11052318662405014
6474,17,218,0.05574996769428253
6475,17,219,0.030193552374839783
6476,17,220,0.07834052294492722
6477,17,221,0.030978843569755554
6478,17,222,0.024138551205396652
6479,17,223,0.05573546886444092
6480,17,224,0.07566120475530624
6481,17,225,0.0241631381213665
6482,17,226,0.05786988511681557
6483,17,227,0.13803979754447937
6484,17,228,0.03656117618083954
6485,17,229,0.02811334654688835
6486,17,230,0.09297902882099152
6487,17,231,0.11047738045454025
6488,17,232,0.10310454666614532
6489,17,233,0.04573770985007286
6490,17,234,0.04862514138221741
6491,17,235,0.06726130098104477
6492,17,236,0.037150219082832336
6493,17,237,0.03121783211827278
6494,17,238,0.08307155966758728
6495,17,239,0.10690340399742126
6496,17,240,0.12418751418590546
6497,17,241,0.053993161767721176
6498,17,242,0.19474537670612335
6499,17,243,0.04331615939736366
6500,17,244,0.04621165618300438
6501,17,245,0.12278646230697632
6502,17,246,0.14324861764907837
6503,17,247,0.11204880475997925
6504,17,248,0.040737442672252655
6505,17,249,0.046403709799051285
6506,17,250,0.15971070528030396
6507,17,251,0.09021223336458206
6508,17,252,0.06321138143539429
6509,17,253,0.06322979927062988
6510,17,254,0.06815370172262192
6511,17,255,0.16439411044120789
6512,17,256,0.02643267624080181
6513,17,257,0.11679702252149582
6514,17,258,0.06684297323226929
6515,17,259,0.08760383725166321
6516,17,260,0.06461591273546219
6517,17,261,0.10756200551986694
6518,17,262,0.05406247079372406
6519,17,263,0.07512757182121277
6520,17,264,0.08709806948900223
6521,17,265,0.14933839440345764
6522,17,266,0.07144083082675934
6523,17,267,0.12145060300827026
6524,17,268,0.021025430411100388
6525,17,269,0.13720743358135223
6526,17,270,0.16534586250782013
6527,17,271,0.048968348652124405
6528,17,272,0.1427219957113266
6529,17,273,0.08591046184301376
6530,17,274,0.038437142968177795
6531,17,275,0.07357646524906158
6532,17,276,0.03535209596157074
6533,17,277,0.20509174466133118
6534,17,278,0.1469999998807907
6535,17,279,0.10446828603744507
6536,17,280,0.0946386456489563
6537,17,281,0.03898974135518074
6538,17,282,0.08379895240068436
6539,17,283,0.07303249090909958
6540,17,284,0.06291886419057846
6541,17,285,0.04100184887647629
6542,17,286,0.038271911442279816
6543,17,287,0.09881623089313507
6544,17,288,0.10317236185073853
6545,17,289,0.04962383583188057
6546,17,290,0.11408475041389465
6547,17,291,0.05016394332051277
6548,17,292,0.10672750324010849
6549,17,293,0.06531231850385666
6550,17,294,0.13911095261573792
6551,17,295,0.08322235196828842
6552,17,296,0.0815991684794426
6553,17,297,0.04238250479102135
6554,17,298,0.11836915463209152
6555,17,299,0.05502365902066231
6556,17,300,0.0629555732011795
6557,17,301,0.2044813185930252
6558,17,302,0.07611986249685287
6559,17,303,0.06684713065624237
6560,17,304,0.1246289387345314
6561,17,305,0.051199477165937424
6562,17,306,0.04275235906243324
6563,17,307,0.06064092740416527
6564,17,308,0.0468868762254715
6565,17,309,0.039202746003866196
6566,17,310,0.04866243526339531
6567,17,311,0.1459449976682663
6568,17,312,0.043096184730529785
6569,17,313,0.07223145663738251
6570,17,314,0.05308903753757477
6571,17,315,0.03733747452497482
6572,17,316,0.03536280244588852
6573,17,317,0.015480877831578255
6574,17,318,0.0628010556101799
6575,17,319,0.051515400409698486
6576,17,320,0.08623398840427399
6577,17,321,0.03758731856942177
6578,17,322,0.07430170476436615
6579,17,323,0.10062698274850845
6580,17,324,0.05049525573849678
6581,17,325,0.04166068136692047
6582,17,326,0.054836664348840714
6583,17,327,0.04863680526614189
6584,17,328,0.07635264098644257
6585,17,329,0.05103813484311104
6586,17,330,0.07431734353303909
6587,17,331,0.06307721138000488
6588,17,332,0.020318888127803802
6589,17,333,0.014662081375718117
6590,17,334,0.048813965171575546
6591,17,335,0.04966660588979721
6592,17,336,0.04538898542523384
6593,17,337,0.02954460307955742
6594,17,338,0.04058711603283882
6595,17,339,0.04336829110980034
6596,17,340,0.05444524809718132
6597,17,341,0.022350307554006577
6598,17,342,0.11149108409881592
6599,17,343,0.07184601575136185
6600,17,344,0.09750741720199585
6601,17,345,0.08093009889125824
6602,17,346,0.07841821014881134
6603,17,347,0.037367235869169235
6604,17,348,0.02570481039583683
6605,17,349,0.09934041649103165
6606,17,350,0.01212479081004858
6607,17,351,0.07036527246236801
6608,17,352,0.04741683974862099
6609,17,353,0.029982663691043854
6610,17,354,0.12295184284448624
6611,17,355,0.08150113373994827
6612,17,356,0.02242838405072689
6613,17,357,0.018678046762943268
6614,17,358,0.030579088255763054
6615,17,359,0.0262333694845438
6616,17,360,0.07528894394636154
6617,17,361,0.021565504372119904
6618,17,362,0.09189777821302414
6619,17,363,0.056018758565187454
6620,17,364,0.06728148460388184
6621,17,365,0.04240250587463379
6622,17,366,0.06108569726347923
6623,17,367,0.019434472545981407
6624,17,368,0.12580232322216034
6625,17,369,0.03466949611902237
6626,17,370,0.029904326424002647
6627,17,371,0.0880470797419548
6628,17,372,0.03828240931034088
6629,17,373,0.0873309075832367
6630,17,374,0.06689530611038208
6631,17,375,0.0626729428768158
6632,17,376,0.03894999995827675
6633,17,377,0.1218404620885849
6634,17,378,0.03942812606692314
6635,17,379,0.09424141049385071
6636,17,380,0.07780246436595917
6637,17,381,0.09386599063873291
6638,17,382,0.06691116094589233
6639,17,383,0.08163702487945557
6640,17,384,0.1377539187669754
6641,17,385,0.03674496337771416
6642,17,386,0.06852288544178009
6643,17,387,0.08787208795547485
6644,17,388,0.057103779166936874
6645,17,389,0.10662355273962021
6646,17,390,0.08260121196508408
6647,17,391,0.11775588989257812
6648,18,1,0.05042441189289093
6649,18,2,0.07714921236038208
6650,18,3,0.025493957102298737
6651,18,4,0.06249544024467468
6652,18,5,0.0612991638481617
6653,18,6,0.07868534326553345
6654,18,7,0.0425843819975853
6655,18,8,0.021460700780153275
6656,18,9,0.034698519855737686
6657,18,10,0.03446143493056297
6658,18,11,0.012786325998604298
6659,18,12,0.13727028667926788
6660,18,13,0.15028968453407288
6661,18,14,0.04313639923930168
6662,18,15,0.040418561547994614
6663,18,16,0.02208055555820465
6664,18,17,0.07485159486532211
6665,18,18,0.010602772235870361
6666,18,19,0.01882476545870304
6667,18,20,0.0463719479739666
6668,18,21,0.021845530718564987
6669,18,22,0.04042252153158188
6670,18,23,0.13676109910011292
6671,18,24,0.08855152875185013
6672,18,25,0.012039504013955593
6673,18,26,0.06348784267902374
6674,18,27,0.027558397501707077
6675,18,28,0.029774900525808334
6676,18,29,0.07348094880580902
6677,18,30,0.040160827338695526
6678,18,31,0.019358903169631958
6679,18,32,0.020901860669255257
6680,18,33,0.017478926107287407
6681,18,34,0.02264726161956787
6682,18,35,0.0383584201335907
6683,18,36,0.01963660679757595
6684,18,37,0.06370926648378372
6685,18,38,0.06495198607444763
6686,18,39,0.09049521386623383
6687,18,40,0.06590215861797333
6688,18,41,0.02129078470170498
6689,18,42,0.012817916460335255
6690,18,43,0.07213638722896576
6691,18,44,0.0056594680063426495
6692,18,45,0.04383493587374687
6693,18,46,0.0841454267501831
6694,18,47,0.1145828366279602
6695,18,48,0.09697820991277695
6696,18,49,0.06696096062660217
6697,18,50,0.033495351672172546
6698,18,51,0.04598810523748398
6699,18,52,0.02173580601811409
6700,18,53,0.022314133122563362
6701,18,54,0.051574207842350006
6702,18,55,0.030775217339396477
6703,18,56,0.061205022037029266
6704,18,57,0.11604230105876923
6705,18,58,0.011624854989349842
6706,18,59,0.04032839462161064
6707,18,60,0.061308637261390686
6708,18,61,0.022456329315900803
6709,18,62,0.05216031149029732
6710,18,63,0.015751095488667488
6711,18,64,0.09322153776884079
6712,18,65,0.04417206719517708
6713,18,66,0.01700012758374214
6714,18,67,0.0577256977558136
6715,18,68,0.04828658327460289
6716,18,69,0.012806086800992489
6717,18,70,0.014745863154530525
6718,18,71,0.04828910529613495
6719,18,72,0.017672238871455193
6720,18,73,0.023733969777822495
6721,18,74,0.029127538204193115
6722,18,75,0.02696060575544834
6723,18,76,0.046609342098236084
6724,18,77,0.013640192337334156
6725,18,78,0.030661722645163536
6726,18,79,0.05228347331285477
6727,18,80,0.007596702314913273
6728,18,81,0.009819764643907547
6729,18,82,0.03803495317697525
6730,18,83,0.00982965063303709
6731,18,84,0.010445091873407364
6732,18,85,0.047544606029987335
6733,18,86,0.05810287967324257
6734,18,87,0.09389812499284744
6735,18,88,0.10018377751111984
6736,18,89,0.013801935128867626
6737,18,90,0.06485814601182938
6738,18,91,0.01269831508398056
6739,18,92,0.053130295127630234
6740,18,93,0.04080049693584442
6741,18,94,0.05183430761098862
6742,18,95,0.03136805444955826
6743,18,96,0.042093973606824875
6744,18,97,0.01768413372337818
6745,18,98,0.032884202897548676
6746,18,99,0.06727990508079529
6747,18,100,0.006414830684661865
6748,18,101,0.09480483829975128
6749,18,102,0.0331086590886116
6750,18,103,0.06703309714794159
6751,18,104,0.0364709235727787
6752,18,105,0.03383852168917656
6753,18,106,0.05245726555585861
6754,18,107,0.02599814161658287
6755,18,108,0.03681705892086029
6756,18,109,0.014385979622602463
6757,18,110,0.022646212950348854
6758,18,111,0.07673508673906326
6759,18,112,0.032625991851091385
6760,18,113,0.04426245018839836
6761,18,114,0.01139211654663086
6762,18,115,0.04251248016953468
6763,18,116,0.146183043718338
6764,18,117,0.08707163482904434
6765,18,118,0.025499748066067696
6766,18,119,0.07529640197753906
6767,18,120,0.04164392128586769
6768,18,121,0.01668933965265751
6769,18,122,0.04417889565229416
6770,18,123,0.11975397914648056
6771,18,124,0.026550069451332092
6772,18,125,0.03019687905907631
6773,18,126,0.038564782589673996
6774,18,127,0.10663711279630661
6775,18,128,0.05680312216281891
6776,18,129,0.06869712471961975
6777,18,130,0.06725167483091354
6778,18,131,0.08235923200845718
6779,18,132,0.02470131777226925
6780,18,133,0.01700884848833084
6781,18,134,0.03950762748718262
6782,18,135,0.04445761814713478
6783,18,136,0.10506955534219742
6784,18,137,0.024206487461924553
6785,18,138,0.02039053477346897
6786,18,139,0.0882570743560791
6787,18,140,0.11412660032510757
6788,18,141,0.143931046128273
6789,18,142,0.03422141075134277
6790,18,143,0.06514683365821838
6791,18,144,0.030512705445289612
6792,18,145,0.050752051174640656
6793,18,146,0.020922666415572166
6794,18,147,0.1611846387386322
6795,18,148,0.10800681263208389
6796,18,149,0.06475922465324402
6797,18,150,0.15608009696006775
6798,18,151,0.03892472758889198
6799,18,152,0.01476328819990158
6800,18,153,0.010270337574183941
6801,18,154,0.05207480490207672
6802,18,155,0.03434709832072258
6803,18,156,0.2714557349681854
6804,18,157,0.09966154396533966
6805,18,158,0.03757212683558464
6806,18,159,0.08419672399759293
6807,18,160,0.07693364471197128
6808,18,161,0.041341349482536316
6809,18,162,0.07534199208021164
6810,18,163,0.022636281326413155
6811,18,164,0.027356266975402832
6812,18,165,0.03214368596673012
6813,18,166,0.030956484377384186
6814,18,167,0.04573777690529823
6815,18,168,0.04430434852838516
6816,18,169,0.05708666518330574
6817,18,170,0.02317851223051548
6818,18,171,0.023354848846793175
6819,18,172,0.023845434188842773
6820,18,173,0.13606764376163483
6821,18,174,0.04876909404993057
6822,18,175,0.05745793133974075
6823,18,176,0.0201693307608366
6824,18,177,0.04457338526844978
6825,18,178,0.03450062870979309
6826,18,179,0.032678280025720596
6827,18,180,0.10440576076507568
6828,18,181,0.11624661833047867
6829,18,182,0.07545159757137299
6830,18,183,0.12320766597986221
6831,18,184,0.04410514980554581
6832,18,185,0.03584340214729309
6833,18,186,0.0788625106215477
6834,18,187,0.05119083821773529
6835,18,188,0.024519845843315125
6836,18,189,0.032688360661268234
6837,18,190,0.06824787706136703
6838,18,191,0.0727754682302475
6839,18,192,0.02984684519469738
6840,18,193,0.010709279216825962
6841,18,194,0.015495775267481804
6842,18,195,0.02570156380534172
6843,18,196,0.047107499092817307
6844,18,197,0.05072803050279617
6845,18,198,0.06562701612710953
6846,18,199,0.09126021713018417
6847,18,200,0.03453608602285385
6848,18,201,0.13714103400707245
6849,18,202,0.06984970718622208
6850,18,203,0.019915400072932243
6851,18,204,0.021727725863456726
6852,18,205,0.08392893522977829
6853,18,206,0.1590801626443863
6854,18,207,0.04352739825844765
6855,18,208,0.06352800875902176
6856,18,209,0.011186747811734676
6857,18,210,0.09667826443910599
6858,18,211,0.018812105059623718
6859,18,212,0.025559572502970695
6860,18,213,0.05680399388074875
6861,18,214,0.030176300555467606
6862,18,215,0.06642962992191315
6863,18,216,0.12200619280338287
6864,18,217,0.04108414053916931
6865,18,218,0.03656136617064476
6866,18,219,0.11687944829463959
6867,18,220,0.038818586617708206
6868,18,221,0.04939601197838783
6869,18,222,0.06713976711034775
6870,18,223,0.041998837143182755
6871,18,224,0.0653480514883995
6872,18,225,0.012391704134643078
6873,18,226,0.10620329529047012
6874,18,227,0.048806481063365936
6875,18,228,0.16926223039627075
6876,18,229,0.004741287790238857
6877,18,230,0.036041151732206345
6878,18,231,0.05527934059500694
6879,18,232,0.1310625821352005
6880,18,233,0.03774421662092209
6881,18,234,0.030452527105808258
6882,18,235,0.13848599791526794
6883,18,236,0.14030073583126068
6884,18,237,0.03564537689089775
6885,18,238,0.04168356582522392
6886,18,239,0.06442149728536606
6887,18,240,0.1319008618593216
6888,18,241,0.04767758771777153
6889,18,242,0.16890713572502136
6890,18,243,0.022807175293564796
6891,18,244,0.047613032162189484
6892,18,245,0.07300814241170883
6893,18,246,0.031100494787096977
6894,18,247,0.0667589083313942
6895,18,248,0.10791932791471481
6896,18,249,0.12437760084867477
6897,18,250,0.028242159634828568
6898,18,251,0.08700563758611679
6899,18,252,0.03245190531015396
6900,18,253,0.030035104602575302
6901,18,254,0.06037455052137375
6902,18,255,0.08919224888086319
6903,18,256,0.09523658454418182
6904,18,257,0.050707075744867325
6905,18,258,0.0996389091014862
6906,18,259,0.06259545683860779
6907,18,260,0.050336968153715134
6908,18,261,0.034407760947942734
6909,18,262,0.03996603563427925
6910,18,263,0.08230096846818924
6911,18,264,0.11184203624725342
6912,18,265,0.03833341598510742
6913,18,266,0.12896566092967987
6914,18,267,0.0633717030286789
6915,18,268,0.1638900488615036
6916,18,269,0.027983276173472404
6917,18,270,0.02449720725417137
6918,18,271,0.07914789766073227
6919,18,272,0.03551911935210228
6920,18,273,0.07352109253406525
6921,18,274,0.08925237506628036
6922,18,275,0.041315414011478424
6923,18,276,0.024457141757011414
6924,18,277,0.047824427485466
6925,18,278,0.02931731380522251
6926,18,279,0.07731826603412628
6927,18,280,0.041269026696681976
6928,18,281,0.041923750191926956
6929,18,282,0.024036429822444916
6930,18,283,0.004247088450938463
6931,18,284,0.03826304152607918
6932,18,285,0.09701716154813766
6933,18,286,0.03537749499082565
6934,18,287,0.14662623405456543
6935,18,288,0.03097502514719963
6936,18,289,0.0321565642952919
6937,18,290,0.06230313330888748
6938,18,291,0.12689168751239777
6939,18,292,0.016212528571486473
6940,18,293,0.07058011740446091
6941,18,294,0.03732690215110779
6942,18,295,0.009830771014094353
6943,18,296,0.027046915143728256
6944,18,297,0.047880176454782486
6945,18,298,0.0338139571249485
6946,18,299,0.07577941566705704
6947,18,300,0.0917481854557991
6948,18,301,0.010570667684078217
6949,18,302,0.11059259623289108
6950,18,303,0.027096353471279144
6951,18,304,0.023923881351947784
6952,18,305,0.1282031089067459
6953,18,306,0.045557621866464615
6954,18,307,0.022471971809864044
6955,18,308,0.06918954849243164
6956,18,309,0.013358784839510918
6957,18,310,0.1432882845401764
6958,18,311,0.023618601262569427
6959,18,312,0.04151320829987526
6960,18,313,0.08963721990585327
6961,18,314,0.04738093912601471
6962,18,315,0.027219180017709732
6963,18,316,0.04851985722780228
6964,18,317,0.049473442137241364
6965,18,318,0.039240170270204544
6966,18,319,0.02913825958967209
6967,18,320,0.06232907995581627
6968,18,321,0.07983940839767456
6969,18,322,0.05926351249217987
6970,18,323,0.035542454570531845
6971,18,324,0.018236864358186722
6972,18,325,0.04378621652722359
6973,18,326,0.1377415955066681
6974,18,327,0.04947788268327713
6975,18,328,0.03628300502896309
6976,18,329,0.04379403218626976
6977,18,330,0.07278414070606232
6978,18,331,0.07115758955478668
6979,18,332,0.006182554177939892
6980,18,333,0.06483542919158936
6981,18,334,0.06071113422513008
6982,18,335,0.047781575471162796
6983,18,336,0.0074623953551054
6984,18,337,0.049282222986221313
6985,18,338,0.14096762239933014
6986,18,339,0.046264637261629105
6987,18,340,0.04096201807260513
6988,18,341,0.05203242227435112
6989,18,342,0.1457718461751938
6990,18,343,0.09526081383228302
6991,18,344,0.10835792124271393
6992,18,345,0.09674643725156784
6993,18,346,0.13885068893432617
6994,18,347,0.15625548362731934
6995,18,348,0.06348646432161331
6996,18,349,0.013070727698504925
6997,18,350,0.11291871219873428
6998,18,351,0.06263706088066101
6999,18,352,0.061945222318172455
7000,18,353,0.034104857593774796
7001,18,354,0.044834718108177185
7002,18,355,0.07427117973566055
7003,18,356,0.09501319378614426
7004,18,357,0.11194731295108795
7005,18,358,0.12315108627080917
7006,18,359,0.10953306406736374
7007,18,360,0.06338527798652649
7008,18,361,0.06503945589065552
7009,18,362,0.037309348583221436
7010,18,363,0.094500333070755
7011,18,364,0.04332117736339569
7012,18,365,0.1190425381064415
7013,18,366,0.06605839729309082
7014,18,367,0.02335398457944393
7015,18,368,0.0658225268125534
7016,18,369,0.06021110340952873
7017,18,370,0.07844458520412445
7018,18,371,0.04630379378795624
7019,18,372,0.03668365254998207
7020,18,373,0.052973031997680664
7021,18,374,0.019766684621572495
7022,18,375,0.061179909855127335
7023,18,376,0.026486052200198174
7024,18,377,0.031467560678720474
7025,18,378,0.017735153436660767
7026,18,379,0.04123827442526817
7027,18,380,0.02622203342616558
7028,18,381,0.03488661348819733
7029,18,382,0.11666818708181381
7030,18,383,0.01737205684185028
7031,18,384,0.01765301823616028
7032,18,385,0.11002493649721146
7033,18,386,0.07140985131263733
7034,18,387,0.07719552516937256
7035,18,388,0.08245248347520828
7036,18,389,0.07308019697666168
7037,18,390,0.06329340487718582
7038,18,391,0.10729321092367172
7039,19,1,0.08858133852481842
7040,19,2,0.031157977879047394
7041,19,3,0.10057291388511658
7042,19,4,0.041464079171419144
7043,19,5,0.04024897515773773
7044,19,6,0.030676662921905518
7045,19,7,0.01672660931944847
7046,19,8,0.06641075760126114
7047,19,9,0.08317773044109344
7048,19,10,0.03817746415734291
7049,19,11,0.0629141703248024
7050,19,12,0.045720260590314865
7051,19,13,0.06639158725738525
7052,19,14,0.023186203092336655
7053,19,15,0.05319841951131821
7054,19,16,0.048881761729717255
7055,19,17,0.05810883641242981
7056,19,18,0.025447817519307137
7057,19,19,0.0806310847401619
7058,19,20,0.0423363521695137
7059,19,21,0.18491536378860474
7060,19,22,0.02834978513419628
7061,19,23,0.0691070407629013
7062,19,24,0.11805897951126099
7063,19,25,0.034497201442718506
7064,19,26,0.004015449900180101
7065,19,27,0.05409061908721924
7066,19,28,0.04133336618542671
7067,19,29,0.08993308246135712
7068,19,30,0.005974879488348961
7069,19,31,0.041418273001909256
7070,19,32,0.13183100521564484
7071,19,33,0.007456023246049881
7072,19,34,0.01502971537411213
7073,19,35,0.029245451092720032
7074,19,36,0.06801476329565048
7075,19,37,0.05044540762901306
7076,19,38,0.06465200334787369
7077,19,39,0.025904087349772453
7078,19,40,0.026565972715616226
7079,19,41,0.043537113815546036
7080,19,42,0.03328847885131836
7081,19,43,0.04406851902604103
7082,19,44,0.056389614939689636
7083,19,45,0.028673700988292694
7084,19,46,0.007929022423923016
7085,19,47,0.03824683278799057
7086,19,48,0.060556430369615555
7087,19,49,0.02179848775267601
7088,19,50,0.009406793862581253
7089,19,51,0.022338734939694405
7090,19,52,0.06426634639501572
7091,19,53,0.016830168664455414
7092,19,54,0.0166208203881979
7093,19,55,0.038233429193496704
7094,19,56,0.011917202733457088
7095,19,57,0.030283711850643158
7096,19,58,0.010327337309718132
7097,19,59,0.021522730588912964
7098,19,60,0.04749739542603493
7099,19,61,0.06532690674066544
7100,19,62,0.03456347435712814
7101,19,63,0.014137499034404755
7102,19,64,0.02454552613198757
7103,19,65,0.028870752081274986
7104,19,66,0.0030766907148063183
7105,19,67,0.04973302036523819
7106,19,68,0.011030257679522038
7107,19,69,0.03074163943529129
7108,19,70,0.022024035453796387
7109,19,71,0.010659445077180862
7110,19,72,0.014483863487839699
7111,19,73,0.028192758560180664
7112,19,74,0.007387702353298664
7113,19,75,0.048757296055555344
7114,19,76,0.06970008462667465
7115,19,77,0.003046809695661068
7116,19,78,0.008369498886168003
7117,19,79,0.007834573276340961
7118,19,80,0.01225271262228489
7119,19,81,0.04171377047896385
7120,19,82,0.02483973652124405
7121,19,83,0.009629306383430958
7122,19,84,0.01149660162627697
7123,19,85,0.03819507732987404
7124,19,86,0.09768199920654297
7125,19,87,0.0005297192838042974
7126,19,88,0.0831921398639679
7127,19,89,0.04680696502327919
7128,19,90,0.0030551832169294357
7129,19,91,0.003425505943596363
7130,19,92,0.09576408565044403
7131,19,93,0.05028316751122475
7132,19,94,0.09778258949518204
7133,19,95,0.0187846552580595
7134,19,96,0.012690801173448563
7135,19,97,0.04081901162862778
7136,19,98,0.09217293560504913
7137,19,99,0.05023849382996559
7138,19,100,0.03849707543849945
7139,19,101,0.023390397429466248
7140,19,102,0.014436035417020321
7141,19,103,0.06375900655984879
7142,19,104,0.07675816118717194
7143,19,105,0.01617422327399254
7144,19,106,0.0087744714692235
7145,19,107,0.048548221588134766
7146,19,108,0.0974363312125206
7147,19,109,0.02203209511935711
7148,19,110,0.016682520508766174
7149,19,111,0.04073311388492584
7150,19,112,0.038597241044044495
7151,19,113,0.0354483462870121
7152,19,114,0.061833109706640244
7153,19,115,0.04133806750178337
7154,19,116,0.04435622692108154
7155,19,117,0.10834603011608124
7156,19,118,0.004795095417648554
7157,19,119,0.015837254002690315
7158,19,120,0.08016859740018845
7159,19,121,0.0914263129234314
7160,19,122,0.1009078174829483
7161,19,123,0.02469705231487751
7162,19,124,0.024818291887640953
7163,19,125,0.07271477580070496
7164,19,126,0.060160860419273376
7165,19,127,0.00528411939740181
7166,19,128,0.040296778082847595
7167,19,129,0.023956136777997017
7168,19,130,0.0332656055688858
7169,19,131,0.04773491993546486
7170,19,132,0.11125930398702621
7171,19,133,0.07064899802207947
7172,19,134,0.023678230121731758
7173,19,135,0.02547084167599678
7174,19,136,0.028662623837590218
7175,19,137,0.039657432585954666
7176,19,138,0.02250520884990692
7177,19,139,0.10552500933408737
7178,19,140,0.10937057435512543
7179,19,141,0.06300890445709229
7180,19,142,0.05084308609366417
7181,19,143,0.09686209261417389
7182,19,144,0.043038226664066315
7183,19,145,0.04866780340671539
7184,19,146,0.0412999764084816
7185,19,147,0.10300473868846893
7186,19,148,0.03994635120034218
7187,19,149,0.008988014422357082
7188,19,150,0.03868759050965309
7189,19,151,0.08731268346309662
7190,19,152,0.013233516365289688
7191,19,153,0.07700791954994202
7192,19,154,0.025979477912187576
7193,19,155,0.021749071776866913
7194,19,156,0.08354654163122177
7195,19,157,0.04230527952313423
7196,19,158,0.037189170718193054
7197,19,159,0.04970156401395798
7198,19,160,0.0663483515381813
7199,19,161,0.013160758651793003
7200,19,162,0.0371851921081543
7201,19,163,0.027199499309062958
7202,19,164,0.08303616940975189
7203,19,165,0.029186517000198364
7204,19,166,0.06398942321538925
7205,19,167,0.14348731935024261
7206,19,168,0.008909333497285843
7207,19,169,0.02605574205517769
7208,19,170,0.032137271016836166
7209,19,171,0.03958708420395851
7210,19,172,0.03893180191516876
7211,19,173,0.05097513645887375
7212,19,174,0.0024901179131120443
7213,19,175,0.04842868819832802
7214,19,176,0.037147581577301025
7215,19,177,0.014583688229322433
7216,19,178,0.05179496854543686
7217,19,179,0.031591933220624924
7218,19,180,0.02002749964594841
7219,19,181,0.027944888919591904
7220,19,182,0.00781749002635479
7221,19,183,0.02315954677760601
7222,19,184,0.01558242179453373
7223,19,185,0.03002464771270752
7224,19,186,0.02503872662782669
7225,19,187,0.010899274609982967
7226,19,188,0.02781565673649311
7227,19,189,0.04462482035160065
7228,19,190,0.04342722147703171
7229,19,191,0.006766826845705509
7230,19,192,0.022110536694526672
7231,19,193,0.04731807857751846
7232,19,194,0.05222941190004349
7233,19,195,0.03737122565507889
7234,19,196,0.053162652999162674
7235,19,197,0.024809692054986954
7236,19,198,0.06735920161008835
7237,19,199,0.04290034621953964
7238,19,200,0.047947030514478683
7239,19,201,0.08038312941789627
7240,19,202,0.06179695203900337
7241,19,203,0.10001038759946823
7242,19,204,0.027194630354642868
7243,19,205,0.05195971950888634
7244,19,206,0.052000388503074646
7245,19,207,0.028087586164474487
7246,19,208,0.039797212928533554
7247,19,209,0.006441958714276552
7248,19,210,0.012709571048617363
7249,19,211,0.014562186785042286
7250,19,212,0.012419270351529121
7251,19,213,0.07285910099744797
7252,19,214,0.015466222539544106
7253,19,215,0.0448627769947052
7254,19,216,0.040648505091667175
7255,19,217,0.04955720901489258
7256,19,218,0.025131015107035637
7257,19,219,0.10248221457004547
7258,19,220,0.028937608003616333
7259,19,221,0.09631788730621338
7260,19,222,0.03033638186752796
7261,19,223,0.04553278908133507
7262,19,224,0.011228162795305252
7263,19,225,0.054644886404275894
7264,19,226,0.015519006177783012
7265,19,227,0.02317742444574833
7266,19,228,0.0075490293093025684
7267,19,229,0.0692295953631401
7268,19,230,0.031216569244861603
7269,19,231,0.12361976504325867
7270,19,232,0.12015882134437561
7271,19,233,0.019691327586770058
7272,19,234,0.05856159329414368
7273,19,235,0.03268320485949516
7274,19,236,0.0555226095020771
7275,19,237,0.06362847983837128
7276,19,238,0.023735007271170616
7277,19,239,0.06711519509553909
7278,19,240,0.03618548810482025
7279,19,241,0.06205913424491882
7280,19,242,0.01113605871796608
7281,19,243,0.014310299418866634
7282,19,244,0.07108619809150696
7283,19,245,0.12846335768699646
7284,19,246,0.04915118217468262
7285,19,247,0.07053280621767044
7286,19,248,0.05719035491347313
7287,19,249,0.008671712130308151
7288,19,250,0.12640416622161865
7289,19,251,0.04268042743206024
7290,19,252,0.10271722823381424
7291,19,253,0.05296499282121658
7292,19,254,0.05552856996655464
7293,19,255,0.0485130175948143
7294,19,256,0.12222272902727127
7295,19,257,0.052659302949905396
7296,19,258,0.05663110688328743
7297,19,259,0.10801883786916733
7298,19,260,0.010692888870835304
7299,19,261,0.056592751294374466
7300,19,262,0.0705018863081932
7301,19,263,0.08297792822122574
7302,19,264,0.01844056323170662
7303,19,265,0.07630875706672668
7304,19,266,0.03174912557005882
7305,19,267,0.03790828958153725
7306,19,268,0.007537390571087599
7307,19,269,0.05965033546090126
7308,19,270,0.05075671896338463
7309,19,271,0.06259580701589584
7310,19,272,0.10045166313648224
7311,19,273,0.07824573665857315
7312,19,274,0.04626648873090744
7313,19,275,0.058042749762535095
7314,19,276,0.05790344253182411
7315,19,277,0.02443024329841137
7316,19,278,0.0686413124203682
7317,19,279,0.0484493114054203
7318,19,280,0.05358641967177391
7319,19,281,0.05027569830417633
7320,19,282,0.04581815004348755
7321,19,283,0.017705652862787247
7322,19,284,0.01938525214791298
7323,19,285,0.08009429275989532
7324,19,286,0.1239084005355835
7325,19,287,0.10199493169784546
7326,19,288,0.05013715475797653
7327,19,289,0.08515351265668869
7328,19,290,0.037920836359262466
7329,19,291,0.11272554844617844
7330,19,292,0.031084885820746422
7331,19,293,0.11332828551530838
7332,19,294,0.09619636088609695
7333,19,295,0.11084117740392685
7334,19,296,0.017879487946629524
7335,19,297,0.06352206319570541
7336,19,298,0.05737294629216194
7337,19,299,0.029099835082888603
7338,19,300,0.13259844481945038
7339,19,301,0.12212973088026047
7340,19,302,0.13821668922901154
7341,19,303,0.08458860963582993
7342,19,304,0.04631531983613968
7343,19,305,0.10027936100959778
7344,19,306,0.06204807385802269
7345,19,307,0.20210619270801544
7346,19,308,0.058552954345941544
7347,19,309,0.04442109540104866
7348,19,310,0.04768255725502968
7349,19,311,0.06221645697951317
7350,19,312,0.08818696439266205
7351,19,313,0.164439395070076
7352,19,314,0.14924265444278717
7353,19,315,0.14286771416664124
7354,19,316,0.11641868203878403
7355,19,317,0.04081730917096138
7356,19,318,0.05464393272995949
7357,19,319,0.13821318745613098
7358,19,320,0.05299680680036545
7359,19,321,0.07009056955575943
7360,19,322,0.10339540988206863
7361,19,323,0.03116668201982975
7362,19,324,0.06702034175395966
7363,19,325,0.1921873390674591
7364,19,326,0.038747385144233704
7365,19,327,0.04753369837999344
7366,19,328,0.07667819410562515
7367,19,329,0.1072981134057045
7368,19,330,0.11325618624687195
7369,19,331,0.06616497039794922
7370,19,332,0.031790561974048615
7371,19,333,0.05426658317446709
7372,19,334,0.04208207130432129
7373,19,335,0.054803524166345596
7374,19,336,0.06063589081168175
7375,19,337,0.07716846466064453
7376,19,338,0.03381350636482239
7377,19,339,0.0702555701136589
7378,19,340,0.0430438332259655
7379,19,341,0.02871745266020298
7380,19,342,0.02968396060168743
7381,19,343,0.06450209766626358
7382,19,344,0.10304578393697739
7383,19,345,0.07131851464509964
7384,19,346,0.06174074113368988
7385,19,347,0.023867260664701462
7386,19,348,0.0316743478178978
7387,19,349,0.043453317135572433
7388,19,350,0.07357403635978699
7389,19,351,0.18236227333545685
7390,19,352,0.00964958593249321
7391,19,353,0.03873908892273903
7392,19,354,0.12154798209667206
7393,19,355,0.03434325009584427
7394,19,356,0.059610214084386826
7395,19,357,0.050444986671209335
7396,19,358,0.07920362055301666
7397,19,359,0.03925285488367081
7398,19,360,0.1314866840839386
7399,19,361,0.09554941207170486
7400,19,362,0.0523877888917923
7401,19,363,0.07625818252563477
7402,19,364,0.02791426330804825
7403,19,365,0.07615106552839279
7404,19,366,0.06174802780151367
7405,19,367,0.04611198976635933
7406,19,368,0.02759297750890255
7407,19,369,0.1077379360795021
7408,19,370,0.024163516238331795
7409,19,371,0.03226873651146889
7410,19,372,0.1278066337108612
7411,19,373,0.09805528819561005
7412,19,374,0.07299216836690903
7413,19,375,0.05035148188471794
7414,19,376,0.0552247054874897
7415,19,377,0.16310684382915497
7416,19,378,0.06600148230791092
7417,19,379,0.025354888290166855
7418,19,380,0.03179087117314339
7419,19,381,0.08533217012882233
7420,19,382,0.05043850094079971
7421,19,383,0.11751917004585266
7422,19,384,0.07544691115617752
7423,19,385,0.05871812254190445
7424,19,386,0.07882655411958694
7425,19,387,0.06183525547385216
7426,19,388,0.04286249727010727
7427,19,389,0.0348476767539978
7428,19,390,0.06370417773723602
7429,19,391,0.046649567782878876
7430,20,1,0.030108701437711716
7431,20,2,0.007862591184675694
7432,20,3,0.03643493354320526
7433,20,4,0.04300880432128906
7434,20,5,0.011989761143922806
7435,20,6,0.1355736404657364
7436,20,7,0.02000153809785843
7437,20,8,0.027921048924326897
7438,20,9,0.07375536113977432
7439,20,10,0.021310364827513695
7440,20,11,0.0241104606539011
7441,20,12,0.013958138413727283
7442,20,13,0.046007610857486725
7443,20,14,0.03104494698345661
7444,20,15,0.0333571694791317
7445,20,16,0.03538907691836357
7446,20,17,0.029411690309643745
7447,20,18,0.08493167906999588
7448,20,19,0.04038328304886818
7449,20,20,0.03918509557843208
7450,20,21,0.048036955296993256
7451,20,22,0.06439247727394104
7452,20,23,0.04035121202468872
7453,20,24,0.036197710782289505
7454,20,25,0.028933027759194374
7455,20,26,0.025139587000012398
7456,20,27,0.009725892916321754
7457,20,28,0.05848555639386177
7458,20,29,0.029932186007499695
7459,20,30,0.022864224389195442
7460,20,31,0.03863830119371414
7461,20,32,0.13120366632938385
7462,20,33,0.09669560939073563
7463,20,34,0.024449406191706657
7464,20,35,0.05798054859042168
7465,20,36,0.0534849539399147
7466,20,37,0.1194530725479126
7467,20,38,0.01819465309381485
7468,20,39,0.08042845129966736
7469,20,40,0.05294496566057205
7470,20,41,0.00894069392234087
7471,20,42,0.026761123910546303
7472,20,43,0.07789311558008194
7473,20,44,0.04829496145248413
7474,20,45,0.056257423013448715
7475,20,46,0.027282575145363808
7476,20,47,0.021412082016468048
7477,20,48,0.020379003137350082
7478,20,49,0.035360656678676605
7479,20,50,0.043875303119421005
7480,20,51,0.029623059555888176
7481,20,52,0.03775236755609512
7482,20,53,0.0242643840610981
7483,20,54,0.038190267980098724
7484,20,55,0.012120266444981098
7485,20,56,0.020879635587334633
7486,20,57,0.02202797681093216
7487,20,58,0.08924682438373566
7488,20,59,0.031501516699790955
7489,20,60,0.021249789744615555
7490,20,61,0.08128340542316437
7491,20,62,0.016986293718218803
7492,20,63,0.013499913737177849
7493,20,64,0.013847649097442627
7494,20,65,0.013646246865391731
7495,20,66,0.028558112680912018
7496,20,67,0.020277686417102814
7497,20,68,0.022024894133210182
7498,20,69,0.028369445353746414
7499,20,70,0.045181985944509506
7500,20,71,0.021715186536312103
7501,20,72,0.10504043102264404
7502,20,73,0.014756961725652218
7503,20,74,0.038161229342222214
7504,20,75,0.07090519368648529
7505,20,76,0.011679182760417461
7506,20,77,0.07590576261281967
7507,20,78,0.00841229036450386
7508,20,79,0.015587879344820976
7509,20,80,0.043203726410865784
7510,20,81,0.0013981224037706852
7511,20,82,0.008239329792559147
7512,20,83,0.094757080078125
7513,20,84,0.014110223390161991
7514,20,85,0.05624194070696831
7515,20,86,0.06206168979406357
7516,20,87,0.010424874722957611
7517,20,88,0.007774499244987965
7518,20,89,0.005809218157082796
7519,20,90,0.07067098468542099
7520,20,91,0.0043226927518844604
7521,20,92,0.02034636214375496
7522,20,93,0.01635180041193962
7523,20,94,0.0171474851667881
7524,20,95,0.012835151515901089
7525,20,96,0.02357408218085766
7526,20,97,0.014575181528925896
7527,20,98,0.030949123203754425
7528,20,99,0.0041572898626327515
7529,20,100,0.012837646529078484
7530,20,101,0.008100914768874645
7531,20,102,0.005744392983615398
7532,20,103,0.0485004298388958
7533,20,104,0.04899900034070015
7534,20,105,0.0268595889210701
7535,20,106,0.0420578196644783
7536,20,107,0.06866256892681122
7537,20,108,0.02601940743625164
7538,20,109,0.050575319677591324
7539,20,110,0.03085450455546379
7540,20,111,0.014816722832620144
7541,20,112,0.02127063274383545
7542,20,113,0.0022214094642549753
7543,20,114,0.08610723167657852
7544,20,115,0.0028831004165112972
7545,20,116,0.03905890882015228
7546,20,117,0.051913727074861526
7547,20,118,0.027779407799243927
7548,20,119,0.03832867741584778
7549,20,120,0.011984833516180515
7550,20,121,0.1242339238524437
7551,20,122,0.03478318452835083
7552,20,123,0.006592167541384697
7553,20,124,0.024333570152521133
7554,20,125,0.005625108256936073
7555,20,126,0.04598914459347725
7556,20,127,0.019308969378471375
7557,20,128,0.00515823345631361
7558,20,129,0.0351739339530468
7559,20,130,0.06260312348604202
7560,20,131,0.05190344527363777
7561,20,132,0.032259825617074966
7562,20,133,0.04878610000014305
7563,20,134,0.05235760658979416
7564,20,135,0.028110012412071228
7565,20,136,0.015613790601491928
7566,20,137,0.01323197316378355
7567,20,138,0.004561070818454027
7568,20,139,0.07111882418394089
7569,20,140,0.02245832234621048
7570,20,141,0.07183648645877838
7571,20,142,0.10215187817811966
7572,20,143,0.01955953799188137
7573,20,144,0.027351098135113716
7574,20,145,0.07342836260795593
7575,20,146,0.0024120016023516655
7576,20,147,0.007899637334048748
7577,20,148,0.0793822631239891
7578,20,149,0.08172650635242462
7579,20,150,0.014647847972810268
7580,20,151,0.10284119844436646
7581,20,152,0.031741056591272354
7582,20,153,0.08483750373125076
7583,20,154,0.10071537643671036
7584,20,155,0.023319192230701447
7585,20,156,0.027990207076072693
7586,20,157,0.047550082206726074
7587,20,158,0.055353403091430664
7588,20,159,0.01618441566824913
7589,20,160,0.06627466529607773
7590,20,161,0.04911084845662117
7591,20,162,0.12420950829982758
7592,20,163,0.022355984896421432
7593,20,164,0.046622246503829956
7594,20,165,0.09753403812646866
7595,20,166,0.031584665179252625
7596,20,167,0.06592807173728943
7597,20,168,0.11569111049175262
7598,20,169,0.09402626752853394
7599,20,170,0.004717135336250067
7600,20,171,0.031096210703253746
7601,20,172,0.03720111399888992
7602,20,173,0.05622304603457451
7603,20,174,0.04093056172132492
7604,20,175,0.06089062616229057
7605,20,176,0.021218091249465942
7606,20,177,0.07366678863763809
7607,20,178,0.017794404178857803
7608,20,179,0.06821043789386749
7609,20,180,0.022657711058855057
7610,20,181,0.03690420463681221
7611,20,182,0.07358583062887192
7612,20,183,0.02337643876671791
7613,20,184,0.020412888377904892
7614,20,185,0.02746403217315674
7615,20,186,0.013013566844165325
7616,20,187,0.05696321278810501
7617,20,188,0.17427343130111694
7618,20,189,0.047861382365226746
7619,20,190,0.03935987874865532
7620,20,191,0.04287407174706459
7621,20,192,0.07159196585416794
7622,20,193,0.07414823770523071
7623,20,194,0.01781330071389675
7624,20,195,0.06549955904483795
7625,20,196,0.15304845571517944
7626,20,197,0.06350789964199066
7627,20,198,0.024807175621390343
7628,20,199,0.08206143975257874
7629,20,200,0.06544511765241623
7630,20,201,0.03952525928616524
7631,20,202,0.046583808958530426
7632,20,203,0.06910283863544464
7633,20,204,0.10175169259309769
7634,20,205,0.06575752049684525
7635,20,206,0.17914682626724243
7636,20,207,0.008371945470571518
7637,20,208,0.03625887632369995
7638,20,209,0.011390377767384052
7639,20,210,0.0527513213455677
7640,20,211,0.04329243674874306
7641,20,212,0.0381244532763958
7642,20,213,0.0676027163863182
7643,20,214,0.055987440049648285
7644,20,215,0.043039120733737946
7645,20,216,0.08226793259382248
7646,20,217,0.018043095245957375
7647,20,218,0.04564159736037254
7648,20,219,0.04209624603390694
7649,20,220,0.08745945990085602
7650,20,221,0.062058575451374054
7651,20,222,0.03804745152592659
7652,20,223,0.057633597403764725
7653,20,224,0.041044000536203384
7654,20,225,0.04957777261734009
7655,20,226,0.11738656461238861
7656,20,227,0.05304747819900513
7657,20,228,0.09574060887098312
7658,20,229,0.025877531617879868
7659,20,230,0.015146023593842983
7660,20,231,0.08888557553291321
7661,20,232,0.05295642465353012
7662,20,233,0.060765452682971954
7663,20,234,0.024974137544631958
7664,20,235,0.04010871797800064
7665,20,236,0.012226305902004242
7666,20,237,0.0389113649725914
7667,20,238,0.043975699692964554
7668,20,239,0.036598674952983856
7669,20,240,0.05242208018898964
7670,20,241,0.02621755376458168
7671,20,242,0.030276808887720108
7672,20,243,0.1250627189874649
7673,20,244,0.09828940033912659
7674,20,245,0.014802881516516209
7675,20,246,0.011383138597011566
7676,20,247,0.03524553030729294
7677,20,248,0.01967610977590084
7678,20,249,0.012467805296182632
7679,20,250,0.05890483036637306
7680,20,251,0.09393137693405151
7681,20,252,0.0205338466912508
7682,20,253,0.01885375753045082
7683,20,254,0.007445886731147766
7684,20,255,0.11089994013309479
7685,20,256,0.04681812599301338
7686,20,257,0.013536693528294563
7687,20,258,0.04890986159443855
7688,20,259,0.0704079195857048
7689,20,260,0.046682629734277725
7690,20,261,0.018132885918021202
7691,20,262,0.0317344032227993
7692,20,263,0.024958131834864616
7693,20,264,0.058009881526231766
7694,20,265,0.07357147336006165
7695,20,266,0.07366449385881424
7696,20,267,0.04937285557389259
7697,20,268,0.09563688188791275
7698,20,269,0.027368763461709023
7699,20,270,0.031329430639743805
7700,20,271,0.06878788769245148
7701,20,272,0.024184850975871086
7702,20,273,0.03889062628149986
7703,20,274,0.035239022225141525
7704,20,275,0.07975136488676071
7705,20,276,0.09133794903755188
7706,20,277,0.11814943701028824
7707,20,278,0.07122967392206192
7708,20,279,0.052398618310689926
7709,20,280,0.02078363299369812
7710,20,281,0.00911706406623125
7711,20,282,0.051335155963897705
7712,20,283,0.05944840610027313
7713,20,284,0.031792424619197845
7714,20,285,0.012549391016364098
7715,20,286,0.04967805743217468
7716,20,287,0.022079216316342354
7717,20,288,0.056379374116659164
7718,20,289,0.023051612079143524
7719,20,290,0.046540889889001846
7720,20,291,0.07595422863960266
7721,20,292,0.05633910000324249
7722,20,293,0.07125429064035416
7723,20,294,0.021634060889482498
7724,20,295,0.017463386058807373
7725,20,296,0.024196401238441467
7726,20,297,0.10447528213262558
7727,20,298,0.04311033710837364
7728,20,299,0.046914562582969666
7729,20,300,0.02437995746731758
7730,20,301,0.06646038591861725
7731,20,302,0.03760126233100891
7732,20,303,0.1534631997346878
7733,20,304,0.015557327307760715
7734,20,305,0.02968250773847103
7735,20,306,0.016907131299376488
7736,20,307,0.05942912772297859
7737,20,308,0.02234666422009468
7738,20,309,0.11142639070749283
7739,20,310,0.04085586965084076
7740,20,311,0.037060003727674484
7741,20,312,0.03339352831244469
7742,20,313,0.046010952442884445
7743,20,314,0.044642332941293716
7744,20,315,0.03026842698454857
7745,20,316,0.04694417864084244
7746,20,317,0.04453514888882637
7747,20,318,0.041709404438734055
7748,20,319,0.08724755048751831
7749,20,320,0.02865893580019474
7750,20,321,0.012873202562332153
7751,20,322,0.01900239661335945
7752,20,323,0.025981862097978592
7753,20,324,0.12037234753370285
7754,20,325,0.007455041166394949
7755,20,326,0.11540349572896957
7756,20,327,0.06446479260921478
7757,20,328,0.0524100698530674
7758,20,329,0.04726221039891243
7759,20,330,0.05682281032204628
7760,20,331,0.06732779741287231
7761,20,332,0.06702639162540436
7762,20,333,0.09114497900009155
7763,20,334,0.059331558644771576
7764,20,335,0.03238704055547714
7765,20,336,0.044196996837854385
7766,20,337,0.02588668465614319
7767,20,338,0.05590274930000305
7768,20,339,0.02264939621090889
7769,20,340,0.004690089728683233
7770,20,341,0.06456589698791504
7771,20,342,0.20065508782863617
7772,20,343,0.03466014564037323
7773,20,344,0.06388578563928604
7774,20,345,0.08939992636442184
7775,20,346,0.10791980475187302
7776,20,347,0.057866420596838
7777,20,348,0.07097303867340088
7778,20,349,0.035686928778886795
7779,20,350,0.07422991096973419
7780,20,351,0.12089137732982635
7781,20,352,0.07963874191045761
7782,20,353,0.0454440712928772
7783,20,354,0.038579151034355164
7784,20,355,0.10467701405286789
7785,20,356,0.021643290296196938
7786,20,357,0.00882277637720108
7787,20,358,0.1291985958814621
7788,20,359,0.047290489077568054
7789,20,360,0.1028086245059967
7790,20,361,0.02010503038764
7791,20,362,0.0467548742890358
7792,20,363,0.10957219451665878
7793,20,364,0.024801118299365044
7794,20,365,0.07642300426959991
7795,20,366,0.0420728400349617
7796,20,367,0.07270142436027527
7797,20,368,0.10799568146467209
7798,20,369,0.02989116683602333
7799,20,370,0.01285826787352562
7800,20,371,0.05290621891617775
7801,20,372,0.016929876059293747
7802,20,373,0.010305446572601795
7803,20,374,0.0608522966504097
7804,20,375,0.09885204583406448
7805,20,376,0.05641156807541847
7806,20,377,0.08549037575721741
7807,20,378,0.02965158224105835
7808,20,379,0.08756314218044281
7809,20,380,0.05768384039402008
7810,20,381,0.029064252972602844
7811,20,382,0.01178362313657999
7812,20,383,0.055305156856775284
7813,20,384,0.014612585306167603
7814,20,385,0.06499147415161133
7815,20,386,0.06220582127571106
7816,20,387,0.09145945310592651
7817,20,388,0.045661356300115585
7818,20,389,0.08155208826065063
7819,20,390,0.033224523067474365
7820,20,391,0.03177275136113167
