step,epoch,batch,train_loss
1,1,1,2.3027243614196777
2,1,2,2.3015544414520264
3,1,3,2.3020541667938232
4,1,4,2.317352056503296
5,1,5,2.29612135887146
6,1,6,2.2933151721954346
7,1,7,2.2790725231170654
8,1,8,2.235668659210205
9,1,9,2.3668770790100098
10,1,10,2.2616119384765625
11,1,11,2.277161121368408
12,1,12,2.2971129417419434
13,1,13,2.2985153198242188
14,1,14,2.3007311820983887
15,1,15,2.3016276359558105
16,1,16,2.299861431121826
17,1,17,2.3002870082855225
18,1,18,2.2971696853637695
19,1,19,2.298600673675537
20,1,20,2.295283794403076
21,1,21,2.282961845397949
22,1,22,2.271545171737671
23,1,23,2.2350807189941406
24,1,24,2.2330164909362793
25,1,25,2.130570888519287
26,1,26,2.2853105068206787
27,1,27,2.070366621017456
28,1,28,2.08882212638855
29,1,29,2.2964491844177246
30,1,30,2.1157007217407227
31,1,31,2.131448984146118
32,1,32,2.1297616958618164
33,1,33,2.1868884563446045
34,1,34,2.1179311275482178
35,1,35,2.083833932876587
36,1,36,2.0641794204711914
37,1,37,2.0465238094329834
38,1,38,2.1945905685424805
39,1,39,2.181727647781372
40,1,40,2.0801875591278076
41,1,41,2.1047918796539307
42,1,42,2.083449602127075
43,1,43,2.0981454849243164
44,1,44,2.038125514984131
45,1,45,2.0687966346740723
46,1,46,2.067488431930542
47,1,47,2.093977928161621
48,1,48,2.305572748184204
49,1,49,2.0316836833953857
50,1,50,2.0862481594085693
51,1,51,2.0533249378204346
52,1,52,2.054530382156372
53,1,53,2.0490026473999023
54,1,54,2.028885841369629
55,1,55,2.0051581859588623
56,1,56,2.1008048057556152
57,1,57,1.958582878112793
58,1,58,1.945023775100708
59,1,59,1.9830976724624634
60,1,60,1.952509880065918
61,1,61,1.9718164205551147
62,1,62,1.9795087575912476
63,1,63,2.038736581802368
64,1,64,1.9628733396530151
65,1,65,1.988776445388794
66,1,66,1.940616250038147
67,1,67,1.9147230386734009
68,1,68,1.9010310173034668
69,1,69,1.8939712047576904
70,1,70,1.8998503684997559
71,1,71,2.029999017715454
72,1,72,1.8465431928634644
73,1,73,2.1229639053344727
74,1,74,1.9208641052246094
75,1,75,2.1227974891662598
76,1,76,1.9895308017730713
77,1,77,1.9775866270065308
78,1,78,2.046485662460327
79,1,79,2.0995397567749023
80,1,80,2.018036127090454
81,1,81,1.959470272064209
82,1,82,1.9360387325286865
83,1,83,1.9665403366088867
84,1,84,1.8866832256317139
85,1,85,1.939835786819458
86,1,86,2.0542523860931396
87,1,87,1.8578656911849976
88,1,88,1.8648511171340942
89,1,89,1.9205557107925415
90,1,90,1.8096445798873901
91,1,91,1.8933109045028687
92,1,92,1.8454700708389282
93,1,93,1.8953129053115845
94,1,94,1.940811276435852
95,1,95,1.815329909324646
96,1,96,1.7589293718338013
97,1,97,2.0273945331573486
98,1,98,1.8510115146636963
99,1,99,2.0281448364257812
100,1,100,1.907016634941101
101,1,101,1.9691916704177856
102,1,102,1.835902214050293
103,1,103,1.8889508247375488
104,1,104,1.9567809104919434
105,1,105,2.1236565113067627
106,1,106,2.1567764282226562
107,1,107,1.9402996301651
108,1,108,1.8965301513671875
109,1,109,1.9103597402572632
110,1,110,1.8697521686553955
111,1,111,1.8334567546844482
112,1,112,1.8508201837539673
113,1,113,1.8944523334503174
114,1,114,1.7671253681182861
115,1,115,1.8616750240325928
116,1,116,1.8166553974151611
117,1,117,1.8960551023483276
118,1,118,1.8857048749923706
119,1,119,1.8381478786468506
120,1,120,1.7516191005706787
121,1,121,1.8658589124679565
122,1,122,1.8383452892303467
123,1,123,1.9637316465377808
124,1,124,1.8183262348175049
125,1,125,1.871785283088684
126,1,126,1.8635894060134888
127,1,127,1.8173706531524658
128,1,128,1.7773646116256714
129,1,129,1.851497769355774
130,1,130,1.7763386964797974
131,1,131,1.8207330703735352
132,1,132,1.8298680782318115
133,1,133,1.6780297756195068
134,1,134,1.596235990524292
135,1,135,1.760963797569275
136,1,136,1.7644497156143188
137,1,137,1.7633492946624756
138,1,138,1.8082025051116943
139,1,139,1.7443759441375732
140,1,140,1.7373623847961426
141,1,141,1.6145087480545044
142,1,142,1.8076132535934448
143,1,143,1.7822723388671875
144,1,144,1.6717761754989624
145,1,145,1.729844570159912
146,1,146,1.8438036441802979
147,1,147,1.7981388568878174
148,1,148,1.8057105541229248
149,1,149,1.7282074689865112
150,1,150,1.7273569107055664
151,1,151,1.8510611057281494
152,1,152,1.7250635623931885
153,1,153,1.682013750076294
154,1,154,1.6328586339950562
155,1,155,1.8187909126281738
156,1,156,1.6774734258651733
157,1,157,1.7407480478286743
158,1,158,1.7498106956481934
159,1,159,1.7668880224227905
160,1,160,1.679153561592102
161,1,161,1.602895975112915
162,1,162,1.6972242593765259
163,1,163,1.6764405965805054
164,1,164,1.6371026039123535
165,1,165,1.6423429250717163
166,1,166,1.6759264469146729
167,1,167,1.5949774980545044
168,1,168,1.7414968013763428
169,1,169,1.6196497678756714
170,1,170,1.711565375328064
171,1,171,1.6431748867034912
172,1,172,1.7366268634796143
173,1,173,1.662723183631897
174,1,174,1.6823619604110718
175,1,175,1.6562000513076782
176,1,176,1.6654142141342163
177,1,177,1.6751627922058105
178,1,178,1.6061803102493286
179,1,179,1.644355058670044
180,1,180,1.5484938621520996
181,1,181,1.5575642585754395
182,1,182,1.677276611328125
183,1,183,1.6981608867645264
184,1,184,1.6470915079116821
185,1,185,1.6549625396728516
186,1,186,1.6300314664840698
187,1,187,1.6381397247314453
188,1,188,1.517856478691101
189,1,189,1.5462721586227417
190,1,190,1.5682088136672974
191,1,191,1.6583768129348755
192,1,192,1.7926493883132935
193,1,193,1.739014744758606
194,1,194,1.5791758298873901
195,1,195,1.461235761642456
196,1,196,1.6762194633483887
197,1,197,1.5319095849990845
198,1,198,1.5258525609970093
199,1,199,1.676164150238037
200,1,200,1.5634649991989136
201,1,201,1.6485766172409058
202,1,202,1.6731306314468384
203,1,203,1.5846059322357178
204,1,204,1.6280900239944458
205,1,205,1.5651036500930786
206,1,206,1.8056590557098389
207,1,207,1.5282413959503174
208,1,208,1.5206581354141235
209,1,209,1.7711490392684937
210,1,210,1.4811224937438965
211,1,211,1.580344557762146
212,1,212,1.6198676824569702
213,1,213,1.5064009428024292
214,1,214,1.6068466901779175
215,1,215,1.5851444005966187
216,1,216,1.6523703336715698
217,1,217,1.67267644405365
218,1,218,1.5118906497955322
219,1,219,1.5314029455184937
220,1,220,1.6611112356185913
221,1,221,1.4599305391311646
222,1,222,1.534876823425293
223,1,223,1.5612741708755493
224,1,224,1.5218446254730225
225,1,225,1.5978245735168457
226,1,226,1.567262053489685
227,1,227,1.5557539463043213
228,1,228,1.4049338102340698
229,1,229,1.5716373920440674
230,1,230,1.5092082023620605
231,1,231,1.609294056892395
232,1,232,1.6358637809753418
233,1,233,1.4328869581222534
234,1,234,1.588364839553833
235,1,235,1.471640706062317
236,1,236,1.4970811605453491
237,1,237,1.469323992729187
238,1,238,1.5843119621276855
239,1,239,1.5162265300750732
240,1,240,1.5148348808288574
241,1,241,1.3888866901397705
242,1,242,1.374515175819397
243,1,243,1.4204312562942505
244,1,244,1.509220838546753
245,1,245,1.4712083339691162
246,1,246,1.3507156372070312
247,1,247,1.5896457433700562
248,1,248,1.6262186765670776
249,1,249,1.398801565170288
250,1,250,1.5945440530776978
251,1,251,1.4620225429534912
252,1,252,1.553004264831543
253,1,253,1.5733890533447266
254,1,254,1.4367252588272095
255,1,255,1.804966926574707
256,1,256,1.7151992321014404
257,1,257,1.5398578643798828
258,1,258,1.6539344787597656
259,1,259,1.535269856452942
260,1,260,1.5680512189865112
261,1,261,1.636734127998352
262,1,262,1.5362130403518677
263,1,263,1.4562376737594604
264,1,264,1.5130666494369507
265,1,265,1.4924116134643555
266,1,266,1.639489769935608
267,1,267,1.4948720932006836
268,1,268,1.4149529933929443
269,1,269,1.7207775115966797
270,1,270,1.5710976123809814
271,1,271,1.3988085985183716
272,1,272,1.467406988143921
273,1,273,1.9822810888290405
274,1,274,1.5105398893356323
275,1,275,1.7415354251861572
276,1,276,1.4044859409332275
277,1,277,1.6591371297836304
278,1,278,1.6216673851013184
279,1,279,1.552007794380188
280,1,280,1.4828463792800903
281,1,281,1.5512535572052002
282,1,282,1.5471605062484741
283,1,283,1.6602849960327148
284,1,284,1.5716190338134766
285,1,285,1.3990708589553833
286,1,286,1.5186131000518799
287,1,287,1.553225040435791
288,1,288,1.4861409664154053
289,1,289,1.588253378868103
290,1,290,1.4056761264801025
291,1,291,1.4885509014129639
292,1,292,1.5506607294082642
293,1,293,1.5024218559265137
294,1,294,1.4131920337677002
295,1,295,1.45468008518219
296,1,296,1.5375161170959473
297,1,297,1.425684928894043
298,1,298,1.2765238285064697
299,1,299,1.5001517534255981
300,1,300,1.5300943851470947
301,1,301,1.4810757637023926
302,1,302,1.4586507081985474
303,1,303,1.4839568138122559
304,1,304,1.4064102172851562
305,1,305,1.3918859958648682
306,1,306,1.390440821647644
307,1,307,1.3614957332611084
308,1,308,1.326653242111206
309,1,309,1.4671767950057983
310,1,310,1.3900079727172852
311,1,311,1.3227754831314087
312,1,312,1.468083143234253
313,1,313,1.4014662504196167
314,1,314,1.3365757465362549
315,1,315,1.3431533575057983
316,1,316,1.3379865884780884
317,1,317,1.346110224723816
318,1,318,1.2941242456436157
319,1,319,1.4930102825164795
320,1,320,1.4541224241256714
321,1,321,1.5289188623428345
322,1,322,1.5853757858276367
323,1,323,1.4117729663848877
324,1,324,1.3361691236495972
325,1,325,1.3648704290390015
326,1,326,1.5020283460617065
327,1,327,1.5175628662109375
328,1,328,1.2646480798721313
329,1,329,1.5583277940750122
330,1,330,1.2975634336471558
331,1,331,1.5708439350128174
332,1,332,1.4697775840759277
333,1,333,1.4019780158996582
334,1,334,1.38388991355896
335,1,335,1.409102439880371
336,1,336,1.408619999885559
337,1,337,1.3256820440292358
338,1,338,1.4823567867279053
339,1,339,1.4557433128356934
340,1,340,1.428919792175293
341,1,341,1.4352930784225464
342,1,342,1.2617791891098022
343,1,343,1.458915114402771
344,1,344,1.3423763513565063
345,1,345,1.4670054912567139
346,1,346,1.5369436740875244
347,1,347,1.547023892402649
348,1,348,1.3947241306304932
349,1,349,1.3107167482376099
350,1,350,1.2808917760849
351,1,351,1.4411368370056152
352,1,352,1.4458696842193604
353,1,353,1.3543788194656372
354,1,354,1.4202964305877686
355,1,355,1.359017014503479
356,1,356,1.5281540155410767
357,1,357,1.36827552318573
358,1,358,1.3031582832336426
359,1,359,1.316941738128662
360,1,360,1.3919787406921387
361,1,361,1.419023036956787
362,1,362,1.4152992963790894
363,1,363,1.1222920417785645
364,1,364,1.3627175092697144
365,1,365,1.3639594316482544
366,1,366,1.2097333669662476
367,1,367,1.3737108707427979
368,1,368,1.254440426826477
369,1,369,1.288867712020874
370,1,370,1.3671118021011353
371,1,371,1.3720687627792358
372,1,372,1.35367751121521
373,1,373,1.3240498304367065
374,1,374,1.2903263568878174
375,1,375,1.37791109085083
376,1,376,1.350193977355957
377,1,377,1.5172638893127441
378,1,378,1.2921473979949951
379,1,379,1.500135898590088
380,1,380,1.3302085399627686
381,1,381,1.404557466506958
382,1,382,1.337222695350647
383,1,383,1.1677097082138062
384,1,384,1.2241556644439697
385,1,385,1.4519550800323486
386,1,386,1.3229353427886963
387,1,387,1.349591612815857
388,1,388,1.2634776830673218
389,1,389,1.3172787427902222
390,1,390,1.4555857181549072
391,1,391,1.2569632530212402
392,2,1,1.1538639068603516
393,2,2,1.2887247800827026
394,2,3,1.3666983842849731
395,2,4,1.2125377655029297
396,2,5,1.0884195566177368
397,2,6,1.1698306798934937
398,2,7,1.1875883340835571
399,2,8,1.449378490447998
400,2,9,1.386955976486206
401,2,10,1.3837637901306152
402,2,11,1.411449909210205
403,2,12,1.6194384098052979
404,2,13,1.1988922357559204
405,2,14,1.3754987716674805
406,2,15,1.3130176067352295
407,2,16,1.4309364557266235
408,2,17,1.1539227962493896
409,2,18,1.1988182067871094
410,2,19,1.2072776556015015
411,2,20,1.1954410076141357
412,2,21,1.2628189325332642
413,2,22,1.2949901819229126
414,2,23,1.2079964876174927
415,2,24,1.1426136493682861
416,2,25,1.2081694602966309
417,2,26,1.4764654636383057
418,2,27,1.3530255556106567
419,2,28,1.2849065065383911
420,2,29,1.3848360776901245
421,2,30,1.1395763158798218
422,2,31,1.1998908519744873
423,2,32,1.2958998680114746
424,2,33,1.2175836563110352
425,2,34,1.2282577753067017
426,2,35,1.3560857772827148
427,2,36,1.2425566911697388
428,2,37,1.1042231321334839
429,2,38,1.1416901350021362
430,2,39,1.299803614616394
431,2,40,1.3476274013519287
432,2,41,1.229210615158081
433,2,42,1.2275424003601074
434,2,43,1.332204818725586
435,2,44,1.3275138139724731
436,2,45,1.189629316329956
437,2,46,1.2322521209716797
438,2,47,1.3289463520050049
439,2,48,1.429194450378418
440,2,49,1.2716246843338013
441,2,50,1.2311911582946777
442,2,51,1.2923800945281982
443,2,52,1.411699891090393
444,2,53,1.291668176651001
445,2,54,1.0678536891937256
446,2,55,1.2206467390060425
447,2,56,1.3633670806884766
448,2,57,1.2940857410430908
449,2,58,1.3283793926239014
450,2,59,1.3060346841812134
451,2,60,1.2475066184997559
452,2,61,1.0508493185043335
453,2,62,1.4705588817596436
454,2,63,1.2425332069396973
455,2,64,1.2061220407485962
456,2,65,1.159622073173523
457,2,66,1.2489453554153442
458,2,67,1.383624792098999
459,2,68,1.1836782693862915
460,2,69,1.1489161252975464
461,2,70,1.3186792135238647
462,2,71,1.2049671411514282
463,2,72,1.1390058994293213
464,2,73,1.311300277709961
465,2,74,1.3713805675506592
466,2,75,1.21182382106781
467,2,76,1.408031702041626
468,2,77,1.0713649988174438
469,2,78,1.2900283336639404
470,2,79,1.225583791732788
471,2,80,1.2869069576263428
472,2,81,1.229508399963379
473,2,82,1.155692219734192
474,2,83,1.2450908422470093
475,2,84,1.2394959926605225
476,2,85,1.2197668552398682
477,2,86,1.4160503149032593
478,2,87,1.0753734111785889
479,2,88,1.128618836402893
480,2,89,0.9861818552017212
481,2,90,1.0231614112854004
482,2,91,1.188572883605957
483,2,92,1.2529008388519287
484,2,93,1.072906732559204
485,2,94,1.4040310382843018
486,2,95,1.1628873348236084
487,2,96,1.1540780067443848
488,2,97,1.423631191253662
489,2,98,1.079724669456482
490,2,99,1.1187127828598022
491,2,100,1.2296262979507446
492,2,101,1.3304544687271118
493,2,102,1.1306483745574951
494,2,103,1.1616772413253784
495,2,104,1.087191104888916
496,2,105,1.2960448265075684
497,2,106,1.4805574417114258
498,2,107,1.402860164642334
499,2,108,1.1947057247161865
500,2,109,1.1140490770339966
501,2,110,1.1530895233154297
502,2,111,1.1512999534606934
503,2,112,1.0629334449768066
504,2,113,1.2936365604400635
505,2,114,1.1517537832260132
506,2,115,1.2851710319519043
507,2,116,0.955582320690155
508,2,117,1.1324399709701538
509,2,118,1.1893798112869263
510,2,119,1.1741361618041992
511,2,120,1.1758861541748047
512,2,121,1.1475762128829956
513,2,122,1.174175500869751
514,2,123,1.1217036247253418
515,2,124,1.1494444608688354
516,2,125,1.0930739641189575
517,2,126,1.180693507194519
518,2,127,1.1714918613433838
519,2,128,1.2789428234100342
520,2,129,1.1195636987686157
521,2,130,1.1864023208618164
522,2,131,1.1364017724990845
523,2,132,1.0189849138259888
524,2,133,1.124495267868042
525,2,134,1.1084035634994507
526,2,135,1.0106432437896729
527,2,136,1.1715234518051147
528,2,137,1.068056583404541
529,2,138,1.109410047531128
530,2,139,1.3415961265563965
531,2,140,0.9800037145614624
532,2,141,1.143389344215393
533,2,142,1.1385631561279297
534,2,143,1.0315004587173462
535,2,144,1.0271424055099487
536,2,145,1.2877477407455444
537,2,146,1.0852559804916382
538,2,147,1.1138575077056885
539,2,148,1.0448955297470093
540,2,149,1.167230248451233
541,2,150,1.2142390012741089
542,2,151,1.178107500076294
543,2,152,1.1146773099899292
544,2,153,1.1934396028518677
545,2,154,1.2161256074905396
546,2,155,1.0030529499053955
547,2,156,1.1148178577423096
548,2,157,1.0719308853149414
549,2,158,1.1618373394012451
550,2,159,1.0998320579528809
551,2,160,1.153448462486267
552,2,161,1.4548845291137695
553,2,162,1.0675238370895386
554,2,163,1.1580086946487427
555,2,164,0.9810389280319214
556,2,165,1.081605076789856
557,2,166,1.1952166557312012
558,2,167,1.1670434474945068
559,2,168,1.030993103981018
560,2,169,1.1107020378112793
561,2,170,1.1910008192062378
562,2,171,1.0477170944213867
563,2,172,1.2474186420440674
564,2,173,1.1011945009231567
565,2,174,1.119834303855896
566,2,175,1.0896676778793335
567,2,176,1.107225775718689
568,2,177,1.045223355293274
569,2,178,1.0057166814804077
570,2,179,1.0838226079940796
571,2,180,0.9984267354011536
572,2,181,1.029180884361267
573,2,182,0.8995741605758667
574,2,183,1.0015829801559448
575,2,184,1.186071515083313
576,2,185,1.0784640312194824
577,2,186,1.1978809833526611
578,2,187,1.16871976852417
579,2,188,1.0919826030731201
580,2,189,1.113991379737854
581,2,190,1.1056214570999146
582,2,191,1.211357593536377
583,2,192,1.0426216125488281
584,2,193,1.2686681747436523
585,2,194,1.2540407180786133
586,2,195,1.157218337059021
587,2,196,1.1482670307159424
588,2,197,1.1744345426559448
589,2,198,1.0856975317001343
590,2,199,0.9580623507499695
591,2,200,1.1257551908493042
592,2,201,1.1858097314834595
593,2,202,1.0643069744110107
594,2,203,1.1648942232131958
595,2,204,1.1624454259872437
596,2,205,1.0046836137771606
597,2,206,1.2061620950698853
598,2,207,0.9989255666732788
599,2,208,1.2553560733795166
600,2,209,0.9968957304954529
601,2,210,1.1534689664840698
602,2,211,1.0236523151397705
603,2,212,1.000510811805725
604,2,213,1.123451828956604
605,2,214,1.1395353078842163
606,2,215,1.1310482025146484
607,2,216,1.0688133239746094
608,2,217,1.0568472146987915
609,2,218,1.068048357963562
610,2,219,1.1352943181991577
611,2,220,1.1907907724380493
612,2,221,1.0641883611679077
613,2,222,1.134596347808838
614,2,223,0.9868586659431458
615,2,224,1.0054669380187988
616,2,225,0.8883281350135803
617,2,226,1.0979806184768677
618,2,227,0.8704121112823486
619,2,228,0.9363449215888977
620,2,229,1.1172747611999512
621,2,230,0.9669458866119385
622,2,231,1.2858104705810547
623,2,232,1.277917742729187
624,2,233,1.1468472480773926
625,2,234,1.0159125328063965
626,2,235,1.0237863063812256
627,2,236,1.0849840641021729
628,2,237,1.0444486141204834
629,2,238,1.1883660554885864
630,2,239,1.1173224449157715
631,2,240,1.07668137550354
632,2,241,1.0543320178985596
633,2,242,1.039397954940796
634,2,243,1.1631417274475098
635,2,244,1.0323058366775513
636,2,245,1.2301368713378906
637,2,246,1.0271778106689453
638,2,247,0.944456934928894
639,2,248,0.9710017442703247
640,2,249,1.0847959518432617
641,2,250,1.0578585863113403
642,2,251,1.1596800088882446
643,2,252,1.1105440855026245
644,2,253,1.017406940460205
645,2,254,0.9161309003829956
646,2,255,1.0219693183898926
647,2,256,1.0009968280792236
648,2,257,1.0061601400375366
649,2,258,1.077031135559082
650,2,259,1.2394568920135498
651,2,260,0.9401627779006958
652,2,261,1.1080336570739746
653,2,262,0.9150769114494324
654,2,263,0.8004342317581177
655,2,264,1.1920548677444458
656,2,265,1.0141313076019287
657,2,266,0.8871146440505981
658,2,267,0.9081614017486572
659,2,268,1.007566213607788
660,2,269,1.0853321552276611
661,2,270,1.0249695777893066
662,2,271,1.1554397344589233
663,2,272,1.0971025228500366
664,2,273,0.773645281791687
665,2,274,1.0683557987213135
666,2,275,1.0205739736557007
667,2,276,1.2632436752319336
668,2,277,0.8253738284111023
669,2,278,1.066482424736023
670,2,279,1.0378669500350952
671,2,280,0.8907308578491211
672,2,281,0.86222243309021
673,2,282,1.0195759534835815
674,2,283,0.9373266100883484
675,2,284,0.9776224493980408
676,2,285,1.1476837396621704
677,2,286,1.085267424583435
678,2,287,0.9673947691917419
679,2,288,0.9242501258850098
680,2,289,1.3360310792922974
681,2,290,0.96943598985672
682,2,291,0.9405593276023865
683,2,292,1.0045863389968872
684,2,293,1.1449741125106812
685,2,294,1.3763612508773804
686,2,295,0.8731866478919983
687,2,296,0.8963472247123718
688,2,297,0.9535696506500244
689,2,298,1.060171127319336
690,2,299,1.204466700553894
691,2,300,0.9382328391075134
692,2,301,1.0087318420410156
693,2,302,1.1770728826522827
694,2,303,0.8983603119850159
695,2,304,1.102647066116333
696,2,305,1.0765517950057983
697,2,306,0.9423414468765259
698,2,307,0.9252822995185852
699,2,308,0.8785074353218079
700,2,309,1.004729986190796
701,2,310,1.1661044359207153
702,2,311,0.9177958965301514
703,2,312,0.9753095507621765
704,2,313,0.968084990978241
705,2,314,0.9420907497406006
706,2,315,0.9773481488227844
707,2,316,1.0081459283828735
708,2,317,1.0837719440460205
709,2,318,0.9447811245918274
710,2,319,0.8708219528198242
711,2,320,0.9165647029876709
712,2,321,1.064146876335144
713,2,322,0.9429422616958618
714,2,323,1.0045151710510254
715,2,324,1.0450429916381836
716,2,325,0.9266868829727173
717,2,326,0.9195950031280518
718,2,327,1.143141508102417
719,2,328,1.0088950395584106
720,2,329,1.0663163661956787
721,2,330,1.015476107597351
722,2,331,1.062710165977478
723,2,332,0.9422383308410645
724,2,333,1.0463309288024902
725,2,334,1.0252015590667725
726,2,335,0.9995299577713013
727,2,336,1.1514171361923218
728,2,337,0.8326359391212463
729,2,338,0.9138020873069763
730,2,339,0.9825502634048462
731,2,340,0.9866225123405457
732,2,341,1.0105245113372803
733,2,342,0.9611107110977173
734,2,343,0.8727643489837646
735,2,344,0.9996261596679688
736,2,345,1.01201331615448
737,2,346,0.9377955794334412
738,2,347,1.0466927289962769
739,2,348,0.891173779964447
740,2,349,1.1361340284347534
741,2,350,1.0838038921356201
742,2,351,0.8175144195556641
743,2,352,1.097878336906433
744,2,353,0.9209174513816833
745,2,354,0.9723329544067383
746,2,355,0.990288257598877
747,2,356,0.9016894698143005
748,2,357,0.9778722524642944
749,2,358,0.8230087757110596
750,2,359,0.8079477548599243
751,2,360,0.8963350653648376
752,2,361,1.0835171937942505
753,2,362,1.0273497104644775
754,2,363,0.8126076459884644
755,2,364,0.9038741588592529
756,2,365,0.8649976253509521
757,2,366,0.9557721614837646
758,2,367,0.7700872421264648
759,2,368,0.8554189801216125
760,2,369,0.9332224726676941
761,2,370,1.2285892963409424
762,2,371,0.9150649309158325
763,2,372,1.0282933712005615
764,2,373,0.959980309009552
765,2,374,1.0784926414489746
766,2,375,0.9986618757247925
767,2,376,0.847567081451416
768,2,377,1.003652811050415
769,2,378,0.831081211566925
770,2,379,0.9461978673934937
771,2,380,0.8936690092086792
772,2,381,0.9200022220611572
773,2,382,0.8844773769378662
774,2,383,0.8403828144073486
775,2,384,0.8832039833068848
776,2,385,0.9231401085853577
777,2,386,0.9209182858467102
778,2,387,1.05404794216156
779,2,388,0.919873058795929
780,2,389,1.02126944065094
781,2,390,1.063484787940979
782,2,391,0.8632993698120117
783,3,1,0.7483917474746704
784,3,2,0.7731770277023315
785,3,3,0.9776824116706848
786,3,4,0.8859605193138123
787,3,5,0.7656000852584839
788,3,6,0.7916795015335083
789,3,7,0.7552584409713745
790,3,8,0.8179070949554443
791,3,9,0.8926952481269836
792,3,10,0.8876794576644897
793,3,11,0.9040846824645996
794,3,12,0.6678314805030823
795,3,13,0.990077555179596
796,3,14,0.8333480358123779
797,3,15,0.7926658987998962
798,3,16,0.741774320602417
799,3,17,0.8417805433273315
800,3,18,0.9079478979110718
801,3,19,0.9028955101966858
802,3,20,0.793332040309906
803,3,21,0.737745463848114
804,3,22,0.7789646983146667
805,3,23,0.8899951577186584
806,3,24,1.0514187812805176
807,3,25,0.6664904356002808
808,3,26,0.8157050609588623
809,3,27,0.6882160902023315
810,3,28,0.7536796927452087
811,3,29,0.8843531012535095
812,3,30,0.9077916145324707
813,3,31,0.6351576447486877
814,3,32,0.7361845374107361
815,3,33,0.8635076284408569
816,3,34,0.6603001356124878
817,3,35,0.8735741376876831
818,3,36,0.7039886116981506
819,3,37,0.7580857872962952
820,3,38,1.0880533456802368
821,3,39,0.83744877576828
822,3,40,0.9415469765663147
823,3,41,0.7982994914054871
824,3,42,0.8277289271354675
825,3,43,0.8928877711296082
826,3,44,1.058932900428772
827,3,45,0.9078442454338074
828,3,46,0.7956950664520264
829,3,47,0.9332171082496643
830,3,48,0.9180493950843811
831,3,49,0.8624650835990906
832,3,50,1.0058298110961914
833,3,51,0.7697159647941589
834,3,52,0.9943183064460754
835,3,53,0.8892924189567566
836,3,54,0.965877115726471
837,3,55,0.8449690341949463
838,3,56,0.7835787534713745
839,3,57,0.7628320455551147
840,3,58,0.9429648518562317
841,3,59,1.0794700384140015
842,3,60,0.8065778613090515
843,3,61,0.8896118402481079
844,3,62,0.8530477285385132
845,3,63,1.0509586334228516
846,3,64,0.7525453567504883
847,3,65,0.9567968845367432
848,3,66,0.850793719291687
849,3,67,1.0443893671035767
850,3,68,0.8790158033370972
851,3,69,0.8839268088340759
852,3,70,0.8065023422241211
853,3,71,0.93083256483078
854,3,72,0.864470899105072
855,3,73,0.8845533132553101
856,3,74,0.8027592301368713
857,3,75,0.825062096118927
858,3,76,0.7911937832832336
859,3,77,0.8885146379470825
860,3,78,0.9348469972610474
861,3,79,0.979206383228302
862,3,80,0.7463855147361755
863,3,81,0.8335224390029907
864,3,82,0.8936127424240112
865,3,83,0.8937068581581116
866,3,84,0.8697946667671204
867,3,85,0.7439197897911072
868,3,86,0.7970672845840454
869,3,87,0.9558210372924805
870,3,88,0.9162403345108032
871,3,89,0.8633522987365723
872,3,90,0.8702975511550903
873,3,91,0.8349711894989014
874,3,92,0.808570921421051
875,3,93,0.8465748429298401
876,3,94,0.6764864921569824
877,3,95,0.8564635515213013
878,3,96,0.7059320211410522
879,3,97,0.7538481950759888
880,3,98,0.8694409132003784
881,3,99,0.8516397476196289
882,3,100,0.8123740553855896
883,3,101,0.8710066080093384
884,3,102,0.8968959450721741
885,3,103,0.7907416224479675
886,3,104,0.6955269575119019
887,3,105,0.8315501809120178
888,3,106,0.775750458240509
889,3,107,0.9499605894088745
890,3,108,0.9516744613647461
891,3,109,0.9333587288856506
892,3,110,0.7241199016571045
893,3,111,0.6581665277481079
894,3,112,0.8158683180809021
895,3,113,0.7844827175140381
896,3,114,0.7590013742446899
897,3,115,0.8278173208236694
898,3,116,0.7774729132652283
899,3,117,0.8319835662841797
900,3,118,0.7690403461456299
901,3,119,0.9179316759109497
902,3,120,0.8291590809822083
903,3,121,0.7470860481262207
904,3,122,0.8094517588615417
905,3,123,0.9659177660942078
906,3,124,0.9047704339027405
907,3,125,1.0246148109436035
908,3,126,0.8145478367805481
909,3,127,0.9388444423675537
910,3,128,0.8904391527175903
911,3,129,0.9035437107086182
912,3,130,1.1413309574127197
913,3,131,0.9061974287033081
914,3,132,0.9080294966697693
915,3,133,0.8025000691413879
916,3,134,0.8239295482635498
917,3,135,0.742295503616333
918,3,136,0.8015373945236206
919,3,137,0.7085522413253784
920,3,138,0.8376716375350952
921,3,139,0.8089442849159241
922,3,140,0.9492009878158569
923,3,141,0.8579506278038025
924,3,142,0.9047690033912659
925,3,143,0.7822452783584595
926,3,144,0.6774739027023315
927,3,145,0.8245793581008911
928,3,146,0.6905924081802368
929,3,147,0.9354996681213379
930,3,148,0.7262035012245178
931,3,149,0.7906786799430847
932,3,150,0.7909741401672363
933,3,151,0.7697364687919617
934,3,152,0.7581852078437805
935,3,153,0.7340582609176636
936,3,154,0.8292763233184814
937,3,155,0.7583737373352051
938,3,156,0.8206073045730591
939,3,157,0.8467841148376465
940,3,158,0.8549835085868835
941,3,159,0.773637056350708
942,3,160,0.9254807233810425
943,3,161,0.8232633471488953
944,3,162,0.7510166764259338
945,3,163,0.6376050114631653
946,3,164,0.7267032861709595
947,3,165,0.7738592028617859
948,3,166,0.9192723631858826
949,3,167,0.8332769870758057
950,3,168,0.750508725643158
951,3,169,0.7377737164497375
952,3,170,0.8412039279937744
953,3,171,1.0506547689437866
954,3,172,0.6930473446846008
955,3,173,0.8820474743843079
956,3,174,0.9116283655166626
957,3,175,0.9287670850753784
958,3,176,0.8609133958816528
959,3,177,0.9450819492340088
960,3,178,0.7261016964912415
961,3,179,0.9109681844711304
962,3,180,0.8687623143196106
963,3,181,0.9352511763572693
964,3,182,0.9591447114944458
965,3,183,0.7990273833274841
966,3,184,0.9455494284629822
967,3,185,0.801198422908783
968,3,186,0.8100396394729614
969,3,187,0.7086224555969238
970,3,188,0.8532240986824036
971,3,189,0.8709195852279663
972,3,190,0.9673190712928772
973,3,191,0.8818389773368835
974,3,192,0.8399980068206787
975,3,193,0.849748432636261
976,3,194,0.8428360223770142
977,3,195,0.6604755520820618
978,3,196,0.7686134576797485
979,3,197,0.9864823222160339
980,3,198,0.6383728981018066
981,3,199,0.7835949659347534
982,3,200,0.850523054599762
983,3,201,0.7013744115829468
984,3,202,0.8171596527099609
985,3,203,0.7867621779441833
986,3,204,0.56809401512146
987,3,205,0.8289158344268799
988,3,206,0.8446668386459351
989,3,207,0.8352167010307312
990,3,208,0.9526058435440063
991,3,209,0.8682730197906494
992,3,210,0.6645869016647339
993,3,211,1.1261043548583984
994,3,212,0.7161519527435303
995,3,213,0.6733648180961609
996,3,214,0.7709411978721619
997,3,215,0.8836875557899475
998,3,216,0.6667898893356323
999,3,217,1.0014796257019043
1000,3,218,0.7561049461364746
1001,3,219,0.5760770440101624
1002,3,220,0.7352518439292908
1003,3,221,0.8772252202033997
1004,3,222,0.8008404970169067
1005,3,223,0.8046655058860779
1006,3,224,0.7428297996520996
1007,3,225,0.780871570110321
1008,3,226,0.802300751209259
1009,3,227,0.9083310961723328
1010,3,228,0.819383978843689
1011,3,229,0.7539131045341492
1012,3,230,0.9398897290229797
1013,3,231,0.775424063205719
1014,3,232,0.8413816094398499
1015,3,233,0.731813907623291
1016,3,234,0.8317998051643372
1017,3,235,0.9092881679534912
1018,3,236,0.8505875468254089
1019,3,237,0.867180585861206
1020,3,238,0.7922943830490112
1021,3,239,0.7297350168228149
1022,3,240,0.7989264130592346
1023,3,241,0.6666905879974365
1024,3,242,0.6224566102027893
1025,3,243,0.8533772826194763
1026,3,244,0.7553117275238037
1027,3,245,0.7087156772613525
1028,3,246,0.7622385621070862
1029,3,247,0.693438708782196
1030,3,248,0.7461622357368469
1031,3,249,0.6594930291175842
1032,3,250,0.6829001903533936
1033,3,251,0.7242695093154907
1034,3,252,0.6227716207504272
1035,3,253,0.8726590871810913
1036,3,254,0.7275466322898865
1037,3,255,0.7316462993621826
1038,3,256,0.7072463035583496
1039,3,257,0.9783922433853149
1040,3,258,0.8641379475593567
1041,3,259,0.8861682415008545
1042,3,260,0.8524594306945801
1043,3,261,0.6315529346466064
1044,3,262,0.890336811542511
1045,3,263,0.8343014121055603
1046,3,264,0.7028621435165405
1047,3,265,0.6553977131843567
1048,3,266,0.8742075562477112
1049,3,267,0.7558003067970276
1050,3,268,0.7735700011253357
1051,3,269,1.02474045753479
1052,3,270,0.837033748626709
1053,3,271,0.7796997427940369
1054,3,272,0.9265421032905579
1055,3,273,0.7491159439086914
1056,3,274,0.6773560643196106
1057,3,275,0.8828257322311401
1058,3,276,0.6438207626342773
1059,3,277,0.8760809302330017
1060,3,278,0.8516559600830078
1061,3,279,0.7835949063301086
1062,3,280,0.8217179179191589
1063,3,281,0.8563536405563354
1064,3,282,0.7704455256462097
1065,3,283,0.8396664261817932
1066,3,284,0.7680463790893555
1067,3,285,0.6499358415603638
1068,3,286,0.8038639426231384
1069,3,287,0.7528579831123352
1070,3,288,0.5790007710456848
1071,3,289,0.8969734311103821
1072,3,290,0.6480674743652344
1073,3,291,0.730940043926239
1074,3,292,0.904971182346344
1075,3,293,0.7548657655715942
1076,3,294,0.6386815309524536
1077,3,295,0.7726978659629822
1078,3,296,0.7990462183952332
1079,3,297,0.8093324303627014
1080,3,298,0.9844802021980286
1081,3,299,0.6468430161476135
1082,3,300,0.7317955493927002
1083,3,301,0.8868595957756042
1084,3,302,0.7018817663192749
1085,3,303,0.9587838053703308
1086,3,304,0.7671828866004944
1087,3,305,0.868511438369751
1088,3,306,0.8428574204444885
1089,3,307,0.8282866477966309
1090,3,308,0.8795823454856873
1091,3,309,0.6626166105270386
1092,3,310,0.7861310243606567
1093,3,311,0.6209836006164551
1094,3,312,0.8014258146286011
1095,3,313,0.9517239928245544
1096,3,314,0.7322227954864502
1097,3,315,0.7011607885360718
1098,3,316,0.7972871661186218
1099,3,317,0.7487125396728516
1100,3,318,0.5871575474739075
1101,3,319,0.9257094264030457
1102,3,320,0.7653646469116211
1103,3,321,0.8797101378440857
1104,3,322,0.6829155683517456
1105,3,323,0.7433695793151855
1106,3,324,0.7376846075057983
1107,3,325,0.7380191087722778
1108,3,326,0.9074965119361877
1109,3,327,0.7325276136398315
1110,3,328,0.9003345966339111
1111,3,329,0.812854528427124
1112,3,330,0.8721299171447754
1113,3,331,0.7816949486732483
1114,3,332,0.7694067358970642
1115,3,333,0.6175025105476379
1116,3,334,0.7504306435585022
1117,3,335,0.7786049842834473
1118,3,336,0.7103371620178223
1119,3,337,0.716511607170105
1120,3,338,0.8103196620941162
1121,3,339,0.6799101829528809
1122,3,340,0.8466154336929321
1123,3,341,0.9336198568344116
1124,3,342,0.7134928107261658
1125,3,343,0.7393777370452881
1126,3,344,0.7978668808937073
1127,3,345,0.6969131827354431
1128,3,346,0.6808976531028748
1129,3,347,0.8069146871566772
1130,3,348,0.8640066385269165
1131,3,349,0.6288471817970276
1132,3,350,0.8654471635818481
1133,3,351,0.9458115100860596
1134,3,352,0.7871872782707214
1135,3,353,0.8332745432853699
1136,3,354,0.7593609690666199
1137,3,355,0.8922301530838013
1138,3,356,0.7829872965812683
1139,3,357,0.722616970539093
1140,3,358,0.916309654712677
1141,3,359,0.7470228672027588
1142,3,360,0.6597760915756226
1143,3,361,0.7738510370254517
1144,3,362,0.7965826392173767
1145,3,363,0.6149482727050781
1146,3,364,0.825783371925354
1147,3,365,0.6700229644775391
1148,3,366,0.8885151147842407
1149,3,367,0.7070786952972412
1150,3,368,0.7566851377487183
1151,3,369,0.6225671768188477
1152,3,370,0.764083206653595
1153,3,371,0.9042288064956665
1154,3,372,0.5409011840820312
1155,3,373,0.8063490986824036
1156,3,374,0.7977860569953918
1157,3,375,0.9145845770835876
1158,3,376,0.8352558016777039
1159,3,377,0.7751761674880981
1160,3,378,0.7073379755020142
1161,3,379,0.6630876064300537
1162,3,380,0.6032558083534241
1163,3,381,0.6688176989555359
1164,3,382,0.7744517922401428
1165,3,383,0.9189916253089905
1166,3,384,0.7111248970031738
1167,3,385,0.8432486653327942
1168,3,386,0.7265064716339111
1169,3,387,0.8955967426300049
1170,3,388,1.0995930433273315
1171,3,389,0.6952612400054932
1172,3,390,0.6914241909980774
1173,3,391,0.6415877342224121
1174,4,1,0.7623448967933655
1175,4,2,0.6442415714263916
1176,4,3,0.7486633658409119
1177,4,4,0.7141772508621216
1178,4,5,0.5321746468544006
1179,4,6,0.7325249910354614
1180,4,7,0.6979547142982483
1181,4,8,0.6431505680084229
1182,4,9,0.5965548753738403
1183,4,10,0.6356021761894226
1184,4,11,0.594882607460022
1185,4,12,0.6466002464294434
1186,4,13,0.754216730594635
1187,4,14,0.4890146255493164
1188,4,15,0.6804361939430237
1189,4,16,0.7058742046356201
1190,4,17,0.7101055383682251
1191,4,18,0.5855625867843628
1192,4,19,0.42912858724594116
1193,4,20,0.6150566339492798
1194,4,21,0.5304034948348999
1195,4,22,0.547126293182373
1196,4,23,0.5007809400558472
1197,4,24,0.6834765076637268
1198,4,25,0.5333554148674011
1199,4,26,0.6496617794036865
1200,4,27,0.6679869890213013
1201,4,28,0.7593749165534973
1202,4,29,0.60833740234375
1203,4,30,0.6520618796348572
1204,4,31,0.5295400619506836
1205,4,32,0.5719859600067139
1206,4,33,0.8577607274055481
1207,4,34,0.7973160147666931
1208,4,35,0.4757118225097656
1209,4,36,0.6848365068435669
1210,4,37,0.7518543004989624
1211,4,38,0.6057924628257751
1212,4,39,0.536024272441864
1213,4,40,0.645386278629303
1214,4,41,0.5774230360984802
1215,4,42,0.5452210903167725
1216,4,43,0.7232340574264526
1217,4,44,0.5758817791938782
1218,4,45,0.7701964378356934
1219,4,46,0.7213826775550842
1220,4,47,0.5501254200935364
1221,4,48,0.516772449016571
1222,4,49,0.5525673031806946
1223,4,50,0.4905810058116913
1224,4,51,0.636647641658783
1225,4,52,0.6459565758705139
1226,4,53,0.5108961462974548
1227,4,54,0.5907307863235474
1228,4,55,0.657214343547821
1229,4,56,0.7159032821655273
1230,4,57,0.6421470046043396
1231,4,58,0.5903465747833252
1232,4,59,0.7060369849205017
1233,4,60,0.5726032853126526
1234,4,61,0.6449536681175232
1235,4,62,0.7784919142723083
1236,4,63,0.6762264966964722
1237,4,64,0.5304394960403442
1238,4,65,0.5103616714477539
1239,4,66,0.5905148983001709
1240,4,67,0.6194522976875305
1241,4,68,0.7454536557197571
1242,4,69,0.778051495552063
1243,4,70,0.8255854845046997
1244,4,71,0.6658392548561096
1245,4,72,0.6124858856201172
1246,4,73,0.654512882232666
1247,4,74,0.5946197509765625
1248,4,75,0.6773387789726257
1249,4,76,0.5669705867767334
1250,4,77,0.708806574344635
1251,4,78,0.6265900135040283
1252,4,79,0.5328215956687927
1253,4,80,0.5902662873268127
1254,4,81,0.6977325081825256
1255,4,82,0.5264719128608704
1256,4,83,0.661482036113739
1257,4,84,0.6393221616744995
1258,4,85,0.8100615739822388
1259,4,86,0.5737480521202087
1260,4,87,0.6649522185325623
1261,4,88,0.6637383103370667
1262,4,89,0.8159646391868591
1263,4,90,0.6711956262588501
1264,4,91,0.5096424221992493
1265,4,92,0.6356033682823181
1266,4,93,0.5745487213134766
1267,4,94,0.6046243906021118
1268,4,95,0.6171557903289795
1269,4,96,0.6578370928764343
1270,4,97,0.5246646404266357
1271,4,98,0.7070131897926331
1272,4,99,0.6268492341041565
1273,4,100,0.5942754149436951
1274,4,101,0.5427168011665344
1275,4,102,0.6525382399559021
1276,4,103,0.5970054864883423
1277,4,104,0.6699770092964172
1278,4,105,0.6263909339904785
1279,4,106,0.5585668087005615
1280,4,107,0.6344642043113708
1281,4,108,0.5143809914588928
1282,4,109,0.5382047891616821
1283,4,110,0.876592218875885
1284,4,111,0.6678948998451233
1285,4,112,0.5323004126548767
1286,4,113,0.5231500267982483
1287,4,114,0.6142195463180542
1288,4,115,0.6247132420539856
1289,4,116,0.5272135138511658
1290,4,117,0.7463434338569641
1291,4,118,0.6196660995483398
1292,4,119,0.8336443901062012
1293,4,120,0.7525890469551086
1294,4,121,0.6196960806846619
1295,4,122,0.6880871057510376
1296,4,123,0.6189978122711182
1297,4,124,0.5714618563652039
1298,4,125,0.5906328558921814
1299,4,126,0.7643940448760986
1300,4,127,0.7739751935005188
1301,4,128,0.5358691811561584
1302,4,129,0.7946683168411255
1303,4,130,0.6105754375457764
1304,4,131,0.5550064444541931
1305,4,132,0.7183347940444946
1306,4,133,0.8301115036010742
1307,4,134,0.5693354606628418
1308,4,135,0.5930067300796509
1309,4,136,0.6877651214599609
1310,4,137,0.6691218614578247
1311,4,138,0.7219424843788147
1312,4,139,0.4633626341819763
1313,4,140,0.6253243684768677
1314,4,141,0.7677114009857178
1315,4,142,0.6022761464118958
1316,4,143,0.7144349813461304
1317,4,144,0.7432591319084167
1318,4,145,0.5998092889785767
1319,4,146,0.5545580387115479
1320,4,147,0.6769123077392578
1321,4,148,0.7649644017219543
1322,4,149,0.8414992094039917
1323,4,150,0.5694893002510071
1324,4,151,0.6904961466789246
1325,4,152,0.551532506942749
1326,4,153,0.5981311798095703
1327,4,154,0.6276419758796692
1328,4,155,0.6659715175628662
1329,4,156,0.6498039960861206
1330,4,157,0.5142418742179871
1331,4,158,0.6543331742286682
1332,4,159,0.7307396531105042
1333,4,160,0.746964156627655
1334,4,161,0.6857913136482239
1335,4,162,0.6383809447288513
1336,4,163,0.5500790476799011
1337,4,164,0.7966708540916443
1338,4,165,0.6894897818565369
1339,4,166,0.6982518434524536
1340,4,167,0.6936355829238892
1341,4,168,0.8088557720184326
1342,4,169,0.6998373866081238
1343,4,170,0.6682993173599243
1344,4,171,0.5825271606445312
1345,4,172,0.7805088758468628
1346,4,173,0.599734902381897
1347,4,174,0.6144278645515442
1348,4,175,0.5974563956260681
1349,4,176,0.7390557527542114
1350,4,177,0.6106157302856445
1351,4,178,0.6825989484786987
1352,4,179,0.5641198754310608
1353,4,180,0.576956033706665
1354,4,181,0.6325308084487915
1355,4,182,0.6278160214424133
1356,4,183,0.677860677242279
1357,4,184,0.6410626769065857
1358,4,185,0.7511110901832581
1359,4,186,0.7371094822883606
1360,4,187,0.5601416826248169
1361,4,188,0.6243891716003418
1362,4,189,0.6900810599327087
1363,4,190,0.742953360080719
1364,4,191,0.5431283712387085
1365,4,192,0.7024502754211426
1366,4,193,0.641467273235321
1367,4,194,0.4910217821598053
1368,4,195,0.600327730178833
1369,4,196,0.6375594735145569
1370,4,197,0.701570451259613
1371,4,198,0.7099608778953552
1372,4,199,0.5937333703041077
1373,4,200,0.5032176971435547
1374,4,201,0.6166486740112305
1375,4,202,0.5880957841873169
1376,4,203,0.5799852609634399
1377,4,204,0.5975626707077026
1378,4,205,0.612037718296051
1379,4,206,0.7438207864761353
1380,4,207,0.7572265267372131
1381,4,208,0.7117761373519897
1382,4,209,0.5735067129135132
1383,4,210,0.48452648520469666
1384,4,211,0.5605249404907227
1385,4,212,0.6097801327705383
1386,4,213,0.8649954199790955
1387,4,214,0.6089814305305481
1388,4,215,0.6984300017356873
1389,4,216,0.8767987489700317
1390,4,217,0.634896457195282
1391,4,218,0.6178058385848999
1392,4,219,0.6382129788398743
1393,4,220,0.6273804306983948
1394,4,221,0.6217578649520874
1395,4,222,0.6698008179664612
1396,4,223,0.626396894454956
1397,4,224,0.6216987371444702
1398,4,225,0.7739813327789307
1399,4,226,0.5138664841651917
1400,4,227,0.6710245013237
1401,4,228,0.5619565844535828
1402,4,229,0.8500349521636963
1403,4,230,0.6533516049385071
1404,4,231,0.7727305293083191
1405,4,232,0.7925871014595032
1406,4,233,0.597798228263855
1407,4,234,0.5320976376533508
1408,4,235,0.8553078174591064
1409,4,236,0.7104843854904175
1410,4,237,0.6857563853263855
1411,4,238,0.6105550527572632
1412,4,239,0.5777377486228943
1413,4,240,0.8528851270675659
1414,4,241,0.7400012016296387
1415,4,242,0.6762994527816772
1416,4,243,0.6175407767295837
1417,4,244,0.6851281523704529
1418,4,245,0.7064342498779297
1419,4,246,0.8620525598526001
1420,4,247,0.6816651821136475
1421,4,248,0.7500545978546143
1422,4,249,0.5404272675514221
1423,4,250,0.5896700024604797
1424,4,251,0.7379679083824158
1425,4,252,0.5883398652076721
1426,4,253,0.647952139377594
1427,4,254,0.5379483103752136
1428,4,255,0.6362931132316589
1429,4,256,0.514121949672699
1430,4,257,0.6209591627120972
1431,4,258,0.6147258281707764
1432,4,259,0.6413959860801697
1433,4,260,0.5452549457550049
1434,4,261,0.4972127676010132
1435,4,262,0.6349396109580994
1436,4,263,0.5285682082176208
1437,4,264,0.5068966150283813
1438,4,265,0.6905312538146973
1439,4,266,0.6410234570503235
1440,4,267,0.7693642973899841
1441,4,268,0.5319316983222961
1442,4,269,0.4652540981769562
1443,4,270,0.6467793583869934
1444,4,271,0.47073057293891907
1445,4,272,0.7072049379348755
1446,4,273,0.5960423946380615
1447,4,274,0.5097919702529907
1448,4,275,0.5270888805389404
1449,4,276,0.5406220555305481
1450,4,277,0.6263479590415955
1451,4,278,0.5296086072921753
1452,4,279,0.5428111553192139
1453,4,280,0.6904894709587097
1454,4,281,0.8449059128761292
1455,4,282,0.5194109678268433
1456,4,283,0.8081976771354675
1457,4,284,0.6277238726615906
1458,4,285,0.5219116806983948
1459,4,286,0.6261014938354492
1460,4,287,0.8175240159034729
1461,4,288,0.7683773636817932
1462,4,289,0.6647635698318481
1463,4,290,0.6366910934448242
1464,4,291,0.6485143303871155
1465,4,292,0.6215935349464417
1466,4,293,0.5830667018890381
1467,4,294,0.6787026524543762
1468,4,295,0.7230682969093323
1469,4,296,0.5837637186050415
1470,4,297,0.656451404094696
1471,4,298,0.6267285943031311
1472,4,299,0.45963039994239807
1473,4,300,0.6249056458473206
1474,4,301,0.5294458270072937
1475,4,302,0.6873584985733032
1476,4,303,0.5401784777641296
1477,4,304,0.6025652885437012
1478,4,305,0.5685423612594604
1479,4,306,0.623062252998352
1480,4,307,0.49266648292541504
1481,4,308,0.6776004433631897
1482,4,309,0.4892400801181793
1483,4,310,0.6417659521102905
1484,4,311,0.5516099333763123
1485,4,312,0.5042414665222168
1486,4,313,0.6413043737411499
1487,4,314,0.7700210213661194
1488,4,315,0.7006973028182983
1489,4,316,0.6012054681777954
1490,4,317,0.7403243184089661
1491,4,318,0.6485776305198669
1492,4,319,0.6662452220916748
1493,4,320,0.6324413418769836
1494,4,321,0.7149339914321899
1495,4,322,0.5402289628982544
1496,4,323,0.5019574761390686
1497,4,324,0.5361582636833191
1498,4,325,0.5067934393882751
1499,4,326,0.8319821357727051
1500,4,327,0.6312757134437561
1501,4,328,0.6161103844642639
1502,4,329,0.6118292808532715
1503,4,330,0.6769148707389832
1504,4,331,0.5621106028556824
1505,4,332,0.7413746118545532
1506,4,333,0.5903764367103577
1507,4,334,0.6585730910301208
1508,4,335,0.5567938685417175
1509,4,336,0.5353220701217651
1510,4,337,0.4786357581615448
1511,4,338,0.6106568574905396
1512,4,339,0.5582517981529236
1513,4,340,0.5982063412666321
1514,4,341,0.6727314591407776
1515,4,342,0.5127854943275452
1516,4,343,0.7097445130348206
1517,4,344,0.5452955365180969
1518,4,345,0.6316020488739014
1519,4,346,0.5621408224105835
1520,4,347,0.5757786631584167
1521,4,348,0.6429056525230408
1522,4,349,0.5210761427879333
1523,4,350,0.5821959972381592
1524,4,351,0.6168544292449951
1525,4,352,0.7757046222686768
1526,4,353,0.7619898319244385
1527,4,354,0.5476796627044678
1528,4,355,0.7975947260856628
1529,4,356,0.8532727956771851
1530,4,357,0.6627933382987976
1531,4,358,0.5751580595970154
1532,4,359,0.7263262867927551
1533,4,360,0.760699450969696
1534,4,361,0.6742513179779053
1535,4,362,0.47456538677215576
1536,4,363,0.6491070985794067
1537,4,364,0.5015683174133301
1538,4,365,0.5624462962150574
1539,4,366,0.5746436715126038
1540,4,367,0.5781844854354858
1541,4,368,0.6147885918617249
1542,4,369,0.6266179084777832
1543,4,370,0.6669603586196899
1544,4,371,0.6339475512504578
1545,4,372,0.6677124500274658
1546,4,373,0.5226259827613831
1547,4,374,0.45059800148010254
1548,4,375,0.6613674163818359
1549,4,376,0.5645333528518677
1550,4,377,0.5151947736740112
1551,4,378,0.6368480920791626
1552,4,379,0.5339123010635376
1553,4,380,0.7104942798614502
1554,4,381,0.590741753578186
1555,4,382,0.5378501415252686
1556,4,383,0.866665780544281
1557,4,384,0.5049024224281311
1558,4,385,0.746776819229126
1559,4,386,0.6100451946258545
1560,4,387,0.5109692811965942
1561,4,388,0.5683737397193909
1562,4,389,0.58055180311203
1563,4,390,0.5037619471549988
1564,4,391,0.7976027727127075
1565,5,1,0.48184314370155334
1566,5,2,0.5183500051498413
1567,5,3,0.4614560902118683
1568,5,4,0.4593649208545685
1569,5,5,0.47892236709594727
1570,5,6,0.3908187747001648
1571,5,7,0.47576993703842163
1572,5,8,0.40376967191696167
1573,5,9,0.4610455632209778
1574,5,10,0.5732760429382324
1575,5,11,0.4495714008808136
1576,5,12,0.5046329498291016
1577,5,13,0.49654677510261536
1578,5,14,0.3870465159416199
1579,5,15,0.4406822621822357
1580,5,16,0.5050865411758423
1581,5,17,0.4251689612865448
1582,5,18,0.6002815365791321
1583,5,19,0.3903708755970001
1584,5,20,0.5320208072662354
1585,5,21,0.4483402371406555
1586,5,22,0.28327739238739014
1587,5,23,0.3859593868255615
1588,5,24,0.3759981095790863
1589,5,25,0.4463544189929962
1590,5,26,0.43603023886680603
1591,5,27,0.41748711466789246
1592,5,28,0.5936053991317749
1593,5,29,0.6236545443534851
1594,5,30,0.4797453284263611
1595,5,31,0.43916600942611694
1596,5,32,0.4949042499065399
1597,5,33,0.5117436647415161
1598,5,34,0.6914156079292297
1599,5,35,0.534976601600647
1600,5,36,0.4605998992919922
1601,5,37,0.42411473393440247
1602,5,38,0.4358441233634949
1603,5,39,0.48533621430397034
1604,5,40,0.5111159682273865
1605,5,41,0.49623891711235046
1606,5,42,0.3800921142101288
1607,5,43,0.47767147421836853
1608,5,44,0.41643449664115906
1609,5,45,0.41237902641296387
1610,5,46,0.5433068871498108
1611,5,47,0.46718713641166687
1612,5,48,0.5285660028457642
1613,5,49,0.6394249200820923
1614,5,50,0.517278254032135
1615,5,51,0.5309385061264038
1616,5,52,0.43517690896987915
1617,5,53,0.429707407951355
1618,5,54,0.3146810531616211
1619,5,55,0.46760839223861694
1620,5,56,0.6507766842842102
1621,5,57,0.47559961676597595
1622,5,58,0.4299449622631073
1623,5,59,0.3895834982395172
1624,5,60,0.4215552806854248
1625,5,61,0.35185927152633667
1626,5,62,0.48800480365753174
1627,5,63,0.4409404397010803
1628,5,64,0.4991924464702606
1629,5,65,0.2623886466026306
1630,5,66,0.575798749923706
1631,5,67,0.5480812191963196
1632,5,68,0.6626864075660706
1633,5,69,0.6027234792709351
1634,5,70,0.43494489789009094
1635,5,71,0.5646225214004517
1636,5,72,0.4671650230884552
1637,5,73,0.4546651840209961
1638,5,74,0.4366494119167328
1639,5,75,0.5760597586631775
1640,5,76,0.4608130156993866
1641,5,77,0.6899312138557434
1642,5,78,0.5998161435127258
1643,5,79,0.6529756188392639
1644,5,80,0.4721761643886566
1645,5,81,0.49952512979507446
1646,5,82,0.41838011145591736
1647,5,83,0.4964560270309448
1648,5,84,0.7359323501586914
1649,5,85,0.6351493000984192
1650,5,86,0.5466321706771851
1651,5,87,0.5188607573509216
1652,5,88,0.3640108108520508
1653,5,89,0.5950044989585876
1654,5,90,0.5465266704559326
1655,5,91,0.48551592230796814
1656,5,92,0.5073683261871338
1657,5,93,0.6403180956840515
1658,5,94,0.5037916302680969
1659,5,95,0.4258199632167816
1660,5,96,0.44814619421958923
1661,5,97,0.5364203453063965
1662,5,98,0.6726523637771606
1663,5,99,0.49668678641319275
1664,5,100,0.5392110347747803
1665,5,101,0.5015909671783447
1666,5,102,0.7098059058189392
1667,5,103,0.4067806601524353
1668,5,104,0.4556124210357666
1669,5,105,0.5396502017974854
1670,5,106,0.4596448838710785
1671,5,107,0.657105565071106
1672,5,108,0.4530881941318512
1673,5,109,0.40421003103256226
1674,5,110,0.49452686309814453
1675,5,111,0.621940016746521
1676,5,112,0.4332652688026428
1677,5,113,0.4813087582588196
1678,5,114,0.47932499647140503
1679,5,115,0.4780600965023041
1680,5,116,0.49451500177383423
1681,5,117,0.3402811884880066
1682,5,118,0.40991806983947754
1683,5,119,0.3228723406791687
1684,5,120,0.3970666825771332
1685,5,121,0.45551273226737976
1686,5,122,0.5546123385429382
1687,5,123,0.566521406173706
1688,5,124,0.5244637131690979
1689,5,125,0.484231173992157
1690,5,126,0.6050232648849487
1691,5,127,0.3791070878505707
1692,5,128,0.5150318741798401
1693,5,129,0.5780039429664612
1694,5,130,0.3571832776069641
1695,5,131,0.5467730164527893
1696,5,132,0.41677188873291016
1697,5,133,0.6461092829704285
1698,5,134,0.5371335744857788
1699,5,135,0.35116076469421387
1700,5,136,0.5605698823928833
1701,5,137,0.6862168312072754
1702,5,138,0.4256904423236847
1703,5,139,0.6101961731910706
1704,5,140,0.5179435014724731
1705,5,141,0.6331099271774292
1706,5,142,0.47277337312698364
1707,5,143,0.3681992292404175
1708,5,144,0.5168507099151611
1709,5,145,0.6048059463500977
1710,5,146,0.4113728404045105
1711,5,147,0.41501474380493164
1712,5,148,0.591789722442627
1713,5,149,0.4633580446243286
1714,5,150,0.5044532418251038
1715,5,151,0.3705315887928009
1716,5,152,0.5329044461250305
1717,5,153,0.4479697346687317
1718,5,154,0.504904568195343
1719,5,155,0.4926951229572296
1720,5,156,0.490359365940094
1721,5,157,0.6112784147262573
1722,5,158,0.44092172384262085
1723,5,159,0.4545958936214447
1724,5,160,0.5551809072494507
1725,5,161,0.5405652523040771
1726,5,162,0.5089723467826843
1727,5,163,0.5402203798294067
1728,5,164,0.553467869758606
1729,5,165,0.48854896426200867
1730,5,166,0.6596785187721252
1731,5,167,0.6255303025245667
1732,5,168,0.3949987292289734
1733,5,169,0.6828463077545166
1734,5,170,0.45966899394989014
1735,5,171,0.4725971817970276
1736,5,172,0.4596271514892578
1737,5,173,0.42738425731658936
1738,5,174,0.5378982424736023
1739,5,175,0.42693883180618286
1740,5,176,0.5041677355766296
1741,5,177,0.5620539784431458
1742,5,178,0.3900831937789917
1743,5,179,0.4999459683895111
1744,5,180,0.5810515880584717
1745,5,181,0.5612777471542358
1746,5,182,0.5291656255722046
1747,5,183,0.4724682867527008
1748,5,184,0.4156722128391266
1749,5,185,0.6241961717605591
1750,5,186,0.4109005630016327
1751,5,187,0.44858866930007935
1752,5,188,0.44394803047180176
1753,5,189,0.4196438193321228
1754,5,190,0.5025931000709534
1755,5,191,0.39244937896728516
1756,5,192,0.4756123125553131
1757,5,193,0.4535581171512604
1758,5,194,0.4429289400577545
1759,5,195,0.4811413288116455
1760,5,196,0.44524919986724854
1761,5,197,0.502048909664154
1762,5,198,0.4011666476726532
1763,5,199,0.48375383019447327
1764,5,200,0.49608612060546875
1765,5,201,0.5082260966300964
1766,5,202,0.523844838142395
1767,5,203,0.5827358961105347
1768,5,204,0.4363083243370056
1769,5,205,0.35076361894607544
1770,5,206,0.47725507616996765
1771,5,207,0.4404972791671753
1772,5,208,0.47527939081192017
1773,5,209,0.4792858362197876
1774,5,210,0.4940410554409027
1775,5,211,0.46543771028518677
1776,5,212,0.3657587170600891
1777,5,213,0.3975771367549896
1778,5,214,0.47776293754577637
1779,5,215,0.4900074601173401
1780,5,216,0.6314026713371277
1781,5,217,0.5435225367546082
1782,5,218,0.43663838505744934
1783,5,219,0.555130124092102
1784,5,220,0.5526488423347473
1785,5,221,0.6883524656295776
1786,5,222,0.5048991441726685
1787,5,223,0.6600480079650879
1788,5,224,0.5950014591217041
1789,5,225,0.48682722449302673
1790,5,226,0.47922056913375854
1791,5,227,0.7044486403465271
1792,5,228,0.45937055349349976
1793,5,229,0.5400345325469971
1794,5,230,0.5598193407058716
1795,5,231,0.4970156252384186
1796,5,232,0.5358785390853882
1797,5,233,0.5335599184036255
1798,5,234,0.47807466983795166
1799,5,235,0.48598408699035645
1800,5,236,0.5917971730232239
1801,5,237,0.4958052933216095
1802,5,238,0.4497464895248413
1803,5,239,0.45093628764152527
1804,5,240,0.38372698426246643
1805,5,241,0.3932727873325348
1806,5,242,0.43161362409591675
1807,5,243,0.6385653018951416
1808,5,244,0.290397047996521
1809,5,245,0.39771243929862976
1810,5,246,0.40268877148628235
1811,5,247,0.3777463734149933
1812,5,248,0.4825049042701721
1813,5,249,0.4532436430454254
1814,5,250,0.5694437623023987
1815,5,251,0.3673310875892639
1816,5,252,0.509288489818573
1817,5,253,0.34917688369750977
1818,5,254,0.48244738578796387
1819,5,255,0.5672184228897095
1820,5,256,0.5444931387901306
1821,5,257,0.462456613779068
1822,5,258,0.48415058851242065
1823,5,259,0.49269163608551025
1824,5,260,0.4055495262145996
1825,5,261,0.47032102942466736
1826,5,262,0.5028773546218872
1827,5,263,0.4704490602016449
1828,5,264,0.4902171790599823
1829,5,265,0.34992948174476624
1830,5,266,0.4371633231639862
1831,5,267,0.5569844245910645
1832,5,268,0.5846899747848511
1833,5,269,0.5296735167503357
1834,5,270,0.5344088077545166
1835,5,271,0.4959864616394043
1836,5,272,0.4957488775253296
1837,5,273,0.39071038365364075
1838,5,274,0.43880486488342285
1839,5,275,0.619408130645752
1840,5,276,0.4578127861022949
1841,5,277,0.5681700706481934
1842,5,278,0.5698370337486267
1843,5,279,0.5916002988815308
1844,5,280,0.4609801173210144
1845,5,281,0.4666329622268677
1846,5,282,0.43995949625968933
1847,5,283,0.423879474401474
1848,5,284,0.44037917256355286
1849,5,285,0.47168001532554626
1850,5,286,0.3877733647823334
1851,5,287,0.5507673025131226
1852,5,288,0.46361732482910156
1853,5,289,0.42810502648353577
1854,5,290,0.4484855830669403
1855,5,291,0.588239312171936
1856,5,292,0.4065065085887909
1857,5,293,0.6611804962158203
1858,5,294,0.43404778838157654
1859,5,295,0.509791374206543
1860,5,296,0.38138914108276367
1861,5,297,0.5002780556678772
1862,5,298,0.697471559047699
1863,5,299,0.583074152469635
1864,5,300,0.5403450131416321
1865,5,301,0.5018718838691711
1866,5,302,0.41413426399230957
1867,5,303,0.5762488842010498
1868,5,304,0.42350590229034424
1869,5,305,0.45513832569122314
1870,5,306,0.45509830117225647
1871,5,307,0.6857342720031738
1872,5,308,0.5037996768951416
1873,5,309,0.4527437388896942
1874,5,310,0.5895968675613403
1875,5,311,0.6704239249229431
1876,5,312,0.5100624561309814
1877,5,313,0.500724732875824
1878,5,314,0.49617981910705566
1879,5,315,0.4602736830711365
1880,5,316,0.514193594455719
1881,5,317,0.37323838472366333
1882,5,318,0.430245578289032
1883,5,319,0.4030640125274658
1884,5,320,0.38187655806541443
1885,5,321,0.41275185346603394
1886,5,322,0.3803306519985199
1887,5,323,0.4409671723842621
1888,5,324,0.4867956042289734
1889,5,325,0.4474811255931854
1890,5,326,0.4734600782394409
1891,5,327,0.41995078325271606
1892,5,328,0.3463696241378784
1893,5,329,0.3684835731983185
1894,5,330,0.46156272292137146
1895,5,331,0.33355432748794556
1896,5,332,0.4845379889011383
1897,5,333,0.36108312010765076
1898,5,334,0.5429343581199646
1899,5,335,0.4625680446624756
1900,5,336,0.431548535823822
1901,5,337,0.5841009020805359
1902,5,338,0.3548767566680908
1903,5,339,0.4811055660247803
1904,5,340,0.6668205261230469
1905,5,341,0.588841438293457
1906,5,342,0.4259626865386963
1907,5,343,0.45444902777671814
1908,5,344,0.45676177740097046
1909,5,345,0.5723926424980164
1910,5,346,0.43936294317245483
1911,5,347,0.6469120979309082
1912,5,348,0.5059523582458496
1913,5,349,0.5480393171310425
1914,5,350,0.6612695455551147
1915,5,351,0.46991443634033203
1916,5,352,0.5053542256355286
1917,5,353,0.4475904405117035
1918,5,354,0.49230578541755676
1919,5,355,0.4581115245819092
1920,5,356,0.5452322959899902
1921,5,357,0.45387324690818787
1922,5,358,0.5233750343322754
1923,5,359,0.6957589983940125
1924,5,360,0.3038250505924225
1925,5,361,0.4885287880897522
1926,5,362,0.5985245108604431
1927,5,363,0.505843460559845
1928,5,364,0.4559299945831299
1929,5,365,0.5502106547355652
1930,5,366,0.4523833394050598
1931,5,367,0.6187838315963745
1932,5,368,0.5566973686218262
1933,5,369,0.48446106910705566
1934,5,370,0.5477343201637268
1935,5,371,0.6130892634391785
1936,5,372,0.4820087254047394
1937,5,373,0.5206729173660278
1938,5,374,0.43605858087539673
1939,5,375,0.5274190306663513
1940,5,376,0.39629122614860535
1941,5,377,0.5094946026802063
1942,5,378,0.40954074263572693
1943,5,379,0.4902869164943695
1944,5,380,0.39760640263557434
1945,5,381,0.714436411857605
1946,5,382,0.49163275957107544
1947,5,383,0.47785598039627075
1948,5,384,0.36105698347091675
1949,5,385,0.44364479184150696
1950,5,386,0.6839151382446289
1951,5,387,0.5036380887031555
1952,5,388,0.5591642260551453
1953,5,389,0.6596927642822266
1954,5,390,0.6349704265594482
1955,5,391,0.4440682530403137
1956,6,1,0.4513166546821594
1957,6,2,0.30975526571273804
1958,6,3,0.36842015385627747
1959,6,4,0.430295467376709
1960,6,5,0.35173869132995605
1961,6,6,0.324251264333725
1962,6,7,0.3566552698612213
1963,6,8,0.4212394654750824
1964,6,9,0.2887572646141052
1965,6,10,0.3932875990867615
1966,6,11,0.3875180780887604
1967,6,12,0.3836278021335602
1968,6,13,0.3347851037979126
1969,6,14,0.3261679410934448
1970,6,15,0.29235801100730896
1971,6,16,0.2789691984653473
1972,6,17,0.43989259004592896
1973,6,18,0.29205843806266785
1974,6,19,0.25791406631469727
1975,6,20,0.3667879104614258
1976,6,21,0.2559650242328644
1977,6,22,0.21372269093990326
1978,6,23,0.3071889877319336
1979,6,24,0.3630400598049164
1980,6,25,0.4995230436325073
1981,6,26,0.2352369874715805
1982,6,27,0.4123293459415436
1983,6,28,0.3604385256767273
1984,6,29,0.42678120732307434
1985,6,30,0.3178495764732361
1986,6,31,0.2726297378540039
1987,6,32,0.2810610234737396
1988,6,33,0.2593115270137787
1989,6,34,0.4042219817638397
1990,6,35,0.2577938437461853
1991,6,36,0.28037065267562866
1992,6,37,0.2536742091178894
1993,6,38,0.2774542272090912
1994,6,39,0.26321232318878174
1995,6,40,0.42521241307258606
1996,6,41,0.29784682393074036
1997,6,42,0.4026549160480499
1998,6,43,0.250198632478714
1999,6,44,0.2902405560016632
2000,6,45,0.2768063247203827
2001,6,46,0.4107672870159149
2002,6,47,0.31160497665405273
2003,6,48,0.3270619213581085
2004,6,49,0.3383980393409729
2005,6,50,0.35539302229881287
2006,6,51,0.31829267740249634
2007,6,52,0.32382574677467346
2008,6,53,0.4837192893028259
2009,6,54,0.3899906873703003
2010,6,55,0.3396826386451721
2011,6,56,0.3447878062725067
2012,6,57,0.3157607913017273
2013,6,58,0.3224795460700989
2014,6,59,0.35015109181404114
2015,6,60,0.3230770528316498
2016,6,61,0.3753230571746826
2017,6,62,0.26636096835136414
2018,6,63,0.30399036407470703
2019,6,64,0.2718445062637329
2020,6,65,0.42226359248161316
2021,6,66,0.30892789363861084
2022,6,67,0.25603824853897095
2023,6,68,0.346157968044281
2024,6,69,0.39302492141723633
2025,6,70,0.29546260833740234
2026,6,71,0.2985014319419861
2027,6,72,0.3120185434818268
2028,6,73,0.32622313499450684
2029,6,74,0.35184672474861145
2030,6,75,0.4491793215274811
2031,6,76,0.47225379943847656
2032,6,77,0.4477718472480774
2033,6,78,0.3670395016670227
2034,6,79,0.33242908120155334
2035,6,80,0.3528784513473511
2036,6,81,0.4196074903011322
2037,6,82,0.40506410598754883
2038,6,83,0.395567923784256
2039,6,84,0.5202881693840027
2040,6,85,0.258820116519928
2041,6,86,0.3259136378765106
2042,6,87,0.33218613266944885
2043,6,88,0.4095888137817383
2044,6,89,0.4444139897823334
2045,6,90,0.4784884452819824
2046,6,91,0.344878226518631
2047,6,92,0.3126746714115143
2048,6,93,0.29470351338386536
2049,6,94,0.37536370754241943
2050,6,95,0.40191689133644104
2051,6,96,0.3886556923389435
2052,6,97,0.3511480689048767
2053,6,98,0.2952452600002289
2054,6,99,0.2892959713935852
2055,6,100,0.3545626103878021
2056,6,101,0.40998575091362
2057,6,102,0.5337753891944885
2058,6,103,0.30384036898612976
2059,6,104,0.4422233998775482
2060,6,105,0.2830730676651001
2061,6,106,0.4825318455696106
2062,6,107,0.28166550397872925
2063,6,108,0.29171502590179443
2064,6,109,0.31444498896598816
2065,6,110,0.3433631360530853
2066,6,111,0.35996901988983154
2067,6,112,0.5553159117698669
2068,6,113,0.24513572454452515
2069,6,114,0.34861353039741516
2070,6,115,0.27156293392181396
2071,6,116,0.33406391739845276
2072,6,117,0.3942113220691681
2073,6,118,0.3166024386882782
2074,6,119,0.3955458402633667
2075,6,120,0.19690945744514465
2076,6,121,0.4148963987827301
2077,6,122,0.3214718699455261
2078,6,123,0.35056066513061523
2079,6,124,0.3114892542362213
2080,6,125,0.21945177018642426
2081,6,126,0.3618428409099579
2082,6,127,0.2975558936595917
2083,6,128,0.3326326310634613
2084,6,129,0.4665639400482178
2085,6,130,0.24330498278141022
2086,6,131,0.3490499258041382
2087,6,132,0.31037086248397827
2088,6,133,0.3286101818084717
2089,6,134,0.3500789701938629
2090,6,135,0.39586445689201355
2091,6,136,0.2851846516132355
2092,6,137,0.26327645778656006
2093,6,138,0.22881348431110382
2094,6,139,0.40735089778900146
2095,6,140,0.2871530055999756
2096,6,141,0.33871304988861084
2097,6,142,0.3951936364173889
2098,6,143,0.28966936469078064
2099,6,144,0.38068076968193054
2100,6,145,0.3915325105190277
2101,6,146,0.372488409280777
2102,6,147,0.3138914704322815
2103,6,148,0.3653164207935333
2104,6,149,0.40473315119743347
2105,6,150,0.27918094396591187
2106,6,151,0.39715418219566345
2107,6,152,0.3619551956653595
2108,6,153,0.48212575912475586
2109,6,154,0.4354837238788605
2110,6,155,0.39682093262672424
2111,6,156,0.3455750048160553
2112,6,157,0.46365612745285034
2113,6,158,0.40356433391571045
2114,6,159,0.3916337192058563
2115,6,160,0.44497644901275635
2116,6,161,0.37588465213775635
2117,6,162,0.3625786006450653
2118,6,163,0.43304577469825745
2119,6,164,0.3185296058654785
2120,6,165,0.34030354022979736
2121,6,166,0.4149366021156311
2122,6,167,0.32960736751556396
2123,6,168,0.4804069697856903
2124,6,169,0.3005666136741638
2125,6,170,0.3131227493286133
2126,6,171,0.39479300379753113
2127,6,172,0.4239015281200409
2128,6,173,0.42734459042549133
2129,6,174,0.402483731508255
2130,6,175,0.2680836021900177
2131,6,176,0.2804034948348999
2132,6,177,0.2834688127040863
2133,6,178,0.3268406093120575
2134,6,179,0.3431397080421448
2135,6,180,0.26693424582481384
2136,6,181,0.36796489357948303
2137,6,182,0.2853694260120392
2138,6,183,0.39453044533729553
2139,6,184,0.36945676803588867
2140,6,185,0.31408005952835083
2141,6,186,0.4274387061595917
2142,6,187,0.3690129220485687
2143,6,188,0.49689486622810364
2144,6,189,0.36729109287261963
2145,6,190,0.311710387468338
2146,6,191,0.36067140102386475
2147,6,192,0.3559628129005432
2148,6,193,0.38516688346862793
2149,6,194,0.4424433410167694
2150,6,195,0.3981337547302246
2151,6,196,0.36513710021972656
2152,6,197,0.41641852259635925
2153,6,198,0.4129490554332733
2154,6,199,0.46790173649787903
2155,6,200,0.33829811215400696
2156,6,201,0.4322355091571808
2157,6,202,0.37691250443458557
2158,6,203,0.3912017345428467
2159,6,204,0.5481879115104675
2160,6,205,0.6055996417999268
2161,6,206,0.4243876039981842
2162,6,207,0.4162028431892395
2163,6,208,0.5444103479385376
2164,6,209,0.4680554270744324
2165,6,210,0.44135791063308716
2166,6,211,0.4725932776927948
2167,6,212,0.43373408913612366
2168,6,213,0.43275636434555054
2169,6,214,0.4235157370567322
2170,6,215,0.3548826575279236
2171,6,216,0.3841620683670044
2172,6,217,0.3675495386123657
2173,6,218,0.3474424183368683
2174,6,219,0.4772447347640991
2175,6,220,0.4632429778575897
2176,6,221,0.32749900221824646
2177,6,222,0.31949350237846375
2178,6,223,0.3496685326099396
2179,6,224,0.3568326234817505
2180,6,225,0.26428869366645813
2181,6,226,0.4336405098438263
2182,6,227,0.2347421944141388
2183,6,228,0.30542483925819397
2184,6,229,0.28332406282424927
2185,6,230,0.3764217793941498
2186,6,231,0.33051416277885437
2187,6,232,0.49326008558273315
2188,6,233,0.4573865830898285
2189,6,234,0.30024445056915283
2190,6,235,0.33146384358406067
2191,6,236,0.4201565980911255
2192,6,237,0.40260371565818787
2193,6,238,0.3418218493461609
2194,6,239,0.34036266803741455
2195,6,240,0.28672105073928833
2196,6,241,0.35242220759391785
2197,6,242,0.4163120985031128
2198,6,243,0.24992996454238892
2199,6,244,0.44984516501426697
2200,6,245,0.27221301198005676
2201,6,246,0.2462574541568756
2202,6,247,0.30170002579689026
2203,6,248,0.3049218952655792
2204,6,249,0.3887613117694855
2205,6,250,0.4011392891407013
2206,6,251,0.34693166613578796
2207,6,252,0.38643109798431396
2208,6,253,0.3806948959827423
2209,6,254,0.32165810465812683
2210,6,255,0.352848619222641
2211,6,256,0.3866054117679596
2212,6,257,0.29720598459243774
2213,6,258,0.3390797972679138
2214,6,259,0.5039762258529663
2215,6,260,0.3671532869338989
2216,6,261,0.3449411690235138
2217,6,262,0.453339546918869
2218,6,263,0.40645691752433777
2219,6,264,0.42345497012138367
2220,6,265,0.38240066170692444
2221,6,266,0.4370260536670685
2222,6,267,0.32671236991882324
2223,6,268,0.315054327249527
2224,6,269,0.3558982312679291
2225,6,270,0.3906097114086151
2226,6,271,0.357538640499115
2227,6,272,0.29348456859588623
2228,6,273,0.36309385299682617
2229,6,274,0.2892136573791504
2230,6,275,0.40027254819869995
2231,6,276,0.3307744562625885
2232,6,277,0.3647877275943756
2233,6,278,0.36700907349586487
2234,6,279,0.6384266018867493
2235,6,280,0.587139904499054
2236,6,281,0.285025954246521
2237,6,282,0.3586297631263733
2238,6,283,0.33350488543510437
2239,6,284,0.3500418961048126
2240,6,285,0.4112699031829834
2241,6,286,0.4639723300933838
2242,6,287,0.2621440291404724
2243,6,288,0.3664514124393463
2244,6,289,0.30136722326278687
2245,6,290,0.21164081990718842
2246,6,291,0.41304919123649597
2247,6,292,0.38164809346199036
2248,6,293,0.4670467674732208
2249,6,294,0.4131704568862915
2250,6,295,0.4369327127933502
2251,6,296,0.32812103629112244
2252,6,297,0.28166887164115906
2253,6,298,0.3134908378124237
2254,6,299,0.3417034447193146
2255,6,300,0.31979432702064514
2256,6,301,0.4049030840396881
2257,6,302,0.3244493901729584
2258,6,303,0.4901179373264313
2259,6,304,0.2929968237876892
2260,6,305,0.34989675879478455
2261,6,306,0.30878177285194397
2262,6,307,0.4249383211135864
2263,6,308,0.34258878231048584
2264,6,309,0.48182645440101624
2265,6,310,0.2783200740814209
2266,6,311,0.2946668863296509
2267,6,312,0.4295489192008972
2268,6,313,0.32005688548088074
2269,6,314,0.33596229553222656
2270,6,315,0.44500449299812317
2271,6,316,0.3403245508670807
2272,6,317,0.26302966475486755
2273,6,318,0.26833006739616394
2274,6,319,0.33041688799858093
2275,6,320,0.3929741382598877
2276,6,321,0.32688161730766296
2277,6,322,0.26600882411003113
2278,6,323,0.35075315833091736
2279,6,324,0.41298991441726685
2280,6,325,0.4272218644618988
2281,6,326,0.37933987379074097
2282,6,327,0.2764144241809845
2283,6,328,0.4214671850204468
2284,6,329,0.39158064126968384
2285,6,330,0.3956577777862549
2286,6,331,0.34896451234817505
2287,6,332,0.38137534260749817
2288,6,333,0.41440558433532715
2289,6,334,0.3980025351047516
2290,6,335,0.2676948308944702
2291,6,336,0.3756222128868103
2292,6,337,0.34383726119995117
2293,6,338,0.47769975662231445
2294,6,339,0.4444563090801239
2295,6,340,0.28196436166763306
2296,6,341,0.5187728404998779
2297,6,342,0.28222036361694336
2298,6,343,0.33236029744148254
2299,6,344,0.44087889790534973
2300,6,345,0.28407084941864014
2301,6,346,0.3437354862689972
2302,6,347,0.3001573979854584
2303,6,348,0.20824034512043
2304,6,349,0.4337225556373596
2305,6,350,0.3104232847690582
2306,6,351,0.5059089064598083
2307,6,352,0.34988534450531006
2308,6,353,0.36048421263694763
2309,6,354,0.43576157093048096
2310,6,355,0.33481186628341675
2311,6,356,0.3498261570930481
2312,6,357,0.3861542046070099
2313,6,358,0.3559373915195465
2314,6,359,0.49738338589668274
2315,6,360,0.3538427948951721
2316,6,361,0.41028425097465515
2317,6,362,0.26882603764533997
2318,6,363,0.2988237142562866
2319,6,364,0.4180489480495453
2320,6,365,0.42544203996658325
2321,6,366,0.3093986511230469
2322,6,367,0.4540022909641266
2323,6,368,0.3301433026790619
2324,6,369,0.3151412010192871
2325,6,370,0.4238438308238983
2326,6,371,0.4195931553840637
2327,6,372,0.3482995629310608
2328,6,373,0.30167052149772644
2329,6,374,0.20618031919002533
2330,6,375,0.37978437542915344
2331,6,376,0.38181692361831665
2332,6,377,0.44756457209587097
2333,6,378,0.486125648021698
2334,6,379,0.46711206436157227
2335,6,380,0.2673954367637634
2336,6,381,0.41630440950393677
2337,6,382,0.4582795202732086
2338,6,383,0.4398583769798279
2339,6,384,0.28617554903030396
2340,6,385,0.3706319332122803
2341,6,386,0.4736541211605072
2342,6,387,0.412937194108963
2343,6,388,0.41032370924949646
2344,6,389,0.4332123398780823
2345,6,390,0.43684056401252747
2346,6,391,0.4376688003540039
2347,7,1,0.31124645471572876
2348,7,2,0.19055326282978058
2349,7,3,0.26398396492004395
2350,7,4,0.2784077525138855
2351,7,5,0.24525581300258636
2352,7,6,0.29889973998069763
2353,7,7,0.37047305703163147
2354,7,8,0.24457791447639465
2355,7,9,0.25130802392959595
2356,7,10,0.23301483690738678
2357,7,11,0.3286663293838501
2358,7,12,0.2417890578508377
2359,7,13,0.23809252679347992
2360,7,14,0.18105080723762512
2361,7,15,0.20078915357589722
2362,7,16,0.3392821252346039
2363,7,17,0.18681147694587708
2364,7,18,0.2905791103839874
2365,7,19,0.3058413565158844
2366,7,20,0.37738174200057983
2367,7,21,0.2519882619380951
2368,7,22,0.2202846258878708
2369,7,23,0.15890973806381226
2370,7,24,0.308390736579895
2371,7,25,0.30000078678131104
2372,7,26,0.32023024559020996
2373,7,27,0.30017876625061035
2374,7,28,0.2513503134250641
2375,7,29,0.2882584035396576
2376,7,30,0.19162939488887787
2377,7,31,0.28649789094924927
2378,7,32,0.18883931636810303
2379,7,33,0.2011593133211136
2380,7,34,0.2791915535926819
2381,7,35,0.33826756477355957
2382,7,36,0.2801164388656616
2383,7,37,0.3003395199775696
2384,7,38,0.1665356606245041
2385,7,39,0.1954808235168457
2386,7,40,0.23923256993293762
2387,7,41,0.2136085480451584
2388,7,42,0.2742513418197632
2389,7,43,0.37365785241127014
2390,7,44,0.20176222920417786
2391,7,45,0.21327035129070282
2392,7,46,0.1690877079963684
2393,7,47,0.34372982382774353
2394,7,48,0.2472984790802002
2395,7,49,0.28634923696517944
2396,7,50,0.2881128787994385
2397,7,51,0.18282048404216766
2398,7,52,0.2017621546983719
2399,7,53,0.10352029651403427
2400,7,54,0.24942955374717712
2401,7,55,0.2001466602087021
2402,7,56,0.3138734698295593
2403,7,57,0.17574511468410492
2404,7,58,0.1780022531747818
2405,7,59,0.11803688108921051
2406,7,60,0.2647648751735687
2407,7,61,0.29539602994918823
2408,7,62,0.38136550784111023
2409,7,63,0.17655791342258453
2410,7,64,0.21858343482017517
2411,7,65,0.4665364921092987
2412,7,66,0.1601565033197403
2413,7,67,0.3530917167663574
2414,7,68,0.27306196093559265
2415,7,69,0.16681692004203796
2416,7,70,0.3373214900493622
2417,7,71,0.21234822273254395
2418,7,72,0.19539973139762878
2419,7,73,0.2777605652809143
2420,7,74,0.22052013874053955
2421,7,75,0.22855663299560547
2422,7,76,0.3590501546859741
2423,7,77,0.22798676788806915
2424,7,78,0.2255774289369583
2425,7,79,0.2374258041381836
2426,7,80,0.2765202820301056
2427,7,81,0.17347687482833862
2428,7,82,0.2795013189315796
2429,7,83,0.19562993943691254
2430,7,84,0.3335813581943512
2431,7,85,0.21495437622070312
2432,7,86,0.1792386919260025
2433,7,87,0.27568474411964417
2434,7,88,0.21016228199005127
2435,7,89,0.32101690769195557
2436,7,90,0.24587684869766235
2437,7,91,0.2580084502696991
2438,7,92,0.14703772962093353
2439,7,93,0.2618083357810974
2440,7,94,0.15320636332035065
2441,7,95,0.268930047750473
2442,7,96,0.25961610674858093
2443,7,97,0.3243412971496582
2444,7,98,0.24299265444278717
2445,7,99,0.15504051744937897
2446,7,100,0.278827041387558
2447,7,101,0.29033857583999634
2448,7,102,0.2026802897453308
2449,7,103,0.2288893759250641
2450,7,104,0.2555277347564697
2451,7,105,0.15533481538295746
2452,7,106,0.2978777289390564
2453,7,107,0.25380977988243103
2454,7,108,0.315521240234375
2455,7,109,0.34681347012519836
2456,7,110,0.30966997146606445
2457,7,111,0.32453832030296326
2458,7,112,0.265749454498291
2459,7,113,0.11270103603601456
2460,7,114,0.2150285243988037
2461,7,115,0.30237632989883423
2462,7,116,0.36721450090408325
2463,7,117,0.3245728015899658
2464,7,118,0.36407431960105896
2465,7,119,0.1827603429555893
2466,7,120,0.2017134428024292
2467,7,121,0.25374549627304077
2468,7,122,0.22101815044879913
2469,7,123,0.23077566921710968
2470,7,124,0.19458375871181488
2471,7,125,0.19059635698795319
2472,7,126,0.3768441677093506
2473,7,127,0.2678124010562897
2474,7,128,0.3644976317882538
2475,7,129,0.2260407656431198
2476,7,130,0.18604080379009247
2477,7,131,0.2447028011083603
2478,7,132,0.3548986613750458
2479,7,133,0.22954319417476654
2480,7,134,0.21005211770534515
2481,7,135,0.23206724226474762
2482,7,136,0.25258010625839233
2483,7,137,0.18085193634033203
2484,7,138,0.21177370846271515
2485,7,139,0.1720133274793625
2486,7,140,0.3636963367462158
2487,7,141,0.20314183831214905
2488,7,142,0.19263815879821777
2489,7,143,0.2638052701950073
2490,7,144,0.21345317363739014
2491,7,145,0.2657319903373718
2492,7,146,0.25517523288726807
2493,7,147,0.2106129676103592
2494,7,148,0.1819595992565155
2495,7,149,0.21127857267856598
2496,7,150,0.2732292413711548
2497,7,151,0.33307886123657227
2498,7,152,0.5073038935661316
2499,7,153,0.2832658588886261
2500,7,154,0.3617745339870453
2501,7,155,0.16044092178344727
2502,7,156,0.1919339895248413
2503,7,157,0.30512306094169617
2504,7,158,0.3854764699935913
2505,7,159,0.41546306014060974
2506,7,160,0.3588734269142151
2507,7,161,0.3645000457763672
2508,7,162,0.21741940081119537
2509,7,163,0.28074514865875244
2510,7,164,0.2327173501253128
2511,7,165,0.23628957569599152
2512,7,166,0.16272884607315063
2513,7,167,0.18669408559799194
2514,7,168,0.37924590706825256
2515,7,169,0.23062443733215332
2516,7,170,0.2389705777168274
2517,7,171,0.28910374641418457
2518,7,172,0.12446438521146774
2519,7,173,0.24218475818634033
2520,7,174,0.3069482445716858
2521,7,175,0.1804225891828537
2522,7,176,0.29282432794570923
2523,7,177,0.24111151695251465
2524,7,178,0.19941072165966034
2525,7,179,0.3698917329311371
2526,7,180,0.18710245192050934
2527,7,181,0.2689742147922516
2528,7,182,0.26891767978668213
2529,7,183,0.2957214415073395
2530,7,184,0.2117539495229721
2531,7,185,0.31506794691085815
2532,7,186,0.22416627407073975
2533,7,187,0.2201787233352661
2534,7,188,0.29579049348831177
2535,7,189,0.15667299926280975
2536,7,190,0.1446036696434021
2537,7,191,0.34341371059417725
2538,7,192,0.14899225533008575
2539,7,193,0.1812029927968979
2540,7,194,0.2227274775505066
2541,7,195,0.3680292069911957
2542,7,196,0.3187664747238159
2543,7,197,0.4323462247848511
2544,7,198,0.3994499742984772
2545,7,199,0.3366304934024811
2546,7,200,0.2090066522359848
2547,7,201,0.29551684856414795
2548,7,202,0.22757957875728607
2549,7,203,0.43746456503868103
2550,7,204,0.2992476522922516
2551,7,205,0.21968822181224823
2552,7,206,0.2470448911190033
2553,7,207,0.20019851624965668
2554,7,208,0.27375468611717224
2555,7,209,0.19103628396987915
2556,7,210,0.32711392641067505
2557,7,211,0.20577740669250488
2558,7,212,0.2848142087459564
2559,7,213,0.396963506937027
2560,7,214,0.2870955765247345
2561,7,215,0.34819358587265015
2562,7,216,0.3682938516139984
2563,7,217,0.373786062002182
2564,7,218,0.27056723833084106
2565,7,219,0.2456042468547821
2566,7,220,0.27402597665786743
2567,7,221,0.3635835647583008
2568,7,222,0.25187546014785767
2569,7,223,0.25108274817466736
2570,7,224,0.21692557632923126
2571,7,225,0.2964894473552704
2572,7,226,0.31704196333885193
2573,7,227,0.33787286281585693
2574,7,228,0.34635287523269653
2575,7,229,0.30256348848342896
2576,7,230,0.23880967497825623
2577,7,231,0.22575169801712036
2578,7,232,0.277887761592865
2579,7,233,0.3374307453632355
2580,7,234,0.304678350687027
2581,7,235,0.1613112837076187
2582,7,236,0.2561608850955963
2583,7,237,0.247013121843338
2584,7,238,0.34597650170326233
2585,7,239,0.5614689588546753
2586,7,240,0.3128463327884674
2587,7,241,0.2508819103240967
2588,7,242,0.4064980149269104
2589,7,243,0.3016952872276306
2590,7,244,0.2435682713985443
2591,7,245,0.5078752040863037
2592,7,246,0.25138339400291443
2593,7,247,0.31777191162109375
2594,7,248,0.2824156582355499
2595,7,249,0.5040621757507324
2596,7,250,0.24276241660118103
2597,7,251,0.2205415666103363
2598,7,252,0.3355511724948883
2599,7,253,0.15327471494674683
2600,7,254,0.2198830544948578
2601,7,255,0.2984198033809662
2602,7,256,0.26739591360092163
2603,7,257,0.18147483468055725
2604,7,258,0.3934602439403534
2605,7,259,0.265352338552475
2606,7,260,0.2799822688102722
2607,7,261,0.2417004108428955
2608,7,262,0.19162362813949585
2609,7,263,0.26315975189208984
2610,7,264,0.2619086503982544
2611,7,265,0.4189930260181427
2612,7,266,0.3016830384731293
2613,7,267,0.316781610250473
2614,7,268,0.4280600845813751
2615,7,269,0.1605679839849472
2616,7,270,0.23765525221824646
2617,7,271,0.25202319025993347
2618,7,272,0.46147921681404114
2619,7,273,0.42945870757102966
2620,7,274,0.3871138095855713
2621,7,275,0.3341972827911377
2622,7,276,0.33101552724838257
2623,7,277,0.2792092561721802
2624,7,278,0.3041730523109436
2625,7,279,0.21651887893676758
2626,7,280,0.33274057507514954
2627,7,281,0.3147630989551544
2628,7,282,0.3138403296470642
2629,7,283,0.2628689110279083
2630,7,284,0.2659717798233032
2631,7,285,0.18063446879386902
2632,7,286,0.20035023987293243
2633,7,287,0.26741427183151245
2634,7,288,0.2630153000354767
2635,7,289,0.2364949882030487
2636,7,290,0.28082600235939026
2637,7,291,0.2898298501968384
2638,7,292,0.13877804577350616
2639,7,293,0.28939497470855713
2640,7,294,0.2573777735233307
2641,7,295,0.21266470849514008
2642,7,296,0.2695612907409668
2643,7,297,0.24344274401664734
2644,7,298,0.11544868350028992
2645,7,299,0.2551259696483612
2646,7,300,0.35695213079452515
2647,7,301,0.27027612924575806
2648,7,302,0.25253963470458984
2649,7,303,0.28524652123451233
2650,7,304,0.21092095971107483
2651,7,305,0.3467298448085785
2652,7,306,0.34791627526283264
2653,7,307,0.3159249424934387
2654,7,308,0.35964006185531616
2655,7,309,0.2058475911617279
2656,7,310,0.3468470275402069
2657,7,311,0.31419071555137634
2658,7,312,0.29127237200737
2659,7,313,0.30757108330726624
2660,7,314,0.3003990054130554
2661,7,315,0.24750488996505737
2662,7,316,0.18356937170028687
2663,7,317,0.2729775011539459
2664,7,318,0.2602511942386627
2665,7,319,0.38530445098876953
2666,7,320,0.33416247367858887
2667,7,321,0.21368616819381714
2668,7,322,0.48737064003944397
2669,7,323,0.3421735167503357
2670,7,324,0.47808322310447693
2671,7,325,0.3406599164009094
2672,7,326,0.3189072608947754
2673,7,327,0.43031203746795654
2674,7,328,0.3228221833705902
2675,7,329,0.28594401478767395
2676,7,330,0.24469022452831268
2677,7,331,0.3249817192554474
2678,7,332,0.2598840594291687
2679,7,333,0.2702052593231201
2680,7,334,0.23989130556583405
2681,7,335,0.2811641991138458
2682,7,336,0.2075304538011551
2683,7,337,0.41237950325012207
2684,7,338,0.29171836376190186
2685,7,339,0.28587278723716736
2686,7,340,0.29642337560653687
2687,7,341,0.29050493240356445
2688,7,342,0.27598410844802856
2689,7,343,0.15378107130527496
2690,7,344,0.21986927092075348
2691,7,345,0.19166921079158783
2692,7,346,0.2562249004840851
2693,7,347,0.25663357973098755
2694,7,348,0.31752488017082214
2695,7,349,0.31667205691337585
2696,7,350,0.2210702896118164
2697,7,351,0.2743896543979645
2698,7,352,0.4216804504394531
2699,7,353,0.14893032610416412
2700,7,354,0.27617156505584717
2701,7,355,0.22201533615589142
2702,7,356,0.1792721301317215
2703,7,357,0.3467293381690979
2704,7,358,0.35047879815101624
2705,7,359,0.2683089077472687
2706,7,360,0.3452511727809906
2707,7,361,0.4498242139816284
2708,7,362,0.3083357810974121
2709,7,363,0.1864890456199646
2710,7,364,0.34067296981811523
2711,7,365,0.40969011187553406
2712,7,366,0.29934796690940857
2713,7,367,0.41545647382736206
2714,7,368,0.3112409710884094
2715,7,369,0.3312217891216278
2716,7,370,0.23258322477340698
2717,7,371,0.22394457459449768
2718,7,372,0.3116876780986786
2719,7,373,0.3228774070739746
2720,7,374,0.26558437943458557
2721,7,375,0.2569897770881653
2722,7,376,0.30378979444503784
2723,7,377,0.38263168931007385
2724,7,378,0.3203042447566986
2725,7,379,0.27815043926239014
2726,7,380,0.2390848696231842
2727,7,381,0.27401143312454224
2728,7,382,0.35776233673095703
2729,7,383,0.2361835092306137
2730,7,384,0.35948288440704346
2731,7,385,0.2505970597267151
2732,7,386,0.21870604157447815
2733,7,387,0.312773197889328
2734,7,388,0.35899388790130615
2735,7,389,0.15537460148334503
2736,7,390,0.2029104381799698
2737,7,391,0.20192337036132812
2738,8,1,0.19716520607471466
2739,8,2,0.07934673130512238
2740,8,3,0.17379629611968994
2741,8,4,0.20728594064712524
2742,8,5,0.15993890166282654
2743,8,6,0.1686244159936905
2744,8,7,0.16880957782268524
2745,8,8,0.1810731738805771
2746,8,9,0.12902183830738068
2747,8,10,0.17206048965454102
2748,8,11,0.05788138508796692
2749,8,12,0.12615950405597687
2750,8,13,0.17840693891048431
2751,8,14,0.2213168740272522
2752,8,15,0.18180227279663086
2753,8,16,0.21818718314170837
2754,8,17,0.1763245016336441
2755,8,18,0.07709263265132904
2756,8,19,0.10519824922084808
2757,8,20,0.08762506395578384
2758,8,21,0.1922389566898346
2759,8,22,0.26374807953834534
2760,8,23,0.11550696939229965
2761,8,24,0.1914462149143219
2762,8,25,0.16500969231128693
2763,8,26,0.15137848258018494
2764,8,27,0.2713108956813812
2765,8,28,0.1049099937081337
2766,8,29,0.15276998281478882
2767,8,30,0.38402312994003296
2768,8,31,0.22921064496040344
2769,8,32,0.161594957113266
2770,8,33,0.14392083883285522
2771,8,34,0.1363970935344696
2772,8,35,0.20532682538032532
2773,8,36,0.15202979743480682
2774,8,37,0.2718086540699005
2775,8,38,0.15348805487155914
2776,8,39,0.181594118475914
2777,8,40,0.2337910234928131
2778,8,41,0.2465132623910904
2779,8,42,0.1750551015138626
2780,8,43,0.30125394463539124
2781,8,44,0.2231016457080841
2782,8,45,0.16360162198543549
2783,8,46,0.21422842144966125
2784,8,47,0.24518170952796936
2785,8,48,0.21705500781536102
2786,8,49,0.22555889189243317
2787,8,50,0.17965483665466309
2788,8,51,0.14318464696407318
2789,8,52,0.20032523572444916
2790,8,53,0.17934410274028778
2791,8,54,0.1723228394985199
2792,8,55,0.18949313461780548
2793,8,56,0.24341318011283875
2794,8,57,0.24594350159168243
2795,8,58,0.1251763105392456
2796,8,59,0.21477434039115906
2797,8,60,0.2800922989845276
2798,8,61,0.1378048062324524
2799,8,62,0.12037520110607147
2800,8,63,0.181041419506073
2801,8,64,0.2427857518196106
2802,8,65,0.13943737745285034
2803,8,66,0.18619365990161896
2804,8,67,0.17966480553150177
2805,8,68,0.23273254930973053
2806,8,69,0.12479313462972641
2807,8,70,0.2611682116985321
2808,8,71,0.04928305745124817
2809,8,72,0.1835705190896988
2810,8,73,0.0859135091304779
2811,8,74,0.21452032029628754
2812,8,75,0.16254466772079468
2813,8,76,0.0945582315325737
2814,8,77,0.2107793390750885
2815,8,78,0.12009742856025696
2816,8,79,0.1611892580986023
2817,8,80,0.1161215677857399
2818,8,81,0.1677204966545105
2819,8,82,0.12692135572433472
2820,8,83,0.0996013656258583
2821,8,84,0.13421833515167236
2822,8,85,0.2139926254749298
2823,8,86,0.1455620676279068
2824,8,87,0.2122947871685028
2825,8,88,0.07941293716430664
2826,8,89,0.1434265524148941
2827,8,90,0.20808501541614532
2828,8,91,0.24883624911308289
2829,8,92,0.10792961716651917
2830,8,93,0.23418393731117249
2831,8,94,0.2225407361984253
2832,8,95,0.2506888508796692
2833,8,96,0.20541557669639587
2834,8,97,0.11422458291053772
2835,8,98,0.16883258521556854
2836,8,99,0.1478600651025772
2837,8,100,0.1370130032300949
2838,8,101,0.20952759683132172
2839,8,102,0.2030205875635147
2840,8,103,0.2726544737815857
2841,8,104,0.1949477344751358
2842,8,105,0.21053564548492432
2843,8,106,0.0993637666106224
2844,8,107,0.19771446287631989
2845,8,108,0.23861990869045258
2846,8,109,0.14985980093479156
2847,8,110,0.22920957207679749
2848,8,111,0.23372086882591248
2849,8,112,0.14334246516227722
2850,8,113,0.14825892448425293
2851,8,114,0.2159746289253235
2852,8,115,0.16100531816482544
2853,8,116,0.23685148358345032
2854,8,117,0.18262897431850433
2855,8,118,0.15326395630836487
2856,8,119,0.12548792362213135
2857,8,120,0.19187989830970764
2858,8,121,0.2430931180715561
2859,8,122,0.24049563705921173
2860,8,123,0.18110811710357666
2861,8,124,0.2098267525434494
2862,8,125,0.15291182696819305
2863,8,126,0.33015334606170654
2864,8,127,0.17808973789215088
2865,8,128,0.17410479485988617
2866,8,129,0.2796449661254883
2867,8,130,0.193679541349411
2868,8,131,0.16407087445259094
2869,8,132,0.21733883023262024
2870,8,133,0.09619555622339249
2871,8,134,0.2768644392490387
2872,8,135,0.294636994600296
2873,8,136,0.21528545022010803
2874,8,137,0.12941405177116394
2875,8,138,0.1829310804605484
2876,8,139,0.10383666306734085
2877,8,140,0.17704860866069794
2878,8,141,0.22808392345905304
2879,8,142,0.2623087763786316
2880,8,143,0.11296769976615906
2881,8,144,0.10818274319171906
2882,8,145,0.2091073840856552
2883,8,146,0.1719210296869278
2884,8,147,0.1733243614435196
2885,8,148,0.16783438622951508
2886,8,149,0.07114190608263016
2887,8,150,0.24844659864902496
2888,8,151,0.22125253081321716
2889,8,152,0.28903910517692566
2890,8,153,0.21456697583198547
2891,8,154,0.17583566904067993
2892,8,155,0.11285626888275146
2893,8,156,0.23525215685367584
2894,8,157,0.28003817796707153
2895,8,158,0.1480659544467926
2896,8,159,0.15739622712135315
2897,8,160,0.21176044642925262
2898,8,161,0.26097163558006287
2899,8,162,0.18450814485549927
2900,8,163,0.10359393805265427
2901,8,164,0.13353167474269867
2902,8,165,0.17054007947444916
2903,8,166,0.1842755526304245
2904,8,167,0.27812981605529785
2905,8,168,0.17213870584964752
2906,8,169,0.14850464463233948
2907,8,170,0.2092432677745819
2908,8,171,0.2827768325805664
2909,8,172,0.23312672972679138
2910,8,173,0.3072284162044525
2911,8,174,0.19558283686637878
2912,8,175,0.1724216192960739
2913,8,176,0.3161492943763733
2914,8,177,0.14577224850654602
2915,8,178,0.18120208382606506
2916,8,179,0.3170396089553833
2917,8,180,0.19070793688297272
2918,8,181,0.20309564471244812
2919,8,182,0.26300960779190063
2920,8,183,0.2820044755935669
2921,8,184,0.19516126811504364
2922,8,185,0.10117965936660767
2923,8,186,0.28035876154899597
2924,8,187,0.2019789069890976
2925,8,188,0.17675931751728058
2926,8,189,0.30690470337867737
2927,8,190,0.22254979610443115
2928,8,191,0.22733241319656372
2929,8,192,0.29093655943870544
2930,8,193,0.18811123073101044
2931,8,194,0.1286499798297882
2932,8,195,0.2047083079814911
2933,8,196,0.22562941908836365
2934,8,197,0.20978765189647675
2935,8,198,0.15876537561416626
2936,8,199,0.2409852296113968
2937,8,200,0.13270877301692963
2938,8,201,0.18693317472934723
2939,8,202,0.13046453893184662
2940,8,203,0.21001847088336945
2941,8,204,0.2854810655117035
2942,8,205,0.2616350054740906
2943,8,206,0.18793345987796783
2944,8,207,0.247153177857399
2945,8,208,0.10808699578046799
2946,8,209,0.16240398585796356
2947,8,210,0.25504735112190247
2948,8,211,0.17478759586811066
2949,8,212,0.13705891370773315
2950,8,213,0.18534265458583832
2951,8,214,0.17242765426635742
2952,8,215,0.32905811071395874
2953,8,216,0.1996534913778305
2954,8,217,0.2318170815706253
2955,8,218,0.19266468286514282
2956,8,219,0.1223476231098175
2957,8,220,0.2595190107822418
2958,8,221,0.2285500168800354
2959,8,222,0.28607767820358276
2960,8,223,0.18328188359737396
2961,8,224,0.23139843344688416
2962,8,225,0.17379538714885712
2963,8,226,0.3705674707889557
2964,8,227,0.1741538792848587
2965,8,228,0.18627533316612244
2966,8,229,0.2639627158641815
2967,8,230,0.2568594515323639
2968,8,231,0.29501616954803467
2969,8,232,0.23187671601772308
2970,8,233,0.19761218130588531
2971,8,234,0.22019025683403015
2972,8,235,0.13849830627441406
2973,8,236,0.20701821148395538
2974,8,237,0.16668736934661865
2975,8,238,0.15120068192481995
2976,8,239,0.178852379322052
2977,8,240,0.22913573682308197
2978,8,241,0.15316787362098694
2979,8,242,0.14724497497081757
2980,8,243,0.21919900178909302
2981,8,244,0.25441569089889526
2982,8,245,0.22608482837677002
2983,8,246,0.21995767951011658
2984,8,247,0.12684409320354462
2985,8,248,0.187087282538414
2986,8,249,0.13205131888389587
2987,8,250,0.12147872149944305
2988,8,251,0.33673667907714844
2989,8,252,0.1645248532295227
2990,8,253,0.19287821650505066
2991,8,254,0.18151286244392395
2992,8,255,0.17650781571865082
2993,8,256,0.3290468156337738
2994,8,257,0.15940338373184204
2995,8,258,0.19326329231262207
2996,8,259,0.3338022828102112
2997,8,260,0.18794137239456177
2998,8,261,0.15612268447875977
2999,8,262,0.2589383125305176
3000,8,263,0.14989961683750153
3001,8,264,0.13802897930145264
3002,8,265,0.13215047121047974
3003,8,266,0.15489785373210907
3004,8,267,0.22946663200855255
3005,8,268,0.29715877771377563
3006,8,269,0.27053025364875793
3007,8,270,0.23874063789844513
3008,8,271,0.2797764837741852
3009,8,272,0.287738561630249
3010,8,273,0.22432902455329895
3011,8,274,0.15335974097251892
3012,8,275,0.1573304384946823
3013,8,276,0.23015570640563965
3014,8,277,0.13566771149635315
3015,8,278,0.25762614607810974
3016,8,279,0.22816629707813263
3017,8,280,0.28866592049598694
3018,8,281,0.12821631133556366
3019,8,282,0.18832221627235413
3020,8,283,0.16226288676261902
3021,8,284,0.10995567589998245
3022,8,285,0.16002488136291504
3023,8,286,0.18632617592811584
3024,8,287,0.2190319299697876
3025,8,288,0.31669503450393677
3026,8,289,0.2268514484167099
3027,8,290,0.1562727391719818
3028,8,291,0.19917087256908417
3029,8,292,0.09906228631734848
3030,8,293,0.20402468740940094
3031,8,294,0.18518468737602234
3032,8,295,0.18581311404705048
3033,8,296,0.14061766862869263
3034,8,297,0.14369037747383118
3035,8,298,0.17100006341934204
3036,8,299,0.2458304911851883
3037,8,300,0.15895527601242065
3038,8,301,0.1960439682006836
3039,8,302,0.2553001344203949
3040,8,303,0.211130753159523
3041,8,304,0.20710422098636627
3042,8,305,0.22216500341892242
3043,8,306,0.18056121468544006
3044,8,307,0.2904069423675537
3045,8,308,0.33629563450813293
3046,8,309,0.22420966625213623
3047,8,310,0.2689403295516968
3048,8,311,0.21548879146575928
3049,8,312,0.19197265803813934
3050,8,313,0.21135593950748444
3051,8,314,0.09831395745277405
3052,8,315,0.16316939890384674
3053,8,316,0.14396698772907257
3054,8,317,0.199870303273201
3055,8,318,0.3028525710105896
3056,8,319,0.2283862829208374
3057,8,320,0.20758581161499023
3058,8,321,0.2211155742406845
3059,8,322,0.31408143043518066
3060,8,323,0.285204142332077
3061,8,324,0.19011616706848145
3062,8,325,0.22973650693893433
3063,8,326,0.2202075570821762
3064,8,327,0.15228387713432312
3065,8,328,0.24314497411251068
3066,8,329,0.1953875720500946
3067,8,330,0.19490589201450348
3068,8,331,0.247297003865242
3069,8,332,0.24201412498950958
3070,8,333,0.23622766137123108
3071,8,334,0.20313355326652527
3072,8,335,0.25908327102661133
3073,8,336,0.2427154928445816
3074,8,337,0.23969639837741852
3075,8,338,0.265127569437027
3076,8,339,0.15604951977729797
3077,8,340,0.20868174731731415
3078,8,341,0.14624986052513123
3079,8,342,0.2514479160308838
3080,8,343,0.29716965556144714
3081,8,344,0.17193956673145294
3082,8,345,0.10492650419473648
3083,8,346,0.2088519185781479
3084,8,347,0.13565599918365479
3085,8,348,0.12490719556808472
3086,8,349,0.23527291417121887
3087,8,350,0.22598546743392944
3088,8,351,0.22955389320850372
3089,8,352,0.18742632865905762
3090,8,353,0.3099323809146881
3091,8,354,0.15134158730506897
3092,8,355,0.12151630967855453
3093,8,356,0.193667933344841
3094,8,357,0.3085816204547882
3095,8,358,0.18775619566440582
3096,8,359,0.1704227179288864
3097,8,360,0.16757366061210632
3098,8,361,0.1389276683330536
3099,8,362,0.20668911933898926
3100,8,363,0.26404687762260437
3101,8,364,0.14349032938480377
3102,8,365,0.27781811356544495
3103,8,366,0.14574697613716125
3104,8,367,0.16765421628952026
3105,8,368,0.27902737259864807
3106,8,369,0.14001311361789703
3107,8,370,0.18610215187072754
3108,8,371,0.19019588828086853
3109,8,372,0.23782898485660553
3110,8,373,0.1635533720254898
3111,8,374,0.13985152542591095
3112,8,375,0.24471762776374817
3113,8,376,0.3016805052757263
3114,8,377,0.2081906497478485
3115,8,378,0.22505773603916168
3116,8,379,0.2813747823238373
3117,8,380,0.20229941606521606
3118,8,381,0.18056784570217133
3119,8,382,0.2273091971874237
3120,8,383,0.26641422510147095
3121,8,384,0.2738540768623352
3122,8,385,0.3272199332714081
3123,8,386,0.23558612167835236
3124,8,387,0.23126453161239624
3125,8,388,0.24132463335990906
3126,8,389,0.16636879742145538
3127,8,390,0.21383973956108093
3128,8,391,0.18850025534629822
3129,9,1,0.06890475004911423
3130,9,2,0.08954334259033203
3131,9,3,0.10122311115264893
3132,9,4,0.0994223803281784
3133,9,5,0.0788879320025444
3134,9,6,0.06773991137742996
3135,9,7,0.09463915228843689
3136,9,8,0.05618114396929741
3137,9,9,0.0674450546503067
3138,9,10,0.08371876925230026
3139,9,11,0.1739603728055954
3140,9,12,0.10642961412668228
3141,9,13,0.11304766684770584
3142,9,14,0.13829219341278076
3143,9,15,0.09119489789009094
3144,9,16,0.07889790087938309
3145,9,17,0.06941794604063034
3146,9,18,0.09002586454153061
3147,9,19,0.19734954833984375
3148,9,20,0.20807690918445587
3149,9,21,0.1577717512845993
3150,9,22,0.1042887270450592
3151,9,23,0.10909904539585114
3152,9,24,0.09236836433410645
3153,9,25,0.11262991279363632
3154,9,26,0.16988012194633484
3155,9,27,0.09233521670103073
3156,9,28,0.1280202865600586
3157,9,29,0.04107315093278885
3158,9,30,0.20297856628894806
3159,9,31,0.0893896222114563
3160,9,32,0.07430834323167801
3161,9,33,0.07551012188196182
3162,9,34,0.10900624841451645
3163,9,35,0.1249740943312645
3164,9,36,0.10277117043733597
3165,9,37,0.0924595519900322
3166,9,38,0.12358129024505615
3167,9,39,0.05937259644269943
3168,9,40,0.08740288019180298
3169,9,41,0.07794634252786636
3170,9,42,0.06307805329561234
3171,9,43,0.15770426392555237
3172,9,44,0.07564736902713776
3173,9,45,0.09093470126390457
3174,9,46,0.06356120109558105
3175,9,47,0.04909970611333847
3176,9,48,0.05255266651511192
3177,9,49,0.18815700709819794
3178,9,50,0.17478585243225098
3179,9,51,0.2011137455701828
3180,9,52,0.19027027487754822
3181,9,53,0.10821998864412308
3182,9,54,0.2680017948150635
3183,9,55,0.09696929156780243
3184,9,56,0.11440978944301605
3185,9,57,0.1528899073600769
3186,9,58,0.04589597508311272
3187,9,59,0.07655000686645508
3188,9,60,0.08868687599897385
3189,9,61,0.1022089496254921
3190,9,62,0.26452526450157166
3191,9,63,0.1774200052022934
3192,9,64,0.17367754876613617
3193,9,65,0.1230870708823204
3194,9,66,0.1339758038520813
3195,9,67,0.3022169768810272
3196,9,68,0.05971468985080719
3197,9,69,0.1061154380440712
3198,9,70,0.09165600687265396
3199,9,71,0.1462087333202362
3200,9,72,0.22975578904151917
3201,9,73,0.0944509357213974
3202,9,74,0.13189402222633362
3203,9,75,0.09456051141023636
3204,9,76,0.09098763763904572
3205,9,77,0.19522766768932343
3206,9,78,0.086307592689991
3207,9,79,0.24145559966564178
3208,9,80,0.11526152491569519
3209,9,81,0.06290885806083679
3210,9,82,0.1682942807674408
3211,9,83,0.32794317603111267
3212,9,84,0.15594597160816193
3213,9,85,0.1328488439321518
3214,9,86,0.11509072035551071
3215,9,87,0.11529712378978729
3216,9,88,0.1915404051542282
3217,9,89,0.07379104197025299
3218,9,90,0.14578251540660858
3219,9,91,0.06486289948225021
3220,9,92,0.09401708096265793
3221,9,93,0.1385372132062912
3222,9,94,0.16972099244594574
3223,9,95,0.23484216630458832
3224,9,96,0.1283409744501114
3225,9,97,0.10623744875192642
3226,9,98,0.16642916202545166
3227,9,99,0.16502660512924194
3228,9,100,0.1105518564581871
3229,9,101,0.08441770076751709
3230,9,102,0.05140906199812889
3231,9,103,0.08033037185668945
3232,9,104,0.17074300348758698
3233,9,105,0.10722671449184418
3234,9,106,0.04777567833662033
3235,9,107,0.07473447173833847
3236,9,108,0.11600224673748016
3237,9,109,0.06074615567922592
3238,9,110,0.10469119250774384
3239,9,111,0.07175789773464203
3240,9,112,0.14069992303848267
3241,9,113,0.14104926586151123
3242,9,114,0.18207979202270508
3243,9,115,0.11040860414505005
3244,9,116,0.06605912744998932
3245,9,117,0.07852575182914734
3246,9,118,0.06973987072706223
3247,9,119,0.12892663478851318
3248,9,120,0.139695942401886
3249,9,121,0.06866875290870667
3250,9,122,0.11882992088794708
3251,9,123,0.11164343357086182
3252,9,124,0.08776471018791199
3253,9,125,0.1264025717973709
3254,9,126,0.15277394652366638
3255,9,127,0.22277973592281342
3256,9,128,0.1685442328453064
3257,9,129,0.13208819925785065
3258,9,130,0.10126187652349472
3259,9,131,0.1468898057937622
3260,9,132,0.1545880138874054
3261,9,133,0.1061205044388771
3262,9,134,0.11512738466262817
3263,9,135,0.1535235047340393
3264,9,136,0.15619021654129028
3265,9,137,0.19061066210269928
3266,9,138,0.10169589519500732
3267,9,139,0.10453718155622482
3268,9,140,0.12513022124767303
3269,9,141,0.11676346510648727
3270,9,142,0.0810043066740036
3271,9,143,0.158722385764122
3272,9,144,0.13283021748065948
3273,9,145,0.07192893326282501
3274,9,146,0.12899182736873627
3275,9,147,0.1889316439628601
3276,9,148,0.14823323488235474
3277,9,149,0.07852361351251602
3278,9,150,0.12544676661491394
3279,9,151,0.13713426887989044
3280,9,152,0.08420698344707489
3281,9,153,0.16382071375846863
3282,9,154,0.1651555746793747
3283,9,155,0.10083230584859848
3284,9,156,0.08153912425041199
3285,9,157,0.13269810378551483
3286,9,158,0.11375024169683456
3287,9,159,0.13047575950622559
3288,9,160,0.17060613632202148
3289,9,161,0.07282550632953644
3290,9,162,0.15358693897724152
3291,9,163,0.11160052567720413
3292,9,164,0.13992756605148315
3293,9,165,0.16133347153663635
3294,9,166,0.1493120789527893
3295,9,167,0.18441808223724365
3296,9,168,0.14147305488586426
3297,9,169,0.2028026133775711
3298,9,170,0.143766388297081
3299,9,171,0.20671816170215607
3300,9,172,0.12881962954998016
3301,9,173,0.15972520411014557
3302,9,174,0.22048665583133698
3303,9,175,0.2452579289674759
3304,9,176,0.1389625072479248
3305,9,177,0.12043645232915878
3306,9,178,0.20468348264694214
3307,9,179,0.1899508237838745
3308,9,180,0.1447354257106781
3309,9,181,0.15680564939975739
3310,9,182,0.18430224061012268
3311,9,183,0.21750402450561523
3312,9,184,0.10536349564790726
3313,9,185,0.13541793823242188
3314,9,186,0.11026959866285324
3315,9,187,0.11458524316549301
3316,9,188,0.2019939422607422
3317,9,189,0.15635041892528534
3318,9,190,0.09389396756887436
3319,9,191,0.2572791874408722
3320,9,192,0.16764751076698303
3321,9,193,0.09728603810071945
3322,9,194,0.26736369729042053
3323,9,195,0.136694997549057
3324,9,196,0.09901110082864761
3325,9,197,0.06628688424825668
3326,9,198,0.08968830853700638
3327,9,199,0.10670372098684311
3328,9,200,0.11999686062335968
3329,9,201,0.15831413865089417
3330,9,202,0.11545567214488983
3331,9,203,0.11247090250253677
3332,9,204,0.2780035138130188
3333,9,205,0.06581787019968033
3334,9,206,0.1609538048505783
3335,9,207,0.12964391708374023
3336,9,208,0.21794837713241577
3337,9,209,0.18891146779060364
3338,9,210,0.23820488154888153
3339,9,211,0.2624836564064026
3340,9,212,0.21706125140190125
3341,9,213,0.15632836520671844
3342,9,214,0.17494985461235046
3343,9,215,0.13346277177333832
3344,9,216,0.16810084879398346
3345,9,217,0.2603287398815155
3346,9,218,0.09836012870073318
3347,9,219,0.23921526968479156
3348,9,220,0.08084655553102493
3349,9,221,0.22777783870697021
3350,9,222,0.16015735268592834
3351,9,223,0.2046797126531601
3352,9,224,0.13603560626506805
3353,9,225,0.16737602651119232
3354,9,226,0.19364164769649506
3355,9,227,0.1477791666984558
3356,9,228,0.09114661067724228
3357,9,229,0.1782747060060501
3358,9,230,0.13330791890621185
3359,9,231,0.14444325864315033
3360,9,232,0.1992674320936203
3361,9,233,0.134274423122406
3362,9,234,0.22252699732780457
3363,9,235,0.21075834333896637
3364,9,236,0.0783701092004776
3365,9,237,0.1749855875968933
3366,9,238,0.14242221415042877
3367,9,239,0.23311768472194672
3368,9,240,0.15356048941612244
3369,9,241,0.13813747465610504
3370,9,242,0.1270248144865036
3371,9,243,0.17005331814289093
3372,9,244,0.21227915585041046
3373,9,245,0.2154182642698288
3374,9,246,0.16201040148735046
3375,9,247,0.1469777673482895
3376,9,248,0.14879313111305237
3377,9,249,0.1558520793914795
3378,9,250,0.26369988918304443
3379,9,251,0.2532877027988434
3380,9,252,0.14593733847141266
3381,9,253,0.12949298322200775
3382,9,254,0.24203629791736603
3383,9,255,0.1261996626853943
3384,9,256,0.12519314885139465
3385,9,257,0.11281374096870422
3386,9,258,0.10402867943048477
3387,9,259,0.10305016487836838
3388,9,260,0.23527710139751434
3389,9,261,0.1582188755273819
3390,9,262,0.12711215019226074
3391,9,263,0.09305806457996368
3392,9,264,0.12945948541164398
3393,9,265,0.35180413722991943
3394,9,266,0.2574906349182129
3395,9,267,0.17141078412532806
3396,9,268,0.15255746245384216
3397,9,269,0.06927857547998428
3398,9,270,0.1939464509487152
3399,9,271,0.12771333754062653
3400,9,272,0.09355577826499939
3401,9,273,0.2529546618461609
3402,9,274,0.21838878095149994
3403,9,275,0.26061609387397766
3404,9,276,0.10901347547769547
3405,9,277,0.28107985854148865
3406,9,278,0.14054204523563385
3407,9,279,0.3032318949699402
3408,9,280,0.15116967260837555
3409,9,281,0.36600586771965027
3410,9,282,0.23773455619812012
3411,9,283,0.23231856524944305
3412,9,284,0.22380024194717407
3413,9,285,0.1527223438024521
3414,9,286,0.3067426085472107
3415,9,287,0.15280431509017944
3416,9,288,0.1685711294412613
3417,9,289,0.07261796295642853
3418,9,290,0.3211229145526886
3419,9,291,0.1334351897239685
3420,9,292,0.20985320210456848
3421,9,293,0.24423490464687347
3422,9,294,0.08214545994997025
3423,9,295,0.11147455871105194
3424,9,296,0.12956304848194122
3425,9,297,0.1352245807647705
3426,9,298,0.07180218398571014
3427,9,299,0.1137814074754715
3428,9,300,0.2207314521074295
3429,9,301,0.20642021298408508
3430,9,302,0.11921143531799316
3431,9,303,0.14829124510288239
3432,9,304,0.09877250343561172
3433,9,305,0.11085151880979538
3434,9,306,0.07128440588712692
3435,9,307,0.1535630226135254
3436,9,308,0.1553162783384323
3437,9,309,0.16217322647571564
3438,9,310,0.1499308943748474
3439,9,311,0.09114164113998413
3440,9,312,0.19086392223834991
3441,9,313,0.1411956250667572
3442,9,314,0.16228272020816803
3443,9,315,0.1579238623380661
3444,9,316,0.18178929388523102
3445,9,317,0.10870397090911865
3446,9,318,0.06480065733194351
3447,9,319,0.07586459815502167
3448,9,320,0.131857231259346
3449,9,321,0.09591121226549149
3450,9,322,0.16312740743160248
3451,9,323,0.10046367347240448
3452,9,324,0.15293408930301666
3453,9,325,0.14359116554260254
3454,9,326,0.10913944244384766
3455,9,327,0.06249203532934189
3456,9,328,0.14481638371944427
3457,9,329,0.14899900555610657
3458,9,330,0.12709030508995056
3459,9,331,0.1386120468378067
3460,9,332,0.07332441210746765
3461,9,333,0.14837975800037384
3462,9,334,0.12426538020372391
3463,9,335,0.1544133573770523
3464,9,336,0.1278383433818817
3465,9,337,0.15757650136947632
3466,9,338,0.20297375321388245
3467,9,339,0.11865802109241486
3468,9,340,0.15568530559539795
3469,9,341,0.16802874207496643
3470,9,342,0.1362098902463913
3471,9,343,0.1544708013534546
3472,9,344,0.16589558124542236
3473,9,345,0.17021813988685608
3474,9,346,0.1342858523130417
3475,9,347,0.17352764308452606
3476,9,348,0.1899806708097458
3477,9,349,0.12243453413248062
3478,9,350,0.22244663536548615
3479,9,351,0.22973746061325073
3480,9,352,0.14072775840759277
3481,9,353,0.15597236156463623
3482,9,354,0.08393774926662445
3483,9,355,0.1046360656619072
3484,9,356,0.14876195788383484
3485,9,357,0.31485241651535034
3486,9,358,0.12995243072509766
3487,9,359,0.18945668637752533
3488,9,360,0.17151187360286713
3489,9,361,0.1347239762544632
3490,9,362,0.11926231533288956
3491,9,363,0.11337175965309143
3492,9,364,0.10683748871088028
3493,9,365,0.2311204969882965
3494,9,366,0.17100076377391815
3495,9,367,0.07672538608312607
3496,9,368,0.19984860718250275
3497,9,369,0.17820090055465698
3498,9,370,0.09089002013206482
3499,9,371,0.22276392579078674
3500,9,372,0.14899341762065887
3501,9,373,0.1818315088748932
3502,9,374,0.18519407510757446
3503,9,375,0.2169857919216156
3504,9,376,0.3218095302581787
3505,9,377,0.17651940882205963
3506,9,378,0.17551842331886292
3507,9,379,0.1301686018705368
3508,9,380,0.09385871887207031
3509,9,381,0.16593924164772034
3510,9,382,0.16827242076396942
3511,9,383,0.2662321925163269
3512,9,384,0.1407516598701477
3513,9,385,0.19227732717990875
3514,9,386,0.14992208778858185
3515,9,387,0.15716777741909027
3516,9,388,0.07942075282335281
3517,9,389,0.11771176010370255
3518,9,390,0.17747361958026886
3519,9,391,0.22556181252002716
3520,10,1,0.07978308945894241
3521,10,2,0.06470075994729996
3522,10,3,0.051153041422367096
3523,10,4,0.1340733766555786
3524,10,5,0.10063436627388
3525,10,6,0.1969342976808548
3526,10,7,0.11450722068548203
3527,10,8,0.0691213458776474
3528,10,9,0.08070133626461029
3529,10,10,0.17517727613449097
3530,10,11,0.12957163155078888
3531,10,12,0.12431936711072922
3532,10,13,0.1526860147714615
3533,10,14,0.05031292140483856
3534,10,15,0.1478928178548813
3535,10,16,0.06116876006126404
3536,10,17,0.08441492170095444
3537,10,18,0.02637690305709839
3538,10,19,0.09649684280157089
3539,10,20,0.07050918787717819
3540,10,21,0.14869306981563568
3541,10,22,0.04816683381795883
3542,10,23,0.13007880747318268
3543,10,24,0.09349644929170609
3544,10,25,0.09702658653259277
3545,10,26,0.060586944222450256
3546,10,27,0.1310601532459259
3547,10,28,0.10729022324085236
3548,10,29,0.08799771219491959
3549,10,30,0.08596144616603851
3550,10,31,0.048312701284885406
3551,10,32,0.05867534503340721
3552,10,33,0.07471632957458496
3553,10,34,0.03460051119327545
3554,10,35,0.11140557378530502
3555,10,36,0.0954068973660469
3556,10,37,0.12352591007947922
3557,10,38,0.11827491968870163
3558,10,39,0.09140012413263321
3559,10,40,0.10280686616897583
3560,10,41,0.08497915416955948
3561,10,42,0.07381433993577957
3562,10,43,0.09653491526842117
3563,10,44,0.07595755904912949
3564,10,45,0.1184757649898529
3565,10,46,0.08025847375392914
3566,10,47,0.129545196890831
3567,10,48,0.1328919678926468
3568,10,49,0.08073065429925919
3569,10,50,0.03665568307042122
3570,10,51,0.13327442109584808
3571,10,52,0.06148942559957504
3572,10,53,0.07616859674453735
3573,10,54,0.058979589492082596
3574,10,55,0.06010475009679794
3575,10,56,0.16530855000019073
3576,10,57,0.07044140249490738
3577,10,58,0.07667684555053711
3578,10,59,0.04258833825588226
3579,10,60,0.10163196176290512
3580,10,61,0.12951897084712982
3581,10,62,0.03067532554268837
3582,10,63,0.07363511621952057
3583,10,64,0.019384896382689476
3584,10,65,0.05809426307678223
3585,10,66,0.08645423501729965
3586,10,67,0.05426957830786705
3587,10,68,0.07064887136220932
3588,10,69,0.0408877469599247
3589,10,70,0.06954325735569
3590,10,71,0.1514698565006256
3591,10,72,0.16767263412475586
3592,10,73,0.12229425460100174
3593,10,74,0.08329390734434128
3594,10,75,0.08045285940170288
3595,10,76,0.16195107996463776
3596,10,77,0.08941266685724258
3597,10,78,0.06365092098712921
3598,10,79,0.08966973423957825
3599,10,80,0.0691760778427124
3600,10,81,0.10207310318946838
3601,10,82,0.11352145671844482
3602,10,83,0.1316545307636261
3603,10,84,0.0882055014371872
3604,10,85,0.12142129242420197
3605,10,86,0.04425801709294319
3606,10,87,0.1302335113286972
3607,10,88,0.1123492568731308
3608,10,89,0.10581865906715393
3609,10,90,0.11185480654239655
3610,10,91,0.18346372246742249
3611,10,92,0.16347771883010864
3612,10,93,0.04434426128864288
3613,10,94,0.08528085052967072
3614,10,95,0.05870511755347252
3615,10,96,0.07862278819084167
3616,10,97,0.10176780819892883
3617,10,98,0.13790079951286316
3618,10,99,0.09652043133974075
3619,10,100,0.08425822854042053
3620,10,101,0.08067629486322403
3621,10,102,0.1023198813199997
3622,10,103,0.10548214614391327
3623,10,104,0.10434398800134659
3624,10,105,0.09975980967283249
3625,10,106,0.07135621458292007
3626,10,107,0.12151729315519333
3627,10,108,0.10628297179937363
3628,10,109,0.0851135179400444
3629,10,110,0.12511971592903137
3630,10,111,0.08589274436235428
3631,10,112,0.04724404215812683
3632,10,113,0.03827253356575966
3633,10,114,0.1214122623205185
3634,10,115,0.07003816962242126
3635,10,116,0.11676309257745743
3636,10,117,0.2594856023788452
3637,10,118,0.07031429558992386
3638,10,119,0.21127399802207947
3639,10,120,0.10490982234477997
3640,10,121,0.20005273818969727
3641,10,122,0.12474524229764938
3642,10,123,0.1560056209564209
3643,10,124,0.030334794893860817
3644,10,125,0.10063105076551437
3645,10,126,0.0975901260972023
3646,10,127,0.12661214172840118
3647,10,128,0.19377917051315308
3648,10,129,0.0863470584154129
3649,10,130,0.09182815998792648
3650,10,131,0.1176428347826004
3651,10,132,0.08699564635753632
3652,10,133,0.13333338499069214
3653,10,134,0.15811213850975037
3654,10,135,0.11113335192203522
3655,10,136,0.1327936053276062
3656,10,137,0.09024826437234879
3657,10,138,0.0972236841917038
3658,10,139,0.09471087157726288
3659,10,140,0.05383243411779404
3660,10,141,0.056317899376153946
3661,10,142,0.09098965674638748
3662,10,143,0.08200925588607788
3663,10,144,0.05973227322101593
3664,10,145,0.13757862150669098
3665,10,146,0.06519594043493271
3666,10,147,0.12753479182720184
3667,10,148,0.11079329252243042
3668,10,149,0.051590654999017715
3669,10,150,0.20034682750701904
3670,10,151,0.19858002662658691
3671,10,152,0.10942401736974716
3672,10,153,0.09207410365343094
3673,10,154,0.14997176826000214
3674,10,155,0.10330906510353088
3675,10,156,0.1439458280801773
3676,10,157,0.12869371473789215
3677,10,158,0.17562894523143768
3678,10,159,0.16070866584777832
3679,10,160,0.12106058746576309
3680,10,161,0.15058533847332
3681,10,162,0.08997046947479248
3682,10,163,0.23605196177959442
3683,10,164,0.12173785269260406
3684,10,165,0.15761153399944305
3685,10,166,0.09617181867361069
3686,10,167,0.07114136219024658
3687,10,168,0.12281247973442078
3688,10,169,0.09229657053947449
3689,10,170,0.17114368081092834
3690,10,171,0.13212889432907104
3691,10,172,0.13366341590881348
3692,10,173,0.04272649064660072
3693,10,174,0.08642437309026718
3694,10,175,0.21424992382526398
3695,10,176,0.1903901845216751
3696,10,177,0.10595238953828812
3697,10,178,0.13629499077796936
3698,10,179,0.08508311212062836
3699,10,180,0.12457837164402008
3700,10,181,0.16111616790294647
3701,10,182,0.15165892243385315
3702,10,183,0.2228803038597107
3703,10,184,0.038106076419353485
3704,10,185,0.10630878806114197
3705,10,186,0.1027226597070694
3706,10,187,0.14775137603282928
3707,10,188,0.19083409011363983
3708,10,189,0.1375640332698822
3709,10,190,0.13460078835487366
3710,10,191,0.09391476213932037
3711,10,192,0.1294056475162506
3712,10,193,0.06302257627248764
3713,10,194,0.12273029237985611
3714,10,195,0.17666971683502197
3715,10,196,0.10053447633981705
3716,10,197,0.16237865388393402
3717,10,198,0.13722296059131622
3718,10,199,0.124752476811409
3719,10,200,0.11685201525688171
3720,10,201,0.1374800056219101
3721,10,202,0.07606959342956543
3722,10,203,0.10560853034257889
3723,10,204,0.18017832934856415
3724,10,205,0.10853379219770432
3725,10,206,0.07322455197572708
3726,10,207,0.08465299010276794
3727,10,208,0.10171504318714142
3728,10,209,0.08095642179250717
3729,10,210,0.08243322372436523
3730,10,211,0.10727624595165253
3731,10,212,0.11161993443965912
3732,10,213,0.10139510035514832
3733,10,214,0.144768625497818
3734,10,215,0.05399412661790848
3735,10,216,0.13454630970954895
3736,10,217,0.07069748640060425
3737,10,218,0.03231370076537132
3738,10,219,0.051148105412721634
3739,10,220,0.13228531181812286
3740,10,221,0.0741523951292038
3741,10,222,0.17646898329257965
3742,10,223,0.18352510035037994
3743,10,224,0.0898369550704956
3744,10,225,0.0807521641254425
3745,10,226,0.10863301157951355
3746,10,227,0.05366586893796921
3747,10,228,0.1372978836297989
3748,10,229,0.13769817352294922
3749,10,230,0.0982392281293869
3750,10,231,0.11676877737045288
3751,10,232,0.1038767397403717
3752,10,233,0.2222599983215332
3753,10,234,0.09018200635910034
3754,10,235,0.14280879497528076
3755,10,236,0.12055816501379013
3756,10,237,0.07280753552913666
3757,10,238,0.08583330363035202
3758,10,239,0.10334533452987671
3759,10,240,0.05756101384758949
3760,10,241,0.07602609694004059
3761,10,242,0.06791631877422333
3762,10,243,0.14401261508464813
3763,10,244,0.06882475316524506
3764,10,245,0.08749793469905853
3765,10,246,0.12324091047048569
3766,10,247,0.12376081198453903
3767,10,248,0.1356632113456726
3768,10,249,0.07408669590950012
3769,10,250,0.11919201165437698
3770,10,251,0.08089499920606613
3771,10,252,0.07585922628641129
3772,10,253,0.0920046791434288
3773,10,254,0.08865346014499664
3774,10,255,0.07110912352800369
3775,10,256,0.1507865935564041
3776,10,257,0.11925563216209412
3777,10,258,0.04402944818139076
3778,10,259,0.09559440612792969
3779,10,260,0.052896205335855484
3780,10,261,0.11811487376689911
3781,10,262,0.0805995985865593
3782,10,263,0.12384400516748428
3783,10,264,0.04238312691450119
3784,10,265,0.0594211183488369
3785,10,266,0.14114511013031006
3786,10,267,0.02179741859436035
3787,10,268,0.059126175940036774
3788,10,269,0.08049114048480988
3789,10,270,0.11487890779972076
3790,10,271,0.10402803868055344
3791,10,272,0.09145570546388626
3792,10,273,0.16087201237678528
3793,10,274,0.07755132019519806
3794,10,275,0.11937671899795532
3795,10,276,0.1959269642829895
3796,10,277,0.08911199122667313
3797,10,278,0.05160699784755707
3798,10,279,0.10003375262022018
3799,10,280,0.05281049385666847
3800,10,281,0.08076491951942444
3801,10,282,0.12463445961475372
3802,10,283,0.15546496212482452
3803,10,284,0.2198331505060196
3804,10,285,0.0925329253077507
3805,10,286,0.17515382170677185
3806,10,287,0.1590033322572708
3807,10,288,0.06394591182470322
3808,10,289,0.17065533995628357
3809,10,290,0.1570911854505539
3810,10,291,0.24608062207698822
3811,10,292,0.08030343055725098
3812,10,293,0.16667310893535614
3813,10,294,0.11972930282354355
3814,10,295,0.08274278789758682
3815,10,296,0.11084818094968796
3816,10,297,0.14824609458446503
3817,10,298,0.10008037090301514
3818,10,299,0.14419390261173248
3819,10,300,0.18597985804080963
3820,10,301,0.1718265414237976
3821,10,302,0.24605657160282135
3822,10,303,0.07513591647148132
3823,10,304,0.1059056967496872
3824,10,305,0.16888225078582764
3825,10,306,0.10892698168754578
3826,10,307,0.09142094105482101
3827,10,308,0.12477177381515503
3828,10,309,0.2844797670841217
3829,10,310,0.1898449957370758
3830,10,311,0.13290761411190033
3831,10,312,0.1894211620092392
3832,10,313,0.08556825667619705
3833,10,314,0.09054078906774521
3834,10,315,0.1070312112569809
3835,10,316,0.2078799605369568
3836,10,317,0.11635970324277878
3837,10,318,0.13030016422271729
3838,10,319,0.162974551320076
3839,10,320,0.07180024683475494
3840,10,321,0.18327850103378296
3841,10,322,0.09409362077713013
3842,10,323,0.11504815518856049
3843,10,324,0.11218924075365067
3844,10,325,0.19622290134429932
3845,10,326,0.13819316029548645
3846,10,327,0.10649503767490387
3847,10,328,0.1099037379026413
3848,10,329,0.12520961463451385
3849,10,330,0.1252797693014145
3850,10,331,0.09947872161865234
3851,10,332,0.18070672452449799
3852,10,333,0.20454353094100952
3853,10,334,0.06898001581430435
3854,10,335,0.14839422702789307
3855,10,336,0.14036084711551666
3856,10,337,0.13256752490997314
3857,10,338,0.1621105670928955
3858,10,339,0.16869501769542694
3859,10,340,0.1229022666811943
3860,10,341,0.23234423995018005
3861,10,342,0.11595166474580765
3862,10,343,0.14503264427185059
3863,10,344,0.12047608196735382
3864,10,345,0.07707075029611588
3865,10,346,0.0997433140873909
3866,10,347,0.26596421003341675
3867,10,348,0.14082126319408417
3868,10,349,0.15564101934432983
3869,10,350,0.1453382968902588
3870,10,351,0.09616048634052277
3871,10,352,0.18765594065189362
3872,10,353,0.09843094646930695
3873,10,354,0.1791413575410843
3874,10,355,0.17285433411598206
3875,10,356,0.2641935646533966
3876,10,357,0.16109243035316467
3877,10,358,0.20139366388320923
3878,10,359,0.10994575917720795
3879,10,360,0.14191751182079315
3880,10,361,0.11102589219808578
3881,10,362,0.1628938615322113
3882,10,363,0.07293996959924698
3883,10,364,0.10989841818809509
3884,10,365,0.13792011141777039
3885,10,366,0.08535151183605194
3886,10,367,0.15739496052265167
3887,10,368,0.12292926013469696
3888,10,369,0.10706450790166855
3889,10,370,0.15349753201007843
3890,10,371,0.1395522952079773
3891,10,372,0.2416163831949234
3892,10,373,0.13523216545581818
3893,10,374,0.08919426798820496
3894,10,375,0.1222851350903511
3895,10,376,0.2569301128387451
3896,10,377,0.09221848100423813
3897,10,378,0.10196366906166077
3898,10,379,0.09259100258350372
3899,10,380,0.10588544607162476
3900,10,381,0.10082275420427322
3901,10,382,0.18310460448265076
3902,10,383,0.063309445977211
3903,10,384,0.19718091189861298
3904,10,385,0.13431499898433685
3905,10,386,0.1311255693435669
3906,10,387,0.15922313928604126
3907,10,388,0.08149061352014542
3908,10,389,0.07824688404798508
3909,10,390,0.05849992483854294
3910,10,391,0.12670113146305084
3911,11,1,0.04502736032009125
3912,11,2,0.048006389290094376
3913,11,3,0.07616554945707321
3914,11,4,0.08640678226947784
3915,11,5,0.05060598999261856
3916,11,6,0.057134002447128296
3917,11,7,0.05940914899110794
3918,11,8,0.04732874408364296
3919,11,9,0.08708703517913818
3920,11,10,0.0795474573969841
3921,11,11,0.018460486084222794
3922,11,12,0.04225093126296997
3923,11,13,0.05391514301300049
3924,11,14,0.03693883866071701
3925,11,15,0.11258933693170547
3926,11,16,0.10423251241445541
3927,11,17,0.04014255851507187
3928,11,18,0.018034113571047783
3929,11,19,0.06220950186252594
3930,11,20,0.08245030045509338
3931,11,21,0.07672061771154404
3932,11,22,0.06354930996894836
3933,11,23,0.012373313307762146
3934,11,24,0.1503157764673233
3935,11,25,0.05803627148270607
3936,11,26,0.013576450757682323
3937,11,27,0.0584011971950531
3938,11,28,0.07554849237203598
3939,11,29,0.11317190527915955
3940,11,30,0.061333492398262024
3941,11,31,0.057635001838207245
3942,11,32,0.11049266159534454
3943,11,33,0.06326344609260559
3944,11,34,0.019894914701581
3945,11,35,0.042866598814725876
3946,11,36,0.05634128302335739
3947,11,37,0.053895894438028336
3948,11,38,0.029122384265065193
3949,11,39,0.009099425747990608
3950,11,40,0.09334176778793335
3951,11,41,0.05173942819237709
3952,11,42,0.06540215015411377
3953,11,43,0.10576567053794861
3954,11,44,0.09354491531848907
3955,11,45,0.0483970046043396
3956,11,46,0.05029231309890747
3957,11,47,0.10028483718633652
3958,11,48,0.10298898071050644
3959,11,49,0.030036550015211105
3960,11,50,0.04760783165693283
3961,11,51,0.06113090738654137
3962,11,52,0.04104501008987427
3963,11,53,0.06794729083776474
3964,11,54,0.017747754231095314
3965,11,55,0.07748231291770935
3966,11,56,0.08515530824661255
3967,11,57,0.10192670673131943
3968,11,58,0.021807769313454628
3969,11,59,0.17749656736850739
3970,11,60,0.08955393731594086
3971,11,61,0.015268874354660511
3972,11,62,0.10516667366027832
3973,11,63,0.08125931024551392
3974,11,64,0.14558249711990356
3975,11,65,0.11079496145248413
3976,11,66,0.16315650939941406
3977,11,67,0.149998739361763
3978,11,68,0.13391906023025513
3979,11,69,0.04581328481435776
3980,11,70,0.09265023469924927
3981,11,71,0.08413141220808029
3982,11,72,0.1544780135154724
3983,11,73,0.11039089411497116
3984,11,74,0.05130568519234657
3985,11,75,0.07793630659580231
3986,11,76,0.06513373553752899
3987,11,77,0.11888676881790161
3988,11,78,0.09351596236228943
3989,11,79,0.08605556935071945
3990,11,80,0.15977759659290314
3991,11,81,0.08502627909183502
3992,11,82,0.08889267593622208
3993,11,83,0.05629691481590271
3994,11,84,0.08102691918611526
3995,11,85,0.115789033472538
3996,11,86,0.15548846125602722
3997,11,87,0.08576495200395584
3998,11,88,0.08248668909072876
3999,11,89,0.10238134860992432
4000,11,90,0.06880886852741241
4001,11,91,0.09415163099765778
4002,11,92,0.05407599359750748
4003,11,93,0.1114865243434906
4004,11,94,0.04239675775170326
4005,11,95,0.10901031643152237
4006,11,96,0.17169876396656036
4007,11,97,0.11278019100427628
4008,11,98,0.05732717365026474
4009,11,99,0.11735119670629501
4010,11,100,0.04851474612951279
4011,11,101,0.06990354508161545
4012,11,102,0.20171867311000824
4013,11,103,0.11439459025859833
4014,11,104,0.07432928681373596
4015,11,105,0.08269746601581573
4016,11,106,0.08817753195762634
4017,11,107,0.14149372279644012
4018,11,108,0.12233401834964752
4019,11,109,0.1645568460226059
4020,11,110,0.0382695235311985
4021,11,111,0.06691847741603851
4022,11,112,0.050077226012945175
4023,11,113,0.13046827912330627
4024,11,114,0.14069589972496033
4025,11,115,0.05218029022216797
4026,11,116,0.12863513827323914
4027,11,117,0.04057784378528595
4028,11,118,0.07070377469062805
4029,11,119,0.044707294553518295
4030,11,120,0.1319514662027359
4031,11,121,0.04645058885216713
4032,11,122,0.05337606742978096
4033,11,123,0.12046526372432709
4034,11,124,0.1072540432214737
4035,11,125,0.09508826583623886
4036,11,126,0.08880667388439178
4037,11,127,0.06957129389047623
4038,11,128,0.07044397294521332
4039,11,129,0.0618102103471756
4040,11,130,0.05885292589664459
4041,11,131,0.12735287845134735
4042,11,132,0.050493016839027405
4043,11,133,0.0751037448644638
4044,11,134,0.03713873401284218
4045,11,135,0.04423656687140465
4046,11,136,0.06689117848873138
4047,11,137,0.032307032495737076
4048,11,138,0.09585282951593399
4049,11,139,0.08829250931739807
4050,11,140,0.048939287662506104
4051,11,141,0.03284051641821861
4052,11,142,0.09296464174985886
4053,11,143,0.032962922006845474
4054,11,144,0.08331228047609329
4055,11,145,0.1346445232629776
4056,11,146,0.06589489430189133
4057,11,147,0.09647589921951294
4058,11,148,0.07574689388275146
4059,11,149,0.0387786328792572
4060,11,150,0.04738394543528557
4061,11,151,0.1821938157081604
4062,11,152,0.19790828227996826
4063,11,153,0.06303287297487259
4064,11,154,0.06318802386522293
4065,11,155,0.07537166029214859
4066,11,156,0.17249317467212677
4067,11,157,0.04567538574337959
4068,11,158,0.11854424327611923
4069,11,159,0.16888755559921265
4070,11,160,0.22948427498340607
4071,11,161,0.10440309345722198
4072,11,162,0.06280982494354248
4073,11,163,0.09874744713306427
4074,11,164,0.19589293003082275
4075,11,165,0.17843946814537048
4076,11,166,0.045621953904628754
4077,11,167,0.13386142253875732
4078,11,168,0.06265018880367279
4079,11,169,0.04193851724267006
4080,11,170,0.05273979529738426
4081,11,171,0.1397988647222519
4082,11,172,0.2287689596414566
4083,11,173,0.058620937168598175
4084,11,174,0.2162925899028778
4085,11,175,0.0324278250336647
4086,11,176,0.07053442299365997
4087,11,177,0.16183626651763916
4088,11,178,0.08133856952190399
4089,11,179,0.0758897215127945
4090,11,180,0.11058603972196579
4091,11,181,0.09883635491132736
4092,11,182,0.10080614686012268
4093,11,183,0.04332403838634491
4094,11,184,0.08289807289838791
4095,11,185,0.18918560445308685
4096,11,186,0.22644154727458954
4097,11,187,0.10715989023447037
4098,11,188,0.12495339661836624
4099,11,189,0.14152680337429047
4100,11,190,0.07617425918579102
4101,11,191,0.05084306746721268
4102,11,192,0.0788380578160286
4103,11,193,0.1762016862630844
4104,11,194,0.08284775912761688
4105,11,195,0.16988186538219452
4106,11,196,0.15875527262687683
4107,11,197,0.03932897374033928
4108,11,198,0.11621110141277313
4109,11,199,0.11782833933830261
4110,11,200,0.22021833062171936
4111,11,201,0.08296060562133789
4112,11,202,0.08526790142059326
4113,11,203,0.0879516452550888
4114,11,204,0.13601772487163544
4115,11,205,0.07045406103134155
4116,11,206,0.11526736617088318
4117,11,207,0.144180029630661
4118,11,208,0.10716523975133896
4119,11,209,0.09806188941001892
4120,11,210,0.1345427930355072
4121,11,211,0.12899747490882874
4122,11,212,0.068995401263237
4123,11,213,0.1078811064362526
4124,11,214,0.132527157664299
4125,11,215,0.1063985526561737
4126,11,216,0.08732298761606216
4127,11,217,0.17508405447006226
4128,11,218,0.07801744341850281
4129,11,219,0.10414813458919525
4130,11,220,0.01944900117814541
4131,11,221,0.06137366220355034
4132,11,222,0.11131260544061661
4133,11,223,0.09991003572940826
4134,11,224,0.02781275287270546
4135,11,225,0.059995654970407486
4136,11,226,0.04915556311607361
4137,11,227,0.0233331099152565
4138,11,228,0.12322183698415756
4139,11,229,0.07179240882396698
4140,11,230,0.11426780372858047
4141,11,231,0.049517035484313965
4142,11,232,0.09807140380144119
4143,11,233,0.03341648727655411
4144,11,234,0.08812393248081207
4145,11,235,0.09069205820560455
4146,11,236,0.07039956748485565
4147,11,237,0.11189235746860504
4148,11,238,0.06455874443054199
4149,11,239,0.021534612402319908
4150,11,240,0.052719563245773315
4151,11,241,0.15257446467876434
4152,11,242,0.08678513765335083
4153,11,243,0.0676412358880043
4154,11,244,0.08896160870790482
4155,11,245,0.25412872433662415
4156,11,246,0.06861099600791931
4157,11,247,0.048705440014600754
4158,11,248,0.06093151122331619
4159,11,249,0.11428310722112656
4160,11,250,0.07527071237564087
4161,11,251,0.08311959356069565
4162,11,252,0.11831196397542953
4163,11,253,0.05036882683634758
4164,11,254,0.055421970784664154
4165,11,255,0.09200435131788254
4166,11,256,0.11081645637750626
4167,11,257,0.16310925781726837
4168,11,258,0.1088162213563919
4169,11,259,0.12708987295627594
4170,11,260,0.06424588710069656
4171,11,261,0.03420776128768921
4172,11,262,0.2984699308872223
4173,11,263,0.059324827045202255
4174,11,264,0.11638861894607544
4175,11,265,0.06857168674468994
4176,11,266,0.057683076709508896
4177,11,267,0.08342607319355011
4178,11,268,0.07151787728071213
4179,11,269,0.07724044471979141
4180,11,270,0.13208504021167755
4181,11,271,0.0529172420501709
4182,11,272,0.07671397924423218
4183,11,273,0.03487818315625191
4184,11,274,0.1624916046857834
4185,11,275,0.14526492357254028
4186,11,276,0.06368021667003632
4187,11,277,0.09111128002405167
4188,11,278,0.19617922604084015
4189,11,279,0.1148495003581047
4190,11,280,0.08023285865783691
4191,11,281,0.07248658686876297
4192,11,282,0.097359798848629
4193,11,283,0.10056058317422867
4194,11,284,0.05008634179830551
4195,11,285,0.16135963797569275
4196,11,286,0.1331004500389099
4197,11,287,0.063697949051857
4198,11,288,0.17391662299633026
4199,11,289,0.12634049355983734
4200,11,290,0.07729033380746841
4201,11,291,0.027477219700813293
4202,11,292,0.08862173557281494
4203,11,293,0.0657772347331047
4204,11,294,0.02717161364853382
4205,11,295,0.08750027418136597
4206,11,296,0.1468965709209442
4207,11,297,0.06340573728084564
4208,11,298,0.027446012943983078
4209,11,299,0.08566927164793015
4210,11,300,0.11577872186899185
4211,11,301,0.10486838966608047
4212,11,302,0.09330779314041138
4213,11,303,0.1044837161898613
4214,11,304,0.025316420942544937
4215,11,305,0.054736439138650894
4216,11,306,0.06558527052402496
4217,11,307,0.17644654214382172
4218,11,308,0.2082228660583496
4219,11,309,0.19010618329048157
4220,11,310,0.06800297647714615
4221,11,311,0.0864722803235054
4222,11,312,0.1493334025144577
4223,11,313,0.03419565409421921
4224,11,314,0.08962301164865494
4225,11,315,0.07026562839746475
4226,11,316,0.12389001995325089
4227,11,317,0.11293402314186096
4228,11,318,0.13794225454330444
4229,11,319,0.15755073726177216
4230,11,320,0.12507914006710052
4231,11,321,0.05497446656227112
4232,11,322,0.17594078183174133
4233,11,323,0.1592140644788742
4234,11,324,0.13547852635383606
4235,11,325,0.2787189781665802
4236,11,326,0.0312906950712204
4237,11,327,0.09950193762779236
4238,11,328,0.11529893428087234
4239,11,329,0.09194174408912659
4240,11,330,0.18773546814918518
4241,11,331,0.11167344450950623
4242,11,332,0.06007101759314537
4243,11,333,0.06596631556749344
4244,11,334,0.2527284622192383
4245,11,335,0.07037556171417236
4246,11,336,0.07836943864822388
4247,11,337,0.09234600514173508
4248,11,338,0.15151019394397736
4249,11,339,0.09223637729883194
4250,11,340,0.06480468809604645
4251,11,341,0.1005592793226242
4252,11,342,0.08221566677093506
4253,11,343,0.07311921566724777
4254,11,344,0.1189052164554596
4255,11,345,0.09374035894870758
4256,11,346,0.09699147194623947
4257,11,347,0.16093288362026215
4258,11,348,0.12714043259620667
4259,11,349,0.05835103616118431
4260,11,350,0.16175614297389984
4261,11,351,0.04292396083474159
4262,11,352,0.12099664658308029
4263,11,353,0.21510447561740875
4264,11,354,0.13466161489486694
4265,11,355,0.13248321413993835
4266,11,356,0.062234219163656235
4267,11,357,0.11429537832736969
4268,11,358,0.07180570811033249
4269,11,359,0.1465218961238861
4270,11,360,0.2059168666601181
4271,11,361,0.0835743322968483
4272,11,362,0.1294710785150528
4273,11,363,0.032403793185949326
4274,11,364,0.16180147230625153
4275,11,365,0.10030238330364227
4276,11,366,0.07999524474143982
4277,11,367,0.11054196208715439
4278,11,368,0.08083769679069519
4279,11,369,0.15175467729568481
4280,11,370,0.08856141567230225
4281,11,371,0.14934395253658295
4282,11,372,0.06207938492298126
4283,11,373,0.15417765080928802
4284,11,374,0.12306741625070572
4285,11,375,0.11181913316249847
4286,11,376,0.04939178377389908
4287,11,377,0.08973491936922073
4288,11,378,0.06499078869819641
4289,11,379,0.11956436187028885
4290,11,380,0.13244788348674774
4291,11,381,0.11889491230249405
4292,11,382,0.06796140223741531
4293,11,383,0.10794875770807266
4294,11,384,0.07884221524000168
4295,11,385,0.15857505798339844
4296,11,386,0.0805506631731987
4297,11,387,0.11627686768770218
4298,11,388,0.1250685304403305
4299,11,389,0.08062979578971863
4300,11,390,0.20218689739704132
4301,11,391,0.19068971276283264
4302,12,1,0.08214600384235382
4303,12,2,0.05060838535428047
4304,12,3,0.0288425013422966
4305,12,4,0.08275287598371506
4306,12,5,0.12580499053001404
4307,12,6,0.04906146973371506
4308,12,7,0.05847432091832161
4309,12,8,0.028691085055470467
4310,12,9,0.07431606203317642
4311,12,10,0.08822435885667801
4312,12,11,0.12628939747810364
4313,12,12,0.06592034548521042
4314,12,13,0.03481669723987579
4315,12,14,0.05040143430233002
4316,12,15,0.043443165719509125
4317,12,16,0.032921407371759415
4318,12,17,0.05985880270600319
4319,12,18,0.08296271413564682
4320,12,19,0.08703582733869553
4321,12,20,0.09295544773340225
4322,12,21,0.0833551287651062
4323,12,22,0.12113825231790543
4324,12,23,0.07868696004152298
4325,12,24,0.06180328130722046
4326,12,25,0.15883733332157135
4327,12,26,0.1221388503909111
4328,12,27,0.032363031059503555
4329,12,28,0.16188479959964752
4330,12,29,0.057943131774663925
4331,12,30,0.1396530419588089
4332,12,31,0.06699883192777634
4333,12,32,0.09798713773488998
4334,12,33,0.09868018329143524
4335,12,34,0.04830325022339821
4336,12,35,0.2024574726819992
4337,12,36,0.0690116360783577
4338,12,37,0.049665339291095734
4339,12,38,0.042357638478279114
4340,12,39,0.0771283209323883
4341,12,40,0.06423889845609665
4342,12,41,0.05911090970039368
4343,12,42,0.085630863904953
4344,12,43,0.11708372086286545
4345,12,44,0.019617412239313126
4346,12,45,0.08690278977155685
4347,12,46,0.09640822559595108
4348,12,47,0.06635885685682297
4349,12,48,0.14356549084186554
4350,12,49,0.03301972895860672
4351,12,50,0.05396858975291252
4352,12,51,0.08476757258176804
4353,12,52,0.12677526473999023
4354,12,53,0.0918169841170311
4355,12,54,0.08975937217473984
4356,12,55,0.11111822724342346
4357,12,56,0.039545655250549316
4358,12,57,0.048249274492263794
4359,12,58,0.17336277663707733
4360,12,59,0.061220478266477585
4361,12,60,0.1292537897825241
4362,12,61,0.11489564180374146
4363,12,62,0.09626676142215729
4364,12,63,0.0609855130314827
4365,12,64,0.10898784548044205
4366,12,65,0.07191012799739838
4367,12,66,0.07633186876773834
4368,12,67,0.10861988365650177
4369,12,68,0.08182373642921448
4370,12,69,0.07926744967699051
4371,12,70,0.05349845811724663
4372,12,71,0.0169607475399971
4373,12,72,0.11622237414121628
4374,12,73,0.10744766891002655
4375,12,74,0.030553171411156654
4376,12,75,0.05838553607463837
4377,12,76,0.0696282610297203
4378,12,77,0.042528048157691956
4379,12,78,0.11939608305692673
4380,12,79,0.029625874012708664
4381,12,80,0.08377815037965775
4382,12,81,0.08815009146928787
4383,12,82,0.04983845725655556
4384,12,83,0.06283016502857208
4385,12,84,0.07793352752923965
4386,12,85,0.05311291292309761
4387,12,86,0.0356353297829628
4388,12,87,0.04380050301551819
4389,12,88,0.05879601091146469
4390,12,89,0.04231064021587372
4391,12,90,0.13824310898780823
4392,12,91,0.10401108115911484
4393,12,92,0.0731373131275177
4394,12,93,0.10809432715177536
4395,12,94,0.06623853743076324
4396,12,95,0.07531510293483734
4397,12,96,0.012752536684274673
4398,12,97,0.04531647264957428
4399,12,98,0.04560259357094765
4400,12,99,0.025386463850736618
4401,12,100,0.07364357262849808
4402,12,101,0.12849074602127075
4403,12,102,0.03234289586544037
4404,12,103,0.06046755984425545
4405,12,104,0.06510711461305618
4406,12,105,0.05719916149973869
4407,12,106,0.09639313817024231
4408,12,107,0.0394258126616478
4409,12,108,0.04347826540470123
4410,12,109,0.03392292931675911
4411,12,110,0.07683217525482178
4412,12,111,0.08076494187116623
4413,12,112,0.1208093985915184
4414,12,113,0.051098503172397614
4415,12,114,0.0778016522526741
4416,12,115,0.20760270953178406
4417,12,116,0.04563136771321297
4418,12,117,0.03503209352493286
4419,12,118,0.07177553325891495
4420,12,119,0.07976240664720535
4421,12,120,0.04940280318260193
4422,12,121,0.17070740461349487
4423,12,122,0.1526290774345398
4424,12,123,0.04263805225491524
4425,12,124,0.09951585531234741
4426,12,125,0.040718093514442444
4427,12,126,0.08239756524562836
4428,12,127,0.12738342583179474
4429,12,128,0.13242962956428528
4430,12,129,0.22264094650745392
4431,12,130,0.048974718898534775
4432,12,131,0.07371604442596436
4433,12,132,0.0407615564763546
4434,12,133,0.05190013721585274
4435,12,134,0.12562206387519836
4436,12,135,0.1194831132888794
4437,12,136,0.06980732083320618
4438,12,137,0.08350343257188797
4439,12,138,0.03607494384050369
4440,12,139,0.13163769245147705
4441,12,140,0.05585062503814697
4442,12,141,0.06599552184343338
4443,12,142,0.02690763957798481
4444,12,143,0.08713742345571518
4445,12,144,0.04375694692134857
4446,12,145,0.03396625444293022
4447,12,146,0.07097761332988739
4448,12,147,0.13705743849277496
4449,12,148,0.08701715618371964
4450,12,149,0.04151168838143349
4451,12,150,0.05817914009094238
4452,12,151,0.061067111790180206
4453,12,152,0.13226637244224548
4454,12,153,0.05300446227192879
4455,12,154,0.04190615937113762
4456,12,155,0.09008246660232544
4457,12,156,0.028688954189419746
4458,12,157,0.09758053719997406
4459,12,158,0.07971818000078201
4460,12,159,0.0868116170167923
4461,12,160,0.225033700466156
4462,12,161,0.056664299219846725
4463,12,162,0.22270922362804413
4464,12,163,0.07511647790670395
4465,12,164,0.024307336658239365
4466,12,165,0.0418146587908268
4467,12,166,0.07748809456825256
4468,12,167,0.10466838628053665
4469,12,168,0.029049931094050407
4470,12,169,0.09996550530195236
4471,12,170,0.012142101302742958
4472,12,171,0.054311543703079224
4473,12,172,0.04497078061103821
4474,12,173,0.04822129011154175
4475,12,174,0.062176663428545
4476,12,175,0.06856972724199295
4477,12,176,0.029122015461325645
4478,12,177,0.11726405471563339
4479,12,178,0.06907172501087189
4480,12,179,0.08186028897762299
4481,12,180,0.028622006997466087
4482,12,181,0.08071281760931015
4483,12,182,0.02869722992181778
4484,12,183,0.055839866399765015
4485,12,184,0.09608753770589828
4486,12,185,0.024263465777039528
4487,12,186,0.03177753463387489
4488,12,187,0.19481997191905975
4489,12,188,0.060119226574897766
4490,12,189,0.09419454634189606
4491,12,190,0.08487483859062195
4492,12,191,0.01853022351861
4493,12,192,0.043689142912626266
4494,12,193,0.0660972148180008
4495,12,194,0.029373399913311005
4496,12,195,0.05302637070417404
4497,12,196,0.07197390496730804
4498,12,197,0.07217627763748169
4499,12,198,0.10618075728416443
4500,12,199,0.07887091487646103
4501,12,200,0.07568322867155075
4502,12,201,0.06514965742826462
4503,12,202,0.01728501170873642
4504,12,203,0.04718785732984543
4505,12,204,0.0783064141869545
4506,12,205,0.09577301144599915
4507,12,206,0.07970529794692993
4508,12,207,0.032965004444122314
4509,12,208,0.05586354434490204
4510,12,209,0.0378289557993412
4511,12,210,0.13475920259952545
4512,12,211,0.06117808818817139
4513,12,212,0.040644410997629166
4514,12,213,0.03971930593252182
4515,12,214,0.057896677404642105
4516,12,215,0.01603485271334648
4517,12,216,0.16389593482017517
4518,12,217,0.03658309951424599
4519,12,218,0.04871326684951782
4520,12,219,0.16078776121139526
4521,12,220,0.062269940972328186
4522,12,221,0.12405546009540558
4523,12,222,0.026051970198750496
4524,12,223,0.050210826098918915
4525,12,224,0.04365386813879013
4526,12,225,0.047011759132146835
4527,12,226,0.01693987287580967
4528,12,227,0.05567014589905739
4529,12,228,0.06285853683948517
4530,12,229,0.02603173442184925
4531,12,230,0.05461682006716728
4532,12,231,0.09407059848308563
4533,12,232,0.13675189018249512
4534,12,233,0.16745060682296753
4535,12,234,0.030574098229408264
4536,12,235,0.14520660042762756
4537,12,236,0.08285549283027649
4538,12,237,0.08077577501535416
4539,12,238,0.014764184132218361
4540,12,239,0.05641593784093857
4541,12,240,0.07519671320915222
4542,12,241,0.07065420597791672
4543,12,242,0.03924182429909706
4544,12,243,0.12049825489521027
4545,12,244,0.03189663961529732
4546,12,245,0.02936420775949955
4547,12,246,0.061362143605947495
4548,12,247,0.02821398712694645
4549,12,248,0.02229137532413006
4550,12,249,0.08844439685344696
4551,12,250,0.11303434520959854
4552,12,251,0.09037947654724121
4553,12,252,0.06565869599580765
4554,12,253,0.060398947447538376
4555,12,254,0.07591763138771057
4556,12,255,0.17967605590820312
4557,12,256,0.06367659568786621
4558,12,257,0.06680354475975037
4559,12,258,0.055189311504364014
4560,12,259,0.04457319527864456
4561,12,260,0.1608380377292633
4562,12,261,0.037219446152448654
4563,12,262,0.04535352438688278
4564,12,263,0.10564132779836655
4565,12,264,0.08966132253408432
4566,12,265,0.08562246710062027
4567,12,266,0.12592552602291107
4568,12,267,0.03510768339037895
4569,12,268,0.09812959283590317
4570,12,269,0.1253667175769806
4571,12,270,0.07435183972120285
4572,12,271,0.08594969660043716
4573,12,272,0.06941687315702438
4574,12,273,0.09500772505998611
4575,12,274,0.07026444375514984
4576,12,275,0.14780883491039276
4577,12,276,0.0798637866973877
4578,12,277,0.08036726713180542
4579,12,278,0.045806266367435455
4580,12,279,0.06646787375211716
4581,12,280,0.07173039764165878
4582,12,281,0.02384716272354126
4583,12,282,0.03179793059825897
4584,12,283,0.06930981576442719
4585,12,284,0.04808548092842102
4586,12,285,0.06227964162826538
4587,12,286,0.05185854807496071
4588,12,287,0.1669803261756897
4589,12,288,0.10750744491815567
4590,12,289,0.09187816083431244
4591,12,290,0.055186524987220764
4592,12,291,0.06350453943014145
4593,12,292,0.040744997560977936
4594,12,293,0.12483501434326172
4595,12,294,0.052034344524145126
4596,12,295,0.09126158058643341
4597,12,296,0.1215045303106308
4598,12,297,0.048669952899217606
4599,12,298,0.06648224592208862
4600,12,299,0.08468085527420044
4601,12,300,0.15582239627838135
4602,12,301,0.09049808233976364
4603,12,302,0.09242720901966095
4604,12,303,0.09906929731369019
4605,12,304,0.10503577440977097
4606,12,305,0.17593468725681305
4607,12,306,0.11839722841978073
4608,12,307,0.027439184486865997
4609,12,308,0.10106554627418518
4610,12,309,0.0605243444442749
4611,12,310,0.03273410350084305
4612,12,311,0.11430757492780685
4613,12,312,0.14624397456645966
4614,12,313,0.10016044229269028
4615,12,314,0.084479421377182
4616,12,315,0.12452353537082672
4617,12,316,0.11916857957839966
4618,12,317,0.03358824551105499
4619,12,318,0.06994668394327164
4620,12,319,0.05641080066561699
4621,12,320,0.07976577430963516
4622,12,321,0.04876142740249634
4623,12,322,0.09791705012321472
4624,12,323,0.07991589605808258
4625,12,324,0.11930438131093979
4626,12,325,0.09277096390724182
4627,12,326,0.11062215268611908
4628,12,327,0.043716832995414734
4629,12,328,0.11000526696443558
4630,12,329,0.03749851882457733
4631,12,330,0.196213036775589
4632,12,331,0.0834118127822876
4633,12,332,0.10584188252687454
4634,12,333,0.08564025163650513
4635,12,334,0.11128157377243042
4636,12,335,0.07969588041305542
4637,12,336,0.06348578631877899
4638,12,337,0.17996208369731903
4639,12,338,0.04757608100771904
4640,12,339,0.1612565815448761
4641,12,340,0.1369151920080185
4642,12,341,0.04202147573232651
4643,12,342,0.15381811559200287
4644,12,343,0.02978719398379326
4645,12,344,0.11157041788101196
4646,12,345,0.0740840956568718
4647,12,346,0.1064852923154831
4648,12,347,0.08853169530630112
4649,12,348,0.06446297466754913
4650,12,349,0.12144497036933899
4651,12,350,0.055127616971731186
4652,12,351,0.1185469999909401
4653,12,352,0.06885550171136856
4654,12,353,0.13403701782226562
4655,12,354,0.057827550917863846
4656,12,355,0.10945727676153183
4657,12,356,0.014134014025330544
4658,12,357,0.11106836050748825
4659,12,358,0.12624281644821167
4660,12,359,0.0442490391433239
4661,12,360,0.0494002029299736
4662,12,361,0.10682737827301025
4663,12,362,0.05443216487765312
4664,12,363,0.09960547834634781
4665,12,364,0.07368531823158264
4666,12,365,0.1492590755224228
4667,12,366,0.06279891729354858
4668,12,367,0.041478417813777924
4669,12,368,0.044786080718040466
4670,12,369,0.16612020134925842
4671,12,370,0.050867754966020584
4672,12,371,0.09403263032436371
4673,12,372,0.06109984219074249
4674,12,373,0.03627157211303711
4675,12,374,0.013377808965742588
4676,12,375,0.10228253155946732
4677,12,376,0.07519524544477463
4678,12,377,0.12099897116422653
4679,12,378,0.07017000764608383
4680,12,379,0.09291476011276245
4681,12,380,0.09928387403488159
4682,12,381,0.06381595879793167
4683,12,382,0.13682213425636292
4684,12,383,0.08174500614404678
4685,12,384,0.04465232044458389
4686,12,385,0.13712216913700104
4687,12,386,0.16952334344387054
4688,12,387,0.020191123709082603
4689,12,388,0.09619763493537903
4690,12,389,0.06750191003084183
4691,12,390,0.09461279213428497
4692,12,391,0.07691626250743866
4693,13,1,0.10534270107746124
4694,13,2,0.05423353984951973
4695,13,3,0.04730932042002678
4696,13,4,0.023004142567515373
4697,13,5,0.028895830735564232
4698,13,6,0.03942180424928665
4699,13,7,0.05229966714978218
4700,13,8,0.08078902959823608
4701,13,9,0.04633669555187225
4702,13,10,0.08005192875862122
4703,13,11,0.07643923163414001
4704,13,12,0.0927884578704834
4705,13,13,0.08609385788440704
4706,13,14,0.08695661276578903
4707,13,15,0.12068481743335724
4708,13,16,0.029801296070218086
4709,13,17,0.016982832923531532
4710,13,18,0.15645556151866913
4711,13,19,0.06467505544424057
4712,13,20,0.047816209495067596
4713,13,21,0.0972648411989212
4714,13,22,0.062018170952796936
4715,13,23,0.10534626990556717
4716,13,24,0.10682959109544754
4717,13,25,0.11232785880565643
4718,13,26,0.04086669906973839
4719,13,27,0.013130874373018742
4720,13,28,0.12280920892953873
4721,13,29,0.05184033513069153
4722,13,30,0.0285793486982584
4723,13,31,0.09545911848545074
4724,13,32,0.061201583594083786
4725,13,33,0.04786786064505577
4726,13,34,0.04768142104148865
4727,13,35,0.015121083706617355
4728,13,36,0.04347219318151474
4729,13,37,0.08969347178936005
4730,13,38,0.0596562884747982
4731,13,39,0.03938956558704376
4732,13,40,0.08161899447441101
4733,13,41,0.029484320431947708
4734,13,42,0.1025938019156456
4735,13,43,0.16877707839012146
4736,13,44,0.040534064173698425
4737,13,45,0.0390714630484581
4738,13,46,0.058658622205257416
4739,13,47,0.08011951297521591
4740,13,48,0.0437789186835289
4741,13,49,0.042785514146089554
4742,13,50,0.06787630170583725
4743,13,51,0.022394195199012756
4744,13,52,0.03824799507856369
4745,13,53,0.07339657843112946
4746,13,54,0.03142016381025314
4747,13,55,0.13227614760398865
4748,13,56,0.0390397347509861
4749,13,57,0.07417524605989456
4750,13,58,0.021296832710504532
4751,13,59,0.009140722453594208
4752,13,60,0.07858195155858994
4753,13,61,0.028323456645011902
4754,13,62,0.07793255150318146
4755,13,63,0.07293282449245453
4756,13,64,0.11421490460634232
4757,13,65,0.02925305813550949
4758,13,66,0.06251008063554764
4759,13,67,0.03837818279862404
4760,13,68,0.1111936867237091
4761,13,69,0.06369190663099289
4762,13,70,0.03139873221516609
4763,13,71,0.04701659455895424
4764,13,72,0.014342849142849445
4765,13,73,0.03143315017223358
4766,13,74,0.10532215982675552
4767,13,75,0.03308425471186638
4768,13,76,0.09260600060224533
4769,13,77,0.06245199963450432
4770,13,78,0.14355193078517914
4771,13,79,0.06547486037015915
4772,13,80,0.04927464947104454
4773,13,81,0.02729538083076477
4774,13,82,0.05696308985352516
4775,13,83,0.12680140137672424
4776,13,84,0.09714299440383911
4777,13,85,0.10461534559726715
4778,13,86,0.021317118778824806
4779,13,87,0.03750436380505562
4780,13,88,0.15768565237522125
4781,13,89,0.11540590971708298
4782,13,90,0.05316893756389618
4783,13,91,0.03604741767048836
4784,13,92,0.08324316143989563
4785,13,93,0.06441398710012436
4786,13,94,0.03920179605484009
4787,13,95,0.030905427411198616
4788,13,96,0.02053033746778965
4789,13,97,0.01708642579615116
4790,13,98,0.04531022906303406
4791,13,99,0.05623007193207741
4792,13,100,0.0375073216855526
4793,13,101,0.027631286531686783
4794,13,102,0.017217975109815598
4795,13,103,0.046729329973459244
4796,13,104,0.04104574769735336
4797,13,105,0.003555792151018977
4798,13,106,0.05000098794698715
4799,13,107,0.03811858221888542
4800,13,108,0.025748567655682564
4801,13,109,0.05845566466450691
4802,13,110,0.051331426948308945
4803,13,111,0.053252216428518295
4804,13,112,0.033767156302928925
4805,13,113,0.03383610025048256
4806,13,114,0.057209089398384094
4807,13,115,0.006633378565311432
4808,13,116,0.05017419531941414
4809,13,117,0.02006545662879944
4810,13,118,0.03719488903880119
4811,13,119,0.07419925183057785
4812,13,120,0.03387495130300522
4813,13,121,0.15617826581001282
4814,13,122,0.057596445083618164
4815,13,123,0.0959654301404953
4816,13,124,0.014669080264866352
4817,13,125,0.05291840434074402
4818,13,126,0.08488201349973679
4819,13,127,0.058423615992069244
4820,13,128,0.06382295489311218
4821,13,129,0.10782089084386826
4822,13,130,0.06863493472337723
4823,13,131,0.08101031184196472
4824,13,132,0.16539642214775085
4825,13,133,0.17833907902240753
4826,13,134,0.05427582934498787
4827,13,135,0.12495128065347672
4828,13,136,0.11052422970533371
4829,13,137,0.06980562955141068
4830,13,138,0.06283146142959595
4831,13,139,0.08961600810289383
4832,13,140,0.09052904695272446
4833,13,141,0.0749644786119461
4834,13,142,0.10302738100290298
4835,13,143,0.03798607364296913
4836,13,144,0.03746507689356804
4837,13,145,0.11114232987165451
4838,13,146,0.03582950681447983
4839,13,147,0.1202060878276825
4840,13,148,0.03433724492788315
4841,13,149,0.1005055233836174
4842,13,150,0.07025691121816635
4843,13,151,0.0756654441356659
4844,13,152,0.05864156410098076
4845,13,153,0.0750090479850769
4846,13,154,0.040752895176410675
4847,13,155,0.0572301410138607
4848,13,156,0.05533923953771591
4849,13,157,0.037954628467559814
4850,13,158,0.10230375081300735
4851,13,159,0.03415732830762863
4852,13,160,0.03208988159894943
4853,13,161,0.06375992298126221
4854,13,162,0.07806380093097687
4855,13,163,0.050149690359830856
4856,13,164,0.03869953751564026
4857,13,165,0.09305308759212494
4858,13,166,0.012071487493813038
4859,13,167,0.03555472940206528
4860,13,168,0.02849431149661541
4861,13,169,0.044110193848609924
4862,13,170,0.054949864745140076
4863,13,171,0.09020427614450455
4864,13,172,0.025769416242837906
4865,13,173,0.04115477576851845
4866,13,174,0.058449238538742065
4867,13,175,0.1259952187538147
4868,13,176,0.07237303256988525
4869,13,177,0.061650700867176056
4870,13,178,0.042189884930849075
4871,13,179,0.016768647357821465
4872,13,180,0.19370539486408234
4873,13,181,0.02010136842727661
4874,13,182,0.010792824439704418
4875,13,183,0.018096501007676125
4876,13,184,0.14350590109825134
4877,13,185,0.08482087403535843
4878,13,186,0.04954928532242775
4879,13,187,0.03418343514204025
4880,13,188,0.0663498267531395
4881,13,189,0.0676737055182457
4882,13,190,0.05482295900583267
4883,13,191,0.04241503030061722
4884,13,192,0.03136156126856804
4885,13,193,0.13415198028087616
4886,13,194,0.07561701536178589
4887,13,195,0.07926072925329208
4888,13,196,0.031221512705087662
4889,13,197,0.06638235598802567
4890,13,198,0.020031694322824478
4891,13,199,0.02083316631615162
4892,13,200,0.14825023710727692
4893,13,201,0.05740709230303764
4894,13,202,0.04048055037856102
4895,13,203,0.057098861783742905
4896,13,204,0.013657226227223873
4897,13,205,0.07845298200845718
4898,13,206,0.04596445709466934
4899,13,207,0.06053885072469711
4900,13,208,0.11258290708065033
4901,13,209,0.07155224680900574
4902,13,210,0.05072523280978203
4903,13,211,0.082713283598423
4904,13,212,0.07969457656145096
4905,13,213,0.05019140988588333
4906,13,214,0.07771994918584824
4907,13,215,0.04021953418850899
4908,13,216,0.12063727527856827
4909,13,217,0.06343214958906174
4910,13,218,0.05064737796783447
4911,13,219,0.03774792328476906
4912,13,220,0.09054635465145111
4913,13,221,0.05493177846074104
4914,13,222,0.09841825813055038
4915,13,223,0.05593026429414749
4916,13,224,0.03928939253091812
4917,13,225,0.10847720503807068
4918,13,226,0.11815758049488068
4919,13,227,0.08370604366064072
4920,13,228,0.03189290314912796
4921,13,229,0.029405824840068817
4922,13,230,0.08815374970436096
4923,13,231,0.12984386086463928
4924,13,232,0.019172923639416695
4925,13,233,0.02700296975672245
4926,13,234,0.06897162646055222
4927,13,235,0.0954611524939537
4928,13,236,0.1574373096227646
4929,13,237,0.031068045645952225
4930,13,238,0.09419289231300354
4931,13,239,0.030119121074676514
4932,13,240,0.08527463674545288
4933,13,241,0.05206964910030365
4934,13,242,0.12204635143280029
4935,13,243,0.08350265026092529
4936,13,244,0.048184655606746674
4937,13,245,0.030327271670103073
4938,13,246,0.07426059991121292
4939,13,247,0.04118642583489418
4940,13,248,0.034512653946876526
4941,13,249,0.08027329295873642
4942,13,250,0.06348317861557007
4943,13,251,0.039020515978336334
4944,13,252,0.14567819237709045
4945,13,253,0.10839813947677612
4946,13,254,0.04018055647611618
4947,13,255,0.13744033873081207
4948,13,256,0.13733738660812378
4949,13,257,0.07431423664093018
4950,13,258,0.1021544486284256
4951,13,259,0.10156513750553131
4952,13,260,0.07931051403284073
4953,13,261,0.08802814781665802
4954,13,262,0.046261873096227646
4955,13,263,0.036756694316864014
4956,13,264,0.08626294881105423
4957,13,265,0.1341497302055359
4958,13,266,0.07853385806083679
4959,13,267,0.03741685673594475
4960,13,268,0.038993991911411285
4961,13,269,0.04980865865945816
4962,13,270,0.07099959999322891
4963,13,271,0.13172349333763123
4964,13,272,0.15364712476730347
4965,13,273,0.03638873249292374
4966,13,274,0.19068147242069244
4967,13,275,0.10205747187137604
4968,13,276,0.12439495325088501
4969,13,277,0.034509215503931046
4970,13,278,0.06929371505975723
4971,13,279,0.11371694505214691
4972,13,280,0.03905637934803963
4973,13,281,0.1262580305337906
4974,13,282,0.1015864759683609
4975,13,283,0.0846962183713913
4976,13,284,0.16618569195270538
4977,13,285,0.05780480429530144
4978,13,286,0.07587829232215881
4979,13,287,0.1570829153060913
4980,13,288,0.09580457210540771
4981,13,289,0.11530851572751999
4982,13,290,0.1649267077445984
4983,13,291,0.18324673175811768
4984,13,292,0.05540534108877182
4985,13,293,0.11224730312824249
4986,13,294,0.16444770991802216
4987,13,295,0.21156777441501617
4988,13,296,0.1098136380314827
4989,13,297,0.14690513908863068
4990,13,298,0.09361114352941513
4991,13,299,0.1340039074420929
4992,13,300,0.20109763741493225
4993,13,301,0.05867058038711548
4994,13,302,0.0523093119263649
4995,13,303,0.29682427644729614
4996,13,304,0.09264937788248062
4997,13,305,0.18546077609062195
4998,13,306,0.15125247836112976
4999,13,307,0.13103458285331726
5000,13,308,0.11897170543670654
5001,13,309,0.05420216545462608
5002,13,310,0.1425280123949051
5003,13,311,0.08135368674993515
5004,13,312,0.19225075840950012
5005,13,313,0.22919470071792603
5006,13,314,0.14798890054225922
5007,13,315,0.13234469294548035
5008,13,316,0.09402088075876236
5009,13,317,0.08796723186969757
5010,13,318,0.17727389931678772
5011,13,319,0.11216085404157639
5012,13,320,0.09357735514640808
5013,13,321,0.10249905288219452
5014,13,322,0.11175822466611862
5015,13,323,0.18583528697490692
5016,13,324,0.15388977527618408
5017,13,325,0.14889778196811676
5018,13,326,0.18367210030555725
5019,13,327,0.047664765268564224
5020,13,328,0.0588444322347641
5021,13,329,0.11053743958473206
5022,13,330,0.18091198801994324
5023,13,331,0.11998847126960754
5024,13,332,0.11783716082572937
5025,13,333,0.10365275293588638
5026,13,334,0.06489482522010803
5027,13,335,0.10063119977712631
5028,13,336,0.043371688574552536
5029,13,337,0.1352633684873581
5030,13,338,0.1321590095758438
5031,13,339,0.08359117060899734
5032,13,340,0.14356981217861176
5033,13,341,0.07903236150741577
5034,13,342,0.04505019262433052
5035,13,343,0.07514045387506485
5036,13,344,0.20257945358753204
5037,13,345,0.07847602665424347
5038,13,346,0.049186788499355316
5039,13,347,0.073231041431427
5040,13,348,0.15231642127037048
5041,13,349,0.05504920706152916
5042,13,350,0.1035168319940567
5043,13,351,0.09635168313980103
5044,13,352,0.0747966542840004
5045,13,353,0.03580104559659958
5046,13,354,0.10559635609388351
5047,13,355,0.022728757932782173
5048,13,356,0.030125657096505165
5049,13,357,0.2030150145292282
5050,13,358,0.08244585245847702
5051,13,359,0.08962752670049667
5052,13,360,0.06553059816360474
5053,13,361,0.12842287123203278
5054,13,362,0.13013988733291626
5055,13,363,0.14174813032150269
5056,13,364,0.0789424329996109
5057,13,365,0.14085999131202698
5058,13,366,0.08959940820932388
5059,13,367,0.036444902420043945
5060,13,368,0.06478007137775421
5061,13,369,0.08936963230371475
5062,13,370,0.23645450174808502
5063,13,371,0.0887262299656868
5064,13,372,0.1562877744436264
5065,13,373,0.06450469046831131
5066,13,374,0.06701172143220901
5067,13,375,0.06255144625902176
5068,13,376,0.09307651221752167
5069,13,377,0.17541183531284332
5070,13,378,0.1269351989030838
5071,13,379,0.07972300052642822
5072,13,380,0.08062945306301117
5073,13,381,0.10768896341323853
5074,13,382,0.13169263303279877
5075,13,383,0.07089272141456604
5076,13,384,0.08573077619075775
5077,13,385,0.15986314415931702
5078,13,386,0.1408063918352127
5079,13,387,0.2583779990673065
5080,13,388,0.09750861674547195
5081,13,389,0.23792584240436554
5082,13,390,0.14576455950737
5083,13,391,0.04538467898964882
5084,14,1,0.06548070907592773
5085,14,2,0.14611905813217163
5086,14,3,0.0914154127240181
5087,14,4,0.0781012624502182
5088,14,5,0.027768023312091827
5089,14,6,0.06452605873346329
5090,14,7,0.05243745446205139
5091,14,8,0.05745236948132515
5092,14,9,0.14793801307678223
5093,14,10,0.05026712641119957
5094,14,11,0.033253252506256104
5095,14,12,0.036588456481695175
5096,14,13,0.03810157626867294
5097,14,14,0.08406111598014832
5098,14,15,0.02558758296072483
5099,14,16,0.05918112024664879
5100,14,17,0.030249811708927155
5101,14,18,0.038473956286907196
5102,14,19,0.11425483971834183
5103,14,20,0.01680191233754158
5104,14,21,0.09099245816469193
5105,14,22,0.0617343969643116
5106,14,23,0.047232288867235184
5107,14,24,0.03789263963699341
5108,14,25,0.07343275845050812
5109,14,26,0.03483010083436966
5110,14,27,0.022023968398571014
5111,14,28,0.02503656968474388
5112,14,29,0.06003231182694435
5113,14,30,0.005070297513157129
5114,14,31,0.08097342401742935
5115,14,32,0.03659544512629509
5116,14,33,0.05581151321530342
5117,14,34,0.03307667747139931
5118,14,35,0.030759146437048912
5119,14,36,0.03753815218806267
5120,14,37,0.043734606355428696
5121,14,38,0.0454769991338253
5122,14,39,0.0274107176810503
5123,14,40,0.06259807199239731
5124,14,41,0.006682330276817083
5125,14,42,0.07691963762044907
5126,14,43,0.020694684237241745
5127,14,44,0.09335950762033463
5128,14,45,0.04698624461889267
5129,14,46,0.06719688326120377
5130,14,47,0.03543029725551605
5131,14,48,0.06428128480911255
5132,14,49,0.03003796935081482
5133,14,50,0.03132518753409386
5134,14,51,0.02323535829782486
5135,14,52,0.03196288272738457
5136,14,53,0.08353543281555176
5137,14,54,0.106241375207901
5138,14,55,0.04028041660785675
5139,14,56,0.06789327412843704
5140,14,57,0.058351702988147736
5141,14,58,0.02951546385884285
5142,14,59,0.03155163675546646
5143,14,60,0.029461022466421127
5144,14,61,0.027165459468960762
5145,14,62,0.010293146595358849
5146,14,63,0.07622231543064117
5147,14,64,0.02843395061790943
5148,14,65,0.039229828864336014
5149,14,66,0.012519561685621738
5150,14,67,0.02032344974577427
5151,14,68,0.035345129668712616
5152,14,69,0.08484464138746262
5153,14,70,0.013239101506769657
5154,14,71,0.04270746931433678
5155,14,72,0.019624512642621994
5156,14,73,0.00895734503865242
5157,14,74,0.027553856372833252
5158,14,75,0.037198506295681
5159,14,76,0.1041155755519867
5160,14,77,0.01388638373464346
5161,14,78,0.09574199467897415
5162,14,79,0.06918030232191086
5163,14,80,0.02526215650141239
5164,14,81,0.04347701370716095
5165,14,82,0.013807276263833046
5166,14,83,0.051354777067899704
5167,14,84,0.0541023313999176
5168,14,85,0.032188378274440765
5169,14,86,0.08470667153596878
5170,14,87,0.0375375933945179
5171,14,88,0.014422637410461903
5172,14,89,0.08494021743535995
5173,14,90,0.07608706504106522
5174,14,91,0.11491506546735764
5175,14,92,0.03962583467364311
5176,14,93,0.06329858303070068
5177,14,94,0.0736006498336792
5178,14,95,0.04350854828953743
5179,14,96,0.0417785681784153
5180,14,97,0.05931072309613228
5181,14,98,0.04497415944933891
5182,14,99,0.10614869743585587
5183,14,100,0.03799982741475105
5184,14,101,0.06436560302972794
5185,14,102,0.04899020493030548
5186,14,103,0.10541721433401108
5187,14,104,0.021817615255713463
5188,14,105,0.03222351521253586
5189,14,106,0.055410824716091156
5190,14,107,0.007154129445552826
5191,14,108,0.05065705627202988
5192,14,109,0.06720364093780518
5193,14,110,0.12093213945627213
5194,14,111,0.06456971913576126
5195,14,112,0.06912637501955032
5196,14,113,0.0996914878487587
5197,14,114,0.07740912586450577
5198,14,115,0.07785586267709732
5199,14,116,0.007546468637883663
5200,14,117,0.09668763726949692
5201,14,118,0.019341042265295982
5202,14,119,0.057763271033763885
5203,14,120,0.03690832480788231
5204,14,121,0.10159400850534439
5205,14,122,0.12251554429531097
5206,14,123,0.056399889290332794
5207,14,124,0.04404975101351738
5208,14,125,0.032946690917015076
5209,14,126,0.04586862400174141
5210,14,127,0.08577647805213928
5211,14,128,0.012945701368153095
5212,14,129,0.03093721903860569
5213,14,130,0.044772516936063766
5214,14,131,0.11959067732095718
5215,14,132,0.07380299270153046
5216,14,133,0.0962759405374527
5217,14,134,0.07851655781269073
5218,14,135,0.09345462918281555
5219,14,136,0.04236724600195885
5220,14,137,0.05815812945365906
5221,14,138,0.033378198742866516
5222,14,139,0.14565543830394745
5223,14,140,0.07477881014347076
5224,14,141,0.04607921093702316
5225,14,142,0.06088326498866081
5226,14,143,0.04594983160495758
5227,14,144,0.05794842541217804
5228,14,145,0.03963693231344223
5229,14,146,0.14859047532081604
5230,14,147,0.1110132560133934
5231,14,148,0.06694239377975464
5232,14,149,0.010029942728579044
5233,14,150,0.08941899240016937
5234,14,151,0.0263407863676548
5235,14,152,0.022682707756757736
5236,14,153,0.16497541964054108
5237,14,154,0.0811895951628685
5238,14,155,0.04129931703209877
5239,14,156,0.06318196654319763
5240,14,157,0.07807650417089462
5241,14,158,0.11679670959711075
5242,14,159,0.028087664395570755
5243,14,160,0.06633427739143372
5244,14,161,0.1240631639957428
5245,14,162,0.024720415472984314
5246,14,163,0.0567312128841877
5247,14,164,0.06280001997947693
5248,14,165,0.06298001110553741
5249,14,166,0.04201209917664528
5250,14,167,0.02654629573225975
5251,14,168,0.060524437576532364
5252,14,169,0.06896290928125381
5253,14,170,0.09421949088573456
5254,14,171,0.06079331785440445
5255,14,172,0.07166066765785217
5256,14,173,0.03359328955411911
5257,14,174,0.06386597454547882
5258,14,175,0.023165812715888023
5259,14,176,0.02065875381231308
5260,14,177,0.07564230263233185
5261,14,178,0.031891897320747375
5262,14,179,0.09219203889369965
5263,14,180,0.06674909591674805
5264,14,181,0.1198023110628128
5265,14,182,0.11203460395336151
5266,14,183,0.058094676584005356
5267,14,184,0.07367423176765442
5268,14,185,0.10214020311832428
5269,14,186,0.06346075236797333
5270,14,187,0.09513505548238754
5271,14,188,0.10496899485588074
5272,14,189,0.08455413579940796
5273,14,190,0.12598831951618195
5274,14,191,0.10329697281122208
5275,14,192,0.042896758764982224
5276,14,193,0.03230532258749008
5277,14,194,0.07471861690282822
5278,14,195,0.13315436244010925
5279,14,196,0.05408574268221855
5280,14,197,0.046606287360191345
5281,14,198,0.08910799771547318
5282,14,199,0.07932063192129135
5283,14,200,0.15285904705524445
5284,14,201,0.005341802258044481
5285,14,202,0.0368865504860878
5286,14,203,0.11185816675424576
5287,14,204,0.01585586741566658
5288,14,205,0.04777006059885025
5289,14,206,0.06261871010065079
5290,14,207,0.059207770973443985
5291,14,208,0.06012104079127312
5292,14,209,0.05626664310693741
5293,14,210,0.01882627047598362
5294,14,211,0.1485508531332016
5295,14,212,0.08668335527181625
5296,14,213,0.029175804927945137
5297,14,214,0.16258041560649872
5298,14,215,0.028330786153674126
5299,14,216,0.038327962160110474
5300,14,217,0.017247119918465614
5301,14,218,0.03932211548089981
5302,14,219,0.0138983940705657
5303,14,220,0.10315664857625961
5304,14,221,0.02854730375111103
5305,14,222,0.11346011608839035
5306,14,223,0.048124585300683975
5307,14,224,0.09939485788345337
5308,14,225,0.017670024186372757
5309,14,226,0.08390135318040848
5310,14,227,0.03855206072330475
5311,14,228,0.0618261955678463
5312,14,229,0.06383727490901947
5313,14,230,0.117050901055336
5314,14,231,0.029536111280322075
5315,14,232,0.031787142157554626
5316,14,233,0.1049533411860466
5317,14,234,0.08807529509067535
5318,14,235,0.10653754323720932
5319,14,236,0.15945743024349213
5320,14,237,0.037934448570013046
5321,14,238,0.10414440184831619
5322,14,239,0.0247123371809721
5323,14,240,0.040452610701322556
5324,14,241,0.05202428996562958
5325,14,242,0.0236285962164402
5326,14,243,0.09570983052253723
5327,14,244,0.0819498598575592
5328,14,245,0.09835877269506454
5329,14,246,0.05081348493695259
5330,14,247,0.04061589390039444
5331,14,248,0.03365135192871094
5332,14,249,0.0644148588180542
5333,14,250,0.10878613591194153
5334,14,251,0.0224680807441473
5335,14,252,0.12139197438955307
5336,14,253,0.14049114286899567
5337,14,254,0.03952336311340332
5338,14,255,0.05153215676546097
5339,14,256,0.05467225983738899
5340,14,257,0.0657726600766182
5341,14,258,0.19884632527828217
5342,14,259,0.06280151754617691
5343,14,260,0.04743761941790581
5344,14,261,0.06069856882095337
5345,14,262,0.04563087597489357
5346,14,263,0.15410563349723816
5347,14,264,0.0457877591252327
5348,14,265,0.27466315031051636
5349,14,266,0.03946881741285324
5350,14,267,0.04160201922059059
5351,14,268,0.03059045411646366
5352,14,269,0.04771217331290245
5353,14,270,0.1381104737520218
5354,14,271,0.038653962314128876
5355,14,272,0.08828301727771759
5356,14,273,0.07986535876989365
5357,14,274,0.06592760235071182
5358,14,275,0.07400661706924438
5359,14,276,0.07459236681461334
5360,14,277,0.09984549880027771
5361,14,278,0.15726014971733093
5362,14,279,0.12501390278339386
5363,14,280,0.04420599713921547
5364,14,281,0.026141071692109108
5365,14,282,0.07229775190353394
5366,14,283,0.026502011343836784
5367,14,284,0.04808967188000679
5368,14,285,0.0504232719540596
5369,14,286,0.08801630884408951
5370,14,287,0.028857937082648277
5371,14,288,0.05078968033194542
5372,14,289,0.07062011957168579
5373,14,290,0.09694644063711166
5374,14,291,0.17811846733093262
5375,14,292,0.09973258525133133
5376,14,293,0.10162483900785446
5377,14,294,0.021720802411437035
5378,14,295,0.03878949582576752
5379,14,296,0.022466981783509254
5380,14,297,0.08018027245998383
5381,14,298,0.02327895723283291
5382,14,299,0.2346177101135254
5383,14,300,0.030631089583039284
5384,14,301,0.07771289348602295
5385,14,302,0.05352409556508064
5386,14,303,0.04903656616806984
5387,14,304,0.1604311764240265
5388,14,305,0.030589478090405464
5389,14,306,0.0505334697663784
5390,14,307,0.028350545093417168
5391,14,308,0.0567631833255291
5392,14,309,0.05471848323941231
5393,14,310,0.05764297768473625
5394,14,311,0.024784022942185402
5395,14,312,0.107231505215168
5396,14,313,0.02193364128470421
5397,14,314,0.06202144920825958
5398,14,315,0.029644260182976723
5399,14,316,0.10426755994558334
5400,14,317,0.041431840509176254
5401,14,318,0.04453055188059807
5402,14,319,0.05100781098008156
5403,14,320,0.026454905048012733
5404,14,321,0.026822853833436966
5405,14,322,0.05761832371354103
5406,14,323,0.19163990020751953
5407,14,324,0.08682592213153839
5408,14,325,0.18198175728321075
5409,14,326,0.07273265719413757
5410,14,327,0.055103849619627
5411,14,328,0.04969031736254692
5412,14,329,0.10360655933618546
5413,14,330,0.06901735812425613
5414,14,331,0.042077165096998215
5415,14,332,0.01308312825858593
5416,14,333,0.03913463279604912
5417,14,334,0.02940698154270649
5418,14,335,0.11548779159784317
5419,14,336,0.09536977857351303
5420,14,337,0.0648949071764946
5421,14,338,0.08821219205856323
5422,14,339,0.09592197835445404
5423,14,340,0.05078255757689476
5424,14,341,0.04584832862019539
5425,14,342,0.02849750407040119
5426,14,343,0.027957497164607048
5427,14,344,0.02930660918354988
5428,14,345,0.09274125844240189
5429,14,346,0.030623232945799828
5430,14,347,0.11583525687456131
5431,14,348,0.0859193354845047
5432,14,349,0.0650995522737503
5433,14,350,0.03963499888777733
5434,14,351,0.12545929849147797
5435,14,352,0.14151600003242493
5436,14,353,0.08133049309253693
5437,14,354,0.06669151782989502
5438,14,355,0.1591751128435135
5439,14,356,0.12284322828054428
5440,14,357,0.06735829263925552
5441,14,358,0.013819857500493526
5442,14,359,0.09461256116628647
5443,14,360,0.03547186031937599
5444,14,361,0.02216413989663124
5445,14,362,0.09278379380702972
5446,14,363,0.043773528188467026
5447,14,364,0.03335849940776825
5448,14,365,0.014997949823737144
5449,14,366,0.11663399636745453
5450,14,367,0.051202237606048584
5451,14,368,0.046328336000442505
5452,14,369,0.02075428143143654
5453,14,370,0.10554619878530502
5454,14,371,0.04170965403318405
5455,14,372,0.10396438091993332
5456,14,373,0.04314691200852394
5457,14,374,0.057319410145282745
5458,14,375,0.026496145874261856
5459,14,376,0.10336785018444061
5460,14,377,0.07241690903902054
5461,14,378,0.019927598536014557
5462,14,379,0.04446353763341904
5463,14,380,0.04159313067793846
5464,14,381,0.042017415165901184
5465,14,382,0.011691521853208542
5466,14,383,0.11645792424678802
5467,14,384,0.031008776277303696
5468,14,385,0.02570711076259613
5469,14,386,0.12941130995750427
5470,14,387,0.049942146986722946
5471,14,388,0.026915330439805984
5472,14,389,0.008691848255693913
5473,14,390,0.0647679790854454
5474,14,391,0.0424734465777874
5475,15,1,0.028253110125660896
5476,15,2,0.02056567370891571
5477,15,3,0.09697958827018738
5478,15,4,0.0230976864695549
5479,15,5,0.01326640322804451
5480,15,6,0.04617994278669357
5481,15,7,0.0640592947602272
5482,15,8,0.0385303869843483
5483,15,9,0.06153933331370354
5484,15,10,0.01591549813747406
5485,15,11,0.07143985480070114
5486,15,12,0.06975769251585007
5487,15,13,0.0528109148144722
5488,15,14,0.036633145064115524
5489,15,15,0.01854977197945118
5490,15,16,0.047073766589164734
5491,15,17,0.06345386058092117
5492,15,18,0.05331380292773247
5493,15,19,0.08299600332975388
5494,15,20,0.042532000690698624
5495,15,21,0.03022637963294983
5496,15,22,0.12965922057628632
5497,15,23,0.013695543631911278
5498,15,24,0.08173181861639023
5499,15,25,0.10984566807746887
5500,15,26,0.033249787986278534
5501,15,27,0.020863579586148262
5502,15,28,0.0633799359202385
5503,15,29,0.018858520314097404
5504,15,30,0.07314223051071167
5505,15,31,0.036848071962594986
5506,15,32,0.021177351474761963
5507,15,33,0.015525054186582565
5508,15,34,0.016682440415024757
5509,15,35,0.011191751807928085
5510,15,36,0.03527276590466499
5511,15,37,0.04691270738840103
5512,15,38,0.08581230044364929
5513,15,39,0.034239932894706726
5514,15,40,0.042705945670604706
5515,15,41,0.009468158707022667
5516,15,42,0.009132382459938526
5517,15,43,0.12909965217113495
5518,15,44,0.034017905592918396
5519,15,45,0.05952049046754837
5520,15,46,0.06640000641345978
5521,15,47,0.04396199807524681
5522,15,48,0.03080449067056179
5523,15,49,0.012249890714883804
5524,15,50,0.07366719841957092
5525,15,51,0.0625564232468605
5526,15,52,0.04484722390770912
5527,15,53,0.030551066622138023
5528,15,54,0.041197288781404495
5529,15,55,0.01822497695684433
5530,15,56,0.03633400425314903
5531,15,57,0.04530925303697586
5532,15,58,0.01998976059257984
5533,15,59,0.03215804696083069
5534,15,60,0.039603207260370255
5535,15,61,0.08078886568546295
5536,15,62,0.05891234427690506
5537,15,63,0.1196550577878952
5538,15,64,0.08628378808498383
5539,15,65,0.041170064359903336
5540,15,66,0.03966471552848816
5541,15,67,0.017371932044625282
5542,15,68,0.037300463765859604
5543,15,69,0.050229255110025406
5544,15,70,0.07167316973209381
5545,15,71,0.038601916283369064
5546,15,72,0.09634345769882202
5547,15,73,0.06424637883901596
5548,15,74,0.025197066366672516
5549,15,75,0.03743908181786537
5550,15,76,0.06690625846385956
5551,15,77,0.0684952437877655
5552,15,78,0.0166019294410944
5553,15,79,0.05300595611333847
5554,15,80,0.06548048555850983
5555,15,81,0.10414232313632965
5556,15,82,0.049663372337818146
5557,15,83,0.0363273024559021
5558,15,84,0.04647117853164673
5559,15,85,0.05297952517867088
5560,15,86,0.07892568409442902
5561,15,87,0.04257386550307274
5562,15,88,0.09570253640413284
5563,15,89,0.018538467586040497
5564,15,90,0.03219049051403999
5565,15,91,0.024479394778609276
5566,15,92,0.011910119093954563
5567,15,93,0.01129148993641138
5568,15,94,0.06433846056461334
5569,15,95,0.04507875069975853
5570,15,96,0.05956099554896355
5571,15,97,0.0945977121591568
5572,15,98,0.03208298236131668
5573,15,99,0.11629369109869003
5574,15,100,0.09162627905607224
5575,15,101,0.045244839042425156
5576,15,102,0.08421832323074341
5577,15,103,0.07436385005712509
5578,15,104,0.05581226199865341
5579,15,105,0.04576573520898819
5580,15,106,0.0670696422457695
5581,15,107,0.03125767037272453
5582,15,108,0.09142192453145981
5583,15,109,0.028783557936549187
5584,15,110,0.03292610123753548
5585,15,111,0.11480464786291122
5586,15,112,0.030909020453691483
5587,15,113,0.0246263537555933
5588,15,114,0.03801114112138748
5589,15,115,0.04004136100411415
5590,15,116,0.07330092787742615
5591,15,117,0.129200741648674
5592,15,118,0.09166347235441208
5593,15,119,0.08320582658052444
5594,15,120,0.09556169807910919
5595,15,121,0.051076725125312805
5596,15,122,0.025910591706633568
5597,15,123,0.05532292649149895
5598,15,124,0.06464321166276932
5599,15,125,0.05508675426244736
5600,15,126,0.05496121197938919
5601,15,127,0.037603020668029785
5602,15,128,0.05652504786849022
5603,15,129,0.015049521811306477
5604,15,130,0.06389854103326797
5605,15,131,0.05501929670572281
5606,15,132,0.0728449895977974
5607,15,133,0.052178408950567245
5608,15,134,0.03428046405315399
5609,15,135,0.05009599030017853
5610,15,136,0.025649327784776688
5611,15,137,0.027142368257045746
5612,15,138,0.07916420698165894
5613,15,139,0.02912626601755619
5614,15,140,0.049544807523489
5615,15,141,0.08232560008764267
5616,15,142,0.015552651137113571
5617,15,143,0.07284653931856155
5618,15,144,0.04108745604753494
5619,15,145,0.03595202416181564
5620,15,146,0.02742321789264679
5621,15,147,0.03451184555888176
5622,15,148,0.039860840886831284
5623,15,149,0.022537123411893845
5624,15,150,0.03146535903215408
5625,15,151,0.030302198603749275
5626,15,152,0.05606171116232872
5627,15,153,0.03930402919650078
5628,15,154,0.01146378181874752
5629,15,155,0.14245332777500153
5630,15,156,0.08550228178501129
5631,15,157,0.08681496977806091
5632,15,158,0.054204266518354416
5633,15,159,0.10984346270561218
5634,15,160,0.033292874693870544
5635,15,161,0.0663696750998497
5636,15,162,0.03882034868001938
5637,15,163,0.06174492463469505
5638,15,164,0.02792205661535263
5639,15,165,0.03543245419859886
5640,15,166,0.03741727024316788
5641,15,167,0.04326465353369713
5642,15,168,0.1529015451669693
5643,15,169,0.012651883065700531
5644,15,170,0.02359393797814846
5645,15,171,0.013029065914452076
5646,15,172,0.08325912058353424
5647,15,173,0.1363997757434845
5648,15,174,0.026195688173174858
5649,15,175,0.11454317718744278
5650,15,176,0.037127602845430374
5651,15,177,0.09501679986715317
5652,15,178,0.03217501565814018
5653,15,179,0.011654696427285671
5654,15,180,0.009222468361258507
5655,15,181,0.10826302319765091
5656,15,182,0.13331155478954315
5657,15,183,0.08958751708269119
5658,15,184,0.005930989980697632
5659,15,185,0.0496855266392231
5660,15,186,0.046032536774873734
5661,15,187,0.08710334450006485
5662,15,188,0.038217693567276
5663,15,189,0.12640079855918884
5664,15,190,0.05238058790564537
5665,15,191,0.04965781420469284
5666,15,192,0.05276661366224289
5667,15,193,0.09466400742530823
5668,15,194,0.043790608644485474
5669,15,195,0.04396550729870796
5670,15,196,0.09485609829425812
5671,15,197,0.09665081650018692
5672,15,198,0.013681486248970032
5673,15,199,0.021269841119647026
5674,15,200,0.03555881604552269
5675,15,201,0.042474713176488876
5676,15,202,0.07636211812496185
5677,15,203,0.03524292632937431
5678,15,204,0.06375470757484436
5679,15,205,0.06907448917627335
5680,15,206,0.040012747049331665
5681,15,207,0.03882341459393501
5682,15,208,0.06855903565883636
5683,15,209,0.03767254948616028
5684,15,210,0.03599720820784569
5685,15,211,0.08807651698589325
5686,15,212,0.035285718739032745
5687,15,213,0.05717352777719498
5688,15,214,0.0703253224492073
5689,15,215,0.03170675411820412
5690,15,216,0.026306865736842155
5691,15,217,0.02238660864531994
5692,15,218,0.018978886306285858
5693,15,219,0.054647281765937805
5694,15,220,0.04626551270484924
5695,15,221,0.024187853559851646
5696,15,222,0.012854286469519138
5697,15,223,0.07888668030500412
5698,15,224,0.04051586240530014
5699,15,225,0.055448535829782486
5700,15,226,0.08514256775379181
5701,15,227,0.07866159081459045
5702,15,228,0.013778013177216053
5703,15,229,0.09436610341072083
5704,15,230,0.16739314794540405
5705,15,231,0.01599893346428871
5706,15,232,0.03521675989031792
5707,15,233,0.0300273559987545
5708,15,234,0.06767620146274567
5709,15,235,0.03882597014307976
5710,15,236,0.10487587749958038
5711,15,237,0.06712054461240768
5712,15,238,0.03764007240533829
5713,15,239,0.08923577517271042
5714,15,240,0.016695406287908554
5715,15,241,0.1227334514260292
5716,15,242,0.02138397842645645
5717,15,243,0.0909324511885643
5718,15,244,0.14674754440784454
5719,15,245,0.03568245470523834
5720,15,246,0.08829071372747421
5721,15,247,0.03144470602273941
5722,15,248,0.07092107087373734
5723,15,249,0.05415666475892067
5724,15,250,0.03494735434651375
5725,15,251,0.09123086929321289
5726,15,252,0.03622342646121979
5727,15,253,0.0420769602060318
5728,15,254,0.06257486343383789
5729,15,255,0.051791660487651825
5730,15,256,0.04631911218166351
5731,15,257,0.031253665685653687
5732,15,258,0.06330421566963196
5733,15,259,0.11493758857250214
5734,15,260,0.05502254515886307
5735,15,261,0.02045811153948307
5736,15,262,0.08338477462530136
5737,15,263,0.09223442524671555
5738,15,264,0.027789616957306862
5739,15,265,0.017018187791109085
5740,15,266,0.026729799807071686
5741,15,267,0.06130078434944153
5742,15,268,0.017414486035704613
5743,15,269,0.02953699603676796
5744,15,270,0.05407733470201492
5745,15,271,0.035111673176288605
5746,15,272,0.08450453728437424
5747,15,273,0.040812019258737564
5748,15,274,0.0352177694439888
5749,15,275,0.0861595943570137
5750,15,276,0.09074384719133377
5751,15,277,0.15226449072360992
5752,15,278,0.13629232347011566
5753,15,279,0.03739606589078903
5754,15,280,0.040078844875097275
5755,15,281,0.14031201601028442
5756,15,282,0.16409942507743835
5757,15,283,0.07091119885444641
5758,15,284,0.13607484102249146
5759,15,285,0.09435170888900757
5760,15,286,0.05909520760178566
5761,15,287,0.03748761862516403
5762,15,288,0.0380968376994133
5763,15,289,0.029818229377269745
5764,15,290,0.0849430114030838
5765,15,291,0.02517051063477993
5766,15,292,0.06937175989151001
5767,15,293,0.05757762864232063
5768,15,294,0.046050045639276505
5769,15,295,0.08224286139011383
5770,15,296,0.10739262402057648
5771,15,297,0.03325419872999191
5772,15,298,0.11452040076255798
5773,15,299,0.09980405867099762
5774,15,300,0.0715431272983551
5775,15,301,0.055234864354133606
5776,15,302,0.17880882322788239
5777,15,303,0.0323871448636055
5778,15,304,0.07937394827604294
5779,15,305,0.012091816402971745
5780,15,306,0.06477338075637817
5781,15,307,0.07483567297458649
5782,15,308,0.0473564974963665
5783,15,309,0.06057465821504593
5784,15,310,0.04393617436289787
5785,15,311,0.06341603398323059
5786,15,312,0.11562519520521164
5787,15,313,0.041218820959329605
5788,15,314,0.13531994819641113
5789,15,315,0.16087380051612854
5790,15,316,0.13056975603103638
5791,15,317,0.09150030463933945
5792,15,318,0.13241711258888245
5793,15,319,0.025714773684740067
5794,15,320,0.03477112948894501
5795,15,321,0.08726292103528976
5796,15,322,0.11049990355968475
5797,15,323,0.1854415386915207
5798,15,324,0.2107062190771103
5799,15,325,0.10287840664386749
5800,15,326,0.12195122241973877
5801,15,327,0.03961526229977608
5802,15,328,0.11037468910217285
5803,15,329,0.0525682307779789
5804,15,330,0.14826515316963196
5805,15,331,0.06600943207740784
5806,15,332,0.10266683250665665
5807,15,333,0.06944948434829712
5808,15,334,0.10552877932786942
5809,15,335,0.06400196254253387
5810,15,336,0.07934239506721497
5811,15,337,0.06432310491800308
5812,15,338,0.1520533710718155
5813,15,339,0.11741270124912262
5814,15,340,0.05644068494439125
5815,15,341,0.06956174969673157
5816,15,342,0.23083989322185516
5817,15,343,0.16278904676437378
5818,15,344,0.10740908235311508
5819,15,345,0.12431300431489944
5820,15,346,0.10195274651050568
5821,15,347,0.1048562303185463
5822,15,348,0.08088219165802002
5823,15,349,0.08483049273490906
5824,15,350,0.09383579343557358
5825,15,351,0.1298103630542755
5826,15,352,0.1285012662410736
5827,15,353,0.06593093276023865
5828,15,354,0.1049642562866211
5829,15,355,0.13391771912574768
5830,15,356,0.13401205837726593
5831,15,357,0.11819174885749817
5832,15,358,0.10733075439929962
5833,15,359,0.06132063269615173
5834,15,360,0.0707329735159874
5835,15,361,0.0698210597038269
5836,15,362,0.048300907015800476
5837,15,363,0.14732380211353302
5838,15,364,0.04528537392616272
5839,15,365,0.052156757563352585
5840,15,366,0.051292866468429565
5841,15,367,0.03435804322361946
5842,15,368,0.022380512207746506
5843,15,369,0.06157584488391876
5844,15,370,0.04558567702770233
5845,15,371,0.06300511956214905
5846,15,372,0.08100294321775436
5847,15,373,0.08163003623485565
5848,15,374,0.030311061069369316
5849,15,375,0.08674323558807373
5850,15,376,0.02904839999973774
5851,15,377,0.03798293322324753
5852,15,378,0.013799124397337437
5853,15,379,0.05131722241640091
5854,15,380,0.06269580125808716
5855,15,381,0.09967748820781708
5856,15,382,0.023535624146461487
5857,15,383,0.030624069273471832
5858,15,384,0.0583312027156353
5859,15,385,0.0387621745467186
5860,15,386,0.022374901920557022
5861,15,387,0.120026133954525
5862,15,388,0.059637341648340225
5863,15,389,0.06919918954372406
5864,15,390,0.07579095661640167
5865,15,391,0.07657688856124878
5866,16,1,0.03765643760561943
5867,16,2,0.07161317020654678
5868,16,3,0.03832610324025154
5869,16,4,0.010809378698468208
5870,16,5,0.028103502467274666
5871,16,6,0.0525885671377182
5872,16,7,0.06289321929216385
5873,16,8,0.0278762299567461
5874,16,9,0.04250895604491234
5875,16,10,0.05664985254406929
5876,16,11,0.07919537276029587
5877,16,12,0.09346076846122742
5878,16,13,0.0804913118481636
5879,16,14,0.06373582035303116
5880,16,15,0.0335080623626709
5881,16,16,0.035773176699876785
5882,16,17,0.01634530909359455
5883,16,18,0.04963530972599983
5884,16,19,0.07637562602758408
5885,16,20,0.08275995403528214
5886,16,21,0.07407443970441818
5887,16,22,0.04663299024105072
5888,16,23,0.0573151633143425
5889,16,24,0.02822883427143097
5890,16,25,0.05137863755226135
5891,16,26,0.047522421926259995
5892,16,27,0.04921821504831314
5893,16,28,0.052378781139850616
5894,16,29,0.19950637221336365
5895,16,30,0.1610763818025589
5896,16,31,0.01860736683011055
5897,16,32,0.11603684723377228
5898,16,33,0.13741065561771393
5899,16,34,0.04230219125747681
5900,16,35,0.02150052599608898
5901,16,36,0.058715153485536575
5902,16,37,0.11990345269441605
5903,16,38,0.10834086686372757
5904,16,39,0.059806060045957565
5905,16,40,0.05632900074124336
5906,16,41,0.062094639986753464
5907,16,42,0.07898040860891342
5908,16,43,0.021394364535808563
5909,16,44,0.07278991490602493
5910,16,45,0.06603670120239258
5911,16,46,0.17253130674362183
5912,16,47,0.028809836134314537
5913,16,48,0.04640137404203415
5914,16,49,0.08190121501684189
5915,16,50,0.055587250739336014
5916,16,51,0.07773622125387192
5917,16,52,0.06422392278909683
5918,16,53,0.06513430923223495
5919,16,54,0.06127464026212692
5920,16,55,0.04646271467208862
5921,16,56,0.050023991614580154
5922,16,57,0.047287195920944214
5923,16,58,0.02874915301799774
5924,16,59,0.06920488178730011
5925,16,60,0.048921726644039154
5926,16,61,0.0819115936756134
5927,16,62,0.057027362287044525
5928,16,63,0.15885715186595917
5929,16,64,0.03792581707239151
5930,16,65,0.05353885516524315
5931,16,66,0.05480418726801872
5932,16,67,0.018132176250219345
5933,16,68,0.06441633403301239
5934,16,69,0.029996410012245178
5935,16,70,0.024986712262034416
5936,16,71,0.036765456199645996
5937,16,72,0.10546521842479706
5938,16,73,0.07502637058496475
5939,16,74,0.074051134288311
5940,16,75,0.05998460575938225
5941,16,76,0.12489660829305649
5942,16,77,0.017449190840125084
5943,16,78,0.026490237563848495
5944,16,79,0.01936359703540802
5945,16,80,0.08190679550170898
5946,16,81,0.02041982114315033
5947,16,82,0.029943406581878662
5948,16,83,0.005367032252252102
5949,16,84,0.05351030454039574
5950,16,85,0.018964014947414398
5951,16,86,0.05879775062203407
5952,16,87,0.018032947555184364
5953,16,88,0.04877834767103195
5954,16,89,0.053337212651968
5955,16,90,0.009331818670034409
5956,16,91,0.022884534671902657
5957,16,92,0.029136883094906807
5958,16,93,0.005443902686238289
5959,16,94,0.02177327871322632
5960,16,95,0.008981130085885525
5961,16,96,0.03473890945315361
5962,16,97,0.029147615656256676
5963,16,98,0.04891546070575714
5964,16,99,0.015842920169234276
5965,16,100,0.007634269073605537
5966,16,101,0.14255143702030182
5967,16,102,0.04950037598609924
5968,16,103,0.007035014219582081
5969,16,104,0.02440926432609558
5970,16,105,0.0535547137260437
5971,16,106,0.24541528522968292
5972,16,107,0.0952463448047638
5973,16,108,0.04655991867184639
5974,16,109,0.03054923377931118
5975,16,110,0.057803794741630554
5976,16,111,0.0063150804489851
5977,16,112,0.04876035824418068
5978,16,113,0.17929895222187042
5979,16,114,0.1056821197271347
5980,16,115,0.07464615255594254
5981,16,116,0.058016326278448105
5982,16,117,0.0501677468419075
5983,16,118,0.07188894599676132
5984,16,119,0.04736292362213135
5985,16,120,0.062189292162656784
5986,16,121,0.13955695927143097
5987,16,122,0.11356039345264435
5988,16,123,0.040678370743989944
5989,16,124,0.07135380804538727
5990,16,125,0.05493350699543953
5991,16,126,0.10561305284500122
5992,16,127,0.03245650976896286
5993,16,128,0.030443083494901657
5994,16,129,0.03216957300901413
5995,16,130,0.11021830886602402
5996,16,131,0.028782876208424568
5997,16,132,0.08543721586465836
5998,16,133,0.053611647337675095
5999,16,134,0.0980939269065857
6000,16,135,0.02670290693640709
6001,16,136,0.03778793662786484
6002,16,137,0.054840270429849625
6003,16,138,0.04297196865081787
6004,16,139,0.01657950133085251
6005,16,140,0.02512010931968689
6006,16,141,0.024071015417575836
6007,16,142,0.04159661754965782
6008,16,143,0.08276147395372391
6009,16,144,0.01091068610548973
6010,16,145,0.10754241049289703
6011,16,146,0.11084423959255219
6012,16,147,0.04236430302262306
6013,16,148,0.08758419007062912
6014,16,149,0.039498575031757355
6015,16,150,0.0801122859120369
6016,16,151,0.06779694557189941
6017,16,152,0.028630075976252556
6018,16,153,0.019410444423556328
6019,16,154,0.03193272277712822
6020,16,155,0.06269567459821701
6021,16,156,0.03385517746210098
6022,16,157,0.09996427595615387
6023,16,158,0.01401065569370985
6024,16,159,0.09780549257993698
6025,16,160,0.03989673778414726
6026,16,161,0.06052461266517639
6027,16,162,0.06017904728651047
6028,16,163,0.03922516480088234
6029,16,164,0.18991337716579437
6030,16,165,0.03823750838637352
6031,16,166,0.037253182381391525
6032,16,167,0.011511660180985928
6033,16,168,0.05829371139407158
6034,16,169,0.047844983637332916
6035,16,170,0.03047463670372963
6036,16,171,0.06832779943943024
6037,16,172,0.07186084985733032
6038,16,173,0.010794736444950104
6039,16,174,0.028242357075214386
6040,16,175,0.024433190003037453
6041,16,176,0.0648438110947609
6042,16,177,0.037217143923044205
6043,16,178,0.049642112106084824
6044,16,179,0.024823572486639023
6045,16,180,0.05397238954901695
6046,16,181,0.0028788563795387745
6047,16,182,0.020723581314086914
6048,16,183,0.05667819455265999
6049,16,184,0.01814807578921318
6050,16,185,0.041143760085105896
6051,16,186,0.04861430451273918
6052,16,187,0.08226726204156876
6053,16,188,0.009080769494175911
6054,16,189,0.044728297740221024
6055,16,190,0.012912583537399769
6056,16,191,0.03747780993580818
6057,16,192,0.07593870162963867
6058,16,193,0.04951033368706703
6059,16,194,0.058813080191612244
6060,16,195,0.023846914991736412
6061,16,196,0.043955788016319275
6062,16,197,0.016659338027238846
6063,16,198,0.10140225291252136
6064,16,199,0.03150711953639984
6065,16,200,0.09066502004861832
6066,16,201,0.036992885172367096
6067,16,202,0.05401488393545151
6068,16,203,0.08338338881731033
6069,16,204,0.07048562914133072
6070,16,205,0.047960054129362106
6071,16,206,0.01630549691617489
6072,16,207,0.0939345583319664
6073,16,208,0.01950436271727085
6074,16,209,0.03436118736863136
6075,16,210,0.025066060945391655
6076,16,211,0.01294267550110817
6077,16,212,0.004714766051620245
6078,16,213,0.023966338485479355
6079,16,214,0.05398288741707802
6080,16,215,0.019524479284882545
6081,16,216,0.009067079983651638
6082,16,217,0.03794553130865097
6083,16,218,0.009979925118386745
6084,16,219,0.07496175169944763
6085,16,220,0.10467441380023956
6086,16,221,0.014788771979510784
6087,16,222,0.0422188863158226
6088,16,223,0.09761974960565567
6089,16,224,0.0634397342801094
6090,16,225,0.047145992517471313
6091,16,226,0.05962899699807167
6092,16,227,0.07266536355018616
6093,16,228,0.016093255952000618
6094,16,229,0.08016078174114227
6095,16,230,0.0857851654291153
6096,16,231,0.05526750534772873
6097,16,232,0.00912865437567234
6098,16,233,0.09911981225013733
6099,16,234,0.061449069529771805
6100,16,235,0.029603099450469017
6101,16,236,0.017768580466508865
6102,16,237,0.03487630560994148
6103,16,238,0.052172236144542694
6104,16,239,0.09260419011116028
6105,16,240,0.06163854897022247
6106,16,241,0.06534501165151596
6107,16,242,0.07865314185619354
6108,16,243,0.04136311262845993
6109,16,244,0.013710599392652512
6110,16,245,0.0657331794500351
6111,16,246,0.08191626518964767
6112,16,247,0.0825389176607132
6113,16,248,0.10453172773122787
6114,16,249,0.05757419392466545
6115,16,250,0.08649946749210358
6116,16,251,0.02345956489443779
6117,16,252,0.06373242288827896
6118,16,253,0.0182651299983263
6119,16,254,0.05073298513889313
6120,16,255,0.09654799103736877
6121,16,256,0.03346633166074753
6122,16,257,0.09103278815746307
6123,16,258,0.10508488863706589
6124,16,259,0.06694571673870087
6125,16,260,0.01667262613773346
6126,16,261,0.10680805146694183
6127,16,262,0.03342829644680023
6128,16,263,0.03540780022740364
6129,16,264,0.05017762631177902
6130,16,265,0.029913345351815224
6131,16,266,0.026120619848370552
6132,16,267,0.08772526681423187
6133,16,268,0.011869171634316444
6134,16,269,0.03965539485216141
6135,16,270,0.05941971763968468
6136,16,271,0.024069039151072502
6137,16,272,0.052874140441417694
6138,16,273,0.06797139346599579
6139,16,274,0.07830627262592316
6140,16,275,0.06507587432861328
6141,16,276,0.031310878694057465
6142,16,277,0.07703595608472824
6143,16,278,0.05268004536628723
6144,16,279,0.02665550448000431
6145,16,280,0.06763222813606262
6146,16,281,0.029054056853055954
6147,16,282,0.10296423733234406
6148,16,283,0.06962620466947556
6149,16,284,0.06825588643550873
6150,16,285,0.05313100665807724
6151,16,286,0.05714205279946327
6152,16,287,0.05764441937208176
6153,16,288,0.208306685090065
6154,16,289,0.07442282885313034
6155,16,290,0.019370080903172493
6156,16,291,0.045031026005744934
6157,16,292,0.06484770029783249
6158,16,293,0.056699879467487335
6159,16,294,0.06001725047826767
6160,16,295,0.040083277970552444
6161,16,296,0.04284435883164406
6162,16,297,0.06856473535299301
6163,16,298,0.12825168669223785
6164,16,299,0.01598125323653221
6165,16,300,0.11023235321044922
6166,16,301,0.05679847300052643
6167,16,302,0.1241879090666771
6168,16,303,0.14571738243103027
6169,16,304,0.022309456020593643
6170,16,305,0.09580574929714203
6171,16,306,0.08737153559923172
6172,16,307,0.04513418674468994
6173,16,308,0.034700848162174225
6174,16,309,0.15207113325595856
6175,16,310,0.055854421108961105
6176,16,311,0.13109496235847473
6177,16,312,0.07330906391143799
6178,16,313,0.043719593435525894
6179,16,314,0.07832218706607819
6180,16,315,0.08387826383113861
6181,16,316,0.14917553961277008
6182,16,317,0.017643854022026062
6183,16,318,0.07917725294828415
6184,16,319,0.10969123989343643
6185,16,320,0.14152319729328156
6186,16,321,0.133877694606781
6187,16,322,0.08043663948774338
6188,16,323,0.06553282588720322
6189,16,324,0.06698615849018097
6190,16,325,0.06729381531476974
6191,16,326,0.03284943476319313
6192,16,327,0.063081294298172
6193,16,328,0.13665027916431427
6194,16,329,0.1605108231306076
6195,16,330,0.07919412851333618
6196,16,331,0.0786202996969223
6197,16,332,0.11609508842229843
6198,16,333,0.03600433096289635
6199,16,334,0.05254291370511055
6200,16,335,0.05431424826383591
6201,16,336,0.07733370363712311
6202,16,337,0.13074783980846405
6203,16,338,0.07082328200340271
6204,16,339,0.06583576649427414
6205,16,340,0.06157572939991951
6206,16,341,0.11563530564308167
6207,16,342,0.03647472336888313
6208,16,343,0.029132913798093796
6209,16,344,0.037751205265522
6210,16,345,0.031248226761817932
6211,16,346,0.11773382872343063
6212,16,347,0.054205868393182755
6213,16,348,0.059847231954336166
6214,16,349,0.0648130252957344
6215,16,350,0.10330738872289658
6216,16,351,0.06217995285987854
6217,16,352,0.0233869981020689
6218,16,353,0.05373533070087433
6219,16,354,0.03239218145608902
6220,16,355,0.008108679205179214
6221,16,356,0.07130765914916992
6222,16,357,0.07744438946247101
6223,16,358,0.08614969253540039
6224,16,359,0.06323708593845367
6225,16,360,0.09595668315887451
6226,16,361,0.026737870648503304
6227,16,362,0.14411848783493042
6228,16,363,0.072881318628788
6229,16,364,0.041901033371686935
6230,16,365,0.05956617742776871
6231,16,366,0.08887571096420288
6232,16,367,0.022483570501208305
6233,16,368,0.06606189161539078
6234,16,369,0.10713427513837814
6235,16,370,0.020839989185333252
6236,16,371,0.024571282789111137
6237,16,372,0.03460269421339035
6238,16,373,0.01886008121073246
6239,16,374,0.03797450289130211
6240,16,375,0.13193337619304657
6241,16,376,0.09607910364866257
6242,16,377,0.02730722352862358
6243,16,378,0.03380607068538666
6244,16,379,0.05224427953362465
6245,16,380,0.08272805064916611
6246,16,381,0.03951507434248924
6247,16,382,0.06338424980640411
6248,16,383,0.07845427840948105
6249,16,384,0.029539573937654495
6250,16,385,0.04961783438920975
6251,16,386,0.04140867292881012
6252,16,387,0.060015831142663956
6253,16,388,0.027493061497807503
6254,16,389,0.03586496412754059
6255,16,390,0.028536928817629814
6256,16,391,0.16230326890945435
6257,17,1,0.06988144665956497
6258,17,2,0.023094791918992996
6259,17,3,0.02089454047381878
6260,17,4,0.04854390397667885
6261,17,5,0.050781942903995514
6262,17,6,0.0550989992916584
6263,17,7,0.06979908049106598
6264,17,8,0.024544747546315193
6265,17,9,0.03720249608159065
6266,17,10,0.01737595908343792
6267,17,11,0.009171723388135433
6268,17,12,0.04570455849170685
6269,17,13,0.0623825378715992
6270,17,14,0.1112421303987503
6271,17,15,0.07673478871583939
6272,17,16,0.07836495339870453
6273,17,17,0.11246474087238312
6274,17,18,0.048371654003858566
6275,17,19,0.04462406784296036
6276,17,20,0.07162469625473022
6277,17,21,0.027410781010985374
6278,17,22,0.07668641209602356
6279,17,23,0.07959062606096268
6280,17,24,0.1599719524383545
6281,17,25,0.029553018510341644
6282,17,26,0.09691515564918518
6283,17,27,0.05417688935995102
6284,17,28,0.007834012620151043
6285,17,29,0.023499585688114166
6286,17,30,0.08931739628314972
6287,17,31,0.0277849268168211
6288,17,32,0.06410446763038635
6289,17,33,0.05968159809708595
6290,17,34,0.16089917719364166
6291,17,35,0.0351552814245224
6292,17,36,0.042762938886880875
6293,17,37,0.05358649045228958
6294,17,38,0.05796213448047638
6295,17,39,0.13553623855113983
6296,17,40,0.017922358587384224
6297,17,41,0.06800926476716995
6298,17,42,0.07370855659246445
6299,17,43,0.06196961551904678
6300,17,44,0.027239128947257996
6301,17,45,0.014856629073619843
6302,17,46,0.027981646358966827
6303,17,47,0.06243453547358513
6304,17,48,0.05852915346622467
6305,17,49,0.07449912279844284
6306,17,50,0.017866607755422592
6307,17,51,0.015698088333010674
6308,17,52,0.041398752480745316
6309,17,53,0.06030641868710518
6310,17,54,0.07122433185577393
6311,17,55,0.07244283705949783
6312,17,56,0.10886166989803314
6313,17,57,0.022811511531472206
6314,17,58,0.00839922297745943
6315,17,59,0.02877078205347061
6316,17,60,0.02675691246986389
6317,17,61,0.011677596718072891
6318,17,62,0.04350457340478897
6319,17,63,0.034144140779972076
6320,17,64,0.019917597994208336
6321,17,65,0.040043774992227554
6322,17,66,0.044380638748407364
6323,17,67,0.0445951484143734
6324,17,68,0.006675519980490208
6325,17,69,0.0618414543569088
6326,17,70,0.03363662585616112
6327,17,71,0.0332123227417469
6328,17,72,0.006352185271680355
6329,17,73,0.03841638192534447
6330,17,74,0.13693293929100037
6331,17,75,0.05703381076455116
6332,17,76,0.019426461309194565
6333,17,77,0.019208943471312523
6334,17,78,0.024414554238319397
6335,17,79,0.04654296487569809
6336,17,80,0.01355042401701212
6337,17,81,0.015593217685818672
6338,17,82,0.02169005014002323
6339,17,83,0.03900686651468277
6340,17,84,0.01544821634888649
6341,17,85,0.05226521193981171
6342,17,86,0.018457232043147087
6343,17,87,0.020051663741469383
6344,17,88,0.0374312549829483
6345,17,89,0.015534346923232079
6346,17,90,0.06149624288082123
6347,17,91,0.04525047913193703
6348,17,92,0.04032000154256821
6349,17,93,0.07226593792438507
6350,17,94,0.03163871914148331
6351,17,95,0.03923549875617027
6352,17,96,0.053724560886621475
6353,17,97,0.08410133421421051
6354,17,98,0.13368554413318634
6355,17,99,0.06740201264619827
6356,17,100,0.035380419343709946
6357,17,101,0.09621817618608475
6358,17,102,0.046787239611148834
6359,17,103,0.06820012629032135
6360,17,104,0.009176349267363548
6361,17,105,0.09089048206806183
6362,17,106,0.03549562394618988
6363,17,107,0.013796009123325348
6364,17,108,0.058504022657871246
6365,17,109,0.036145392805337906
6366,17,110,0.023544928058981895
6367,17,111,0.034515026956796646
6368,17,112,0.04687154293060303
6369,17,113,0.023006396368145943
6370,17,114,0.04612330347299576
6371,17,115,0.06830461323261261
6372,17,116,0.047893695533275604
6373,17,117,0.05645591765642166
6374,17,118,0.016215290874242783
6375,17,119,0.06328883767127991
6376,17,120,0.02991473488509655
6377,17,121,0.014909576624631882
6378,17,122,0.05763259530067444
6379,17,123,0.005385677795857191
6380,17,124,0.031711287796497345
6381,17,125,0.05666069686412811
6382,17,126,0.10876905173063278
6383,17,127,0.03581587225198746
6384,17,128,0.053005725145339966
6385,17,129,0.06964866816997528
6386,17,130,0.03862374275922775
6387,17,131,0.015204829163849354
6388,17,132,0.021713849157094955
6389,17,133,0.014766143634915352
6390,17,134,0.05327381193637848
6391,17,135,0.09380168467760086
6392,17,136,0.09220100194215775
6393,17,137,0.13778428733348846
6394,17,138,0.05490683391690254
6395,17,139,0.046695150434970856
6396,17,140,0.07550550997257233
6397,17,141,0.005858506541699171
6398,17,142,0.008096933364868164
6399,17,143,0.04799437150359154
6400,17,144,0.06372406333684921
6401,17,145,0.11548542976379395
6402,17,146,0.1432815045118332
6403,17,147,0.034731488674879074
6404,17,148,0.04128311946988106
6405,17,149,0.03194420784711838
6406,17,150,0.037466440349817276
6407,17,151,0.13623958826065063
6408,17,152,0.012755959294736385
6409,17,153,0.08372820913791656
6410,17,154,0.0989832803606987
6411,17,155,0.04154669865965843
6412,17,156,0.05117645859718323
6413,17,157,0.07992909848690033
6414,17,158,0.034792400896549225
6415,17,159,0.11436872184276581
6416,17,160,0.10966368764638901
6417,17,161,0.048699237406253815
6418,17,162,0.013729225844144821
6419,17,163,0.05735437944531441
6420,17,164,0.024551354348659515
6421,17,165,0.031143849715590477
6422,17,166,0.036167457699775696
6423,17,167,0.03640833869576454
6424,17,168,0.03826744854450226
6425,17,169,0.10651465505361557
6426,17,170,0.03838106989860535
6427,17,171,0.020842257887125015
6428,17,172,0.12177687883377075
6429,17,173,0.025401165708899498
6430,17,174,0.056572429835796356
6431,17,175,0.013799497857689857
6432,17,176,0.04841454699635506
6433,17,177,0.023529835045337677
6434,17,178,0.08867364376783371
6435,17,179,0.033555563539266586
6436,17,180,0.30283603072166443
6437,17,181,0.10455778241157532
6438,17,182,0.020714424550533295
6439,17,183,0.09664047509431839
6440,17,184,0.08127092570066452
6441,17,185,0.14066411554813385
6442,17,186,0.1116793155670166
6443,17,187,0.15879228711128235
6444,17,188,0.05150042846798897
6445,17,189,0.08806677162647247
6446,17,190,0.02221272699534893
6447,17,191,0.10526666790246964
6448,17,192,0.10311516374349594
6449,17,193,0.09869080781936646
6450,17,194,0.03893354535102844
6451,17,195,0.11290280520915985
6452,17,196,0.020780421793460846
6453,17,197,0.08133342862129211
6454,17,198,0.1212606281042099
6455,17,199,0.03971961513161659
6456,17,200,0.07943210750818253
6457,17,201,0.061007287353277206
6458,17,202,0.05432351306080818
6459,17,203,0.11168475449085236
6460,17,204,0.05083797499537468
6461,17,205,0.05998753756284714
6462,17,206,0.13118189573287964
6463,17,207,0.04081659018993378
6464,17,208,0.057633038610219955
6465,17,209,0.09379855543375015
6466,17,210,0.018901290372014046
6467,17,211,0.07907477766275406
6468,17,212,0.08521553874015808
6469,17,213,0.020000064745545387
6470,17,214,0.04209689423441887
6471,17,215,0.05841726064682007
6472,17,216,0.021053172647953033
6473,17,217,0.09131959825754166
6474,17,218,0.023041239008307457
6475,17,219,0.02352020889520645
6476,17,220,0.04331689700484276
6477,17,221,0.04675648361444473
6478,17,222,0.15356682240962982
6479,17,223,0.011784316040575504
6480,17,224,0.0567968375980854
6481,17,225,0.0137856500223279
6482,17,226,0.028050614520907402
6483,17,227,0.011033549904823303
6484,17,228,0.051482196897268295
6485,17,229,0.03753102198243141
6486,17,230,0.04826170206069946
6487,17,231,0.009974922984838486
6488,17,232,0.04464338347315788
6489,17,233,0.1258835345506668
6490,17,234,0.009405485354363918
6491,17,235,0.01766299270093441
6492,17,236,0.015435024164617062
6493,17,237,0.014296108856797218
6494,17,238,0.014065970666706562
6495,17,239,0.0417165569961071
6496,17,240,0.061292584985494614
6497,17,241,0.03555022180080414
6498,17,242,0.028261149302124977
6499,17,243,0.05267484486103058
6500,17,244,0.005285525228828192
6501,17,245,0.09539524465799332
6502,17,246,0.07443739473819733
6503,17,247,0.028017230331897736
6504,17,248,0.02816089242696762
6505,17,249,0.092320017516613
6506,17,250,0.02212386764585972
6507,17,251,0.035166654735803604
6508,17,252,0.043421421200037
6509,17,253,0.12720271944999695
6510,17,254,0.0442940853536129
6511,17,255,0.08440928906202316
6512,17,256,0.014765165746212006
6513,17,257,0.02648632600903511
6514,17,258,0.07493926584720612
6515,17,259,0.01873970776796341
6516,17,260,0.08915013819932938
6517,17,261,0.06956621259450912
6518,17,262,0.08917509764432907
6519,17,263,0.04790395125746727
6520,17,264,0.0640285313129425
6521,17,265,0.09587467461824417
6522,17,266,0.05018985643982887
6523,17,267,0.01907062716782093
6524,17,268,0.07538073509931564
6525,17,269,0.01598416641354561
6526,17,270,0.11173700541257858
6527,17,271,0.07408643513917923
6528,17,272,0.05014166980981827
6529,17,273,0.02188253588974476
6530,17,274,0.1223137229681015
6531,17,275,0.059406828135252
6532,17,276,0.02967187762260437
6533,17,277,0.03749791532754898
6534,17,278,0.057451281696558
6535,17,279,0.04005031660199165
6536,17,280,0.0900489017367363
6537,17,281,0.047197125852108
6538,17,282,0.05173078179359436
6539,17,283,0.017731502652168274
6540,17,284,0.08743179589509964
6541,17,285,0.1231963187456131
6542,17,286,0.03692816570401192
6543,17,287,0.06455467641353607
6544,17,288,0.05379968136548996
6545,17,289,0.08619073033332825
6546,17,290,0.02675420232117176
6547,17,291,0.03745213896036148
6548,17,292,0.11281552165746689
6549,17,293,0.04642154648900032
6550,17,294,0.0628041923046112
6551,17,295,0.03743503615260124
6552,17,296,0.059453994035720825
6553,17,297,0.011443989351391792
6554,17,298,0.025858476758003235
6555,17,299,0.025067131966352463
6556,17,300,0.08177831023931503
6557,17,301,0.018092341721057892
6558,17,302,0.1428879201412201
6559,17,303,0.022775711491703987
6560,17,304,0.04663906991481781
6561,17,305,0.12292754650115967
6562,17,306,0.11448456346988678
6563,17,307,0.06764589250087738
6564,17,308,0.04086039960384369
6565,17,309,0.0227738618850708
6566,17,310,0.020986564457416534
6567,17,311,0.07582096755504608
6568,17,312,0.028475290164351463
6569,17,313,0.05815466493368149
6570,17,314,0.029435576871037483
6571,17,315,0.027816103771328926
6572,17,316,0.07464206218719482
6573,17,317,0.05140373110771179
6574,17,318,0.0358673520386219
6575,17,319,0.05366526171565056
6576,17,320,0.02380185015499592
6577,17,321,0.14561450481414795
6578,17,322,0.020816687494516373
6579,17,323,0.13279052078723907
6580,17,324,0.01515809167176485
6581,17,325,0.00876046996563673
6582,17,326,0.08306330442428589
6583,17,327,0.01742502860724926
6584,17,328,0.06215599179267883
6585,17,329,0.12035617232322693
6586,17,330,0.012393755838274956
6587,17,331,0.07301575690507889
6588,17,332,0.07136714458465576
6589,17,333,0.05079129710793495
6590,17,334,0.06737301498651505
6591,17,335,0.06829722970724106
6592,17,336,0.055797990411520004
6593,17,337,0.1300562471151352
6594,17,338,0.04739321395754814
6595,17,339,0.08426451683044434
6596,17,340,0.15208961069583893
6597,17,341,0.023966707289218903
6598,17,342,0.04129963368177414
6599,17,343,0.09548494964838028
6600,17,344,0.0953129380941391
6601,17,345,0.013164657168090343
6602,17,346,0.02365758828818798
6603,17,347,0.015768468379974365
6604,17,348,0.05869664251804352
6605,17,349,0.028444591909646988
6606,17,350,0.021031102165579796
6607,17,351,0.10831107944250107
6608,17,352,0.09908563643693924
6609,17,353,0.09952336549758911
6610,17,354,0.06362642347812653
6611,17,355,0.059502895921468735
6612,17,356,0.03204646706581116
6613,17,357,0.056105971336364746
6614,17,358,0.09510907530784607
6615,17,359,0.045267194509506226
6616,17,360,0.14216075837612152
6617,17,361,0.08112900704145432
6618,17,362,0.2810838520526886
6619,17,363,0.015789853408932686
6620,17,364,0.07860089838504791
6621,17,365,0.016766982153058052
6622,17,366,0.029833033680915833
6623,17,367,0.21818333864212036
6624,17,368,0.22335591912269592
6625,17,369,0.1631716936826706
6626,17,370,0.038366224616765976
6627,17,371,0.06382009387016296
6628,17,372,0.18094171583652496
6629,17,373,0.09248112887144089
6630,17,374,0.2673414945602417
6631,17,375,0.08320824056863785
6632,17,376,0.05813746526837349
6633,17,377,0.17541684210300446
6634,17,378,0.1399400532245636
6635,17,379,0.17989394068717957
6636,17,380,0.12231138348579407
6637,17,381,0.037047915160655975
6638,17,382,0.05319126322865486
6639,17,383,0.10561081022024155
6640,17,384,0.09822490066289902
6641,17,385,0.0469224788248539
6642,17,386,0.11495835334062576
6643,17,387,0.13282985985279083
6644,17,388,0.11607179045677185
6645,17,389,0.1269521415233612
6646,17,390,0.06664203852415085
6647,17,391,0.04849968105554581
6648,18,1,0.09120354801416397
6649,18,2,0.029753219336271286
6650,18,3,0.023839985951781273
6651,18,4,0.06922712177038193
6652,18,5,0.04780440405011177
6653,18,6,0.03580259531736374
6654,18,7,0.03766913339495659
6655,18,8,0.06178000941872597
6656,18,9,0.016336597502231598
6657,18,10,0.0480370819568634
6658,18,11,0.034771062433719635
6659,18,12,0.03725605458021164
6660,18,13,0.06058304011821747
6661,18,14,0.045962151139974594
6662,18,15,0.03898611292243004
6663,18,16,0.055426254868507385
6664,18,17,0.02928687445819378
6665,18,18,0.07681750506162643
6666,18,19,0.03784703463315964
6667,18,20,0.031121553853154182
6668,18,21,0.016331663355231285
6669,18,22,0.0977998748421669
6670,18,23,0.031055042520165443
6671,18,24,0.02538013830780983
6672,18,25,0.12458251416683197
6673,18,26,0.01917141303420067
6674,18,27,0.07512088865041733
6675,18,28,0.03940831124782562
6676,18,29,0.040932200849056244
6677,18,30,0.022761521860957146
6678,18,31,0.014611436985433102
6679,18,32,0.030886849388480186
6680,18,33,0.03894611820578575
6681,18,34,0.10290879011154175
6682,18,35,0.0413004569709301
6683,18,36,0.006510105915367603
6684,18,37,0.020415471866726875
6685,18,38,0.02164570614695549
6686,18,39,0.040217310190200806
6687,18,40,0.03795677796006203
6688,18,41,0.01489593181759119
6689,18,42,0.056803662329912186
6690,18,43,0.0822913870215416
6691,18,44,0.008606411516666412
6692,18,45,0.041450489312410355
6693,18,46,0.03558148816227913
6694,18,47,0.01622907631099224
6695,18,48,0.016788475215435028
6696,18,49,0.08762095123529434
6697,18,50,0.018748773261904716
6698,18,51,0.032608337700366974
6699,18,52,0.05497443675994873
6700,18,53,0.03573630377650261
6701,18,54,0.0878782793879509
6702,18,55,0.07188316434621811
6703,18,56,0.0673016905784607
6704,18,57,0.025260567665100098
6705,18,58,0.027299758046865463
6706,18,59,0.01981464959681034
6707,18,60,0.010369465686380863
6708,18,61,0.025994569063186646
6709,18,62,0.10291027277708054
6710,18,63,0.06911256164312363
6711,18,64,0.024717826396226883
6712,18,65,0.0370885506272316
6713,18,66,0.05193586274981499
6714,18,67,0.04672601819038391
6715,18,68,0.05296887084841728
6716,18,69,0.01690501719713211
6717,18,70,0.015562312677502632
6718,18,71,0.06140806898474693
6719,18,72,0.04613620787858963
6720,18,73,0.04906567558646202
6721,18,74,0.03783860430121422
6722,18,75,0.11439311504364014
6723,18,76,0.04973626509308815
6724,18,77,0.020756956189870834
6725,18,78,0.04292254149913788
6726,18,79,0.03697733208537102
6727,18,80,0.047236118465662
6728,18,81,0.033241283148527145
6729,18,82,0.011295290663838387
6730,18,83,0.05242063105106354
6731,18,84,0.03935578837990761
6732,18,85,0.10118630528450012
6733,18,86,0.050599656999111176
6734,18,87,0.025607166811823845
6735,18,88,0.007903910242021084
6736,18,89,0.041266486048698425
6737,18,90,0.030627338215708733
6738,18,91,0.005489035043865442
6739,18,92,0.05311722308397293
6740,18,93,0.09498365223407745
6741,18,94,0.019522760063409805
6742,18,95,0.0767551138997078
6743,18,96,0.06536342948675156
6744,18,97,0.015147299505770206
6745,18,98,0.03810783848166466
6746,18,99,0.014250355772674084
6747,18,100,0.04564927518367767
6748,18,101,0.07960523664951324
6749,18,102,0.10270249098539352
6750,18,103,0.07435578107833862
6751,18,104,0.15851803123950958
6752,18,105,0.06590781360864639
6753,18,106,0.0307252686470747
6754,18,107,0.0039483834989368916
6755,18,108,0.03608035296201706
6756,18,109,0.03490149602293968
6757,18,110,0.015905119478702545
6758,18,111,0.08065438270568848
6759,18,112,0.06506700813770294
6760,18,113,0.0784539207816124
6761,18,114,0.050159212201833725
6762,18,115,0.05435400828719139
6763,18,116,0.07144332677125931
6764,18,117,0.05407804250717163
6765,18,118,0.12331652641296387
6766,18,119,0.04268960654735565
6767,18,120,0.03821180388331413
6768,18,121,0.08003392815589905
6769,18,122,0.03862299770116806
6770,18,123,0.06712252646684647
6771,18,124,0.022767186164855957
6772,18,125,0.0793374627828598
6773,18,126,0.04020819440484047
6774,18,127,0.09238947927951813
6775,18,128,0.045580584555864334
6776,18,129,0.03666211664676666
6777,18,130,0.039048049598932266
6778,18,131,0.034663837403059006
6779,18,132,0.10011391341686249
6780,18,133,0.07539795339107513
6781,18,134,0.009489894844591618
6782,18,135,0.023692987859249115
6783,18,136,0.01646159403026104
6784,18,137,0.1618303507566452
6785,18,138,0.08037995547056198
6786,18,139,0.014779499731957912
6787,18,140,0.02306673675775528
6788,18,141,0.05985059216618538
6789,18,142,0.04722876474261284
6790,18,143,0.09042972326278687
6791,18,144,0.07637128233909607
6792,18,145,0.11092755198478699
6793,18,146,0.015251334756612778
6794,18,147,0.049795422703027725
6795,18,148,0.007016070652753115
6796,18,149,0.028893183916807175
6797,18,150,0.09170413762331009
6798,18,151,0.02361196093261242
6799,18,152,0.06175921857357025
6800,18,153,0.012172318063676357
6801,18,154,0.017456533387303352
6802,18,155,0.02848166786134243
6803,18,156,0.03784278407692909
6804,18,157,0.05216459557414055
6805,18,158,0.017860718071460724
6806,18,159,0.037879522889852524
6807,18,160,0.0318780317902565
6808,18,161,0.04396353289484978
6809,18,162,0.005300060845911503
6810,18,163,0.02216191217303276
6811,18,164,0.05882562696933746
6812,18,165,0.13349606096744537
6813,18,166,0.10952489078044891
6814,18,167,0.019954130053520203
6815,18,168,0.05565743148326874
6816,18,169,0.048075590282678604
6817,18,170,0.023477651178836823
6818,18,171,0.01977705769240856
6819,18,172,0.023629261180758476
6820,18,173,0.021454663947224617
6821,18,174,0.07022673636674881
6822,18,175,0.07190512865781784
6823,18,176,0.06793985515832901
6824,18,177,0.01852555200457573
6825,18,178,0.014338410459458828
6826,18,179,0.06681911647319794
6827,18,180,0.022246019914746284
6828,18,181,0.015607066452503204
6829,18,182,0.04180391505360603
6830,18,183,0.08602768927812576
6831,18,184,0.01657605543732643
6832,18,185,0.06325934082269669
6833,18,186,0.054898642003536224
6834,18,187,0.11747309565544128
6835,18,188,0.0823865681886673
6836,18,189,0.011459057219326496
6837,18,190,0.003202763618901372
6838,18,191,0.018787197768688202
6839,18,192,0.005801938474178314
6840,18,193,0.04473770782351494
6841,18,194,0.0202427227050066
6842,18,195,0.025584984570741653
6843,18,196,0.08683550357818604
6844,18,197,0.08222406357526779
6845,18,198,0.030934592708945274
6846,18,199,0.06432060897350311
6847,18,200,0.06185948848724365
6848,18,201,0.00705354381352663
6849,18,202,0.03189430013298988
6850,18,203,0.04728848487138748
6851,18,204,0.027963342145085335
6852,18,205,0.07577624917030334
6853,18,206,0.04836539551615715
6854,18,207,0.014524591155350208
6855,18,208,0.019013402983546257
6856,18,209,0.03701484575867653
6857,18,210,0.008971787989139557
6858,18,211,0.01447351835668087
6859,18,212,0.06606750190258026
6860,18,213,0.07035474479198456
6861,18,214,0.02932760864496231
6862,18,215,0.05115476995706558
6863,18,216,0.007434764411300421
6864,18,217,0.009338809177279472
6865,18,218,0.03464386239647865
6866,18,219,0.04255981370806694
6867,18,220,0.02193080075085163
6868,18,221,0.06643205136060715
6869,18,222,0.04247673228383064
6870,18,223,0.0707387626171112
6871,18,224,0.019344903528690338
6872,18,225,0.05122223123908043
6873,18,226,0.12928536534309387
6874,18,227,0.049225155264139175
6875,18,228,0.06439296156167984
6876,18,229,0.041550882160663605
6877,18,230,0.011489917524158955
6878,18,231,0.004679710604250431
6879,18,232,0.03655358403921127
6880,18,233,0.009107114747166634
6881,18,234,0.058357980102300644
6882,18,235,0.012925095856189728
6883,18,236,0.043736621737480164
6884,18,237,0.06341302394866943
6885,18,238,0.017207540571689606
6886,18,239,0.03291282057762146
6887,18,240,0.013803764246404171
6888,18,241,0.029467197135090828
6889,18,242,0.05958966910839081
6890,18,243,0.03459833189845085
6891,18,244,0.04274945706129074
6892,18,245,0.07047224789857864
6893,18,246,0.11577451229095459
6894,18,247,0.0638987198472023
6895,18,248,0.013767635449767113
6896,18,249,0.05412489175796509
6897,18,250,0.13265888392925262
6898,18,251,0.167557030916214
6899,18,252,0.0470280721783638
6900,18,253,0.20951470732688904
6901,18,254,0.07579536736011505
6902,18,255,0.03302793949842453
6903,18,256,0.13353805243968964
6904,18,257,0.059846505522727966
6905,18,258,0.0667237713932991
6906,18,259,0.05867511406540871
6907,18,260,0.09975093603134155
6908,18,261,0.12501023709774017
6909,18,262,0.12672778964042664
6910,18,263,0.032969262450933456
6911,18,264,0.04462924227118492
6912,18,265,0.13653334975242615
6913,18,266,0.07555540651082993
6914,18,267,0.08426452428102493
6915,18,268,0.02917550317943096
6916,18,269,0.10362464934587479
6917,18,270,0.054179150611162186
6918,18,271,0.08302588760852814
6919,18,272,0.13417193293571472
6920,18,273,0.0786605179309845
6921,18,274,0.0746736004948616
6922,18,275,0.052961573004722595
6923,18,276,0.14109688997268677
6924,18,277,0.04434138163924217
6925,18,278,0.0673554390668869
6926,18,279,0.11423199623823166
6927,18,280,0.03571201488375664
6928,18,281,0.12266255170106888
6929,18,282,0.07557342946529388
6930,18,283,0.047799233347177505
6931,18,284,0.11039665341377258
6932,18,285,0.08326765149831772
6933,18,286,0.14519146084785461
6934,18,287,0.05235658958554268
6935,18,288,0.07124157249927521
6936,18,289,0.03831189498305321
6937,18,290,0.06090077757835388
6938,18,291,0.17309962213039398
6939,18,292,0.07173562049865723
6940,18,293,0.08020263910293579
6941,18,294,0.047446705400943756
6942,18,295,0.053291745483875275
6943,18,296,0.018882712349295616
6944,18,297,0.03611711785197258
6945,18,298,0.016618024557828903
6946,18,299,0.027754897251725197
6947,18,300,0.016729116439819336
6948,18,301,0.08095584064722061
6949,18,302,0.2230578064918518
6950,18,303,0.031793151050806046
6951,18,304,0.04780782759189606
6952,18,305,0.03812336549162865
6953,18,306,0.04585092142224312
6954,18,307,0.04488207772374153
6955,18,308,0.018466612324118614
6956,18,309,0.027818182483315468
6957,18,310,0.06961813569068909
6958,18,311,0.028446778655052185
6959,18,312,0.04457028582692146
6960,18,313,0.03802677243947983
6961,18,314,0.01578250154852867
6962,18,315,0.025391241535544395
6963,18,316,0.13225999474525452
6964,18,317,0.06308076530694962
6965,18,318,0.028286177664995193
6966,18,319,0.0053386446088552475
6967,18,320,0.06464022397994995
6968,18,321,0.05535542592406273
6969,18,322,0.057632554322481155
6970,18,323,0.011937075294554234
6971,18,324,0.0162876658141613
6972,18,325,0.009693928062915802
6973,18,326,0.08608952164649963
6974,18,327,0.03144719824194908
6975,18,328,0.06677722185850143
6976,18,329,0.01015891507267952
6977,18,330,0.02764613926410675
6978,18,331,0.018357401713728905
6979,18,332,0.015481513924896717
6980,18,333,0.01520862989127636
6981,18,334,0.027226343750953674
6982,18,335,0.11167784780263901
6983,18,336,0.059366658329963684
6984,18,337,0.026274845004081726
6985,18,338,0.11222032457590103
6986,18,339,0.03942757099866867
6987,18,340,0.06279857456684113
6988,18,341,0.03469789773225784
6989,18,342,0.0034929837565869093
6990,18,343,0.03160480409860611
6991,18,344,0.06145517900586128
6992,18,345,0.023452725261449814
6993,18,346,0.06104139983654022
6994,18,347,0.11005926877260208
6995,18,348,0.06913062930107117
6996,18,349,0.06333136558532715
6997,18,350,0.042024750262498856
6998,18,351,0.05333566293120384
6999,18,352,0.07128077745437622
7000,18,353,0.027060385793447495
7001,18,354,0.07473037391901016
7002,18,355,0.0287201888859272
7003,18,356,0.09468232840299606
7004,18,357,0.035837359726428986
7005,18,358,0.0444754920899868
7006,18,359,0.05293568968772888
7007,18,360,0.10441134124994278
7008,18,361,0.09515615552663803
7009,18,362,0.06148194149136543
7010,18,363,0.0499425008893013
7011,18,364,0.01705138571560383
7012,18,365,0.06066244840621948
7013,18,366,0.12436573207378387
7014,18,367,0.12236616760492325
7015,18,368,0.09969828277826309
7016,18,369,0.016859475523233414
7017,18,370,0.07046949118375778
7018,18,371,0.03860725089907646
7019,18,372,0.11043011397123337
7020,18,373,0.12304603308439255
7021,18,374,0.061493776738643646
7022,18,375,0.131506085395813
7023,18,376,0.014700530096888542
7024,18,377,0.10172595828771591
7025,18,378,0.01406885776668787
7026,18,379,0.02723229117691517
7027,18,380,0.0697009414434433
7028,18,381,0.014166807755827904
7029,18,382,0.14408573508262634
7030,18,383,0.10541380941867828
7031,18,384,0.03585859760642052
7032,18,385,0.08178021758794785
7033,18,386,0.048028867691755295
7034,18,387,0.06203887239098549
7035,18,388,0.052857305854558945
7036,18,389,0.06298892945051193
7037,18,390,0.045712560415267944
7038,18,391,0.007710985839366913
7039,19,1,0.04899990186095238
7040,19,2,0.03550457954406738
7041,19,3,0.02019159495830536
7042,19,4,0.07370031625032425
7043,19,5,0.05882330238819122
7044,19,6,0.028259143233299255
7045,19,7,0.01885996013879776
7046,19,8,0.006993801333010197
7047,19,9,0.00948101095855236
7048,19,10,0.018446872010827065
7049,19,11,0.026224717497825623
7050,19,12,0.018220534548163414
7051,19,13,0.06270952522754669
7052,19,14,0.04903414845466614
7053,19,15,0.019017614424228668
7054,19,16,0.17137672007083893
7055,19,17,0.027530377730727196
7056,19,18,0.04124714061617851
7057,19,19,0.007012004032731056
7058,19,20,0.028010303154587746
7059,19,21,0.02503146603703499
7060,19,22,0.048390138894319534
7061,19,23,0.07245675474405289
7062,19,24,0.09183941036462784
7063,19,25,0.018650541082024574
7064,19,26,0.0202113576233387
7065,19,27,0.06535828858613968
7066,19,28,0.028798339888453484
7067,19,29,0.0062666661106050014
7068,19,30,0.038494568318128586
7069,19,31,0.03909191116690636
7070,19,32,0.025632401928305626
7071,19,33,0.014954964630305767
7072,19,34,0.07349980622529984
7073,19,35,0.053345099091529846
7074,19,36,0.035360533744096756
7075,19,37,0.030938690528273582
7076,19,38,0.020862648263573647
7077,19,39,0.026269391179084778
7078,19,40,0.09180052578449249
7079,19,41,0.05850747600197792
7080,19,42,0.022907385602593422
7081,19,43,0.04292014613747597
7082,19,44,0.043997664004564285
7083,19,45,0.018389206379652023
7084,19,46,0.03438124433159828
7085,19,47,0.006810941267758608
7086,19,48,0.00483916699886322
7087,19,49,0.03363961726427078
7088,19,50,0.03429747000336647
7089,19,51,0.036143943667411804
7090,19,52,0.03239544853568077
7091,19,53,0.006626893766224384
7092,19,54,0.05637548863887787
7093,19,55,0.0030983630567789078
7094,19,56,0.033925093710422516
7095,19,57,0.022939153015613556
7096,19,58,0.008189979940652847
7097,19,59,0.008982651866972446
7098,19,60,0.03920762240886688
7099,19,61,0.024836493656039238
7100,19,62,0.015779009088873863
7101,19,63,0.02736067958176136
7102,19,64,0.012333712540566921
7103,19,65,0.022347591817378998
7104,19,66,0.019794536754488945
7105,19,67,0.02101059816777706
7106,19,68,0.01187084335833788
7107,19,69,0.0384606271982193
7108,19,70,0.0511920265853405
7109,19,71,0.08449749648571014
7110,19,72,0.05321038141846657
7111,19,73,0.05234953761100769
7112,19,74,0.025379382073879242
7113,19,75,0.02791774272918701
7114,19,76,0.05804099887609482
7115,19,77,0.010705605149269104
7116,19,78,0.06982993334531784
7117,19,79,0.07139750570058823
7118,19,80,0.0765991359949112
7119,19,81,0.024616917595267296
7120,19,82,0.0834277793765068
7121,19,83,0.044700924307107925
7122,19,84,0.06458549201488495
7123,19,85,0.13316674530506134
7124,19,86,0.02354954555630684
7125,19,87,0.11367109417915344
7126,19,88,0.03708800673484802
7127,19,89,0.012747216038405895
7128,19,90,0.027568548917770386
7129,19,91,0.1929571032524109
7130,19,92,0.25720465183258057
7131,19,93,0.11032511293888092
7132,19,94,0.053638577461242676
7133,19,95,0.030067339539527893
7134,19,96,0.04294966906309128
7135,19,97,0.0760922059416771
7136,19,98,0.07569439709186554
7137,19,99,0.3016359508037567
7138,19,100,0.07339340448379517
7139,19,101,0.13195252418518066
7140,19,102,0.17001238465309143
7141,19,103,0.07226156443357468
7142,19,104,0.06486950814723969
7143,19,105,0.06264332681894302
7144,19,106,0.14645083248615265
7145,19,107,0.13419826328754425
7146,19,108,0.0938737690448761
7147,19,109,0.11249706149101257
7148,19,110,0.11496105045080185
7149,19,111,0.1136685311794281
7150,19,112,0.04241979122161865
7151,19,113,0.0641804039478302
7152,19,114,0.06534972786903381
7153,19,115,0.03233884647488594
7154,19,116,0.061322007328271866
7155,19,117,0.058797284960746765
7156,19,118,0.13643234968185425
7157,19,119,0.08282434195280075
7158,19,120,0.07778794318437576
7159,19,121,0.045638032257556915
7160,19,122,0.050488680601119995
7161,19,123,0.12412119656801224
7162,19,124,0.05712931603193283
7163,19,125,0.0417279414832592
7164,19,126,0.014430481940507889
7165,19,127,0.05068330466747284
7166,19,128,0.06887967884540558
7167,19,129,0.024912172928452492
7168,19,130,0.01970474049448967
7169,19,131,0.072563536465168
7170,19,132,0.0482667051255703
7171,19,133,0.08789648860692978
7172,19,134,0.05905212461948395
7173,19,135,0.0455232672393322
7174,19,136,0.048102229833602905
7175,19,137,0.014932570978999138
7176,19,138,0.032345764338970184
7177,19,139,0.08796939253807068
7178,19,140,0.07852217555046082
7179,19,141,0.02115572988986969
7180,19,142,0.038053274154663086
7181,19,143,0.06539894640445709
7182,19,144,0.04892181605100632
7183,19,145,0.016712678596377373
7184,19,146,0.01762007363140583
7185,19,147,0.055007241666316986
7186,19,148,0.012029048055410385
7187,19,149,0.0726737305521965
7188,19,150,0.02130085602402687
7189,19,151,0.05665728449821472
7190,19,152,0.0488390289247036
7191,19,153,0.025214621797204018
7192,19,154,0.05193862318992615
7193,19,155,0.0546269416809082
7194,19,156,0.08341215550899506
7195,19,157,0.050220657140016556
7196,19,158,0.02767949365079403
7197,19,159,0.02477944642305374
7198,19,160,0.04139457643032074
7199,19,161,0.009111519902944565
7200,19,162,0.016105713322758675
7201,19,163,0.012311071157455444
7202,19,164,0.04000776633620262
7203,19,165,0.030934887006878853
7204,19,166,0.013325433246791363
7205,19,167,0.03488175570964813
7206,19,168,0.01410513836890459
7207,19,169,0.018274029716849327
7208,19,170,0.00890740379691124
7209,19,171,0.03891226649284363
7210,19,172,0.08437365293502808
7211,19,173,0.041823215782642365
7212,19,174,0.06657243520021439
7213,19,175,0.032408710569143295
7214,19,176,0.01147241611033678
7215,19,177,0.011736218817532063
7216,19,178,0.022469419986009598
7217,19,179,0.024925140663981438
7218,19,180,0.004308629315346479
7219,19,181,0.009754988364875317
7220,19,182,0.05637465417385101
7221,19,183,0.030358675867319107
7222,19,184,0.041414957493543625
7223,19,185,0.006432135123759508
7224,19,186,0.01134477648884058
7225,19,187,0.04894531890749931
7226,19,188,0.024480560794472694
7227,19,189,0.009832371026277542
7228,19,190,0.02990087866783142
7229,19,191,0.028059501200914383
7230,19,192,0.010396759025752544
7231,19,193,0.028993992134928703
7232,19,194,0.029344996437430382
7233,19,195,0.029066361486911774
7234,19,196,0.08429167419672012
7235,19,197,0.031500086188316345
7236,19,198,0.014297264628112316
7237,19,199,0.008229977451264858
7238,19,200,0.014262893237173557
7239,19,201,0.06392274051904678
7240,19,202,0.02608255110681057
7241,19,203,0.021783646196126938
7242,19,204,0.07584616541862488
7243,19,205,0.08455359935760498
7244,19,206,0.021923286840319633
7245,19,207,0.04011861979961395
7246,19,208,0.009491484612226486
7247,19,209,0.030320188030600548
7248,19,210,0.006308873649686575
7249,19,211,0.029257412999868393
7250,19,212,0.033316630870103836
7251,19,213,0.026438875123858452
7252,19,214,0.02372155338525772
7253,19,215,0.16594597697257996
7254,19,216,0.06869799643754959
7255,19,217,0.04142460227012634
7256,19,218,0.04150402545928955
7257,19,219,0.026516757905483246
7258,19,220,0.009431476704776287
7259,19,221,0.029004499316215515
7260,19,222,0.06240734085440636
7261,19,223,0.03427371755242348
7262,19,224,0.04874810948967934
7263,19,225,0.10673603415489197
7264,19,226,0.06034538894891739
7265,19,227,0.02934744767844677
7266,19,228,0.08215496689081192
7267,19,229,0.05068328231573105
7268,19,230,0.03779803216457367
7269,19,231,0.045121803879737854
7270,19,232,0.05358639732003212
7271,19,233,0.01457396149635315
7272,19,234,0.15542784333229065
7273,19,235,0.018535275012254715
7274,19,236,0.014747679233551025
7275,19,237,0.044232796877622604
7276,19,238,0.10361988097429276
7277,19,239,0.0459272526204586
7278,19,240,0.044668007642030716
7279,19,241,0.05728892236948013
7280,19,242,0.0503070168197155
7281,19,243,0.07782898843288422
7282,19,244,0.030801724642515182
7283,19,245,0.06255705654621124
7284,19,246,0.10468485951423645
7285,19,247,0.054183490574359894
7286,19,248,0.031193561851978302
7287,19,249,0.07520655542612076
7288,19,250,0.13336880505084991
7289,19,251,0.033368319272994995
7290,19,252,0.031134000048041344
7291,19,253,0.08172361552715302
7292,19,254,0.08806278556585312
7293,19,255,0.023937037214636803
7294,19,256,0.040200915187597275
7295,19,257,0.06734248995780945
7296,19,258,0.005588665138930082
7297,19,259,0.08924969285726547
7298,19,260,0.03184199333190918
7299,19,261,0.08127429336309433
7300,19,262,0.06639400124549866
7301,19,263,0.01186241302639246
7302,19,264,0.04048760235309601
7303,19,265,0.11791688203811646
7304,19,266,0.04788010194897652
7305,19,267,0.04479726776480675
7306,19,268,0.08315309137105942
7307,19,269,0.09568638354539871
7308,19,270,0.009990205056965351
7309,19,271,0.08568402379751205
7310,19,272,0.03128428012132645
7311,19,273,0.03659737482666969
7312,19,274,0.02487533912062645
7313,19,275,0.06538479030132294
7314,19,276,0.009807206690311432
7315,19,277,0.12162213772535324
7316,19,278,0.07484444975852966
7317,19,279,0.08059725910425186
7318,19,280,0.07359214872121811
7319,19,281,0.12157996743917465
7320,19,282,0.07518605887889862
7321,19,283,0.1331961750984192
7322,19,284,0.02219506725668907
7323,19,285,0.01021912693977356
7324,19,286,0.09533119946718216
7325,19,287,0.0684349313378334
7326,19,288,0.05631924420595169
7327,19,289,0.011070658452808857
7328,19,290,0.06971874833106995
7329,19,291,0.04230877757072449
7330,19,292,0.04696998745203018
7331,19,293,0.036470841616392136
7332,19,294,0.14932513236999512
7333,19,295,0.019604025408625603
7334,19,296,0.024520158767700195
7335,19,297,0.05173662304878235
7336,19,298,0.043804001063108444
7337,19,299,0.06258473545312881
7338,19,300,0.06938000023365021
7339,19,301,0.03177783638238907
7340,19,302,0.12005732208490372
7341,19,303,0.09076883643865585
7342,19,304,0.07297063618898392
7343,19,305,0.039657991379499435
7344,19,306,0.038666732609272
7345,19,307,0.047950200736522675
7346,19,308,0.056373026221990585
7347,19,309,0.02464485540986061
7348,19,310,0.0774257481098175
7349,19,311,0.025970956310629845
7350,19,312,0.11165733635425568
7351,19,313,0.10650438070297241
7352,19,314,0.08408159017562866
7353,19,315,0.03578121215105057
7354,19,316,0.01626409776508808
7355,19,317,0.024544814601540565
7356,19,318,0.051831092685461044
7357,19,319,0.030094968155026436
7358,19,320,0.044510480016469955
7359,19,321,0.023274745792150497
7360,19,322,0.03631892427802086
7361,19,323,0.05052625387907028
7362,19,324,0.07663935422897339
7363,19,325,0.028514238074421883
7364,19,326,0.019426582381129265
7365,19,327,0.06988563388586044
7366,19,328,0.13357451558113098
7367,19,329,0.014140499755740166
7368,19,330,0.03634612262248993
7369,19,331,0.008704577572643757
7370,19,332,0.011131814680993557
7371,19,333,0.06761983782052994
7372,19,334,0.06553135067224503
7373,19,335,0.08517126739025116
7374,19,336,0.021362120285630226
7375,19,337,0.06600595265626907
7376,19,338,0.07237906008958817
7377,19,339,0.0517667755484581
7378,19,340,0.12136661261320114
7379,19,341,0.02751857601106167
7380,19,342,0.09480678290128708
7381,19,343,0.039775826036930084
7382,19,344,0.03310689330101013
7383,19,345,0.04230241850018501
7384,19,346,0.08507662266492844
7385,19,347,0.03457534313201904
7386,19,348,0.07535967975854874
7387,19,349,0.038965556770563126
7388,19,350,0.07437840849161148
7389,19,351,0.03195616975426674
7390,19,352,0.10920289158821106
7391,19,353,0.04885828122496605
7392,19,354,0.05486590415239334
7393,19,355,0.02380162663757801
7394,19,356,0.05215127393603325
7395,19,357,0.05795329436659813
7396,19,358,0.018282901495695114
7397,19,359,0.012956641614437103
7398,19,360,0.041505638509988785
7399,19,361,0.11273206025362015
7400,19,362,0.03299759700894356
7401,19,363,0.029216811060905457
7402,19,364,0.05328909680247307
7403,19,365,0.08316067606210709
7404,19,366,0.056684255599975586
7405,19,367,0.04491113871335983
7406,19,368,0.03792450949549675
7407,19,369,0.03227803856134415
7408,19,370,0.014599691145122051
7409,19,371,0.012563074007630348
7410,19,372,0.02548697218298912
7411,19,373,0.13950301706790924
7412,19,374,0.0133565254509449
7413,19,375,0.03384651988744736
7414,19,376,0.044416628777980804
7415,19,377,0.020214587450027466
7416,19,378,0.056664276868104935
7417,19,379,0.02165621519088745
7418,19,380,0.007103971671313047
7419,19,381,0.04426220804452896
7420,19,382,0.061444733291864395
7421,19,383,0.010912781581282616
7422,19,384,0.015088347718119621
7423,19,385,0.03614315018057823
7424,19,386,0.01543548796325922
7425,19,387,0.06510035693645477
7426,19,388,0.042517855763435364
7427,19,389,0.05213100090622902
7428,19,390,0.08456893265247345
7429,19,391,0.017187584191560745
7430,20,1,0.023075973615050316
7431,20,2,0.01036827638745308
7432,20,3,0.04450293257832527
7433,20,4,0.06255371123552322
7434,20,5,0.03940560296177864
7435,20,6,0.05963991954922676
7436,20,7,0.007204477209597826
7437,20,8,0.0055153765715658665
7438,20,9,0.02315904200077057
7439,20,10,0.007306401152163744
7440,20,11,0.023189833387732506
7441,20,12,0.023697419092059135
7442,20,13,0.043468136340379715
7443,20,14,0.03909312188625336
7444,20,15,0.04149513691663742
7445,20,16,0.015098696574568748
7446,20,17,0.04307524114847183
7447,20,18,0.03659328818321228
7448,20,19,0.07674015313386917
7449,20,20,0.05583075061440468
7450,20,21,0.032609306275844574
7451,20,22,0.01351186353713274
7452,20,23,0.0887543112039566
7453,20,24,0.06512989103794098
7454,20,25,0.03532470762729645
7455,20,26,0.01979430392384529
7456,20,27,0.0035056306514889
7457,20,28,0.025963222607970238
7458,20,29,0.044142015278339386
7459,20,30,0.08003640174865723
7460,20,31,0.09314120560884476
7461,20,32,0.017934707924723625
7462,20,33,0.03637724742293358
7463,20,34,0.015323257073760033
7464,20,35,0.009474304504692554
7465,20,36,0.09579713642597198
7466,20,37,0.09257305413484573
7467,20,38,0.0916450098156929
7468,20,39,0.0750795304775238
7469,20,40,0.05738154053688049
7470,20,41,0.07804007083177567
7471,20,42,0.05463605001568794
7472,20,43,0.011993400752544403
7473,20,44,0.03373133763670921
7474,20,45,0.03176431357860565
7475,20,46,0.1097337156534195
7476,20,47,0.0545031763613224
7477,20,48,0.05738866701722145
7478,20,49,0.04320155084133148
7479,20,50,0.0362406000494957
7480,20,51,0.011923819780349731
7481,20,52,0.07589087635278702
7482,20,53,0.09956283867359161
7483,20,54,0.04749142751097679
7484,20,55,0.08289894461631775
7485,20,56,0.06482863426208496
7486,20,57,0.05617666244506836
7487,20,58,0.04726235568523407
7488,20,59,0.03930164873600006
7489,20,60,0.0697351023554802
7490,20,61,0.004438427742570639
7491,20,62,0.05287524312734604
7492,20,63,0.05896829441189766
7493,20,64,0.03719634562730789
7494,20,65,0.055093877017498016
7495,20,66,0.054285433143377304
7496,20,67,0.035279616713523865
7497,20,68,0.09302413463592529
7498,20,69,0.01331049483269453
7499,20,70,0.022241132333874702
7500,20,71,0.03274795785546303
7501,20,72,0.11015211790800095
7502,20,73,0.21068114042282104
7503,20,74,0.010143432766199112
7504,20,75,0.02449849806725979
7505,20,76,0.06460902839899063
7506,20,77,0.06593924760818481
7507,20,78,0.05945267900824547
7508,20,79,0.050908397883176804
7509,20,80,0.03302143141627312
7510,20,81,0.09202299267053604
7511,20,82,0.07412467151880264
7512,20,83,0.019234828650951385
7513,20,84,0.1003163605928421
7514,20,85,0.03485388681292534
7515,20,86,0.031682781875133514
7516,20,87,0.010034406557679176
7517,20,88,0.04090142250061035
7518,20,89,0.07850905507802963
7519,20,90,0.014810548163950443
7520,20,91,0.06729249656200409
7521,20,92,0.037662435322999954
7522,20,93,0.09421189874410629
7523,20,94,0.0801595002412796
7524,20,95,0.02002120576798916
7525,20,96,0.0290378388017416
7526,20,97,0.059023745357990265
7527,20,98,0.020665409043431282
7528,20,99,0.031120527535676956
7529,20,100,0.026405662298202515
7530,20,101,0.04406855255365372
7531,20,102,0.03133183717727661
7532,20,103,0.02498655952513218
7533,20,104,0.03513551875948906
7534,20,105,0.08237721025943756
7535,20,106,0.028535107150673866
7536,20,107,0.08024591952562332
7537,20,108,0.046495385468006134
7538,20,109,0.050593335181474686
7539,20,110,0.029189813882112503
7540,20,111,0.024353686720132828
7541,20,112,0.033987559378147125
7542,20,113,0.04613887518644333
7543,20,114,0.07096908241510391
7544,20,115,0.010805778205394745
7545,20,116,0.009817901067435741
7546,20,117,0.017473725602030754
7547,20,118,0.11950335651636124
7548,20,119,0.015541373752057552
7549,20,120,0.002987604821100831
7550,20,121,0.011980272829532623
7551,20,122,0.04505018889904022
7552,20,123,0.02953183650970459
7553,20,124,0.031192101538181305
7554,20,125,0.03159663826227188
7555,20,126,0.05422086641192436
7556,20,127,0.00957217812538147
7557,20,128,0.04877918213605881
7558,20,129,0.01146902609616518
7559,20,130,0.029598932713270187
7560,20,131,0.0639222264289856
7561,20,132,0.050226110965013504
7562,20,133,0.04180016741156578
7563,20,134,0.029031123965978622
7564,20,135,0.058535486459732056
7565,20,136,0.10717615485191345
7566,20,137,0.01117031555622816
7567,20,138,0.032498765736818314
7568,20,139,0.05965230241417885
7569,20,140,0.032459527254104614
7570,20,141,0.02224503830075264
7571,20,142,0.008041798137128353
7572,20,143,0.02077946625649929
7573,20,144,0.01587584801018238
7574,20,145,0.012352230958640575
7575,20,146,0.049487147480249405
7576,20,147,0.09932984411716461
7577,20,148,0.024864977225661278
7578,20,149,0.030305493623018265
7579,20,150,0.015048639848828316
7580,20,151,0.036245740950107574
7581,20,152,0.03836089372634888
7582,20,153,0.030703557655215263
7583,20,154,0.042772553861141205
7584,20,155,0.026458004489541054
7585,20,156,0.017801973968744278
7586,20,157,0.1017153412103653
7587,20,158,0.08102704584598541
7588,20,159,0.04533598572015762
7589,20,160,0.058039065450429916
7590,20,161,0.011005326174199581
7591,20,162,0.01708666980266571
7592,20,163,0.02756456285715103
7593,20,164,0.0596732534468174
7594,20,165,0.05741572380065918
7595,20,166,0.01135132648050785
7596,20,167,0.023869026452302933
7597,20,168,0.01752501167356968
7598,20,169,0.03565795719623566
7599,20,170,0.024226456880569458
7600,20,171,0.04226916283369064
7601,20,172,0.0188437607139349
7602,20,173,0.09997259825468063
7603,20,174,0.004819708410650492
7604,20,175,0.013841223903000355
7605,20,176,0.018471870571374893
7606,20,177,0.04664052650332451
7607,20,178,0.007289780303835869
7608,20,179,0.13190603256225586
7609,20,180,0.016147401183843613
7610,20,181,0.02678680047392845
7611,20,182,0.05949408933520317
7612,20,183,0.03549980744719505
7613,20,184,0.03183189406991005
7614,20,185,0.04810591787099838
7615,20,186,0.02062394842505455
7616,20,187,0.005501875653862953
7617,20,188,0.019375324249267578
7618,20,189,0.02183697558939457
7619,20,190,0.046965084969997406
7620,20,191,0.003776945872232318
7621,20,192,0.026783429086208344
7622,20,193,0.015845557674765587
7623,20,194,0.036355383694171906
7624,20,195,0.023809121921658516
7625,20,196,0.05158895254135132
7626,20,197,0.03918774053454399
7627,20,198,0.005657600704580545
7628,20,199,0.01724107563495636
7629,20,200,0.010435220785439014
7630,20,201,0.008055838756263256
7631,20,202,0.05000177398324013
7632,20,203,0.14597083628177643
7633,20,204,0.03904251381754875
7634,20,205,0.0210720282047987
7635,20,206,0.008076016791164875
7636,20,207,0.01268009189516306
7637,20,208,0.03873415291309357
7638,20,209,0.1756754070520401
7639,20,210,0.1038738489151001
7640,20,211,0.09600064903497696
7641,20,212,0.03843739628791809
7642,20,213,0.03609674423933029
7643,20,214,0.08060950040817261
7644,20,215,0.04794379696249962
7645,20,216,0.1480150818824768
7646,20,217,0.08305392414331436
7647,20,218,0.06574144959449768
7648,20,219,0.027156086638569832
7649,20,220,0.040440883487463
7650,20,221,0.027233796194195747
7651,20,222,0.015770822763442993
7652,20,223,0.04402292147278786
7653,20,224,0.08549629151821136
7654,20,225,0.06220129877328873
7655,20,226,0.0542277991771698
7656,20,227,0.03473362326622009
7657,20,228,0.04208623617887497
7658,20,229,0.06120822951197624
7659,20,230,0.06348534673452377
7660,20,231,0.042871955782175064
7661,20,232,0.03600218519568443
7662,20,233,0.08224595338106155
7663,20,234,0.06225575879216194
7664,20,235,0.038113828748464584
7665,20,236,0.13046780228614807
7666,20,237,0.01146684866398573
7667,20,238,0.0876828208565712
7668,20,239,0.0925135612487793
7669,20,240,0.030056575313210487
7670,20,241,0.03561875969171524
7671,20,242,0.027956947684288025
7672,20,243,0.08294948935508728
7673,20,244,0.14670921862125397
7674,20,245,0.0545484833419323
7675,20,246,0.017800811678171158
7676,20,247,0.033033695071935654
7677,20,248,0.07626521587371826
7678,20,249,0.06842996180057526
7679,20,250,0.0441766120493412
7680,20,251,0.042813561856746674
7681,20,252,0.05714274197816849
7682,20,253,0.017360320314764977
7683,20,254,0.1122351661324501
7684,20,255,0.08420497924089432
7685,20,256,0.011788914911448956
7686,20,257,0.005236541852355003
7687,20,258,0.03589671105146408
7688,20,259,0.05767199397087097
7689,20,260,0.05048424005508423
7690,20,261,0.026180319488048553
7691,20,262,0.012949592433869839
7692,20,263,0.007707299664616585
7693,20,264,0.04473390057682991
7694,20,265,0.030126189813017845
7695,20,266,0.04607701674103737
7696,20,267,0.026812104508280754
7697,20,268,0.14170381426811218
7698,20,269,0.042481303215026855
7699,20,270,0.06902460753917694
7700,20,271,0.06112834811210632
7701,20,272,0.050068002194166183
7702,20,273,0.02898264117538929
7703,20,274,0.026724426075816154
7704,20,275,0.09646709263324738
7705,20,276,0.043107885867357254
7706,20,277,0.07432295382022858
7707,20,278,0.013125174678862095
7708,20,279,0.06270649284124374
7709,20,280,0.05738211050629616
7710,20,281,0.06966086477041245
7711,20,282,0.03380298241972923
7712,20,283,0.03632423281669617
7713,20,284,0.01637544482946396
7714,20,285,0.03634195402264595
7715,20,286,0.08514164388179779
7716,20,287,0.049998145550489426
7717,20,288,0.04575805738568306
7718,20,289,0.03135291114449501
7719,20,290,0.04435291141271591
7720,20,291,0.0793231725692749
7721,20,292,0.08127838373184204
7722,20,293,0.015550008974969387
7723,20,294,0.03857529163360596
7724,20,295,0.021694688126444817
7725,20,296,0.06235872581601143
7726,20,297,0.013922096230089664
7727,20,298,0.024977341294288635
7728,20,299,0.00774086220189929
7729,20,300,0.01559432502835989
7730,20,301,0.022403951734304428
7731,20,302,0.07068741321563721
7732,20,303,0.026099594309926033
7733,20,304,0.012771974317729473
7734,20,305,0.1177375465631485
7735,20,306,0.04077604040503502
7736,20,307,0.03405086696147919
7737,20,308,0.03052642196416855
7738,20,309,0.13384100794792175
7739,20,310,0.028052007779479027
7740,20,311,0.18044577538967133
7741,20,312,0.08195922523736954
7742,20,313,0.03604336082935333
7743,20,314,0.01861417293548584
7744,20,315,0.06233208626508713
7745,20,316,0.05113109201192856
7746,20,317,0.026093585416674614
7747,20,318,0.07015970349311829
7748,20,319,0.021848930045962334
7749,20,320,0.008877175860106945
7750,20,321,0.031308602541685104
7751,20,322,0.09635215997695923
7752,20,323,0.03495736047625542
7753,20,324,0.043982867151498795
7754,20,325,0.05231764540076256
7755,20,326,0.009497491642832756
7756,20,327,0.0035734407138079405
7757,20,328,0.06471157819032669
7758,20,329,0.023198045790195465
7759,20,330,0.013165767304599285
7760,20,331,0.020914871245622635
7761,20,332,0.020668890327215195
7762,20,333,0.03046274371445179
7763,20,334,0.04083120822906494
7764,20,335,0.013670524582266808
7765,20,336,0.028279826045036316
7766,20,337,0.033264681696891785
7767,20,338,0.012678300030529499
7768,20,339,0.05885010585188866
7769,20,340,0.07253651320934296
7770,20,341,0.08884243667125702
7771,20,342,0.04046221449971199
7772,20,343,0.015773853287100792
7773,20,344,0.0938706025481224
7774,20,345,0.006970721296966076
7775,20,346,0.015397301875054836
7776,20,347,0.013730913400650024
7777,20,348,0.03816451132297516
7778,20,349,0.03535420075058937
7779,20,350,0.029211297631263733
7780,20,351,0.11827320605516434
7781,20,352,0.05083896964788437
7782,20,353,0.009008916094899178
7783,20,354,0.03093777783215046
7784,20,355,0.018260952085256577
7785,20,356,0.027585936710238457
7786,20,357,0.07732901722192764
7787,20,358,0.0473225973546505
7788,20,359,0.053879059851169586
7789,20,360,0.004619887564331293
7790,20,361,0.0414140559732914
7791,20,362,0.04283805191516876
7792,20,363,0.014893682673573494
7793,20,364,0.06680665910243988
7794,20,365,0.05239864066243172
7795,20,366,0.0384821817278862
7796,20,367,0.034230414777994156
7797,20,368,0.039967138320207596
7798,20,369,0.017734337598085403
7799,20,370,0.020220471546053886
7800,20,371,0.027406567707657814
7801,20,372,0.09176425635814667
7802,20,373,0.0043274881318211555
7803,20,374,0.013212119229137897
7804,20,375,0.08193202316761017
7805,20,376,0.08184147626161575
7806,20,377,0.13653036952018738
7807,20,378,0.0649612620472908
7808,20,379,0.01056552305817604
7809,20,380,0.07675699889659882
7810,20,381,0.034085143357515335
7811,20,382,0.017474621534347534
7812,20,383,0.10546733438968658
7813,20,384,0.05536540225148201
7814,20,385,0.023419683799147606
7815,20,386,0.062486860901117325
7816,20,387,0.024730326607823372
7817,20,388,0.0722673088312149
7818,20,389,0.03766464814543724
7819,20,390,0.02196815051138401
7820,20,391,0.057625602930784225
