step,epoch,batch,train_loss
1,1,1,2.3027243614196777
2,1,2,2.3018929958343506
3,1,3,2.300931692123413
4,1,4,2.3033924102783203
5,1,5,2.300086736679077
6,1,6,2.299564838409424
7,1,7,2.298366069793701
8,1,8,2.2922544479370117
9,1,9,2.285187244415283
10,1,10,2.2886908054351807
11,1,11,2.272771120071411
12,1,12,2.2686805725097656
13,1,13,2.2693872451782227
14,1,14,2.26027250289917
15,1,15,2.2635014057159424
16,1,16,2.2671797275543213
17,1,17,2.2164974212646484
18,1,18,2.1313631534576416
19,1,19,2.161036252975464
20,1,20,2.1751649379730225
21,1,21,2.11975359916687
22,1,22,2.1612815856933594
23,1,23,2.0372519493103027
24,1,24,2.172142744064331
25,1,25,2.105438232421875
26,1,26,2.175908088684082
27,1,27,2.0062777996063232
28,1,28,2.0806257724761963
29,1,29,2.188537120819092
30,1,30,2.1312944889068604
31,1,31,2.067880868911743
32,1,32,2.1063878536224365
33,1,33,2.15368914604187
34,1,34,2.0396130084991455
35,1,35,2.0142037868499756
36,1,36,2.0547313690185547
37,1,37,1.9816762208938599
38,1,38,2.179826021194458
39,1,39,2.1005637645721436
40,1,40,1.9997191429138184
41,1,41,2.058901071548462
42,1,42,2.0959928035736084
43,1,43,1.9919110536575317
44,1,44,2.0550670623779297
45,1,45,2.129248857498169
46,1,46,2.036027669906616
47,1,47,2.068274736404419
48,1,48,2.1860392093658447
49,1,49,2.1124939918518066
50,1,50,2.0469295978546143
51,1,51,2.0103790760040283
52,1,52,2.0514461994171143
53,1,53,2.0578668117523193
54,1,54,2.073789358139038
55,1,55,1.977342963218689
56,1,56,2.0371105670928955
57,1,57,1.9670602083206177
58,1,58,1.969781756401062
59,1,59,1.9846659898757935
60,1,60,1.9763681888580322
61,1,61,1.9273041486740112
62,1,62,2.0391175746917725
63,1,63,1.9933289289474487
64,1,64,1.9415109157562256
65,1,65,2.044917583465576
66,1,66,1.9385229349136353
67,1,67,1.9449509382247925
68,1,68,1.947616696357727
69,1,69,1.960452914237976
70,1,70,1.912942886352539
71,1,71,2.006028175354004
72,1,72,1.9260215759277344
73,1,73,2.121330499649048
74,1,74,1.9499419927597046
75,1,75,2.0634653568267822
76,1,76,1.940509557723999
77,1,77,1.9491022825241089
78,1,78,1.9119699001312256
79,1,79,2.041017770767212
80,1,80,1.8992044925689697
81,1,81,1.9529515504837036
82,1,82,1.8998157978057861
83,1,83,1.9283205270767212
84,1,84,1.907429575920105
85,1,85,1.9348301887512207
86,1,86,2.024448871612549
87,1,87,1.9146933555603027
88,1,88,1.9376835823059082
89,1,89,1.8921960592269897
90,1,90,1.8530874252319336
91,1,91,1.994863748550415
92,1,92,1.8813502788543701
93,1,93,1.9666093587875366
94,1,94,1.902312159538269
95,1,95,1.9121097326278687
96,1,96,1.900413155555725
97,1,97,1.9540657997131348
98,1,98,1.8862159252166748
99,1,99,1.9454509019851685
100,1,100,1.9451756477355957
101,1,101,1.8985023498535156
102,1,102,1.8393986225128174
103,1,103,1.9324895143508911
104,1,104,2.019625425338745
105,1,105,1.9501700401306152
106,1,106,2.019317388534546
107,1,107,1.9425653219223022
108,1,108,1.9627522230148315
109,1,109,2.0173163414001465
110,1,110,1.8039116859436035
111,1,111,1.7992169857025146
112,1,112,1.9597055912017822
113,1,113,2.0792219638824463
114,1,114,1.9332340955734253
115,1,115,1.8473548889160156
116,1,116,1.9420629739761353
117,1,117,1.9820348024368286
118,1,118,1.9537326097488403
119,1,119,1.9783036708831787
120,1,120,1.8213715553283691
121,1,121,1.9253438711166382
122,1,122,1.9131152629852295
123,1,123,2.0182206630706787
124,1,124,1.849722146987915
125,1,125,1.8829768896102905
126,1,126,1.8737818002700806
127,1,127,1.8080389499664307
128,1,128,1.8375709056854248
129,1,129,1.9207134246826172
130,1,130,1.8793115615844727
131,1,131,1.896376132965088
132,1,132,1.8276857137680054
133,1,133,1.8132706880569458
134,1,134,1.7271381616592407
135,1,135,1.8253731727600098
136,1,136,1.7942568063735962
137,1,137,1.8701798915863037
138,1,138,1.8633822202682495
139,1,139,1.7105284929275513
140,1,140,1.8061754703521729
141,1,141,1.6565170288085938
142,1,142,1.776470422744751
143,1,143,1.828027606010437
144,1,144,1.7662111520767212
145,1,145,1.7767415046691895
146,1,146,1.8855549097061157
147,1,147,1.9463220834732056
148,1,148,1.8781189918518066
149,1,149,1.6999622583389282
150,1,150,1.7861425876617432
151,1,151,1.8777889013290405
152,1,152,1.7662633657455444
153,1,153,1.7349042892456055
154,1,154,1.6403528451919556
155,1,155,1.7903964519500732
156,1,156,1.714825987815857
157,1,157,1.8201903104782104
158,1,158,1.7068053483963013
159,1,159,1.7369892597198486
160,1,160,1.7551720142364502
161,1,161,1.7059924602508545
162,1,162,1.68221914768219
163,1,163,1.6712136268615723
164,1,164,1.6415259838104248
165,1,165,1.6240994930267334
166,1,166,1.5703872442245483
167,1,167,1.6705917119979858
168,1,168,1.7892651557922363
169,1,169,1.6355327367782593
170,1,170,1.7328259944915771
171,1,171,1.6512700319290161
172,1,172,1.6798076629638672
173,1,173,1.6807390451431274
174,1,174,1.725378394126892
175,1,175,1.6736010313034058
176,1,176,1.6575082540512085
177,1,177,1.7505323886871338
178,1,178,1.6626287698745728
179,1,179,1.708115816116333
180,1,180,1.5746188163757324
181,1,181,1.6057971715927124
182,1,182,1.667361855506897
183,1,183,1.7057490348815918
184,1,184,1.7644726037979126
185,1,185,1.6171760559082031
186,1,186,1.6485882997512817
187,1,187,1.7170642614364624
188,1,188,1.5382053852081299
189,1,189,1.6255279779434204
190,1,190,1.7239618301391602
191,1,191,1.7454571723937988
192,1,192,1.708221673965454
193,1,193,1.7902663946151733
194,1,194,1.6614673137664795
195,1,195,1.573188304901123
196,1,196,1.6946079730987549
197,1,197,1.4452553987503052
198,1,198,1.6254665851593018
199,1,199,1.6886963844299316
200,1,200,1.6482021808624268
201,1,201,1.6314115524291992
202,1,202,1.732266902923584
203,1,203,1.6738556623458862
204,1,204,1.7431116104125977
205,1,205,1.6116129159927368
206,1,206,1.811524510383606
207,1,207,1.5215224027633667
208,1,208,1.5692824125289917
209,1,209,1.838951587677002
210,1,210,1.5103625059127808
211,1,211,1.692012906074524
212,1,212,1.6109554767608643
213,1,213,1.6132725477218628
214,1,214,1.6375558376312256
215,1,215,1.6117284297943115
216,1,216,1.7263298034667969
217,1,217,1.7351945638656616
218,1,218,1.7000638246536255
219,1,219,1.6593692302703857
220,1,220,1.6583340167999268
221,1,221,1.5761244297027588
222,1,222,1.6458545923233032
223,1,223,1.6066062450408936
224,1,224,1.5881537199020386
225,1,225,1.6429286003112793
226,1,226,1.6359528303146362
227,1,227,1.6903389692306519
228,1,228,1.5053292512893677
229,1,229,1.7084635496139526
230,1,230,1.6056212186813354
231,1,231,1.658316969871521
232,1,232,1.6632739305496216
233,1,233,1.4812240600585938
234,1,234,1.6413092613220215
235,1,235,1.5225133895874023
236,1,236,1.5486191511154175
237,1,237,1.4711357355117798
238,1,238,1.5613698959350586
239,1,239,1.549541711807251
240,1,240,1.662950873374939
241,1,241,1.478912591934204
242,1,242,1.4647612571716309
243,1,243,1.4903724193572998
244,1,244,1.5690641403198242
245,1,245,1.5965907573699951
246,1,246,1.4489881992340088
247,1,247,1.6926982402801514
248,1,248,1.644574522972107
249,1,249,1.4875469207763672
250,1,250,1.7970967292785645
251,1,251,1.5462323427200317
252,1,252,1.6219735145568848
253,1,253,1.6490861177444458
254,1,254,1.4710122346878052
255,1,255,1.6556720733642578
256,1,256,1.610281229019165
257,1,257,1.446454405784607
258,1,258,1.6835625171661377
259,1,259,1.5538010597229004
260,1,260,1.5624836683273315
261,1,261,1.5317909717559814
262,1,262,1.5390703678131104
263,1,263,1.4539700746536255
264,1,264,1.5860844850540161
265,1,265,1.5746535062789917
266,1,266,1.690462350845337
267,1,267,1.5304749011993408
268,1,268,1.531837821006775
269,1,269,1.6935194730758667
270,1,270,1.6842446327209473
271,1,271,1.4315840005874634
272,1,272,1.522517442703247
273,1,273,1.7303197383880615
274,1,274,1.505401372909546
275,1,275,1.6960389614105225
276,1,276,1.5035656690597534
277,1,277,1.6157972812652588
278,1,278,1.5977721214294434
279,1,279,1.5857126712799072
280,1,280,1.5753384828567505
281,1,281,1.6604070663452148
282,1,282,1.5965321063995361
283,1,283,1.7537480592727661
284,1,284,1.6731141805648804
285,1,285,1.5069780349731445
286,1,286,1.6072081327438354
287,1,287,1.6992498636245728
288,1,288,1.6490516662597656
289,1,289,1.6536520719528198
290,1,290,1.546751618385315
291,1,291,1.498438835144043
292,1,292,1.5678104162216187
293,1,293,1.5780479907989502
294,1,294,1.5498878955841064
295,1,295,1.466944694519043
296,1,296,1.5055071115493774
297,1,297,1.5207301378250122
298,1,298,1.5403640270233154
299,1,299,1.552128791809082
300,1,300,1.5780162811279297
301,1,301,1.6687779426574707
302,1,302,1.59146249294281
303,1,303,1.5023772716522217
304,1,304,1.585547924041748
305,1,305,1.5394699573516846
306,1,306,1.5867809057235718
307,1,307,1.6006728410720825
308,1,308,1.548745036125183
309,1,309,1.5627963542938232
310,1,310,1.569952368736267
311,1,311,1.4746310710906982
312,1,312,1.5796949863433838
313,1,313,1.5597668886184692
314,1,314,1.5401145219802856
315,1,315,1.433007001876831
316,1,316,1.556099534034729
317,1,317,1.4633392095565796
318,1,318,1.5270732641220093
319,1,319,1.6335327625274658
320,1,320,1.6577725410461426
321,1,321,1.6722463369369507
322,1,322,1.6188346147537231
323,1,323,1.5127910375595093
324,1,324,1.449843406677246
325,1,325,1.5129785537719727
326,1,326,1.5216987133026123
327,1,327,1.614967942237854
328,1,328,1.4125880002975464
329,1,329,1.571489691734314
330,1,330,1.4175946712493896
331,1,331,1.5155755281448364
332,1,332,1.5013542175292969
333,1,333,1.4294588565826416
334,1,334,1.4194241762161255
335,1,335,1.604135513305664
336,1,336,1.6083545684814453
337,1,337,1.4770774841308594
338,1,338,1.6500202417373657
339,1,339,1.5385509729385376
340,1,340,1.6314430236816406
341,1,341,1.567110538482666
342,1,342,1.4191880226135254
343,1,343,1.5747895240783691
344,1,344,1.402651071548462
345,1,345,1.5330277681350708
346,1,346,1.5621381998062134
347,1,347,1.542749285697937
348,1,348,1.498823642730713
349,1,349,1.4844573736190796
350,1,350,1.4465571641921997
351,1,351,1.602306842803955
352,1,352,1.639544129371643
353,1,353,1.5202343463897705
354,1,354,1.46163010597229
355,1,355,1.4379595518112183
356,1,356,1.5683481693267822
357,1,357,1.5333110094070435
358,1,358,1.4556914567947388
359,1,359,1.5203943252563477
360,1,360,1.4316176176071167
361,1,361,1.5681891441345215
362,1,362,1.5652711391448975
363,1,363,1.3674226999282837
364,1,364,1.467820644378662
365,1,365,1.5030099153518677
366,1,366,1.4292441606521606
367,1,367,1.4393879175186157
368,1,368,1.3250041007995605
369,1,369,1.4535713195800781
370,1,370,1.454737901687622
371,1,371,1.4693212509155273
372,1,372,1.5703028440475464
373,1,373,1.4525328874588013
374,1,374,1.3551784753799438
375,1,375,1.2990626096725464
376,1,376,1.47760808467865
377,1,377,1.6384129524230957
378,1,378,1.5212111473083496
379,1,379,1.5614975690841675
380,1,380,1.344456434249878
381,1,381,1.5376808643341064
382,1,382,1.3472247123718262
383,1,383,1.1778556108474731
384,1,384,1.348272681236267
385,1,385,1.5118192434310913
386,1,386,1.487594485282898
387,1,387,1.4466910362243652
388,1,388,1.4648680686950684
389,1,389,1.4611704349517822
390,1,390,1.5197372436523438
391,1,391,1.4557862281799316
392,2,1,1.2833118438720703
393,2,2,1.3804371356964111
394,2,3,1.4182953834533691
395,2,4,1.3527352809906006
396,2,5,1.3753126859664917
397,2,6,1.3302115201950073
398,2,7,1.361583948135376
399,2,8,1.4352986812591553
400,2,9,1.5848093032836914
401,2,10,1.5136667490005493
402,2,11,1.5013067722320557
403,2,12,1.597397804260254
404,2,13,1.3263747692108154
405,2,14,1.4247519969940186
406,2,15,1.4583791494369507
407,2,16,1.577744483947754
408,2,17,1.3173582553863525
409,2,18,1.4701406955718994
410,2,19,1.3051536083221436
411,2,20,1.3199353218078613
412,2,21,1.4643070697784424
413,2,22,1.494992971420288
414,2,23,1.4158798456192017
415,2,24,1.3107138872146606
416,2,25,1.505737543106079
417,2,26,1.5152784585952759
418,2,27,1.6001673936843872
419,2,28,1.4323796033859253
420,2,29,1.416683554649353
421,2,30,1.3756641149520874
422,2,31,1.437708854675293
423,2,32,1.5664359331130981
424,2,33,1.4122971296310425
425,2,34,1.3985176086425781
426,2,35,1.3959487676620483
427,2,36,1.4618793725967407
428,2,37,1.338921070098877
429,2,38,1.2772247791290283
430,2,39,1.302612543106079
431,2,40,1.4701801538467407
432,2,41,1.5374614000320435
433,2,42,1.303011417388916
434,2,43,1.3778045177459717
435,2,44,1.4950703382492065
436,2,45,1.491363286972046
437,2,46,1.442599892616272
438,2,47,1.4325205087661743
439,2,48,1.5857380628585815
440,2,49,1.344814658164978
441,2,50,1.5011378526687622
442,2,51,1.2918570041656494
443,2,52,1.4597389698028564
444,2,53,1.5279115438461304
445,2,54,1.3555591106414795
446,2,55,1.3681721687316895
447,2,56,1.604099154472351
448,2,57,1.4783371686935425
449,2,58,1.4523792266845703
450,2,59,1.5560004711151123
451,2,60,1.3957732915878296
452,2,61,1.229535460472107
453,2,62,1.457862138748169
454,2,63,1.4164814949035645
455,2,64,1.3456798791885376
456,2,65,1.2478631734848022
457,2,66,1.2631299495697021
458,2,67,1.411162257194519
459,2,68,1.353841781616211
460,2,69,1.3600690364837646
461,2,70,1.3955494165420532
462,2,71,1.3266911506652832
463,2,72,1.3142051696777344
464,2,73,1.4861104488372803
465,2,74,1.406086802482605
466,2,75,1.422037124633789
467,2,76,1.5399023294448853
468,2,77,1.1979697942733765
469,2,78,1.4774394035339355
470,2,79,1.5634005069732666
471,2,80,1.4359309673309326
472,2,81,1.5344898700714111
473,2,82,1.536702275276184
474,2,83,1.416113018989563
475,2,84,1.4536566734313965
476,2,85,1.5630325078964233
477,2,86,1.591993808746338
478,2,87,1.2807296514511108
479,2,88,1.3092124462127686
480,2,89,1.2409456968307495
481,2,90,1.318942666053772
482,2,91,1.29757821559906
483,2,92,1.3857365846633911
484,2,93,1.2272523641586304
485,2,94,1.4282245635986328
486,2,95,1.426767349243164
487,2,96,1.3075965642929077
488,2,97,1.456843614578247
489,2,98,1.3735768795013428
490,2,99,1.4839540719985962
491,2,100,1.3603496551513672
492,2,101,1.5160380601882935
493,2,102,1.4417290687561035
494,2,103,1.4345706701278687
495,2,104,1.2786448001861572
496,2,105,1.4426144361495972
497,2,106,1.5341463088989258
498,2,107,1.3755078315734863
499,2,108,1.3966988325119019
500,2,109,1.4872589111328125
501,2,110,1.3239326477050781
502,2,111,1.3605719804763794
503,2,112,1.2118481397628784
504,2,113,1.514818549156189
505,2,114,1.450806975364685
506,2,115,1.5056161880493164
507,2,116,1.1951940059661865
508,2,117,1.4402369260787964
509,2,118,1.4449584484100342
510,2,119,1.390876293182373
511,2,120,1.3398144245147705
512,2,121,1.4143974781036377
513,2,122,1.353428602218628
514,2,123,1.3583269119262695
515,2,124,1.3797905445098877
516,2,125,1.3876779079437256
517,2,126,1.477124571800232
518,2,127,1.4989759922027588
519,2,128,1.4329801797866821
520,2,129,1.4209990501403809
521,2,130,1.2957789897918701
522,2,131,1.3549543619155884
523,2,132,1.3119654655456543
524,2,133,1.3853445053100586
525,2,134,1.3195316791534424
526,2,135,1.4193370342254639
527,2,136,1.271375298500061
528,2,137,1.3032737970352173
529,2,138,1.34736967086792
530,2,139,1.547441005706787
531,2,140,1.286853551864624
532,2,141,1.402618408203125
533,2,142,1.4493293762207031
534,2,143,1.435505747795105
535,2,144,1.2937337160110474
536,2,145,1.444488763809204
537,2,146,1.3763262033462524
538,2,147,1.2560206651687622
539,2,148,1.3637999296188354
540,2,149,1.3435003757476807
541,2,150,1.2584447860717773
542,2,151,1.3150787353515625
543,2,152,1.0908313989639282
544,2,153,1.4543445110321045
545,2,154,1.4561163187026978
546,2,155,1.330551266670227
547,2,156,1.491687297821045
548,2,157,1.3110625743865967
549,2,158,1.2878470420837402
550,2,159,1.3376606702804565
551,2,160,1.3448736667633057
552,2,161,1.450498342514038
553,2,162,1.2988712787628174
554,2,163,1.402535319328308
555,2,164,1.2194485664367676
556,2,165,1.2804206609725952
557,2,166,1.430455207824707
558,2,167,1.315210223197937
559,2,168,1.2816746234893799
560,2,169,1.366469383239746
561,2,170,1.3261851072311401
562,2,171,1.3978078365325928
563,2,172,1.453521966934204
564,2,173,1.2862696647644043
565,2,174,1.380271553993225
566,2,175,1.20749831199646
567,2,176,1.3727167844772339
568,2,177,1.2639182806015015
569,2,178,1.243317723274231
570,2,179,1.2842483520507812
571,2,180,1.2904988527297974
572,2,181,1.2218220233917236
573,2,182,1.1825897693634033
574,2,183,1.2395035028457642
575,2,184,1.5042234659194946
576,2,185,1.2795335054397583
577,2,186,1.4624234437942505
578,2,187,1.3344156742095947
579,2,188,1.3152108192443848
580,2,189,1.2536789178848267
581,2,190,1.2912808656692505
582,2,191,1.2278764247894287
583,2,192,1.3062742948532104
584,2,193,1.4905149936676025
585,2,194,1.6019299030303955
586,2,195,1.392540454864502
587,2,196,1.3126955032348633
588,2,197,1.4841117858886719
589,2,198,1.3569819927215576
590,2,199,1.3369262218475342
591,2,200,1.460850477218628
592,2,201,1.3827069997787476
593,2,202,1.2679589986801147
594,2,203,1.4114985466003418
595,2,204,1.3732033967971802
596,2,205,1.4564168453216553
597,2,206,1.5429753065109253
598,2,207,1.3634321689605713
599,2,208,1.5621236562728882
600,2,209,1.239219307899475
601,2,210,1.3637696504592896
602,2,211,1.2312437295913696
603,2,212,1.407321572303772
604,2,213,1.3663345575332642
605,2,214,1.3699814081192017
606,2,215,1.2739262580871582
607,2,216,1.2962175607681274
608,2,217,1.286237120628357
609,2,218,1.2508255243301392
610,2,219,1.2318599224090576
611,2,220,1.420287013053894
612,2,221,1.347618818283081
613,2,222,1.384584903717041
614,2,223,1.1461305618286133
615,2,224,1.151921272277832
616,2,225,1.181311011314392
617,2,226,1.2208049297332764
618,2,227,1.154104232788086
619,2,228,1.0810191631317139
620,2,229,1.2149333953857422
621,2,230,1.1910059452056885
622,2,231,1.4216454029083252
623,2,232,1.397580623626709
624,2,233,1.445391297340393
625,2,234,1.3189969062805176
626,2,235,1.3307032585144043
627,2,236,1.3247787952423096
628,2,237,1.304146647453308
629,2,238,1.2879606485366821
630,2,239,1.3766906261444092
631,2,240,1.4736074209213257
632,2,241,1.3026812076568604
633,2,242,1.4867064952850342
634,2,243,1.5099023580551147
635,2,244,1.20641028881073
636,2,245,1.4327270984649658
637,2,246,1.381516933441162
638,2,247,1.316707968711853
639,2,248,1.4286175966262817
640,2,249,1.3430503606796265
641,2,250,1.316437005996704
642,2,251,1.4075477123260498
643,2,252,1.4211279153823853
644,2,253,1.2011367082595825
645,2,254,1.1913233995437622
646,2,255,1.3221940994262695
647,2,256,1.206120252609253
648,2,257,1.2820509672164917
649,2,258,1.276355504989624
650,2,259,1.40608811378479
651,2,260,1.1869581937789917
652,2,261,1.2815265655517578
653,2,262,1.3014549016952515
654,2,263,1.0580426454544067
655,2,264,1.3132365942001343
656,2,265,1.2975959777832031
657,2,266,1.1336073875427246
658,2,267,1.2302374839782715
659,2,268,1.3539093732833862
660,2,269,1.3393301963806152
661,2,270,1.210129976272583
662,2,271,1.4046355485916138
663,2,272,1.3250826597213745
664,2,273,1.0840486288070679
665,2,274,1.3674426078796387
666,2,275,1.3590307235717773
667,2,276,1.3967223167419434
668,2,277,1.1156363487243652
669,2,278,1.2691149711608887
670,2,279,1.2432819604873657
671,2,280,1.173264741897583
672,2,281,1.199388027191162
673,2,282,1.0796259641647339
674,2,283,1.190796971321106
675,2,284,1.2689838409423828
676,2,285,1.3740381002426147
677,2,286,1.1160225868225098
678,2,287,1.2977662086486816
679,2,288,1.0796723365783691
680,2,289,1.3770827054977417
681,2,290,1.1413695812225342
682,2,291,1.2548696994781494
683,2,292,1.2057695388793945
684,2,293,1.2444053888320923
685,2,294,1.4495412111282349
686,2,295,1.1006956100463867
687,2,296,1.2936564683914185
688,2,297,1.2317999601364136
689,2,298,1.2790935039520264
690,2,299,1.469298005104065
691,2,300,1.3040388822555542
692,2,301,1.251816749572754
693,2,302,1.3441121578216553
694,2,303,1.203918218612671
695,2,304,1.2765189409255981
696,2,305,1.2018253803253174
697,2,306,1.2420721054077148
698,2,307,1.3110651969909668
699,2,308,1.1451785564422607
700,2,309,1.1320737600326538
701,2,310,1.3680323362350464
702,2,311,1.3643640279769897
703,2,312,1.3051522970199585
704,2,313,1.3292618989944458
705,2,314,1.2924660444259644
706,2,315,1.1801263093948364
707,2,316,1.2197774648666382
708,2,317,1.3197097778320312
709,2,318,1.1325613260269165
710,2,319,1.3000657558441162
711,2,320,1.241108775138855
712,2,321,1.3360705375671387
713,2,322,1.2081551551818848
714,2,323,1.2815964221954346
715,2,324,1.2963355779647827
716,2,325,1.2661046981811523
717,2,326,1.2110826969146729
718,2,327,1.4491156339645386
719,2,328,1.4862240552902222
720,2,329,1.4093629121780396
721,2,330,1.3812477588653564
722,2,331,1.4010642766952515
723,2,332,1.2459008693695068
724,2,333,1.3165943622589111
725,2,334,1.2670328617095947
726,2,335,1.3394036293029785
727,2,336,1.3366316556930542
728,2,337,1.1835947036743164
729,2,338,1.2483757734298706
730,2,339,1.3421849012374878
731,2,340,1.1707532405853271
732,2,341,1.364790678024292
733,2,342,1.2795096635818481
734,2,343,1.139319658279419
735,2,344,1.2623769044876099
736,2,345,1.3363635540008545
737,2,346,1.1593732833862305
738,2,347,1.2377781867980957
739,2,348,1.223688006401062
740,2,349,1.3476109504699707
741,2,350,1.3227163553237915
742,2,351,1.0876193046569824
743,2,352,1.392687201499939
744,2,353,1.1554304361343384
745,2,354,1.267288327217102
746,2,355,1.2701001167297363
747,2,356,1.1305922269821167
748,2,357,1.1784007549285889
749,2,358,1.1954820156097412
750,2,359,1.0433388948440552
751,2,360,1.2321652173995972
752,2,361,1.3482117652893066
753,2,362,1.191566824913025
754,2,363,1.1920994520187378
755,2,364,1.2426952123641968
756,2,365,1.1948779821395874
757,2,366,1.2854913473129272
758,2,367,1.1663838624954224
759,2,368,1.3088157176971436
760,2,369,1.1890565156936646
761,2,370,1.4280891418457031
762,2,371,1.0940072536468506
763,2,372,1.1470621824264526
764,2,373,1.1567575931549072
765,2,374,1.2470765113830566
766,2,375,1.2139983177185059
767,2,376,1.1602344512939453
768,2,377,1.228290319442749
769,2,378,1.1152267456054688
770,2,379,1.2933915853500366
771,2,380,1.114687442779541
772,2,381,1.1189604997634888
773,2,382,1.1645007133483887
774,2,383,1.1721606254577637
775,2,384,1.2104425430297852
776,2,385,1.2605410814285278
777,2,386,1.155032753944397
778,2,387,1.3369194269180298
779,2,388,1.2146437168121338
780,2,389,1.2245739698410034
781,2,390,1.3605047464370728
782,2,391,1.2128854990005493
783,3,1,1.0477540493011475
784,3,2,1.0406705141067505
785,3,3,1.3319106101989746
786,3,4,1.2252683639526367
787,3,5,1.1727920770645142
788,3,6,1.1016349792480469
789,3,7,1.1403279304504395
790,3,8,1.2270736694335938
791,3,9,1.2564173936843872
792,3,10,1.2414562702178955
793,3,11,1.280512809753418
794,3,12,1.1003153324127197
795,3,13,1.4087061882019043
796,3,14,1.1236215829849243
797,3,15,1.1586509943008423
798,3,16,0.986569344997406
799,3,17,1.1909549236297607
800,3,18,1.0884820222854614
801,3,19,1.197457194328308
802,3,20,1.1950113773345947
803,3,21,1.0161523818969727
804,3,22,1.138465166091919
805,3,23,1.2044403553009033
806,3,24,1.3389990329742432
807,3,25,1.1024284362792969
808,3,26,1.104535698890686
809,3,27,1.1790293455123901
810,3,28,1.0614166259765625
811,3,29,1.2189216613769531
812,3,30,1.1074310541152954
813,3,31,0.9976577162742615
814,3,32,1.1410783529281616
815,3,33,1.2635043859481812
816,3,34,1.174559473991394
817,3,35,1.2304682731628418
818,3,36,1.0348621606826782
819,3,37,1.1178616285324097
820,3,38,1.3184372186660767
821,3,39,1.1358565092086792
822,3,40,1.2732820510864258
823,3,41,1.1762032508850098
824,3,42,1.2142714262008667
825,3,43,1.1724426746368408
826,3,44,1.4104794263839722
827,3,45,1.2104504108428955
828,3,46,1.192671298980713
829,3,47,1.216333031654358
830,3,48,1.1699683666229248
831,3,49,1.129246473312378
832,3,50,1.1670526266098022
833,3,51,0.9250050187110901
834,3,52,1.1981631517410278
835,3,53,1.0801647901535034
836,3,54,1.2379083633422852
837,3,55,1.225907325744629
838,3,56,1.1786102056503296
839,3,57,1.1592470407485962
840,3,58,1.2103642225265503
841,3,59,1.3123764991760254
842,3,60,1.1708831787109375
843,3,61,1.327143907546997
844,3,62,1.286755084991455
845,3,63,1.3423362970352173
846,3,64,1.197017788887024
847,3,65,1.2462114095687866
848,3,66,1.1225359439849854
849,3,67,1.1979179382324219
850,3,68,1.262297511100769
851,3,69,1.2499984502792358
852,3,70,1.1970198154449463
853,3,71,1.158603310585022
854,3,72,1.1619700193405151
855,3,73,1.2696690559387207
856,3,74,1.150671362876892
857,3,75,1.0716898441314697
858,3,76,1.1282607316970825
859,3,77,1.1195476055145264
860,3,78,1.2315239906311035
861,3,79,1.1972061395645142
862,3,80,1.2033185958862305
863,3,81,1.0068928003311157
864,3,82,1.1587427854537964
865,3,83,1.2587240934371948
866,3,84,1.3216902017593384
867,3,85,1.0389937162399292
868,3,86,1.1152753829956055
869,3,87,1.398468017578125
870,3,88,1.271028757095337
871,3,89,1.1582821607589722
872,3,90,1.1392011642456055
873,3,91,1.1824921369552612
874,3,92,1.2243770360946655
875,3,93,1.1124275922775269
876,3,94,1.0222432613372803
877,3,95,1.202105164527893
878,3,96,1.0715949535369873
879,3,97,1.1203066110610962
880,3,98,1.1858028173446655
881,3,99,1.1063929796218872
882,3,100,1.23368239402771
883,3,101,1.2587172985076904
884,3,102,1.1594524383544922
885,3,103,1.1201565265655518
886,3,104,1.0209095478057861
887,3,105,1.1906999349594116
888,3,106,1.1103235483169556
889,3,107,1.271909236907959
890,3,108,1.2295206785202026
891,3,109,1.2929342985153198
892,3,110,1.0579636096954346
893,3,111,0.9634419679641724
894,3,112,1.0374654531478882
895,3,113,1.1696078777313232
896,3,114,1.1134369373321533
897,3,115,1.1615432500839233
898,3,116,1.1247129440307617
899,3,117,1.1618638038635254
900,3,118,1.1304539442062378
901,3,119,1.0291705131530762
902,3,120,1.285398006439209
903,3,121,1.0192224979400635
904,3,122,1.1235989332199097
905,3,123,1.2589753866195679
906,3,124,1.2604117393493652
907,3,125,1.2589335441589355
908,3,126,1.1055351495742798
909,3,127,1.3692617416381836
910,3,128,1.163362979888916
911,3,129,1.0146805047988892
912,3,130,1.2226909399032593
913,3,131,1.1971746683120728
914,3,132,1.239050030708313
915,3,133,1.1464190483093262
916,3,134,1.2096580266952515
917,3,135,1.1840571165084839
918,3,136,1.0219022035598755
919,3,137,1.1250935792922974
920,3,138,1.0702087879180908
921,3,139,1.1036995649337769
922,3,140,1.1735079288482666
923,3,141,1.1216853857040405
924,3,142,1.3014215230941772
925,3,143,1.2610582113265991
926,3,144,1.1058704853057861
927,3,145,1.080112099647522
928,3,146,1.0198880434036255
929,3,147,1.2534382343292236
930,3,148,1.1357922554016113
931,3,149,1.0917638540267944
932,3,150,1.1813994646072388
933,3,151,1.0722825527191162
934,3,152,1.0276981592178345
935,3,153,1.0789670944213867
936,3,154,1.0454492568969727
937,3,155,1.063339352607727
938,3,156,1.1174471378326416
939,3,157,1.0285357236862183
940,3,158,1.2598570585250854
941,3,159,0.964997410774231
942,3,160,1.2985827922821045
943,3,161,1.154536247253418
944,3,162,1.0359665155410767
945,3,163,1.007107138633728
946,3,164,1.1247671842575073
947,3,165,1.1774948835372925
948,3,166,1.2709850072860718
949,3,167,1.362226963043213
950,3,168,0.9993719458580017
951,3,169,1.1390888690948486
952,3,170,1.1098054647445679
953,3,171,1.2151700258255005
954,3,172,1.1138664484024048
955,3,173,1.1208258867263794
956,3,174,1.177088737487793
957,3,175,1.2785801887512207
958,3,176,1.1726168394088745
959,3,177,1.2188435792922974
960,3,178,0.9891036748886108
961,3,179,1.2773244380950928
962,3,180,1.135081171989441
963,3,181,1.1953845024108887
964,3,182,1.1970417499542236
965,3,183,1.1522812843322754
966,3,184,1.1779563426971436
967,3,185,1.1163461208343506
968,3,186,1.0993000268936157
969,3,187,1.0067672729492188
970,3,188,1.2131364345550537
971,3,189,1.1772031784057617
972,3,190,1.0770412683486938
973,3,191,1.1633379459381104
974,3,192,1.0605019330978394
975,3,193,1.211766004562378
976,3,194,1.3058440685272217
977,3,195,1.053201675415039
978,3,196,0.9841262102127075
979,3,197,1.293811321258545
980,3,198,1.0237867832183838
981,3,199,1.0441731214523315
982,3,200,1.0790480375289917
983,3,201,1.1925019025802612
984,3,202,1.1713597774505615
985,3,203,1.164722204208374
986,3,204,1.0704841613769531
987,3,205,1.2175109386444092
988,3,206,1.12005615234375
989,3,207,1.1017495393753052
990,3,208,1.234123706817627
991,3,209,1.3209646940231323
992,3,210,1.1007219552993774
993,3,211,1.3038182258605957
994,3,212,1.0221796035766602
995,3,213,1.0530790090560913
996,3,214,1.0122840404510498
997,3,215,1.1795921325683594
998,3,216,1.061434030532837
999,3,217,1.2753379344940186
1000,3,218,0.9673746824264526
1001,3,219,0.8778735995292664
1002,3,220,1.0934351682662964
1003,3,221,1.2764904499053955
1004,3,222,1.0149589776992798
1005,3,223,1.1910244226455688
1006,3,224,1.0441125631332397
1007,3,225,1.0825430154800415
1008,3,226,1.1798471212387085
1009,3,227,1.0551695823669434
1010,3,228,1.1326286792755127
1011,3,229,1.001417636871338
1012,3,230,1.191288948059082
1013,3,231,1.1250478029251099
1014,3,232,1.1822082996368408
1015,3,233,1.137083888053894
1016,3,234,1.2677476406097412
1017,3,235,1.3091356754302979
1018,3,236,1.1574079990386963
1019,3,237,1.1391115188598633
1020,3,238,1.0522102117538452
1021,3,239,1.1741775274276733
1022,3,240,1.0951894521713257
1023,3,241,1.0496212244033813
1024,3,242,1.0308210849761963
1025,3,243,1.2147222757339478
1026,3,244,1.053560733795166
1027,3,245,1.0925068855285645
1028,3,246,1.1185225248336792
1029,3,247,1.099014163017273
1030,3,248,1.2419921159744263
1031,3,249,1.103770136833191
1032,3,250,1.0324440002441406
1033,3,251,1.0004521608352661
1034,3,252,0.9695048332214355
1035,3,253,1.2312495708465576
1036,3,254,1.2001358270645142
1037,3,255,1.1206536293029785
1038,3,256,1.0678284168243408
1039,3,257,1.2157868146896362
1040,3,258,1.0487257242202759
1041,3,259,1.0061296224594116
1042,3,260,0.9984554052352905
1043,3,261,1.0258334875106812
1044,3,262,1.2889817953109741
1045,3,263,1.0991355180740356
1046,3,264,0.9124515056610107
1047,3,265,1.0475205183029175
1048,3,266,1.273505687713623
1049,3,267,1.038496494293213
1050,3,268,1.101151943206787
1051,3,269,1.287798285484314
1052,3,270,1.0463200807571411
1053,3,271,1.11020827293396
1054,3,272,1.1502379179000854
1055,3,273,1.2364088296890259
1056,3,274,1.077768325805664
1057,3,275,1.124461054801941
1058,3,276,1.0977351665496826
1059,3,277,1.100146770477295
1060,3,278,1.1668596267700195
1061,3,279,1.0386847257614136
1062,3,280,1.0790274143218994
1063,3,281,1.1765352487564087
1064,3,282,1.1012881994247437
1065,3,283,1.1211180686950684
1066,3,284,1.2507812976837158
1067,3,285,1.0389716625213623
1068,3,286,1.1230134963989258
1069,3,287,1.0802563428878784
1070,3,288,0.9727292656898499
1071,3,289,1.2009820938110352
1072,3,290,0.9523335695266724
1073,3,291,1.0572701692581177
1074,3,292,1.149503469467163
1075,3,293,1.0190794467926025
1076,3,294,1.004774570465088
1077,3,295,1.1583166122436523
1078,3,296,1.1035147905349731
1079,3,297,1.108350157737732
1080,3,298,1.1189982891082764
1081,3,299,0.9890632033348083
1082,3,300,1.1045589447021484
1083,3,301,1.2221674919128418
1084,3,302,1.0641405582427979
1085,3,303,1.3329836130142212
1086,3,304,1.0224047899246216
1087,3,305,1.1348693370819092
1088,3,306,1.0659234523773193
1089,3,307,1.1346666812896729
1090,3,308,1.1417946815490723
1091,3,309,1.085363745689392
1092,3,310,1.1679797172546387
1093,3,311,0.9763164520263672
1094,3,312,1.1619256734848022
1095,3,313,1.1086487770080566
1096,3,314,1.105256199836731
1097,3,315,0.973757266998291
1098,3,316,1.059274435043335
1099,3,317,1.0867178440093994
1100,3,318,0.8603214621543884
1101,3,319,1.1973483562469482
1102,3,320,1.2550212144851685
1103,3,321,1.1045976877212524
1104,3,322,0.9841682314872742
1105,3,323,0.9383814334869385
1106,3,324,1.1243712902069092
1107,3,325,1.1276909112930298
1108,3,326,1.2291593551635742
1109,3,327,1.0060802698135376
1110,3,328,1.2089190483093262
1111,3,329,1.1133618354797363
1112,3,330,1.2400833368301392
1113,3,331,0.9576913118362427
1114,3,332,1.0973504781723022
1115,3,333,0.9088649749755859
1116,3,334,1.0737413167953491
1117,3,335,1.0149308443069458
1118,3,336,1.1110233068466187
1119,3,337,0.9429801106452942
1120,3,338,1.2233757972717285
1121,3,339,0.9411910176277161
1122,3,340,1.1748298406600952
1123,3,341,1.136924147605896
1124,3,342,1.081133246421814
1125,3,343,0.940360963344574
1126,3,344,0.9939852952957153
1127,3,345,1.1129882335662842
1128,3,346,0.9791515469551086
1129,3,347,1.0383219718933105
1130,3,348,1.1531200408935547
1131,3,349,1.0361322164535522
1132,3,350,1.1643985509872437
1133,3,351,1.0247505903244019
1134,3,352,1.0013511180877686
1135,3,353,1.1004630327224731
1136,3,354,0.9931075572967529
1137,3,355,1.3131862878799438
1138,3,356,1.0369586944580078
1139,3,357,0.8994669318199158
1140,3,358,1.316481351852417
1141,3,359,1.0475045442581177
1142,3,360,1.1161904335021973
1143,3,361,1.0673773288726807
1144,3,362,1.063893437385559
1145,3,363,0.9192951917648315
1146,3,364,1.023388385772705
1147,3,365,0.9212045669555664
1148,3,366,1.1908658742904663
1149,3,367,1.1746864318847656
1150,3,368,1.0177055597305298
1151,3,369,0.9800049066543579
1152,3,370,1.0201482772827148
1153,3,371,1.1878046989440918
1154,3,372,0.9649503231048584
1155,3,373,1.0221415758132935
1156,3,374,1.0582882165908813
1157,3,375,1.141122579574585
1158,3,376,1.1514984369277954
1159,3,377,1.083228588104248
1160,3,378,1.0536812543869019
1161,3,379,0.9984686374664307
1162,3,380,0.8633423447608948
1163,3,381,1.0151129961013794
1164,3,382,1.0394525527954102
1165,3,383,1.1620733737945557
1166,3,384,0.9890331625938416
1167,3,385,1.037062406539917
1168,3,386,1.1576464176177979
1169,3,387,1.1626204252243042
1170,3,388,1.3407392501831055
1171,3,389,1.0535236597061157
1172,3,390,1.0173406600952148
1173,3,391,1.0849559307098389
1174,4,1,0.9799652099609375
1175,4,2,1.0258996486663818
1176,4,3,1.1877318620681763
1177,4,4,1.174649715423584
1178,4,5,0.9375350475311279
1179,4,6,0.9814926385879517
1180,4,7,0.8938472867012024
1181,4,8,0.9408855438232422
1182,4,9,0.9734419584274292
1183,4,10,1.1257802248001099
1184,4,11,0.893468976020813
1185,4,12,0.887365460395813
1186,4,13,1.065730333328247
1187,4,14,0.8940840363502502
1188,4,15,0.9843193888664246
1189,4,16,1.0220695734024048
1190,4,17,1.1022521257400513
1191,4,18,0.9480113387107849
1192,4,19,0.9058318138122559
1193,4,20,0.9341999292373657
1194,4,21,0.8568812012672424
1195,4,22,0.8148016929626465
1196,4,23,0.985663890838623
1197,4,24,1.0892119407653809
1198,4,25,0.7728708386421204
1199,4,26,1.0722540616989136
1200,4,27,0.9787799119949341
1201,4,28,1.0590810775756836
1202,4,29,0.9330673217773438
1203,4,30,1.0029889345169067
1204,4,31,0.936845064163208
1205,4,32,1.0587276220321655
1206,4,33,1.1279317140579224
1207,4,34,1.1225361824035645
1208,4,35,0.9438050985336304
1209,4,36,1.067641019821167
1210,4,37,1.124607801437378
1211,4,38,0.8942527770996094
1212,4,39,0.9618493914604187
1213,4,40,1.0655324459075928
1214,4,41,0.9771266579627991
1215,4,42,1.0103181600570679
1216,4,43,1.0480029582977295
1217,4,44,0.9699167013168335
1218,4,45,1.1356816291809082
1219,4,46,1.0092124938964844
1220,4,47,0.9532593488693237
1221,4,48,0.9305705428123474
1222,4,49,0.9054474830627441
1223,4,50,0.9299542307853699
1224,4,51,1.0814509391784668
1225,4,52,0.9946868419647217
1226,4,53,0.8511378169059753
1227,4,54,0.938132643699646
1228,4,55,0.9831558465957642
1229,4,56,1.0109494924545288
1230,4,57,0.9287099242210388
1231,4,58,0.9882789254188538
1232,4,59,1.085279107093811
1233,4,60,0.9560297727584839
1234,4,61,0.979091465473175
1235,4,62,1.1018327474594116
1236,4,63,1.093552827835083
1237,4,64,0.8251206278800964
1238,4,65,1.0736764669418335
1239,4,66,0.862198531627655
1240,4,67,1.09617018699646
1241,4,68,1.2045753002166748
1242,4,69,0.9893596172332764
1243,4,70,1.3491058349609375
1244,4,71,1.1459413766860962
1245,4,72,1.1030176877975464
1246,4,73,1.0255248546600342
1247,4,74,1.0375292301177979
1248,4,75,0.9193333983421326
1249,4,76,0.8898752331733704
1250,4,77,1.0308806896209717
1251,4,78,1.0201971530914307
1252,4,79,0.9602863192558289
1253,4,80,0.9386771321296692
1254,4,81,1.121842861175537
1255,4,82,0.9358197450637817
1256,4,83,1.1648303270339966
1257,4,84,0.9340462684631348
1258,4,85,1.0215479135513306
1259,4,86,1.07228684425354
1260,4,87,1.119081735610962
1261,4,88,1.0444304943084717
1262,4,89,1.1347908973693848
1263,4,90,0.9000949859619141
1264,4,91,0.9767285585403442
1265,4,92,1.0939879417419434
1266,4,93,1.1220568418502808
1267,4,94,1.0611809492111206
1268,4,95,1.0029224157333374
1269,4,96,0.9793254733085632
1270,4,97,0.9172994494438171
1271,4,98,1.2665133476257324
1272,4,99,1.1241378784179688
1273,4,100,0.9408028721809387
1274,4,101,1.082436442375183
1275,4,102,1.0626150369644165
1276,4,103,0.9046849608421326
1277,4,104,1.0375776290893555
1278,4,105,1.0068473815917969
1279,4,106,0.8962039351463318
1280,4,107,1.0472426414489746
1281,4,108,0.8197270035743713
1282,4,109,0.8157277703285217
1283,4,110,1.2229653596878052
1284,4,111,1.0974221229553223
1285,4,112,0.8117575645446777
1286,4,113,0.8767759203910828
1287,4,114,0.8837863802909851
1288,4,115,1.0253552198410034
1289,4,116,0.8234127759933472
1290,4,117,1.0756769180297852
1291,4,118,0.9574620127677917
1292,4,119,1.1415510177612305
1293,4,120,1.010388970375061
1294,4,121,1.0374937057495117
1295,4,122,0.9841760993003845
1296,4,123,0.9286356568336487
1297,4,124,0.8497003316879272
1298,4,125,0.936497688293457
1299,4,126,1.086637020111084
1300,4,127,1.198654294013977
1301,4,128,1.0600746870040894
1302,4,129,1.000577688217163
1303,4,130,1.0017670392990112
1304,4,131,0.9929211735725403
1305,4,132,0.9951161742210388
1306,4,133,1.1601197719573975
1307,4,134,0.9804383516311646
1308,4,135,0.8985234498977661
1309,4,136,0.9588381052017212
1310,4,137,1.06028413772583
1311,4,138,1.1265432834625244
1312,4,139,0.8903186321258545
1313,4,140,1.0048470497131348
1314,4,141,1.0649445056915283
1315,4,142,0.919779896736145
1316,4,143,0.9962980151176453
1317,4,144,1.0357017517089844
1318,4,145,0.8881418704986572
1319,4,146,0.8044822216033936
1320,4,147,0.9994409680366516
1321,4,148,1.0444819927215576
1322,4,149,1.1781587600708008
1323,4,150,0.9005168676376343
1324,4,151,1.0285745859146118
1325,4,152,0.9680284857749939
1326,4,153,0.8522455096244812
1327,4,154,0.9632137417793274
1328,4,155,0.8977727890014648
1329,4,156,0.8966002464294434
1330,4,157,0.9090563058853149
1331,4,158,1.0361725091934204
1332,4,159,1.028555989265442
1333,4,160,1.1488040685653687
1334,4,161,1.083815336227417
1335,4,162,0.9569200277328491
1336,4,163,0.8403221964836121
1337,4,164,1.097639560699463
1338,4,165,0.8536304235458374
1339,4,166,0.9948096871376038
1340,4,167,1.1294820308685303
1341,4,168,1.0926339626312256
1342,4,169,0.9235783815383911
1343,4,170,0.9147020578384399
1344,4,171,1.012066125869751
1345,4,172,1.0162171125411987
1346,4,173,0.8651116490364075
1347,4,174,1.0392069816589355
1348,4,175,1.0221524238586426
1349,4,176,1.0176957845687866
1350,4,177,0.951975405216217
1351,4,178,1.0227218866348267
1352,4,179,1.058281660079956
1353,4,180,0.9412543773651123
1354,4,181,0.9684063196182251
1355,4,182,0.9140065312385559
1356,4,183,0.9102184772491455
1357,4,184,1.1663004159927368
1358,4,185,1.0428968667984009
1359,4,186,0.9156630635261536
1360,4,187,0.930077850818634
1361,4,188,0.8939406275749207
1362,4,189,1.0099927186965942
1363,4,190,0.9111226201057434
1364,4,191,0.9756110310554504
1365,4,192,0.9385842680931091
1366,4,193,1.0148861408233643
1367,4,194,0.9684554934501648
1368,4,195,0.9952638149261475
1369,4,196,0.9740768671035767
1370,4,197,0.9264774918556213
1371,4,198,0.9320915937423706
1372,4,199,0.9430511593818665
1373,4,200,0.8498321771621704
1374,4,201,0.9030625820159912
1375,4,202,0.9117465019226074
1376,4,203,0.788262665271759
1377,4,204,1.0264883041381836
1378,4,205,0.8475252985954285
1379,4,206,0.9376416206359863
1380,4,207,0.9035359025001526
1381,4,208,1.1105163097381592
1382,4,209,0.8389797806739807
1383,4,210,0.9256296157836914
1384,4,211,0.9188544750213623
1385,4,212,0.8728214502334595
1386,4,213,1.1586538553237915
1387,4,214,1.0791783332824707
1388,4,215,1.0586405992507935
1389,4,216,1.1455662250518799
1390,4,217,0.8955435752868652
1391,4,218,0.9436606168746948
1392,4,219,1.0493654012680054
1393,4,220,0.937568187713623
1394,4,221,0.9267743229866028
1395,4,222,0.9770993590354919
1396,4,223,1.0523617267608643
1397,4,224,0.9390886425971985
1398,4,225,1.0607162714004517
1399,4,226,0.8965743184089661
1400,4,227,0.9591705799102783
1401,4,228,0.8744981288909912
1402,4,229,1.1204125881195068
1403,4,230,0.9646193981170654
1404,4,231,1.1541868448257446
1405,4,232,1.1519029140472412
1406,4,233,0.893287718296051
1407,4,234,0.8684276938438416
1408,4,235,1.1293432712554932
1409,4,236,1.0774712562561035
1410,4,237,1.0266187191009521
1411,4,238,1.0453606843948364
1412,4,239,0.8903961181640625
1413,4,240,1.0263797044754028
1414,4,241,0.9248048663139343
1415,4,242,0.9416146874427795
1416,4,243,0.9420746564865112
1417,4,244,0.9872738718986511
1418,4,245,0.9409513473510742
1419,4,246,0.8801208734512329
1420,4,247,1.0604273080825806
1421,4,248,0.9646924734115601
1422,4,249,0.8295475244522095
1423,4,250,0.8178519606590271
1424,4,251,1.0098776817321777
1425,4,252,0.8138812184333801
1426,4,253,0.9251439571380615
1427,4,254,1.0389065742492676
1428,4,255,0.9721416234970093
1429,4,256,0.7974671721458435
1430,4,257,0.9548495411872864
1431,4,258,0.9343122839927673
1432,4,259,1.0068280696868896
1433,4,260,0.8652827143669128
1434,4,261,0.8258582353591919
1435,4,262,0.9698225855827332
1436,4,263,0.8647876977920532
1437,4,264,0.8979315757751465
1438,4,265,1.0128213167190552
1439,4,266,0.8582038283348083
1440,4,267,1.005545735359192
1441,4,268,0.8465703129768372
1442,4,269,0.8546697497367859
1443,4,270,0.8028228282928467
1444,4,271,0.7379596829414368
1445,4,272,0.9950299859046936
1446,4,273,0.856831967830658
1447,4,274,0.8056789636611938
1448,4,275,0.8018803000450134
1449,4,276,0.8726552128791809
1450,4,277,1.055779218673706
1451,4,278,0.9105024933815002
1452,4,279,0.902191698551178
1453,4,280,1.148207426071167
1454,4,281,1.2142086029052734
1455,4,282,1.0086396932601929
1456,4,283,1.1576162576675415
1457,4,284,0.9598639011383057
1458,4,285,0.9011654257774353
1459,4,286,0.9055446982383728
1460,4,287,1.0486502647399902
1461,4,288,1.0055352449417114
1462,4,289,1.0467071533203125
1463,4,290,0.9977957606315613
1464,4,291,1.0144131183624268
1465,4,292,0.9453140497207642
1466,4,293,0.9744600653648376
1467,4,294,1.1086487770080566
1468,4,295,1.0214430093765259
1469,4,296,0.9034680724143982
1470,4,297,0.9125828742980957
1471,4,298,1.158800482749939
1472,4,299,0.8583831787109375
1473,4,300,0.9818329811096191
1474,4,301,0.831864058971405
1475,4,302,0.9826488494873047
1476,4,303,0.8589047789573669
1477,4,304,1.0550322532653809
1478,4,305,0.8981460332870483
1479,4,306,1.0650349855422974
1480,4,307,0.9353065490722656
1481,4,308,1.0493465662002563
1482,4,309,0.8065454959869385
1483,4,310,1.0710668563842773
1484,4,311,0.8375898003578186
1485,4,312,0.8416594862937927
1486,4,313,0.9408443570137024
1487,4,314,1.093349575996399
1488,4,315,0.998352587223053
1489,4,316,1.0247220993041992
1490,4,317,1.1697475910186768
1491,4,318,1.0173956155776978
1492,4,319,0.9988995790481567
1493,4,320,0.9029706716537476
1494,4,321,1.079677939414978
1495,4,322,0.9610399007797241
1496,4,323,0.915816605091095
1497,4,324,0.8953148126602173
1498,4,325,0.9019170999526978
1499,4,326,1.101340413093567
1500,4,327,0.9206472635269165
1501,4,328,0.9712197184562683
1502,4,329,0.8834769129753113
1503,4,330,0.8162350654602051
1504,4,331,0.8944407105445862
1505,4,332,1.0539624691009521
1506,4,333,0.8520558476448059
1507,4,334,0.9063860177993774
1508,4,335,0.8264246582984924
1509,4,336,0.8781407475471497
1510,4,337,0.8196346163749695
1511,4,338,0.8543573021888733
1512,4,339,0.8073322176933289
1513,4,340,0.9537633657455444
1514,4,341,1.0310428142547607
1515,4,342,0.8286288976669312
1516,4,343,1.1191352605819702
1517,4,344,0.8126876950263977
1518,4,345,0.8965002298355103
1519,4,346,0.9412396550178528
1520,4,347,0.9842960834503174
1521,4,348,0.9891630411148071
1522,4,349,0.9430352449417114
1523,4,350,0.8893005847930908
1524,4,351,0.9864867329597473
1525,4,352,0.9844158887863159
1526,4,353,1.0854237079620361
1527,4,354,0.9011853933334351
1528,4,355,1.2267391681671143
1529,4,356,0.959142804145813
1530,4,357,1.0013952255249023
1531,4,358,1.0267839431762695
1532,4,359,1.0111716985702515
1533,4,360,0.9945287108421326
1534,4,361,0.9588510990142822
1535,4,362,0.8819511532783508
1536,4,363,0.874661386013031
1537,4,364,0.9266177415847778
1538,4,365,0.7416681051254272
1539,4,366,0.8738035559654236
1540,4,367,0.9222755432128906
1541,4,368,0.9765753149986267
1542,4,369,0.9086748361587524
1543,4,370,0.9910025596618652
1544,4,371,1.0547081232070923
1545,4,372,1.014060139656067
1546,4,373,0.8795062303543091
1547,4,374,0.7479920983314514
1548,4,375,0.9411541223526001
1549,4,376,0.9094029068946838
1550,4,377,0.8428462147712708
1551,4,378,0.9612173438072205
1552,4,379,0.8876014351844788
1553,4,380,1.0093638896942139
1554,4,381,0.9643089771270752
1555,4,382,0.8369579315185547
1556,4,383,1.060415506362915
1557,4,384,0.8135327696800232
1558,4,385,1.005522608757019
1559,4,386,0.8813908696174622
1560,4,387,0.7993859052658081
1561,4,388,0.7854247093200684
1562,4,389,0.9648090600967407
1563,4,390,0.8550233840942383
1564,4,391,1.1426191329956055
1565,5,1,0.7243641018867493
1566,5,2,0.9375510811805725
1567,5,3,0.9245163798332214
1568,5,4,0.909446120262146
1569,5,5,0.89888596534729
1570,5,6,0.8220149874687195
1571,5,7,0.791237473487854
1572,5,8,0.8169085383415222
1573,5,9,0.8768216967582703
1574,5,10,0.82850581407547
1575,5,11,0.879472553730011
1576,5,12,0.9484483599662781
1577,5,13,0.7930310368537903
1578,5,14,0.9409117102622986
1579,5,15,0.8388941287994385
1580,5,16,0.7781510353088379
1581,5,17,0.7736989259719849
1582,5,18,0.9176428914070129
1583,5,19,0.8337419033050537
1584,5,20,0.8489269614219666
1585,5,21,0.8591366410255432
1586,5,22,0.6138725280761719
1587,5,23,0.7215346693992615
1588,5,24,0.8047367334365845
1589,5,25,0.8374270796775818
1590,5,26,0.8798338174819946
1591,5,27,0.8015133142471313
1592,5,28,0.8860211372375488
1593,5,29,0.8171136379241943
1594,5,30,0.8651530146598816
1595,5,31,0.9155928492546082
1596,5,32,0.675421416759491
1597,5,33,0.7954067587852478
1598,5,34,0.9343920946121216
1599,5,35,0.9475041031837463
1600,5,36,0.8122451901435852
1601,5,37,0.794403076171875
1602,5,38,0.7463001012802124
1603,5,39,0.7746647596359253
1604,5,40,0.7538784742355347
1605,5,41,0.9345144629478455
1606,5,42,0.735395610332489
1607,5,43,0.694222092628479
1608,5,44,0.7642433047294617
1609,5,45,0.7412697672843933
1610,5,46,0.8105854988098145
1611,5,47,1.0032984018325806
1612,5,48,0.9787678718566895
1613,5,49,1.0034327507019043
1614,5,50,0.8110078573226929
1615,5,51,0.9540331959724426
1616,5,52,0.7500854134559631
1617,5,53,0.8785157799720764
1618,5,54,0.6656600832939148
1619,5,55,0.7269039154052734
1620,5,56,0.8629215359687805
1621,5,57,0.7865539789199829
1622,5,58,0.7611750960350037
1623,5,59,0.8456771373748779
1624,5,60,0.7031988501548767
1625,5,61,0.809673547744751
1626,5,62,0.8859720826148987
1627,5,63,0.8753846287727356
1628,5,64,0.9305027723312378
1629,5,65,0.7260321378707886
1630,5,66,0.7909846305847168
1631,5,67,0.9930809140205383
1632,5,68,1.0121208429336548
1633,5,69,0.9613280296325684
1634,5,70,0.8088757991790771
1635,5,71,0.8668348789215088
1636,5,72,0.7970848679542542
1637,5,73,0.8690864443778992
1638,5,74,0.984483003616333
1639,5,75,0.9460516571998596
1640,5,76,0.7314785718917847
1641,5,77,0.9687949419021606
1642,5,78,0.9342933297157288
1643,5,79,0.9503811597824097
1644,5,80,0.8603538274765015
1645,5,81,0.8429250717163086
1646,5,82,0.9692361950874329
1647,5,83,0.9567292332649231
1648,5,84,1.0992474555969238
1649,5,85,0.7995105981826782
1650,5,86,0.8786087036132812
1651,5,87,1.1297119855880737
1652,5,88,0.8056041598320007
1653,5,89,0.9934653043746948
1654,5,90,0.7674265503883362
1655,5,91,0.8198581337928772
1656,5,92,0.8859584927558899
1657,5,93,0.7869455218315125
1658,5,94,0.8165653944015503
1659,5,95,0.8276832699775696
1660,5,96,0.74141526222229
1661,5,97,0.9345189332962036
1662,5,98,0.9840030670166016
1663,5,99,0.9076700210571289
1664,5,100,0.9219696521759033
1665,5,101,1.051803708076477
1666,5,102,1.0192584991455078
1667,5,103,0.7654908895492554
1668,5,104,0.888946533203125
1669,5,105,0.9889818429946899
1670,5,106,0.7784716486930847
1671,5,107,1.102346658706665
1672,5,108,0.8832221627235413
1673,5,109,0.8789005279541016
1674,5,110,0.9528421759605408
1675,5,111,0.9225192070007324
1676,5,112,0.9250806570053101
1677,5,113,1.044463872909546
1678,5,114,0.9036698341369629
1679,5,115,0.8669428825378418
1680,5,116,0.8403228521347046
1681,5,117,0.7220109701156616
1682,5,118,0.8577698469161987
1683,5,119,0.8049298524856567
1684,5,120,0.7904468774795532
1685,5,121,0.8305197954177856
1686,5,122,0.8896502256393433
1687,5,123,0.8373500108718872
1688,5,124,0.7695226669311523
1689,5,125,0.9234147071838379
1690,5,126,1.0562793016433716
1691,5,127,0.7893524169921875
1692,5,128,1.0348327159881592
1693,5,129,0.9120818972587585
1694,5,130,0.7441964149475098
1695,5,131,0.9532504677772522
1696,5,132,0.7144674062728882
1697,5,133,1.0011593103408813
1698,5,134,0.8948873281478882
1699,5,135,0.8173209428787231
1700,5,136,0.7578580975532532
1701,5,137,0.8650415539741516
1702,5,138,0.6806789636611938
1703,5,139,1.0637133121490479
1704,5,140,0.9964267015457153
1705,5,141,0.8621167540550232
1706,5,142,0.879169225692749
1707,5,143,0.6848965883255005
1708,5,144,0.8929710984230042
1709,5,145,0.877593457698822
1710,5,146,0.7276275157928467
1711,5,147,0.8450596332550049
1712,5,148,0.9201958179473877
1713,5,149,0.7170470952987671
1714,5,150,0.9005689024925232
1715,5,151,0.7577046155929565
1716,5,152,0.8394979238510132
1717,5,153,0.8897160887718201
1718,5,154,0.7740734815597534
1719,5,155,0.7251543402671814
1720,5,156,0.8698174953460693
1721,5,157,0.893936812877655
1722,5,158,0.7253743410110474
1723,5,159,0.7477230429649353
1724,5,160,0.7555744647979736
1725,5,161,0.8967671394348145
1726,5,162,0.791022002696991
1727,5,163,0.7768025398254395
1728,5,164,0.9555211067199707
1729,5,165,0.849731981754303
1730,5,166,1.1102094650268555
1731,5,167,0.9634789824485779
1732,5,168,0.7327870726585388
1733,5,169,1.1055583953857422
1734,5,170,0.7929189801216125
1735,5,171,0.9003318548202515
1736,5,172,0.8166359663009644
1737,5,173,0.793891966342926
1738,5,174,0.9037080407142639
1739,5,175,0.8186025619506836
1740,5,176,0.8739446401596069
1741,5,177,0.9565107822418213
1742,5,178,0.7357264757156372
1743,5,179,0.7722746729850769
1744,5,180,0.8809754848480225
1745,5,181,0.9170292615890503
1746,5,182,0.9616478681564331
1747,5,183,0.8192309737205505
1748,5,184,0.7707691192626953
1749,5,185,0.9169669151306152
1750,5,186,0.8134523034095764
1751,5,187,0.8854109644889832
1752,5,188,0.7634470462799072
1753,5,189,0.7140026688575745
1754,5,190,0.811466634273529
1755,5,191,0.7455050945281982
1756,5,192,0.7548972368240356
1757,5,193,0.7997995018959045
1758,5,194,0.7937957048416138
1759,5,195,0.8299213647842407
1760,5,196,0.9207004904747009
1761,5,197,0.8096836805343628
1762,5,198,0.7301921844482422
1763,5,199,0.9507036209106445
1764,5,200,0.8492704033851624
1765,5,201,0.8255854249000549
1766,5,202,0.7724243998527527
1767,5,203,0.9171919226646423
1768,5,204,0.8267965316772461
1769,5,205,0.7840797901153564
1770,5,206,0.8157046437263489
1771,5,207,0.8937848210334778
1772,5,208,0.7562758326530457
1773,5,209,0.8648930191993713
1774,5,210,0.7368826866149902
1775,5,211,0.8026713728904724
1776,5,212,0.6399132609367371
1777,5,213,0.8815540671348572
1778,5,214,0.8414791226387024
1779,5,215,0.8550423979759216
1780,5,216,0.8592287302017212
1781,5,217,0.9300355315208435
1782,5,218,0.6610705852508545
1783,5,219,0.9867715835571289
1784,5,220,1.020359992980957
1785,5,221,0.9474456310272217
1786,5,222,0.8629428744316101
1787,5,223,0.9659571051597595
1788,5,224,0.7949441075325012
1789,5,225,0.8056145906448364
1790,5,226,0.7741427421569824
1791,5,227,1.0409215688705444
1792,5,228,0.8366816639900208
1793,5,229,0.7936768531799316
1794,5,230,0.7225192785263062
1795,5,231,0.8515005707740784
1796,5,232,0.9098525643348694
1797,5,233,0.8804338574409485
1798,5,234,0.6973783373832703
1799,5,235,0.7732618451118469
1800,5,236,0.9211775660514832
1801,5,237,0.9506742358207703
1802,5,238,0.8886215686798096
1803,5,239,0.7763183116912842
1804,5,240,0.8858729600906372
1805,5,241,0.854316234588623
1806,5,242,0.8743982911109924
1807,5,243,0.8886874318122864
1808,5,244,0.8387982249259949
1809,5,245,0.8234658241271973
1810,5,246,0.8298594951629639
1811,5,247,0.7784066200256348
1812,5,248,0.8024227619171143
1813,5,249,0.8416529893875122
1814,5,250,0.7638829350471497
1815,5,251,0.7735477089881897
1816,5,252,0.9289618134498596
1817,5,253,0.718472421169281
1818,5,254,0.871956467628479
1819,5,255,0.99383544921875
1820,5,256,0.7316423058509827
1821,5,257,0.7298803329467773
1822,5,258,0.8956905603408813
1823,5,259,0.8234581351280212
1824,5,260,0.7152114510536194
1825,5,261,0.9422499537467957
1826,5,262,0.8140348792076111
1827,5,263,0.7887537479400635
1828,5,264,0.8427796959877014
1829,5,265,0.7104895710945129
1830,5,266,0.799579381942749
1831,5,267,0.8821250200271606
1832,5,268,0.8927931785583496
1833,5,269,0.722940981388092
1834,5,270,0.8166726231575012
1835,5,271,0.8581328988075256
1836,5,272,0.7635319828987122
1837,5,273,0.7499648332595825
1838,5,274,0.8576529622077942
1839,5,275,0.9192769527435303
1840,5,276,0.6814546585083008
1841,5,277,0.7655284404754639
1842,5,278,1.0044838190078735
1843,5,279,0.8598613739013672
1844,5,280,0.6945904493331909
1845,5,281,0.7869833111763
1846,5,282,0.7930419445037842
1847,5,283,0.78680819272995
1848,5,284,0.702926754951477
1849,5,285,0.8946346044540405
1850,5,286,0.7944163680076599
1851,5,287,0.9300453066825867
1852,5,288,0.8170422315597534
1853,5,289,0.8344740867614746
1854,5,290,0.786474883556366
1855,5,291,1.0132883787155151
1856,5,292,0.6610186100006104
1857,5,293,0.876297652721405
1858,5,294,0.6902047991752625
1859,5,295,0.8572643995285034
1860,5,296,0.8023577928543091
1861,5,297,0.9209902286529541
1862,5,298,1.0700722932815552
1863,5,299,0.892284095287323
1864,5,300,0.8425577282905579
1865,5,301,0.806596577167511
1866,5,302,0.7697290182113647
1867,5,303,0.9881487488746643
1868,5,304,0.781046986579895
1869,5,305,0.8245818018913269
1870,5,306,0.7318533062934875
1871,5,307,0.8758580684661865
1872,5,308,0.7980537414550781
1873,5,309,0.7032357454299927
1874,5,310,0.8545495271682739
1875,5,311,0.9787468910217285
1876,5,312,0.7869836091995239
1877,5,313,0.7249258756637573
1878,5,314,0.9145052433013916
1879,5,315,0.8366443514823914
1880,5,316,0.8092589974403381
1881,5,317,0.736224889755249
1882,5,318,0.797794759273529
1883,5,319,0.7908583879470825
1884,5,320,0.875221848487854
1885,5,321,0.6534091830253601
1886,5,322,0.9461656212806702
1887,5,323,0.6678425669670105
1888,5,324,0.8635113835334778
1889,5,325,0.7785887122154236
1890,5,326,0.775886058807373
1891,5,327,0.8500286340713501
1892,5,328,0.692531943321228
1893,5,329,0.7090691924095154
1894,5,330,0.7876733541488647
1895,5,331,0.6893299221992493
1896,5,332,0.8105992078781128
1897,5,333,0.6865038871765137
1898,5,334,0.7648099064826965
1899,5,335,0.7763124108314514
1900,5,336,0.8571728467941284
1901,5,337,0.956910252571106
1902,5,338,0.7091339230537415
1903,5,339,0.7608696818351746
1904,5,340,1.0134611129760742
1905,5,341,0.7027106881141663
1906,5,342,0.6927396655082703
1907,5,343,0.7613552808761597
1908,5,344,0.7299134135246277
1909,5,345,0.8535005450248718
1910,5,346,0.8180261254310608
1911,5,347,0.8361509442329407
1912,5,348,0.8300348520278931
1913,5,349,0.7673322558403015
1914,5,350,0.8567340970039368
1915,5,351,0.8228170275688171
1916,5,352,0.8259658813476562
1917,5,353,0.8272272348403931
1918,5,354,0.7518290281295776
1919,5,355,0.7995936870574951
1920,5,356,0.9575902223587036
1921,5,357,0.6062236428260803
1922,5,358,0.8086497187614441
1923,5,359,1.00748872756958
1924,5,360,0.6281331181526184
1925,5,361,0.809191882610321
1926,5,362,0.8425678610801697
1927,5,363,0.7911602258682251
1928,5,364,0.7685796022415161
1929,5,365,0.7294797301292419
1930,5,366,0.6974886059761047
1931,5,367,0.974769651889801
1932,5,368,0.7800885438919067
1933,5,369,0.8075834512710571
1934,5,370,0.7041516304016113
1935,5,371,0.7800940275192261
1936,5,372,0.9029496908187866
1937,5,373,0.682962954044342
1938,5,374,0.7078703045845032
1939,5,375,0.868141233921051
1940,5,376,0.7189735174179077
1941,5,377,0.7961428165435791
1942,5,378,0.7126852869987488
1943,5,379,0.8255670070648193
1944,5,380,0.7096756100654602
1945,5,381,0.8638197779655457
1946,5,382,0.6902656555175781
1947,5,383,0.6745139360427856
1948,5,384,0.7778735160827637
1949,5,385,0.8069732189178467
1950,5,386,0.8045120239257812
1951,5,387,0.696090579032898
1952,5,388,0.8201137185096741
1953,5,389,0.9016456007957458
1954,5,390,0.7814468741416931
1955,5,391,0.9290100932121277
1956,6,1,0.8014848232269287
1957,6,2,0.6160581707954407
1958,6,3,0.770842432975769
1959,6,4,0.7950997948646545
1960,6,5,0.8263475894927979
1961,6,6,0.565816342830658
1962,6,7,0.6284571886062622
1963,6,8,0.8214621543884277
1964,6,9,0.7453732490539551
1965,6,10,0.722229540348053
1966,6,11,0.7909844517707825
1967,6,12,0.7408718466758728
1968,6,13,0.826845109462738
1969,6,14,0.6244876980781555
1970,6,15,0.5771796107292175
1971,6,16,0.5534820556640625
1972,6,17,0.8476172685623169
1973,6,18,0.7191116809844971
1974,6,19,0.6213289499282837
1975,6,20,0.6292561888694763
1976,6,21,0.7090742588043213
1977,6,22,0.5955620408058167
1978,6,23,0.6450092792510986
1979,6,24,0.7375635504722595
1980,6,25,0.8653197884559631
1981,6,26,0.615073025226593
1982,6,27,0.8114935159683228
1983,6,28,0.7007689476013184
1984,6,29,0.7753649353981018
1985,6,30,0.770033061504364
1986,6,31,0.6045823097229004
1987,6,32,0.650279700756073
1988,6,33,0.6526880264282227
1989,6,34,0.711086094379425
1990,6,35,0.6569675803184509
1991,6,36,0.7115263342857361
1992,6,37,0.6689106225967407
1993,6,38,0.7379747629165649
1994,6,39,0.7772802114486694
1995,6,40,0.6929415464401245
1996,6,41,0.7200475335121155
1997,6,42,0.8904069662094116
1998,6,43,0.7403011322021484
1999,6,44,0.5788174271583557
2000,6,45,0.6910591721534729
2001,6,46,0.7858036756515503
2002,6,47,0.6650283932685852
2003,6,48,0.8048626780509949
2004,6,49,0.8066076636314392
2005,6,50,0.6754849553108215
2006,6,51,0.6687175035476685
2007,6,52,0.681163489818573
2008,6,53,0.667134165763855
2009,6,54,0.7191572785377502
2010,6,55,0.681766927242279
2011,6,56,0.6842200756072998
2012,6,57,0.7524330615997314
2013,6,58,0.8096558451652527
2014,6,59,0.709980309009552
2015,6,60,0.7885037064552307
2016,6,61,0.6312433481216431
2017,6,62,0.7226589322090149
2018,6,63,0.7257439494132996
2019,6,64,0.6218580007553101
2020,6,65,0.809288501739502
2021,6,66,0.6400616765022278
2022,6,67,0.7312566637992859
2023,6,68,0.667678713798523
2024,6,69,0.7299597263336182
2025,6,70,0.5615438222885132
2026,6,71,0.6084978580474854
2027,6,72,0.6471102833747864
2028,6,73,0.6688835024833679
2029,6,74,0.6906847953796387
2030,6,75,0.6352778077125549
2031,6,76,0.727033257484436
2032,6,77,0.6951426863670349
2033,6,78,0.7242581844329834
2034,6,79,0.7637169361114502
2035,6,80,0.7224602699279785
2036,6,81,0.6396446228027344
2037,6,82,0.7302079200744629
2038,6,83,0.5898850560188293
2039,6,84,0.9054366946220398
2040,6,85,0.6203515529632568
2041,6,86,0.8405110239982605
2042,6,87,0.7767800092697144
2043,6,88,0.7416132688522339
2044,6,89,0.7156235575675964
2045,6,90,0.7347244620323181
2046,6,91,0.7125225067138672
2047,6,92,0.6691579222679138
2048,6,93,0.7057756781578064
2049,6,94,0.6849693059921265
2050,6,95,0.8459551930427551
2051,6,96,0.8125664591789246
2052,6,97,0.7358108162879944
2053,6,98,0.7356387376785278
2054,6,99,0.6793653964996338
2055,6,100,0.8012416958808899
2056,6,101,0.7733558416366577
2057,6,102,0.9361473321914673
2058,6,103,0.8120650053024292
2059,6,104,0.7789775133132935
2060,6,105,0.6623411178588867
2061,6,106,0.7648301720619202
2062,6,107,0.7175937294960022
2063,6,108,0.719010055065155
2064,6,109,0.6231196522712708
2065,6,110,0.7197959423065186
2066,6,111,0.7337647676467896
2067,6,112,0.8798258900642395
2068,6,113,0.6958034038543701
2069,6,114,0.844053328037262
2070,6,115,0.6772505044937134
2071,6,116,0.7519549131393433
2072,6,117,0.8831648826599121
2073,6,118,0.7904486656188965
2074,6,119,0.7472096085548401
2075,6,120,0.5450191497802734
2076,6,121,0.7698069214820862
2077,6,122,0.7553450465202332
2078,6,123,0.6774366497993469
2079,6,124,0.8579626679420471
2080,6,125,0.6022024154663086
2081,6,126,0.931528627872467
2082,6,127,0.7306144833564758
2083,6,128,0.7104121446609497
2084,6,129,0.6798951625823975
2085,6,130,0.5701606273651123
2086,6,131,0.7185603380203247
2087,6,132,0.6953051686286926
2088,6,133,0.6966197490692139
2089,6,134,0.7714170813560486
2090,6,135,0.7600255608558655
2091,6,136,0.671123743057251
2092,6,137,0.6928366422653198
2093,6,138,0.6755500435829163
2094,6,139,0.7815461158752441
2095,6,140,0.6251879930496216
2096,6,141,0.6470139026641846
2097,6,142,0.6637386679649353
2098,6,143,0.722227156162262
2099,6,144,0.6769017577171326
2100,6,145,0.8169787526130676
2101,6,146,0.8528867363929749
2102,6,147,0.6768655776977539
2103,6,148,0.6309019327163696
2104,6,149,0.6248944401741028
2105,6,150,0.5673387050628662
2106,6,151,0.8340110778808594
2107,6,152,0.5478665232658386
2108,6,153,0.7085278034210205
2109,6,154,0.5939164161682129
2110,6,155,0.6843823194503784
2111,6,156,0.7720479965209961
2112,6,157,0.7962446212768555
2113,6,158,0.6457028388977051
2114,6,159,0.6960912942886353
2115,6,160,0.8372166156768799
2116,6,161,0.6428860425949097
2117,6,162,0.7245218753814697
2118,6,163,0.7945125102996826
2119,6,164,0.778649091720581
2120,6,165,0.8315441608428955
2121,6,166,0.8622082471847534
2122,6,167,0.6606320142745972
2123,6,168,0.9393095374107361
2124,6,169,0.6051255464553833
2125,6,170,0.8089194893836975
2126,6,171,0.8314218521118164
2127,6,172,0.7137047648429871
2128,6,173,0.8941528797149658
2129,6,174,0.8136600255966187
2130,6,175,0.7171048521995544
2131,6,176,0.7414333820343018
2132,6,177,0.6270590424537659
2133,6,178,0.7264230847358704
2134,6,179,0.7071882486343384
2135,6,180,0.6675048470497131
2136,6,181,0.80344557762146
2137,6,182,0.7914459705352783
2138,6,183,0.7440194487571716
2139,6,184,0.737657368183136
2140,6,185,0.6861931085586548
2141,6,186,0.7944674491882324
2142,6,187,0.6902874708175659
2143,6,188,0.7959939241409302
2144,6,189,0.9213999509811401
2145,6,190,0.8763163089752197
2146,6,191,0.7795384526252747
2147,6,192,0.850325345993042
2148,6,193,0.7106410264968872
2149,6,194,0.7702876925468445
2150,6,195,0.7100500464439392
2151,6,196,0.6885910630226135
2152,6,197,0.6677797436714172
2153,6,198,0.6538382768630981
2154,6,199,0.7252932190895081
2155,6,200,0.7186352014541626
2156,6,201,0.9380697011947632
2157,6,202,0.853756844997406
2158,6,203,0.6700079441070557
2159,6,204,0.9246807098388672
2160,6,205,0.9873403310775757
2161,6,206,0.870998203754425
2162,6,207,0.7216951251029968
2163,6,208,0.8535911440849304
2164,6,209,0.9338994026184082
2165,6,210,0.8165166974067688
2166,6,211,0.8244990706443787
2167,6,212,0.7909660935401917
2168,6,213,0.8783609867095947
2169,6,214,0.8174291849136353
2170,6,215,0.7185975313186646
2171,6,216,0.6851695775985718
2172,6,217,0.7043675184249878
2173,6,218,0.6372450590133667
2174,6,219,0.7439435124397278
2175,6,220,0.8075250387191772
2176,6,221,0.5684788823127747
2177,6,222,0.684553861618042
2178,6,223,0.6594308614730835
2179,6,224,0.7673081159591675
2180,6,225,0.45163601636886597
2181,6,226,0.7532585859298706
2182,6,227,0.6015814542770386
2183,6,228,0.6523905992507935
2184,6,229,0.682409942150116
2185,6,230,0.626736581325531
2186,6,231,0.6034212708473206
2187,6,232,0.7165212035179138
2188,6,233,0.7459895014762878
2189,6,234,0.7400883436203003
2190,6,235,0.7638179659843445
2191,6,236,0.7524251341819763
2192,6,237,0.6813918948173523
2193,6,238,0.6911937594413757
2194,6,239,0.7880999445915222
2195,6,240,0.6541436314582825
2196,6,241,0.6977618932723999
2197,6,242,0.8379277586936951
2198,6,243,0.7496631145477295
2199,6,244,0.7055907249450684
2200,6,245,0.6622536778450012
2201,6,246,0.659696638584137
2202,6,247,0.6681065559387207
2203,6,248,0.7271352410316467
2204,6,249,0.5370023250579834
2205,6,250,0.6829150319099426
2206,6,251,0.7203624248504639
2207,6,252,0.8896544575691223
2208,6,253,0.8328763842582703
2209,6,254,0.6851215362548828
2210,6,255,0.7815073728561401
2211,6,256,0.695933997631073
2212,6,257,0.5762931108474731
2213,6,258,0.6202214360237122
2214,6,259,0.7108666896820068
2215,6,260,0.7427177429199219
2216,6,261,0.7601742148399353
2217,6,262,0.6676629781723022
2218,6,263,0.8291526436805725
2219,6,264,0.6386640071868896
2220,6,265,0.6543827652931213
2221,6,266,0.7257553339004517
2222,6,267,0.6389438509941101
2223,6,268,0.682362973690033
2224,6,269,0.6323703527450562
2225,6,270,0.8336684107780457
2226,6,271,0.661063551902771
2227,6,272,0.6138519048690796
2228,6,273,0.8621782064437866
2229,6,274,0.7403859496116638
2230,6,275,0.6996670961380005
2231,6,276,0.6136170625686646
2232,6,277,0.6434295177459717
2233,6,278,0.6578822731971741
2234,6,279,0.8900713324546814
2235,6,280,0.6880449652671814
2236,6,281,0.6981751322746277
2237,6,282,0.6540576219558716
2238,6,283,0.5668367147445679
2239,6,284,0.6357499957084656
2240,6,285,0.8681192398071289
2241,6,286,0.8122150897979736
2242,6,287,0.6048644781112671
2243,6,288,0.5753269195556641
2244,6,289,0.6438969969749451
2245,6,290,0.5929762125015259
2246,6,291,0.8329787850379944
2247,6,292,0.679088830947876
2248,6,293,0.8431615233421326
2249,6,294,0.7340976595878601
2250,6,295,0.8544561266899109
2251,6,296,0.6864957213401794
2252,6,297,0.6687877178192139
2253,6,298,0.8117854595184326
2254,6,299,0.6974958181381226
2255,6,300,0.665070116519928
2256,6,301,0.6282458305358887
2257,6,302,0.6388894319534302
2258,6,303,0.7923114895820618
2259,6,304,0.6678675413131714
2260,6,305,0.7733254432678223
2261,6,306,0.5924586057662964
2262,6,307,0.758334219455719
2263,6,308,0.7251783013343811
2264,6,309,0.7065587639808655
2265,6,310,0.6387581825256348
2266,6,311,0.6301572918891907
2267,6,312,0.7899467349052429
2268,6,313,0.717143177986145
2269,6,314,0.6819247603416443
2270,6,315,0.7029404044151306
2271,6,316,0.6355001926422119
2272,6,317,0.6379794478416443
2273,6,318,0.6700525879859924
2274,6,319,0.5956562161445618
2275,6,320,0.707267165184021
2276,6,321,0.8282886147499084
2277,6,322,0.5547966957092285
2278,6,323,0.7217656373977661
2279,6,324,0.6350058913230896
2280,6,325,0.7405679225921631
2281,6,326,0.7020819783210754
2282,6,327,0.6043055653572083
2283,6,328,0.8668717741966248
2284,6,329,0.6532723903656006
2285,6,330,0.5745997428894043
2286,6,331,0.7466373443603516
2287,6,332,0.6657149195671082
2288,6,333,0.7058608531951904
2289,6,334,0.6504490375518799
2290,6,335,0.6340475678443909
2291,6,336,0.6863656044006348
2292,6,337,0.5231013298034668
2293,6,338,0.8206228613853455
2294,6,339,0.6262592673301697
2295,6,340,0.5194904208183289
2296,6,341,0.7881031632423401
2297,6,342,0.6654714941978455
2298,6,343,0.6660346388816833
2299,6,344,0.83921879529953
2300,6,345,0.6950138211250305
2301,6,346,0.6636371612548828
2302,6,347,0.6720258593559265
2303,6,348,0.481807678937912
2304,6,349,0.6701578497886658
2305,6,350,0.6267320513725281
2306,6,351,0.7161876559257507
2307,6,352,0.5246018171310425
2308,6,353,0.6295142769813538
2309,6,354,0.5938271284103394
2310,6,355,0.776719868183136
2311,6,356,0.642078161239624
2312,6,357,0.6347344517707825
2313,6,358,0.7046530842781067
2314,6,359,0.7287967801094055
2315,6,360,0.7492783069610596
2316,6,361,0.7697881460189819
2317,6,362,0.6293527483940125
2318,6,363,0.674633800983429
2319,6,364,0.6986107230186462
2320,6,365,0.577212929725647
2321,6,366,0.6958572864532471
2322,6,367,0.8710597157478333
2323,6,368,0.5686540007591248
2324,6,369,0.5494269728660583
2325,6,370,0.6966320276260376
2326,6,371,0.6491706371307373
2327,6,372,0.6070816516876221
2328,6,373,0.5881568193435669
2329,6,374,0.5590178966522217
2330,6,375,0.7732548713684082
2331,6,376,0.8671904802322388
2332,6,377,0.7568686008453369
2333,6,378,0.7517567276954651
2334,6,379,0.8221657276153564
2335,6,380,0.6255017518997192
2336,6,381,0.8528996109962463
2337,6,382,0.7468424439430237
2338,6,383,0.8419661521911621
2339,6,384,0.6022390127182007
2340,6,385,0.653152346611023
2341,6,386,0.8251292705535889
2342,6,387,0.7115641236305237
2343,6,388,0.7151876091957092
2344,6,389,0.7137417197227478
2345,6,390,0.7691704034805298
2346,6,391,0.7922265529632568
2347,7,1,0.5202416181564331
2348,7,2,0.5240667462348938
2349,7,3,0.6036549210548401
2350,7,4,0.6362611055374146
2351,7,5,0.6964467167854309
2352,7,6,0.6458820700645447
2353,7,7,0.6351315975189209
2354,7,8,0.5783985257148743
2355,7,9,0.5853081941604614
2356,7,10,0.6580156087875366
2357,7,11,0.5303805470466614
2358,7,12,0.5062426328659058
2359,7,13,0.656983494758606
2360,7,14,0.5393660068511963
2361,7,15,0.48733627796173096
2362,7,16,0.5856152176856995
2363,7,17,0.5417566299438477
2364,7,18,0.5583866834640503
2365,7,19,0.5962256789207458
2366,7,20,0.6641209125518799
2367,7,21,0.6646953821182251
2368,7,22,0.5130621790885925
2369,7,23,0.5047423243522644
2370,7,24,0.749787449836731
2371,7,25,0.7547925710678101
2372,7,26,0.8314226269721985
2373,7,27,0.4918217658996582
2374,7,28,0.7423677444458008
2375,7,29,0.6351397633552551
2376,7,30,0.6466760039329529
2377,7,31,0.6278209686279297
2378,7,32,0.542768120765686
2379,7,33,0.5937389731407166
2380,7,34,0.6767532825469971
2381,7,35,0.7390612363815308
2382,7,36,0.7034076452255249
2383,7,37,0.6963539719581604
2384,7,38,0.6883457899093628
2385,7,39,0.5530023574829102
2386,7,40,0.7503336071968079
2387,7,41,0.4532090127468109
2388,7,42,0.7134469747543335
2389,7,43,0.6399389505386353
2390,7,44,0.6793055534362793
2391,7,45,0.7128301858901978
2392,7,46,0.6313813924789429
2393,7,47,0.595944344997406
2394,7,48,0.7941530346870422
2395,7,49,0.6097374558448792
2396,7,50,0.5165201425552368
2397,7,51,0.5526619553565979
2398,7,52,0.5968605279922485
2399,7,53,0.4673866331577301
2400,7,54,0.614816427230835
2401,7,55,0.6017556190490723
2402,7,56,0.6089431047439575
2403,7,57,0.4443148076534271
2404,7,58,0.5205762386322021
2405,7,59,0.6302542090415955
2406,7,60,0.5574262142181396
2407,7,61,0.6621535420417786
2408,7,62,0.8615143895149231
2409,7,63,0.6244783997535706
2410,7,64,0.6848556995391846
2411,7,65,0.7044447660446167
2412,7,66,0.48367002606391907
2413,7,67,0.5804648399353027
2414,7,68,0.6589691042900085
2415,7,69,0.5527173280715942
2416,7,70,0.745307981967926
2417,7,71,0.6233348250389099
2418,7,72,0.6456833481788635
2419,7,73,0.6266826391220093
2420,7,74,0.7253873348236084
2421,7,75,0.5259389281272888
2422,7,76,0.5376617312431335
2423,7,77,0.5725806355476379
2424,7,78,0.6579768657684326
2425,7,79,0.5337011814117432
2426,7,80,0.623528242111206
2427,7,81,0.4662657380104065
2428,7,82,0.45767754316329956
2429,7,83,0.5026273131370544
2430,7,84,0.5862326622009277
2431,7,85,0.678566575050354
2432,7,86,0.572091817855835
2433,7,87,0.5659418702125549
2434,7,88,0.5508432984352112
2435,7,89,0.6401677131652832
2436,7,90,0.7235396504402161
2437,7,91,0.6986178755760193
2438,7,92,0.6569647789001465
2439,7,93,0.7712643146514893
2440,7,94,0.4173181354999542
2441,7,95,0.5455963015556335
2442,7,96,0.5579299926757812
2443,7,97,0.5740932822227478
2444,7,98,0.5599485039710999
2445,7,99,0.6200001239776611
2446,7,100,0.6794270873069763
2447,7,101,0.688789963722229
2448,7,102,0.5077158212661743
2449,7,103,0.5865137577056885
2450,7,104,0.6065818667411804
2451,7,105,0.4418896436691284
2452,7,106,0.6285095810890198
2453,7,107,0.5282690525054932
2454,7,108,0.5778881907463074
2455,7,109,0.7537491321563721
2456,7,110,0.696521520614624
2457,7,111,0.6721339821815491
2458,7,112,0.6081686615943909
2459,7,113,0.6009991765022278
2460,7,114,0.5493444204330444
2461,7,115,0.6534922122955322
2462,7,116,0.5475093722343445
2463,7,117,0.6306437849998474
2464,7,118,0.6322576403617859
2465,7,119,0.5159575939178467
2466,7,120,0.4742419421672821
2467,7,121,0.5689194202423096
2468,7,122,0.4867180585861206
2469,7,123,0.46762755513191223
2470,7,124,0.4973123073577881
2471,7,125,0.7647469639778137
2472,7,126,0.7247737646102905
2473,7,127,0.5733172297477722
2474,7,128,0.6130611300468445
2475,7,129,0.5520964860916138
2476,7,130,0.5271402597427368
2477,7,131,0.5451227426528931
2478,7,132,0.5576092600822449
2479,7,133,0.666796088218689
2480,7,134,0.5614453554153442
2481,7,135,0.6380011439323425
2482,7,136,0.584577202796936
2483,7,137,0.49855268001556396
2484,7,138,0.5507634282112122
2485,7,139,0.616458535194397
2486,7,140,0.8344528079032898
2487,7,141,0.520179808139801
2488,7,142,0.48549163341522217
2489,7,143,0.5781644582748413
2490,7,144,0.6055516600608826
2491,7,145,0.6595349907875061
2492,7,146,0.4949721693992615
2493,7,147,0.6299076080322266
2494,7,148,0.5896530151367188
2495,7,149,0.6146937012672424
2496,7,150,0.5611928105354309
2497,7,151,0.7872343063354492
2498,7,152,0.7085995674133301
2499,7,153,0.4755784869194031
2500,7,154,0.8145125508308411
2501,7,155,0.5213518738746643
2502,7,156,0.5793062448501587
2503,7,157,0.6923510432243347
2504,7,158,0.5611912608146667
2505,7,159,0.7200475335121155
2506,7,160,0.6235792636871338
2507,7,161,0.6070579886436462
2508,7,162,0.5349422693252563
2509,7,163,0.6792657971382141
2510,7,164,0.555465817451477
2511,7,165,0.4400533139705658
2512,7,166,0.5567266941070557
2513,7,167,0.5587800741195679
2514,7,168,0.6271440982818604
2515,7,169,0.5155282020568848
2516,7,170,0.575907289981842
2517,7,171,0.4964607357978821
2518,7,172,0.4532316327095032
2519,7,173,0.5393843650817871
2520,7,174,0.6222240924835205
2521,7,175,0.41429656744003296
2522,7,176,0.6896535754203796
2523,7,177,0.6568970084190369
2524,7,178,0.45723891258239746
2525,7,179,0.6956884860992432
2526,7,180,0.6172608733177185
2527,7,181,0.5387001037597656
2528,7,182,0.44805461168289185
2529,7,183,0.6568252444267273
2530,7,184,0.44878214597702026
2531,7,185,0.6302132606506348
2532,7,186,0.6429497003555298
2533,7,187,0.5245600938796997
2534,7,188,0.679119884967804
2535,7,189,0.4365415871143341
2536,7,190,0.606770396232605
2537,7,191,0.64290452003479
2538,7,192,0.39718931913375854
2539,7,193,0.4266704320907593
2540,7,194,0.5790495276451111
2541,7,195,0.662523627281189
2542,7,196,0.6157028079032898
2543,7,197,0.673898458480835
2544,7,198,0.7042990922927856
2545,7,199,0.6413742303848267
2546,7,200,0.5810683369636536
2547,7,201,0.782665491104126
2548,7,202,0.6120967864990234
2549,7,203,0.6792322993278503
2550,7,204,0.5942820906639099
2551,7,205,0.5036582350730896
2552,7,206,0.675431489944458
2553,7,207,0.5129765868186951
2554,7,208,0.5951454639434814
2555,7,209,0.5663801431655884
2556,7,210,0.5753493309020996
2557,7,211,0.6388680338859558
2558,7,212,0.6133561730384827
2559,7,213,0.8095424175262451
2560,7,214,0.6097934246063232
2561,7,215,0.6375908255577087
2562,7,216,0.4822404384613037
2563,7,217,0.7028321623802185
2564,7,218,0.6271703243255615
2565,7,219,0.524492084980011
2566,7,220,0.6568816900253296
2567,7,221,0.5679900050163269
2568,7,222,0.6220663785934448
2569,7,223,0.5721364617347717
2570,7,224,0.6628049612045288
2571,7,225,0.606967568397522
2572,7,226,0.5146139860153198
2573,7,227,0.6635512113571167
2574,7,228,0.7170040607452393
2575,7,229,0.8024706840515137
2576,7,230,0.5887581706047058
2577,7,231,0.6952044367790222
2578,7,232,0.6064467430114746
2579,7,233,0.5177528858184814
2580,7,234,0.5300005674362183
2581,7,235,0.544014036655426
2582,7,236,0.5255778431892395
2583,7,237,0.5175222158432007
2584,7,238,0.6511732935905457
2585,7,239,0.7799348831176758
2586,7,240,0.6318144798278809
2587,7,241,0.6200637817382812
2588,7,242,0.6463196873664856
2589,7,243,0.6398220658302307
2590,7,244,0.7040677070617676
2591,7,245,0.7751502990722656
2592,7,246,0.5950779914855957
2593,7,247,0.6548398733139038
2594,7,248,0.6504683494567871
2595,7,249,0.7439974546432495
2596,7,250,0.5660363435745239
2597,7,251,0.46082061529159546
2598,7,252,0.6170328855514526
2599,7,253,0.41036394238471985
2600,7,254,0.5771629214286804
2601,7,255,0.6404388546943665
2602,7,256,0.500451922416687
2603,7,257,0.4659217596054077
2604,7,258,0.5585648417472839
2605,7,259,0.468961238861084
2606,7,260,0.529669463634491
2607,7,261,0.5708633065223694
2608,7,262,0.6403173208236694
2609,7,263,0.5483675599098206
2610,7,264,0.5297608375549316
2611,7,265,0.6847023963928223
2612,7,266,0.636120617389679
2613,7,267,0.5639173984527588
2614,7,268,0.8148961067199707
2615,7,269,0.3700160086154938
2616,7,270,0.368270605802536
2617,7,271,0.584113597869873
2618,7,272,0.7055290341377258
2619,7,273,0.762795090675354
2620,7,274,0.5801411867141724
2621,7,275,0.570248544216156
2622,7,276,0.6812936067581177
2623,7,277,0.5188238620758057
2624,7,278,0.592722475528717
2625,7,279,0.4920864701271057
2626,7,280,0.5694693326950073
2627,7,281,0.6132016777992249
2628,7,282,0.5846882462501526
2629,7,283,0.6062378883361816
2630,7,284,0.598209023475647
2631,7,285,0.4537683129310608
2632,7,286,0.5564849972724915
2633,7,287,0.6541076898574829
2634,7,288,0.7864660024642944
2635,7,289,0.5356738567352295
2636,7,290,0.6513996124267578
2637,7,291,0.6285628080368042
2638,7,292,0.554878294467926
2639,7,293,0.6032794713973999
2640,7,294,0.6475623846054077
2641,7,295,0.4916593134403229
2642,7,296,0.658488392829895
2643,7,297,0.567747175693512
2644,7,298,0.4295499324798584
2645,7,299,0.7516692876815796
2646,7,300,0.5334984660148621
2647,7,301,0.6378605961799622
2648,7,302,0.7005443572998047
2649,7,303,0.5897684693336487
2650,7,304,0.5832403898239136
2651,7,305,0.7392599582672119
2652,7,306,0.6256250143051147
2653,7,307,0.7236601710319519
2654,7,308,0.6960082650184631
2655,7,309,0.5139110684394836
2656,7,310,0.7675632238388062
2657,7,311,0.5781565308570862
2658,7,312,0.6166451573371887
2659,7,313,0.5967215895652771
2660,7,314,0.7039554715156555
2661,7,315,0.6685681939125061
2662,7,316,0.4749370813369751
2663,7,317,0.69405198097229
2664,7,318,0.5240795612335205
2665,7,319,0.7493874430656433
2666,7,320,0.661138117313385
2667,7,321,0.5378745794296265
2668,7,322,0.5316848158836365
2669,7,323,0.6932756304740906
2670,7,324,0.6602357029914856
2671,7,325,0.5137847065925598
2672,7,326,0.5697111487388611
2673,7,327,0.6025999188423157
2674,7,328,0.5819999575614929
2675,7,329,0.6106508374214172
2676,7,330,0.47260844707489014
2677,7,331,0.6522159576416016
2678,7,332,0.6128301620483398
2679,7,333,0.6528213024139404
2680,7,334,0.5175849199295044
2681,7,335,0.6070470809936523
2682,7,336,0.45953240990638733
2683,7,337,0.7190718054771423
2684,7,338,0.6374915838241577
2685,7,339,0.681958019733429
2686,7,340,0.6242626309394836
2687,7,341,0.5621203184127808
2688,7,342,0.547593355178833
2689,7,343,0.5690249800682068
2690,7,344,0.4297962188720703
2691,7,345,0.46404099464416504
2692,7,346,0.6222347021102905
2693,7,347,0.6181887984275818
2694,7,348,0.6223582625389099
2695,7,349,0.7526302337646484
2696,7,350,0.4537169933319092
2697,7,351,0.5884453058242798
2698,7,352,0.7432655096054077
2699,7,353,0.5007357597351074
2700,7,354,0.7283859252929688
2701,7,355,0.5559482574462891
2702,7,356,0.5499411821365356
2703,7,357,0.6933857202529907
2704,7,358,0.5905973315238953
2705,7,359,0.5880802273750305
2706,7,360,0.7563653588294983
2707,7,361,0.5972533822059631
2708,7,362,0.717475414276123
2709,7,363,0.4795263707637787
2710,7,364,0.6605761051177979
2711,7,365,0.49500760436058044
2712,7,366,0.43765291571617126
2713,7,367,0.6396164298057556
2714,7,368,0.4991425573825836
2715,7,369,0.721957266330719
2716,7,370,0.6511740684509277
2717,7,371,0.4850633442401886
2718,7,372,0.5646756291389465
2719,7,373,0.5089319944381714
2720,7,374,0.5120916962623596
2721,7,375,0.5286220908164978
2722,7,376,0.6555883288383484
2723,7,377,0.7076388597488403
2724,7,378,0.5767131447792053
2725,7,379,0.5853085517883301
2726,7,380,0.7031275033950806
2727,7,381,0.6437134146690369
2728,7,382,0.6190029382705688
2729,7,383,0.512588620185852
2730,7,384,0.6403247714042664
2731,7,385,0.6500520706176758
2732,7,386,0.7944313883781433
2733,7,387,0.666579008102417
2734,7,388,0.6954572796821594
2735,7,389,0.41485828161239624
2736,7,390,0.647494375705719
2737,7,391,0.530271589756012
2738,8,1,0.5018348097801208
2739,8,2,0.44525718688964844
2740,8,3,0.5217585563659668
2741,8,4,0.5817960500717163
2742,8,5,0.41894224286079407
2743,8,6,0.5383575558662415
2744,8,7,0.5081431269645691
2745,8,8,0.5425410270690918
2746,8,9,0.41451406478881836
2747,8,10,0.48534485697746277
2748,8,11,0.44487470388412476
2749,8,12,0.5421679615974426
2750,8,13,0.6872568726539612
2751,8,14,0.575242280960083
2752,8,15,0.4467793405056
2753,8,16,0.5027982592582703
2754,8,17,0.5084590315818787
2755,8,18,0.47769737243652344
2756,8,19,0.3998726010322571
2757,8,20,0.40273553133010864
2758,8,21,0.4287148118019104
2759,8,22,0.487820029258728
2760,8,23,0.44775518774986267
2761,8,24,0.5588318705558777
2762,8,25,0.45443233847618103
2763,8,26,0.4893178939819336
2764,8,27,0.6950386166572571
2765,8,28,0.5845913290977478
2766,8,29,0.67088782787323
2767,8,30,0.6299272179603577
2768,8,31,0.7095515727996826
2769,8,32,0.6787258982658386
2770,8,33,0.4379175305366516
2771,8,34,0.4973413646221161
2772,8,35,0.576305627822876
2773,8,36,0.6154173612594604
2774,8,37,0.5279983282089233
2775,8,38,0.4432753622531891
2776,8,39,0.3998650312423706
2777,8,40,0.6481366157531738
2778,8,41,0.5522371530532837
2779,8,42,0.4416660666465759
2780,8,43,0.4446457326412201
2781,8,44,0.4965067505836487
2782,8,45,0.47817230224609375
2783,8,46,0.4613150358200073
2784,8,47,0.43423306941986084
2785,8,48,0.4719000458717346
2786,8,49,0.3881935477256775
2787,8,50,0.5350885987281799
2788,8,51,0.5600548386573792
2789,8,52,0.5887936949729919
2790,8,53,0.41601359844207764
2791,8,54,0.5327551960945129
2792,8,55,0.4137971103191376
2793,8,56,0.4965459108352661
2794,8,57,0.4895496070384979
2795,8,58,0.3787568211555481
2796,8,59,0.651282012462616
2797,8,60,0.4206845164299011
2798,8,61,0.4820699691772461
2799,8,62,0.4172987937927246
2800,8,63,0.5951253175735474
2801,8,64,0.5919809937477112
2802,8,65,0.48284652829170227
2803,8,66,0.5647875666618347
2804,8,67,0.448207825422287
2805,8,68,0.5856019854545593
2806,8,69,0.4547828137874603
2807,8,70,0.5403614044189453
2808,8,71,0.38061243295669556
2809,8,72,0.4927845895290375
2810,8,73,0.48903533816337585
2811,8,74,0.47429829835891724
2812,8,75,0.43564629554748535
2813,8,76,0.41393405199050903
2814,8,77,0.5883535146713257
2815,8,78,0.5581490397453308
2816,8,79,0.5031578540802002
2817,8,80,0.4131799042224884
2818,8,81,0.48126351833343506
2819,8,82,0.445610910654068
2820,8,83,0.46856287121772766
2821,8,84,0.3539518713951111
2822,8,85,0.6644730567932129
2823,8,86,0.4742784798145294
2824,8,87,0.5407612323760986
2825,8,88,0.43233931064605713
2826,8,89,0.45113107562065125
2827,8,90,0.4173665940761566
2828,8,91,0.44185569882392883
2829,8,92,0.47249677777290344
2830,8,93,0.6487153172492981
2831,8,94,0.47630834579467773
2832,8,95,0.5273082256317139
2833,8,96,0.5055108070373535
2834,8,97,0.47906526923179626
2835,8,98,0.4543033242225647
2836,8,99,0.49224621057510376
2837,8,100,0.43985429406166077
2838,8,101,0.6021688580513
2839,8,102,0.4936196804046631
2840,8,103,0.4960609972476959
2841,8,104,0.4644103944301605
2842,8,105,0.4184730052947998
2843,8,106,0.37984710931777954
2844,8,107,0.47575148940086365
2845,8,108,0.5010771155357361
2846,8,109,0.4453430473804474
2847,8,110,0.5277945399284363
2848,8,111,0.4862269163131714
2849,8,112,0.4963866174221039
2850,8,113,0.5345028638839722
2851,8,114,0.49699464440345764
2852,8,115,0.5187195539474487
2853,8,116,0.4221528172492981
2854,8,117,0.36231905221939087
2855,8,118,0.5138031244277954
2856,8,119,0.5194113850593567
2857,8,120,0.4388781189918518
2858,8,121,0.44556787610054016
2859,8,122,0.4903288185596466
2860,8,123,0.4210346043109894
2861,8,124,0.3721271753311157
2862,8,125,0.5161811709403992
2863,8,126,0.5150622725486755
2864,8,127,0.5285136103630066
2865,8,128,0.4842836856842041
2866,8,129,0.7159292697906494
2867,8,130,0.4295499920845032
2868,8,131,0.45816272497177124
2869,8,132,0.38910016417503357
2870,8,133,0.465462327003479
2871,8,134,0.5698946714401245
2872,8,135,0.7090400457382202
2873,8,136,0.5341579914093018
2874,8,137,0.4975964426994324
2875,8,138,0.4366714060306549
2876,8,139,0.4875401258468628
2877,8,140,0.3523007333278656
2878,8,141,0.4891594350337982
2879,8,142,0.6364601254463196
2880,8,143,0.5030484199523926
2881,8,144,0.3617823123931885
2882,8,145,0.5727241635322571
2883,8,146,0.5315945148468018
2884,8,147,0.676237165927887
2885,8,148,0.565137505531311
2886,8,149,0.5268573760986328
2887,8,150,0.447441041469574
2888,8,151,0.5099656581878662
2889,8,152,0.6590007543563843
2890,8,153,0.39771556854248047
2891,8,154,0.5770894289016724
2892,8,155,0.45401036739349365
2893,8,156,0.5088239312171936
2894,8,157,0.5655219554901123
2895,8,158,0.4247044026851654
2896,8,159,0.5536646246910095
2897,8,160,0.46981796622276306
2898,8,161,0.54642653465271
2899,8,162,0.5015949606895447
2900,8,163,0.3910163342952728
2901,8,164,0.46576055884361267
2902,8,165,0.4288428723812103
2903,8,166,0.36500072479248047
2904,8,167,0.5392756462097168
2905,8,168,0.5134325623512268
2906,8,169,0.47087663412094116
2907,8,170,0.5919833183288574
2908,8,171,0.44423946738243103
2909,8,172,0.5722385048866272
2910,8,173,0.3540971279144287
2911,8,174,0.32303422689437866
2912,8,175,0.5061668753623962
2913,8,176,0.633905827999115
2914,8,177,0.4893716275691986
2915,8,178,0.41058149933815
2916,8,179,0.4513387084007263
2917,8,180,0.4709848165512085
2918,8,181,0.38602307438850403
2919,8,182,0.4401402175426483
2920,8,183,0.6246538162231445
2921,8,184,0.5753366351127625
2922,8,185,0.42500248551368713
2923,8,186,0.5357626080513
2924,8,187,0.39943820238113403
2925,8,188,0.3788153827190399
2926,8,189,0.5968368053436279
2927,8,190,0.45728811621665955
2928,8,191,0.5693816542625427
2929,8,192,0.4548937976360321
2930,8,193,0.47378799319267273
2931,8,194,0.4475160241127014
2932,8,195,0.49050742387771606
2933,8,196,0.5270346999168396
2934,8,197,0.40464526414871216
2935,8,198,0.4395967721939087
2936,8,199,0.45125678181648254
2937,8,200,0.5318809747695923
2938,8,201,0.5080201029777527
2939,8,202,0.5570825338363647
2940,8,203,0.5609128475189209
2941,8,204,0.6290817856788635
2942,8,205,0.4715716540813446
2943,8,206,0.34518659114837646
2944,8,207,0.5632159113883972
2945,8,208,0.48633134365081787
2946,8,209,0.38755953311920166
2947,8,210,0.6469041109085083
2948,8,211,0.5473995208740234
2949,8,212,0.47414976358413696
2950,8,213,0.46036261320114136
2951,8,214,0.4554225206375122
2952,8,215,0.6175861954689026
2953,8,216,0.4221882224082947
2954,8,217,0.41686853766441345
2955,8,218,0.5114938020706177
2956,8,219,0.3580383062362671
2957,8,220,0.5315871238708496
2958,8,221,0.46428534388542175
2959,8,222,0.6036078333854675
2960,8,223,0.4777053892612457
2961,8,224,0.5691083669662476
2962,8,225,0.4695545732975006
2963,8,226,0.5100665092468262
2964,8,227,0.5276637077331543
2965,8,228,0.49512979388237
2966,8,229,0.4744448959827423
2967,8,230,0.5091549754142761
2968,8,231,0.5565240383148193
2969,8,232,0.3982805013656616
2970,8,233,0.51408851146698
2971,8,234,0.5790578126907349
2972,8,235,0.49355021119117737
2973,8,236,0.6657646298408508
2974,8,237,0.6035999655723572
2975,8,238,0.3548579812049866
2976,8,239,0.39186593890190125
2977,8,240,0.5626488327980042
2978,8,241,0.5291101932525635
2979,8,242,0.4430219829082489
2980,8,243,0.42804279923439026
2981,8,244,0.633076548576355
2982,8,245,0.530979573726654
2983,8,246,0.39662110805511475
2984,8,247,0.33181658387184143
2985,8,248,0.4995918571949005
2986,8,249,0.445906400680542
2987,8,250,0.5279725790023804
2988,8,251,0.5583627820014954
2989,8,252,0.46161115169525146
2990,8,253,0.39836135506629944
2991,8,254,0.4965520203113556
2992,8,255,0.459172785282135
2993,8,256,0.5189867615699768
2994,8,257,0.4462493658065796
2995,8,258,0.4311443865299225
2996,8,259,0.6221734285354614
2997,8,260,0.4883708357810974
2998,8,261,0.536985456943512
2999,8,262,0.43152904510498047
3000,8,263,0.5412729978561401
3001,8,264,0.5007847547531128
3002,8,265,0.3936854898929596
3003,8,266,0.4169009327888489
3004,8,267,0.4380529522895813
3005,8,268,0.5608219504356384
3006,8,269,0.46606311202049255
3007,8,270,0.6617847681045532
3008,8,271,0.5547518134117126
3009,8,272,0.47271883487701416
3010,8,273,0.47281524538993835
3011,8,274,0.40447643399238586
3012,8,275,0.47312691807746887
3013,8,276,0.5336178541183472
3014,8,277,0.5159168243408203
3015,8,278,0.4885444641113281
3016,8,279,0.5431720614433289
3017,8,280,0.44524896144866943
3018,8,281,0.4789317548274994
3019,8,282,0.7286440134048462
3020,8,283,0.5183396935462952
3021,8,284,0.3465643525123596
3022,8,285,0.40342190861701965
3023,8,286,0.5136263966560364
3024,8,287,0.5542558431625366
3025,8,288,0.5224642157554626
3026,8,289,0.5472486615180969
3027,8,290,0.39944589138031006
3028,8,291,0.62583988904953
3029,8,292,0.5391846895217896
3030,8,293,0.4108181297779083
3031,8,294,0.4363571107387543
3032,8,295,0.515689492225647
3033,8,296,0.5072410106658936
3034,8,297,0.4662059247493744
3035,8,298,0.5262995362281799
3036,8,299,0.4712134897708893
3037,8,300,0.47985565662384033
3038,8,301,0.3884623646736145
3039,8,302,0.4534280300140381
3040,8,303,0.5823620557785034
3041,8,304,0.48628830909729004
3042,8,305,0.4747421443462372
3043,8,306,0.5513069033622742
3044,8,307,0.6590784192085266
3045,8,308,0.5258416533470154
3046,8,309,0.4452201724052429
3047,8,310,0.5413855910301208
3048,8,311,0.4729352593421936
3049,8,312,0.4828530251979828
3050,8,313,0.47487369179725647
3051,8,314,0.5803970694541931
3052,8,315,0.3237392008304596
3053,8,316,0.40999743342399597
3054,8,317,0.48541077971458435
3055,8,318,0.5646589994430542
3056,8,319,0.4545488655567169
3057,8,320,0.4927906095981598
3058,8,321,0.47621941566467285
3059,8,322,0.642831027507782
3060,8,323,0.4623924493789673
3061,8,324,0.5083267688751221
3062,8,325,0.6134142875671387
3063,8,326,0.4919627606868744
3064,8,327,0.5028403997421265
3065,8,328,0.4602239727973938
3066,8,329,0.5727465152740479
3067,8,330,0.5480930209159851
3068,8,331,0.5710035562515259
3069,8,332,0.5155174732208252
3070,8,333,0.33786672353744507
3071,8,334,0.4636555314064026
3072,8,335,0.44259172677993774
3073,8,336,0.4191880226135254
3074,8,337,0.5515999794006348
3075,8,338,0.5454275012016296
3076,8,339,0.5326799154281616
3077,8,340,0.5015705823898315
3078,8,341,0.46475642919540405
3079,8,342,0.5304823517799377
3080,8,343,0.545975387096405
3081,8,344,0.5434739589691162
3082,8,345,0.4251493513584137
3083,8,346,0.4616703391075134
3084,8,347,0.5451518297195435
3085,8,348,0.3583313822746277
3086,8,349,0.4440339505672455
3087,8,350,0.5931692123413086
3088,8,351,0.4443321228027344
3089,8,352,0.4569145739078522
3090,8,353,0.5012089610099792
3091,8,354,0.4025263488292694
3092,8,355,0.5182729959487915
3093,8,356,0.621185302734375
3094,8,357,0.6681409478187561
3095,8,358,0.5296676754951477
3096,8,359,0.43737614154815674
3097,8,360,0.6140865683555603
3098,8,361,0.6302502751350403
3099,8,362,0.5711595416069031
3100,8,363,0.5460023880004883
3101,8,364,0.5421380996704102
3102,8,365,0.5298831462860107
3103,8,366,0.49434831738471985
3104,8,367,0.5470128059387207
3105,8,368,0.5536249279975891
3106,8,369,0.4076206386089325
3107,8,370,0.5656483173370361
3108,8,371,0.5239681005477905
3109,8,372,0.7287459373474121
3110,8,373,0.36653974652290344
3111,8,374,0.45841139554977417
3112,8,375,0.5172552466392517
3113,8,376,0.44936099648475647
3114,8,377,0.6635992527008057
3115,8,378,0.44915521144866943
3116,8,379,0.569800078868866
3117,8,380,0.5252587795257568
3118,8,381,0.41064316034317017
3119,8,382,0.3962283730506897
3120,8,383,0.613052487373352
3121,8,384,0.5150943398475647
3122,8,385,0.6278340220451355
3123,8,386,0.516600489616394
3124,8,387,0.5615386962890625
3125,8,388,0.6136326789855957
3126,8,389,0.462105929851532
3127,8,390,0.5994516015052795
3128,8,391,0.3756745159626007
3129,9,1,0.38013315200805664
3130,9,2,0.5396875143051147
3131,9,3,0.5079011917114258
3132,9,4,0.44872626662254333
3133,9,5,0.3178905248641968
3134,9,6,0.32722848653793335
3135,9,7,0.376783549785614
3136,9,8,0.3649427890777588
3137,9,9,0.4218256175518036
3138,9,10,0.4716625213623047
3139,9,11,0.4185684621334076
3140,9,12,0.3845384418964386
3141,9,13,0.3489954173564911
3142,9,14,0.4028172492980957
3143,9,15,0.3335442841053009
3144,9,16,0.3364489674568176
3145,9,17,0.4218287169933319
3146,9,18,0.28828099370002747
3147,9,19,0.40673717856407166
3148,9,20,0.4295671284198761
3149,9,21,0.4318411350250244
3150,9,22,0.3632737100124359
3151,9,23,0.47170138359069824
3152,9,24,0.3229648470878601
3153,9,25,0.34238511323928833
3154,9,26,0.38209596276283264
3155,9,27,0.23469245433807373
3156,9,28,0.3856757879257202
3157,9,29,0.4507378339767456
3158,9,30,0.4125719666481018
3159,9,31,0.4836016595363617
3160,9,32,0.2669941782951355
3161,9,33,0.4084966480731964
3162,9,34,0.5816561579704285
3163,9,35,0.4323886036872864
3164,9,36,0.4213384985923767
3165,9,37,0.3313485085964203
3166,9,38,0.35068610310554504
3167,9,39,0.48673972487449646
3168,9,40,0.590044379234314
3169,9,41,0.4602784812450409
3170,9,42,0.369392454624176
3171,9,43,0.3748495578765869
3172,9,44,0.42529892921447754
3173,9,45,0.34664395451545715
3174,9,46,0.40181148052215576
3175,9,47,0.28911933302879333
3176,9,48,0.3051895499229431
3177,9,49,0.43861523270606995
3178,9,50,0.44424524903297424
3179,9,51,0.49821698665618896
3180,9,52,0.49681583046913147
3181,9,53,0.3950132131576538
3182,9,54,0.41172534227371216
3183,9,55,0.3189585506916046
3184,9,56,0.3471980392932892
3185,9,57,0.4578334391117096
3186,9,58,0.3575042188167572
3187,9,59,0.4350397288799286
3188,9,60,0.422717809677124
3189,9,61,0.33899593353271484
3190,9,62,0.4382356107234955
3191,9,63,0.3600350320339203
3192,9,64,0.4960424304008484
3193,9,65,0.3946860134601593
3194,9,66,0.44636300206184387
3195,9,67,0.45234057307243347
3196,9,68,0.3946816921234131
3197,9,69,0.35363245010375977
3198,9,70,0.4258129894733429
3199,9,71,0.38352733850479126
3200,9,72,0.2964186370372772
3201,9,73,0.43179774284362793
3202,9,74,0.4466360807418823
3203,9,75,0.4602454900741577
3204,9,76,0.3025451898574829
3205,9,77,0.40373465418815613
3206,9,78,0.41273683309555054
3207,9,79,0.44775092601776123
3208,9,80,0.29006505012512207
3209,9,81,0.33511480689048767
3210,9,82,0.2898794412612915
3211,9,83,0.471482515335083
3212,9,84,0.40288493037223816
3213,9,85,0.44340813159942627
3214,9,86,0.5155373215675354
3215,9,87,0.3964637219905853
3216,9,88,0.357406347990036
3217,9,89,0.3423789441585541
3218,9,90,0.36992403864860535
3219,9,91,0.34082379937171936
3220,9,92,0.3465385138988495
3221,9,93,0.3639165163040161
3222,9,94,0.4464387595653534
3223,9,95,0.6075502634048462
3224,9,96,0.3007090389728546
3225,9,97,0.3564804196357727
3226,9,98,0.25345200300216675
3227,9,99,0.44622230529785156
3228,9,100,0.38194993138313293
3229,9,101,0.40076711773872375
3230,9,102,0.39170747995376587
3231,9,103,0.42249795794487
3232,9,104,0.4103076756000519
3233,9,105,0.3866865634918213
3234,9,106,0.34279245138168335
3235,9,107,0.3588402569293976
3236,9,108,0.4667019248008728
3237,9,109,0.32740235328674316
3238,9,110,0.36556726694107056
3239,9,111,0.27020329236984253
3240,9,112,0.4772469401359558
3241,9,113,0.3669625222682953
3242,9,114,0.4256772994995117
3243,9,115,0.33989787101745605
3244,9,116,0.3371677100658417
3245,9,117,0.4228297173976898
3246,9,118,0.2985129654407501
3247,9,119,0.3375779092311859
3248,9,120,0.3697822093963623
3249,9,121,0.38228046894073486
3250,9,122,0.33243969082832336
3251,9,123,0.4624634087085724
3252,9,124,0.41608068346977234
3253,9,125,0.3791314363479614
3254,9,126,0.49195101857185364
3255,9,127,0.3500150442123413
3256,9,128,0.33948594331741333
3257,9,129,0.4270173907279968
3258,9,130,0.4413280785083771
3259,9,131,0.5212288498878479
3260,9,132,0.4657398760318756
3261,9,133,0.36460721492767334
3262,9,134,0.4339599311351776
3263,9,135,0.3953426480293274
3264,9,136,0.4412751793861389
3265,9,137,0.5033106803894043
3266,9,138,0.4111786186695099
3267,9,139,0.36553406715393066
3268,9,140,0.37176522612571716
3269,9,141,0.3875897228717804
3270,9,142,0.4616656005382538
3271,9,143,0.4016478955745697
3272,9,144,0.38717594742774963
3273,9,145,0.3567446768283844
3274,9,146,0.4036116600036621
3275,9,147,0.4879301190376282
3276,9,148,0.2740795612335205
3277,9,149,0.3884825110435486
3278,9,150,0.46361884474754333
3279,9,151,0.47721144556999207
3280,9,152,0.3670126497745514
3281,9,153,0.508834958076477
3282,9,154,0.35880613327026367
3283,9,155,0.40373694896698
3284,9,156,0.2647905945777893
3285,9,157,0.5421921014785767
3286,9,158,0.30226799845695496
3287,9,159,0.2687530815601349
3288,9,160,0.3783802390098572
3289,9,161,0.4003925025463104
3290,9,162,0.4956144690513611
3291,9,163,0.2813911437988281
3292,9,164,0.387498676776886
3293,9,165,0.3917785882949829
3294,9,166,0.3575930893421173
3295,9,167,0.4721427261829376
3296,9,168,0.3710898160934448
3297,9,169,0.48778581619262695
3298,9,170,0.5544850826263428
3299,9,171,0.4642415940761566
3300,9,172,0.3042377829551697
3301,9,173,0.3610607981681824
3302,9,174,0.47552505135536194
3303,9,175,0.4770018756389618
3304,9,176,0.38400498032569885
3305,9,177,0.4489532709121704
3306,9,178,0.4487335681915283
3307,9,179,0.4567062556743622
3308,9,180,0.409561425447464
3309,9,181,0.34974750876426697
3310,9,182,0.4367944002151489
3311,9,183,0.4199284315109253
3312,9,184,0.40036484599113464
3313,9,185,0.429232120513916
3314,9,186,0.2412179559469223
3315,9,187,0.3631456792354584
3316,9,188,0.3547489047050476
3317,9,189,0.3366682529449463
3318,9,190,0.34700822830200195
3319,9,191,0.36139151453971863
3320,9,192,0.26828646659851074
3321,9,193,0.4738948941230774
3322,9,194,0.4472026824951172
3323,9,195,0.4600164592266083
3324,9,196,0.2965507507324219
3325,9,197,0.2950446903705597
3326,9,198,0.31608691811561584
3327,9,199,0.5399317741394043
3328,9,200,0.33878642320632935
3329,9,201,0.4292992055416107
3330,9,202,0.432079553604126
3331,9,203,0.4478985667228699
3332,9,204,0.43882641196250916
3333,9,205,0.2692340314388275
3334,9,206,0.38466307520866394
3335,9,207,0.32615935802459717
3336,9,208,0.3248448371887207
3337,9,209,0.43074026703834534
3338,9,210,0.4779062569141388
3339,9,211,0.4464806318283081
3340,9,212,0.3415088355541229
3341,9,213,0.4755077064037323
3342,9,214,0.3732735514640808
3343,9,215,0.4043000042438507
3344,9,216,0.505824089050293
3345,9,217,0.4825402498245239
3346,9,218,0.4513300955295563
3347,9,219,0.4465365409851074
3348,9,220,0.3317062258720398
3349,9,221,0.36011767387390137
3350,9,222,0.551654040813446
3351,9,223,0.48157575726509094
3352,9,224,0.5199453234672546
3353,9,225,0.29278725385665894
3354,9,226,0.36959075927734375
3355,9,227,0.31193822622299194
3356,9,228,0.3267631232738495
3357,9,229,0.3678290843963623
3358,9,230,0.2721625566482544
3359,9,231,0.4063522517681122
3360,9,232,0.35965028405189514
3361,9,233,0.4629378616809845
3362,9,234,0.4469602108001709
3363,9,235,0.376925528049469
3364,9,236,0.3619633913040161
3365,9,237,0.4282686412334442
3366,9,238,0.3801972568035126
3367,9,239,0.3558890223503113
3368,9,240,0.4829070568084717
3369,9,241,0.5470953583717346
3370,9,242,0.43569502234458923
3371,9,243,0.35673195123672485
3372,9,244,0.47104111313819885
3373,9,245,0.5450419783592224
3374,9,246,0.5113419890403748
3375,9,247,0.41907259821891785
3376,9,248,0.4610803723335266
3377,9,249,0.3850381672382355
3378,9,250,0.49995192885398865
3379,9,251,0.43897658586502075
3380,9,252,0.5873439311981201
3381,9,253,0.37859752774238586
3382,9,254,0.38284093141555786
3383,9,255,0.39620593190193176
3384,9,256,0.36841532588005066
3385,9,257,0.3480301797389984
3386,9,258,0.4171571135520935
3387,9,259,0.3783048391342163
3388,9,260,0.43458908796310425
3389,9,261,0.33879563212394714
3390,9,262,0.39394307136535645
3391,9,263,0.3919433653354645
3392,9,264,0.3182290494441986
3393,9,265,0.5776392817497253
3394,9,266,0.5115902423858643
3395,9,267,0.5205129981040955
3396,9,268,0.494414746761322
3397,9,269,0.31729722023010254
3398,9,270,0.39445412158966064
3399,9,271,0.38421639800071716
3400,9,272,0.28956443071365356
3401,9,273,0.48080939054489136
3402,9,274,0.41549474000930786
3403,9,275,0.4201910197734833
3404,9,276,0.39167433977127075
3405,9,277,0.44007596373558044
3406,9,278,0.39653319120407104
3407,9,279,0.6984540224075317
3408,9,280,0.42177459597587585
3409,9,281,0.3920174837112427
3410,9,282,0.36785030364990234
3411,9,283,0.3363935053348541
3412,9,284,0.34815871715545654
3413,9,285,0.31352105736732483
3414,9,286,0.35334014892578125
3415,9,287,0.37594687938690186
3416,9,288,0.38520121574401855
3417,9,289,0.3793117105960846
3418,9,290,0.3483361601829529
3419,9,291,0.4698706269264221
3420,9,292,0.34523025155067444
3421,9,293,0.34971725940704346
3422,9,294,0.4459879696369171
3423,9,295,0.44711312651634216
3424,9,296,0.3627637028694153
3425,9,297,0.3636883795261383
3426,9,298,0.3511912226676941
3427,9,299,0.4315356910228729
3428,9,300,0.3607765734195709
3429,9,301,0.5028295516967773
3430,9,302,0.39754045009613037
3431,9,303,0.3256632387638092
3432,9,304,0.4016657769680023
3433,9,305,0.3285602331161499
3434,9,306,0.34985843300819397
3435,9,307,0.327073335647583
3436,9,308,0.29158884286880493
3437,9,309,0.3209114968776703
3438,9,310,0.41352754831314087
3439,9,311,0.44889765977859497
3440,9,312,0.473222941160202
3441,9,313,0.5714324712753296
3442,9,314,0.3332723379135132
3443,9,315,0.3892352879047394
3444,9,316,0.5751367807388306
3445,9,317,0.3853372037410736
3446,9,318,0.27341532707214355
3447,9,319,0.3196503520011902
3448,9,320,0.5613433122634888
3449,9,321,0.41659605503082275
3450,9,322,0.47997528314590454
3451,9,323,0.3513910174369812
3452,9,324,0.43245577812194824
3453,9,325,0.4515148401260376
3454,9,326,0.4007538855075836
3455,9,327,0.5101309418678284
3456,9,328,0.4686410129070282
3457,9,329,0.34785377979278564
3458,9,330,0.3588951528072357
3459,9,331,0.35634586215019226
3460,9,332,0.3587469458580017
3461,9,333,0.4257059097290039
3462,9,334,0.5044238567352295
3463,9,335,0.4080246686935425
3464,9,336,0.44972947239875793
3465,9,337,0.4131704568862915
3466,9,338,0.463556706905365
3467,9,339,0.3099459111690521
3468,9,340,0.3420875370502472
3469,9,341,0.48765432834625244
3470,9,342,0.37539732456207275
3471,9,343,0.4075991213321686
3472,9,344,0.5460096597671509
3473,9,345,0.3759928345680237
3474,9,346,0.354165256023407
3475,9,347,0.5134614109992981
3476,9,348,0.45165055990219116
3477,9,349,0.5304368138313293
3478,9,350,0.377345472574234
3479,9,351,0.5689582228660583
3480,9,352,0.38655373454093933
3481,9,353,0.39097198843955994
3482,9,354,0.308773398399353
3483,9,355,0.35229045152664185
3484,9,356,0.4123571515083313
3485,9,357,0.36056238412857056
3486,9,358,0.44593608379364014
3487,9,359,0.423471063375473
3488,9,360,0.3700079619884491
3489,9,361,0.47900137305259705
3490,9,362,0.5398539900779724
3491,9,363,0.4426065981388092
3492,9,364,0.43989378213882446
3493,9,365,0.49109527468681335
3494,9,366,0.4955149292945862
3495,9,367,0.3092741072177887
3496,9,368,0.518123209476471
3497,9,369,0.3899785578250885
3498,9,370,0.3296196162700653
3499,9,371,0.49274200201034546
3500,9,372,0.35407906770706177
3501,9,373,0.3764665126800537
3502,9,374,0.4646143615245819
3503,9,375,0.35497376322746277
3504,9,376,0.6381976008415222
3505,9,377,0.5061357021331787
3506,9,378,0.4756913185119629
3507,9,379,0.5192891359329224
3508,9,380,0.570465087890625
3509,9,381,0.4247947335243225
3510,9,382,0.41569784283638
3511,9,383,0.5227200984954834
3512,9,384,0.28343331813812256
3513,9,385,0.5537842512130737
3514,9,386,0.5027803182601929
3515,9,387,0.42700302600860596
3516,9,388,0.2682115435600281
3517,9,389,0.3606032729148865
3518,9,390,0.38993775844573975
3519,9,391,0.3400193154811859
3520,10,1,0.2977418303489685
3521,10,2,0.27172455191612244
3522,10,3,0.29401758313179016
3523,10,4,0.24815133213996887
3524,10,5,0.28734713792800903
3525,10,6,0.3303215503692627
3526,10,7,0.33632421493530273
3527,10,8,0.3481212854385376
3528,10,9,0.2634718418121338
3529,10,10,0.30082112550735474
3530,10,11,0.29904964566230774
3531,10,12,0.33298882842063904
3532,10,13,0.3952789306640625
3533,10,14,0.38394466042518616
3534,10,15,0.2434404492378235
3535,10,16,0.22637954354286194
3536,10,17,0.2301960438489914
3537,10,18,0.24157662689685822
3538,10,19,0.29265493154525757
3539,10,20,0.2372397482395172
3540,10,21,0.28855234384536743
3541,10,22,0.33342859148979187
3542,10,23,0.2762083411216736
3543,10,24,0.36057910323143005
3544,10,25,0.2050359845161438
3545,10,26,0.3021715581417084
3546,10,27,0.37077897787094116
3547,10,28,0.28441011905670166
3548,10,29,0.21768321096897125
3549,10,30,0.2785602807998657
3550,10,31,0.23334914445877075
3551,10,32,0.24618679285049438
3552,10,33,0.3207441568374634
3553,10,34,0.2096022665500641
3554,10,35,0.3307221829891205
3555,10,36,0.36575931310653687
3556,10,37,0.3460114002227783
3557,10,38,0.2876593768596649
3558,10,39,0.21962183713912964
3559,10,40,0.24186639487743378
3560,10,41,0.3006582260131836
3561,10,42,0.27037250995635986
3562,10,43,0.31071311235427856
3563,10,44,0.22377453744411469
3564,10,45,0.33648717403411865
3565,10,46,0.26041629910469055
3566,10,47,0.226811021566391
3567,10,48,0.3545820116996765
3568,10,49,0.3025898337364197
3569,10,50,0.3328735828399658
3570,10,51,0.3613676130771637
3571,10,52,0.26947614550590515
3572,10,53,0.2439012974500656
3573,10,54,0.26144710183143616
3574,10,55,0.31737375259399414
3575,10,56,0.2955648601055145
3576,10,57,0.24916328489780426
3577,10,58,0.2012135088443756
3578,10,59,0.23130108416080475
3579,10,60,0.24308902025222778
3580,10,61,0.32875779271125793
3581,10,62,0.2814560532569885
3582,10,63,0.2074260264635086
3583,10,64,0.22986958920955658
3584,10,65,0.22168219089508057
3585,10,66,0.3102031350135803
3586,10,67,0.18662197887897491
3587,10,68,0.25619497895240784
3588,10,69,0.19426065683364868
3589,10,70,0.2814667522907257
3590,10,71,0.2241300344467163
3591,10,72,0.4159398078918457
3592,10,73,0.3593025505542755
3593,10,74,0.2984676659107208
3594,10,75,0.315143883228302
3595,10,76,0.3488577902317047
3596,10,77,0.28401800990104675
3597,10,78,0.2095564603805542
3598,10,79,0.32478591799736023
3599,10,80,0.3144170343875885
3600,10,81,0.20520174503326416
3601,10,82,0.4139685332775116
3602,10,83,0.2739482820034027
3603,10,84,0.34392085671424866
3604,10,85,0.2670136094093323
3605,10,86,0.22733108699321747
3606,10,87,0.1835215836763382
3607,10,88,0.2611736059188843
3608,10,89,0.33152899146080017
3609,10,90,0.1867397129535675
3610,10,91,0.256107360124588
3611,10,92,0.34689557552337646
3612,10,93,0.22559455037117004
3613,10,94,0.3158115744590759
3614,10,95,0.2694185972213745
3615,10,96,0.3486083149909973
3616,10,97,0.33433908224105835
3617,10,98,0.2393040806055069
3618,10,99,0.2673836946487427
3619,10,100,0.37358710169792175
3620,10,101,0.3217714726924896
3621,10,102,0.2873234450817108
3622,10,103,0.22196564078330994
3623,10,104,0.3469972014427185
3624,10,105,0.24753424525260925
3625,10,106,0.251672625541687
3626,10,107,0.26151371002197266
3627,10,108,0.17565739154815674
3628,10,109,0.33533069491386414
3629,10,110,0.3110879361629486
3630,10,111,0.29163074493408203
3631,10,112,0.1863393932580948
3632,10,113,0.2648386061191559
3633,10,114,0.1696610003709793
3634,10,115,0.3183372914791107
3635,10,116,0.2270205020904541
3636,10,117,0.4451887011528015
3637,10,118,0.1906006932258606
3638,10,119,0.35554593801498413
3639,10,120,0.28117331862449646
3640,10,121,0.24163876473903656
3641,10,122,0.33673954010009766
3642,10,123,0.3587528169155121
3643,10,124,0.1738273948431015
3644,10,125,0.36370837688446045
3645,10,126,0.2630367577075958
3646,10,127,0.3345102071762085
3647,10,128,0.20584294199943542
3648,10,129,0.35633590817451477
3649,10,130,0.3609718978404999
3650,10,131,0.33850914239883423
3651,10,132,0.31242960691452026
3652,10,133,0.247497096657753
3653,10,134,0.40002337098121643
3654,10,135,0.31168031692504883
3655,10,136,0.25593653321266174
3656,10,137,0.3302833139896393
3657,10,138,0.25693461298942566
3658,10,139,0.23695456981658936
3659,10,140,0.24428433179855347
3660,10,141,0.4019334018230438
3661,10,142,0.1843329519033432
3662,10,143,0.1721012443304062
3663,10,144,0.20989002287387848
3664,10,145,0.3395449221134186
3665,10,146,0.30092209577560425
3666,10,147,0.2962753474712372
3667,10,148,0.18485240638256073
3668,10,149,0.28425300121307373
3669,10,150,0.2930048108100891
3670,10,151,0.3269331157207489
3671,10,152,0.2772413492202759
3672,10,153,0.2766537070274353
3673,10,154,0.17380291223526
3674,10,155,0.3239128291606903
3675,10,156,0.3036735951900482
3676,10,157,0.3415631949901581
3677,10,158,0.32888978719711304
3678,10,159,0.3885526657104492
3679,10,160,0.35371720790863037
3680,10,161,0.27354222536087036
3681,10,162,0.26226651668548584
3682,10,163,0.29940065741539
3683,10,164,0.3809557855129242
3684,10,165,0.20798489451408386
3685,10,166,0.29352250695228577
3686,10,167,0.28204184770584106
3687,10,168,0.2792188823223114
3688,10,169,0.2431889921426773
3689,10,170,0.4022078514099121
3690,10,171,0.2614571750164032
3691,10,172,0.21066613495349884
3692,10,173,0.2880937159061432
3693,10,174,0.24640029668807983
3694,10,175,0.2438337802886963
3695,10,176,0.418666809797287
3696,10,177,0.26509636640548706
3697,10,178,0.2639855444431305
3698,10,179,0.33099809288978577
3699,10,180,0.4664819538593292
3700,10,181,0.4394727349281311
3701,10,182,0.3142932057380676
3702,10,183,0.2898091971874237
3703,10,184,0.17336198687553406
3704,10,185,0.35667097568511963
3705,10,186,0.2703174650669098
3706,10,187,0.435068279504776
3707,10,188,0.3664167821407318
3708,10,189,0.2637453079223633
3709,10,190,0.3983708620071411
3710,10,191,0.28884583711624146
3711,10,192,0.3724641799926758
3712,10,193,0.17153377830982208
3713,10,194,0.2692823112010956
3714,10,195,0.29031112790107727
3715,10,196,0.222320556640625
3716,10,197,0.4150276184082031
3717,10,198,0.28497186303138733
3718,10,199,0.18017058074474335
3719,10,200,0.294716477394104
3720,10,201,0.2600383758544922
3721,10,202,0.24217256903648376
3722,10,203,0.2675504684448242
3723,10,204,0.405457466840744
3724,10,205,0.32335880398750305
3725,10,206,0.2540413737297058
3726,10,207,0.24006499350070953
3727,10,208,0.44078904390335083
3728,10,209,0.2311495542526245
3729,10,210,0.4887942671775818
3730,10,211,0.22695596516132355
3731,10,212,0.4155171811580658
3732,10,213,0.4208705425262451
3733,10,214,0.35997435450553894
3734,10,215,0.20636986196041107
3735,10,216,0.539878249168396
3736,10,217,0.3786829113960266
3737,10,218,0.21469059586524963
3738,10,219,0.29504624009132385
3739,10,220,0.32519397139549255
3740,10,221,0.4464244544506073
3741,10,222,0.20307563245296478
3742,10,223,0.4478011131286621
3743,10,224,0.4026866555213928
3744,10,225,0.34429070353507996
3745,10,226,0.38307735323905945
3746,10,227,0.234034463763237
3747,10,228,0.2579527497291565
3748,10,229,0.30596697330474854
3749,10,230,0.34560418128967285
3750,10,231,0.2644103765487671
3751,10,232,0.21252527832984924
3752,10,233,0.4027886986732483
3753,10,234,0.3970511853694916
3754,10,235,0.2816775441169739
3755,10,236,0.4195471405982971
3756,10,237,0.32400864362716675
3757,10,238,0.310516357421875
3758,10,239,0.34205108880996704
3759,10,240,0.2156250923871994
3760,10,241,0.21742573380470276
3761,10,242,0.29725658893585205
3762,10,243,0.24740785360336304
3763,10,244,0.24219273030757904
3764,10,245,0.2846314609050751
3765,10,246,0.3534639775753021
3766,10,247,0.35119691491127014
3767,10,248,0.2703648805618286
3768,10,249,0.29185551404953003
3769,10,250,0.22055964171886444
3770,10,251,0.40093663334846497
3771,10,252,0.36936327815055847
3772,10,253,0.31958040595054626
3773,10,254,0.3479674756526947
3774,10,255,0.37221744656562805
3775,10,256,0.29021820425987244
3776,10,257,0.22572720050811768
3777,10,258,0.25592073798179626
3778,10,259,0.3587024509906769
3779,10,260,0.27485811710357666
3780,10,261,0.3073728084564209
3781,10,262,0.28139129281044006
3782,10,263,0.25599250197410583
3783,10,264,0.41192594170570374
3784,10,265,0.4618642330169678
3785,10,266,0.3473491668701172
3786,10,267,0.2593289315700531
3787,10,268,0.3692956268787384
3788,10,269,0.4489567279815674
3789,10,270,0.2607019245624542
3790,10,271,0.2905295789241791
3791,10,272,0.3902236521244049
3792,10,273,0.45973482728004456
3793,10,274,0.3796597123146057
3794,10,275,0.19975081086158752
3795,10,276,0.33079636096954346
3796,10,277,0.365652471780777
3797,10,278,0.3440561592578888
3798,10,279,0.2742882966995239
3799,10,280,0.2315405160188675
3800,10,281,0.34497106075286865
3801,10,282,0.3724851608276367
3802,10,283,0.33399128913879395
3803,10,284,0.31272125244140625
3804,10,285,0.3494323492050171
3805,10,286,0.2583271563053131
3806,10,287,0.3252919316291809
3807,10,288,0.3248439431190491
3808,10,289,0.3473049998283386
3809,10,290,0.3285645842552185
3810,10,291,0.4479790925979614
3811,10,292,0.29640597105026245
3812,10,293,0.5285324454307556
3813,10,294,0.3197622299194336
3814,10,295,0.23823586106300354
3815,10,296,0.29191312193870544
3816,10,297,0.31741851568222046
3817,10,298,0.18309327960014343
3818,10,299,0.2593212127685547
3819,10,300,0.2723696529865265
3820,10,301,0.2847289741039276
3821,10,302,0.3717173933982849
3822,10,303,0.25233685970306396
3823,10,304,0.27855274081230164
3824,10,305,0.40318599343299866
3825,10,306,0.25362899899482727
3826,10,307,0.3740880787372589
3827,10,308,0.3358120918273926
3828,10,309,0.36121559143066406
3829,10,310,0.41379687190055847
3830,10,311,0.28843674063682556
3831,10,312,0.385398805141449
3832,10,313,0.25075840950012207
3833,10,314,0.23998239636421204
3834,10,315,0.26322492957115173
3835,10,316,0.2933599054813385
3836,10,317,0.4045989215373993
3837,10,318,0.3025164008140564
3838,10,319,0.23245307803153992
3839,10,320,0.3436366617679596
3840,10,321,0.38186386227607727
3841,10,322,0.2465025633573532
3842,10,323,0.3753995895385742
3843,10,324,0.3026653230190277
3844,10,325,0.3525136709213257
3845,10,326,0.3270898759365082
3846,10,327,0.36416423320770264
3847,10,328,0.3392032980918884
3848,10,329,0.1733916997909546
3849,10,330,0.3063659965991974
3850,10,331,0.3119547367095947
3851,10,332,0.26384228467941284
3852,10,333,0.3739299178123474
3853,10,334,0.26446622610092163
3854,10,335,0.2791387736797333
3855,10,336,0.4649564027786255
3856,10,337,0.43346795439720154
3857,10,338,0.2721438407897949
3858,10,339,0.19706346094608307
3859,10,340,0.38539984822273254
3860,10,341,0.2697378396987915
3861,10,342,0.29241812229156494
3862,10,343,0.34008100628852844
3863,10,344,0.34230899810791016
3864,10,345,0.35086768865585327
3865,10,346,0.343598335981369
3866,10,347,0.2704445719718933
3867,10,348,0.2872510850429535
3868,10,349,0.34925106167793274
3869,10,350,0.22144687175750732
3870,10,351,0.3106842339038849
3871,10,352,0.30985113978385925
3872,10,353,0.24245458841323853
3873,10,354,0.31080806255340576
3874,10,355,0.3731444776058197
3875,10,356,0.41155877709388733
3876,10,357,0.2573937177658081
3877,10,358,0.26860982179641724
3878,10,359,0.21660737693309784
3879,10,360,0.28734761476516724
3880,10,361,0.28198152780532837
3881,10,362,0.2992989122867584
3882,10,363,0.3188171684741974
3883,10,364,0.3378584682941437
3884,10,365,0.3264014720916748
3885,10,366,0.24588218331336975
3886,10,367,0.2734520137310028
3887,10,368,0.3411318063735962
3888,10,369,0.20542415976524353
3889,10,370,0.28585323691368103
3890,10,371,0.35071608424186707
3891,10,372,0.28050824999809265
3892,10,373,0.25252020359039307
3893,10,374,0.3031339943408966
3894,10,375,0.25044459104537964
3895,10,376,0.3073878288269043
3896,10,377,0.30976569652557373
3897,10,378,0.37718847393989563
3898,10,379,0.43777263164520264
3899,10,380,0.38290324807167053
3900,10,381,0.2835579514503479
3901,10,382,0.3736957907676697
3902,10,383,0.3582298755645752
3903,10,384,0.34294572472572327
3904,10,385,0.2980271577835083
3905,10,386,0.3411203920841217
3906,10,387,0.39386457204818726
3907,10,388,0.29467347264289856
3908,10,389,0.34395864605903625
3909,10,390,0.32174158096313477
3910,10,391,0.38225385546684265
3911,11,1,0.16483160853385925
3912,11,2,0.4136895537376404
3913,11,3,0.35031890869140625
3914,11,4,0.2754124104976654
3915,11,5,0.29477012157440186
3916,11,6,0.2254614233970642
3917,11,7,0.3127787411212921
3918,11,8,0.24515585601329803
3919,11,9,0.2778664529323578
3920,11,10,0.17610237002372742
3921,11,11,0.22348743677139282
3922,11,12,0.18674473464488983
3923,11,13,0.2425459623336792
3924,11,14,0.1848762184381485
3925,11,15,0.24271315336227417
3926,11,16,0.17993970215320587
3927,11,17,0.15614499151706696
3928,11,18,0.21017462015151978
3929,11,19,0.16458557546138763
3930,11,20,0.21830938756465912
3931,11,21,0.17952470481395721
3932,11,22,0.12316210567951202
3933,11,23,0.16702693700790405
3934,11,24,0.31822001934051514
3935,11,25,0.08876770734786987
3936,11,26,0.20546787977218628
3937,11,27,0.23043210804462433
3938,11,28,0.16538773477077484
3939,11,29,0.2435561716556549
3940,11,30,0.2787124216556549
3941,11,31,0.27197566628456116
3942,11,32,0.1855984926223755
3943,11,33,0.26297158002853394
3944,11,34,0.2223709225654602
3945,11,35,0.17984330654144287
3946,11,36,0.317882776260376
3947,11,37,0.13414444029331207
3948,11,38,0.1637856811285019
3949,11,39,0.30372461676597595
3950,11,40,0.2827540338039398
3951,11,41,0.21430417895317078
3952,11,42,0.18674981594085693
3953,11,43,0.16230739653110504
3954,11,44,0.15296082198619843
3955,11,45,0.2360936850309372
3956,11,46,0.15092413127422333
3957,11,47,0.33820483088493347
3958,11,48,0.2899966835975647
3959,11,49,0.13032597303390503
3960,11,50,0.23836557567119598
3961,11,51,0.26296374201774597
3962,11,52,0.1872708946466446
3963,11,53,0.23540793359279633
3964,11,54,0.21995289623737335
3965,11,55,0.3014720678329468
3966,11,56,0.15944615006446838
3967,11,57,0.15555712580680847
3968,11,58,0.12838083505630493
3969,11,59,0.14802592992782593
3970,11,60,0.17364808917045593
3971,11,61,0.2017616331577301
3972,11,62,0.1544424295425415
3973,11,63,0.1437608003616333
3974,11,64,0.2692409157752991
3975,11,65,0.20813220739364624
3976,11,66,0.21458123624324799
3977,11,67,0.2686629891395569
3978,11,68,0.23830008506774902
3979,11,69,0.21525807678699493
3980,11,70,0.2088903784751892
3981,11,71,0.17631976306438446
3982,11,72,0.19206111133098602
3983,11,73,0.24025002121925354
3984,11,74,0.158035010099411
3985,11,75,0.2494293451309204
3986,11,76,0.18057918548583984
3987,11,77,0.26892518997192383
3988,11,78,0.16840502619743347
3989,11,79,0.17157605290412903
3990,11,80,0.17695847153663635
3991,11,81,0.2694624960422516
3992,11,82,0.18106797337532043
3993,11,83,0.21256081759929657
3994,11,84,0.3112485706806183
3995,11,85,0.18460094928741455
3996,11,86,0.21195605397224426
3997,11,87,0.28132349252700806
3998,11,88,0.23861339688301086
3999,11,89,0.2531813681125641
4000,11,90,0.11356561630964279
4001,11,91,0.15845081210136414
4002,11,92,0.24996809661388397
4003,11,93,0.2310570329427719
4004,11,94,0.30602768063545227
4005,11,95,0.34758448600769043
4006,11,96,0.1952613890171051
4007,11,97,0.2090637981891632
4008,11,98,0.19789451360702515
4009,11,99,0.2596535384654999
4010,11,100,0.2502019703388214
4011,11,101,0.15138690173625946
4012,11,102,0.22783958911895752
4013,11,103,0.15247218310832977
4014,11,104,0.2811342179775238
4015,11,105,0.30411437153816223
4016,11,106,0.1877908706665039
4017,11,107,0.21998028457164764
4018,11,108,0.17001771926879883
4019,11,109,0.18952837586402893
4020,11,110,0.25164851546287537
4021,11,111,0.3142663538455963
4022,11,112,0.20046718418598175
4023,11,113,0.19465667009353638
4024,11,114,0.21319738030433655
4025,11,115,0.19166918098926544
4026,11,116,0.20439593493938446
4027,11,117,0.10874783247709274
4028,11,118,0.29237350821495056
4029,11,119,0.23437269032001495
4030,11,120,0.2527417838573456
4031,11,121,0.20189225673675537
4032,11,122,0.3177454471588135
4033,11,123,0.21972140669822693
4034,11,124,0.1727750599384308
4035,11,125,0.18296991288661957
4036,11,126,0.18242418766021729
4037,11,127,0.24415986239910126
4038,11,128,0.22675365209579468
4039,11,129,0.2292923480272293
4040,11,130,0.20670132339000702
4041,11,131,0.1870570182800293
4042,11,132,0.216024711728096
4043,11,133,0.17509430646896362
4044,11,134,0.1855865716934204
4045,11,135,0.21338479220867157
4046,11,136,0.31416061520576477
4047,11,137,0.1866016834974289
4048,11,138,0.213882714509964
4049,11,139,0.18236277997493744
4050,11,140,0.16733546555042267
4051,11,141,0.30626800656318665
4052,11,142,0.20372632145881653
4053,11,143,0.2040920853614807
4054,11,144,0.2905295193195343
4055,11,145,0.2677670121192932
4056,11,146,0.21195431053638458
4057,11,147,0.1819400042295456
4058,11,148,0.33368149399757385
4059,11,149,0.20206886529922485
4060,11,150,0.1459900140762329
4061,11,151,0.18404555320739746
4062,11,152,0.2841142416000366
4063,11,153,0.2483072578907013
4064,11,154,0.22599399089813232
4065,11,155,0.17965644598007202
4066,11,156,0.16062745451927185
4067,11,157,0.21723076701164246
4068,11,158,0.14267635345458984
4069,11,159,0.2807520925998688
4070,11,160,0.25009027123451233
4071,11,161,0.2172447293996811
4072,11,162,0.2618800699710846
4073,11,163,0.20929282903671265
4074,11,164,0.24399852752685547
4075,11,165,0.3099009692668915
4076,11,166,0.17710839211940765
4077,11,167,0.27746033668518066
4078,11,168,0.25464311242103577
4079,11,169,0.16215866804122925
4080,11,170,0.2301042228937149
4081,11,171,0.17995227873325348
4082,11,172,0.2113996148109436
4083,11,173,0.1753089725971222
4084,11,174,0.26248061656951904
4085,11,175,0.21179699897766113
4086,11,176,0.20489555597305298
4087,11,177,0.25740668177604675
4088,11,178,0.14606861770153046
4089,11,179,0.1796366572380066
4090,11,180,0.16344678401947021
4091,11,181,0.2267518788576126
4092,11,182,0.23979125916957855
4093,11,183,0.16367407143115997
4094,11,184,0.14724206924438477
4095,11,185,0.23218479752540588
4096,11,186,0.24416162073612213
4097,11,187,0.13667309284210205
4098,11,188,0.15235313773155212
4099,11,189,0.15897929668426514
4100,11,190,0.22428838908672333
4101,11,191,0.1853601634502411
4102,11,192,0.18704676628112793
4103,11,193,0.18168018758296967
4104,11,194,0.2715264558792114
4105,11,195,0.19285011291503906
4106,11,196,0.18294499814510345
4107,11,197,0.3060401380062103
4108,11,198,0.18280890583992004
4109,11,199,0.17284992337226868
4110,11,200,0.365010142326355
4111,11,201,0.23174390196800232
4112,11,202,0.2706715762615204
4113,11,203,0.2533615529537201
4114,11,204,0.294249951839447
4115,11,205,0.2021365761756897
4116,11,206,0.12407281994819641
4117,11,207,0.28921985626220703
4118,11,208,0.22412846982479095
4119,11,209,0.21482470631599426
4120,11,210,0.39098894596099854
4121,11,211,0.19834831357002258
4122,11,212,0.15468665957450867
4123,11,213,0.2713955044746399
4124,11,214,0.2106206864118576
4125,11,215,0.24857757985591888
4126,11,216,0.3169444501399994
4127,11,217,0.3336949050426483
4128,11,218,0.28341880440711975
4129,11,219,0.2092733383178711
4130,11,220,0.20020663738250732
4131,11,221,0.23432019352912903
4132,11,222,0.21233755350112915
4133,11,223,0.2572224736213684
4134,11,224,0.2680237889289856
4135,11,225,0.22486929595470428
4136,11,226,0.2528557777404785
4137,11,227,0.17130377888679504
4138,11,228,0.3524104356765747
4139,11,229,0.2133411467075348
4140,11,230,0.25383663177490234
4141,11,231,0.1644991934299469
4142,11,232,0.29775044322013855
4143,11,233,0.19629091024398804
4144,11,234,0.13068220019340515
4145,11,235,0.18829935789108276
4146,11,236,0.42412832379341125
4147,11,237,0.23784495890140533
4148,11,238,0.26647794246673584
4149,11,239,0.15623264014720917
4150,11,240,0.16743335127830505
4151,11,241,0.3295242488384247
4152,11,242,0.3039596676826477
4153,11,243,0.16353663802146912
4154,11,244,0.21301747858524323
4155,11,245,0.2126370370388031
4156,11,246,0.10371746122837067
4157,11,247,0.3115452229976654
4158,11,248,0.24109302461147308
4159,11,249,0.19032785296440125
4160,11,250,0.1138693317770958
4161,11,251,0.2140181064605713
4162,11,252,0.18751749396324158
4163,11,253,0.24478572607040405
4164,11,254,0.13915932178497314
4165,11,255,0.3057917058467865
4166,11,256,0.2658598721027374
4167,11,257,0.22821876406669617
4168,11,258,0.22177797555923462
4169,11,259,0.23003549873828888
4170,11,260,0.23885014653205872
4171,11,261,0.1910407543182373
4172,11,262,0.23690691590309143
4173,11,263,0.18698501586914062
4174,11,264,0.22406373918056488
4175,11,265,0.2541922628879547
4176,11,266,0.13815803825855255
4177,11,267,0.18295446038246155
4178,11,268,0.186204195022583
4179,11,269,0.15264277160167694
4180,11,270,0.23524536192417145
4181,11,271,0.22412636876106262
4182,11,272,0.22874332964420319
4183,11,273,0.19056858122348785
4184,11,274,0.24218055605888367
4185,11,275,0.21646156907081604
4186,11,276,0.22232623398303986
4187,11,277,0.30311012268066406
4188,11,278,0.2757366895675659
4189,11,279,0.33296865224838257
4190,11,280,0.1280607134103775
4191,11,281,0.17999576032161713
4192,11,282,0.280901700258255
4193,11,283,0.287031888961792
4194,11,284,0.19799521565437317
4195,11,285,0.21281808614730835
4196,11,286,0.28973427414894104
4197,11,287,0.1952137053012848
4198,11,288,0.3216988146305084
4199,11,289,0.19113467633724213
4200,11,290,0.22328844666481018
4201,11,291,0.14708036184310913
4202,11,292,0.19200928509235382
4203,11,293,0.3069987893104553
4204,11,294,0.1662769317626953
4205,11,295,0.2823265790939331
4206,11,296,0.19125473499298096
4207,11,297,0.2064681202173233
4208,11,298,0.2123691737651825
4209,11,299,0.1474640667438507
4210,11,300,0.276572048664093
4211,11,301,0.17176233232021332
4212,11,302,0.24196867644786835
4213,11,303,0.24290062487125397
4214,11,304,0.23072628676891327
4215,11,305,0.18675461411476135
4216,11,306,0.13739410042762756
4217,11,307,0.15962567925453186
4218,11,308,0.24993996322155
4219,11,309,0.17702573537826538
4220,11,310,0.2773488163948059
4221,11,311,0.2382512092590332
4222,11,312,0.3279872536659241
4223,11,313,0.14346446096897125
4224,11,314,0.19436606764793396
4225,11,315,0.31464260816574097
4226,11,316,0.2739183008670807
4227,11,317,0.28351104259490967
4228,11,318,0.16578935086727142
4229,11,319,0.3791230618953705
4230,11,320,0.26812660694122314
4231,11,321,0.31066468358039856
4232,11,322,0.37307360768318176
4233,11,323,0.3830196261405945
4234,11,324,0.2331719845533371
4235,11,325,0.32414600253105164
4236,11,326,0.276018887758255
4237,11,327,0.23639251291751862
4238,11,328,0.24282075464725494
4239,11,329,0.21323157846927643
4240,11,330,0.22940760850906372
4241,11,331,0.20270936191082
4242,11,332,0.26292845606803894
4243,11,333,0.2489439994096756
4244,11,334,0.17639485001564026
4245,11,335,0.30938994884490967
4246,11,336,0.240534707903862
4247,11,337,0.1433081179857254
4248,11,338,0.2622455358505249
4249,11,339,0.23205022513866425
4250,11,340,0.1460106521844864
4251,11,341,0.3022870421409607
4252,11,342,0.20376843214035034
4253,11,343,0.2632763385772705
4254,11,344,0.19501349329948425
4255,11,345,0.2358371466398239
4256,11,346,0.22067515552043915
4257,11,347,0.28369081020355225
4258,11,348,0.18593353033065796
4259,11,349,0.25950515270233154
4260,11,350,0.17273034155368805
4261,11,351,0.17861013114452362
4262,11,352,0.2830598056316376
4263,11,353,0.1432959884405136
4264,11,354,0.20320557057857513
4265,11,355,0.2726646363735199
4266,11,356,0.23745417594909668
4267,11,357,0.3020409643650055
4268,11,358,0.27518507838249207
4269,11,359,0.27109047770500183
4270,11,360,0.3327814042568207
4271,11,361,0.20915044844150543
4272,11,362,0.19587388634681702
4273,11,363,0.23624442517757416
4274,11,364,0.29495203495025635
4275,11,365,0.26460322737693787
4276,11,366,0.34422487020492554
4277,11,367,0.3620024621486664
4278,11,368,0.20120082795619965
4279,11,369,0.3993731737136841
4280,11,370,0.31026357412338257
4281,11,371,0.20657405257225037
4282,11,372,0.2079678624868393
4283,11,373,0.30712300539016724
4284,11,374,0.1602460891008377
4285,11,375,0.24029865860939026
4286,11,376,0.17249029874801636
4287,11,377,0.27080202102661133
4288,11,378,0.2458406388759613
4289,11,379,0.23091882467269897
4290,11,380,0.28855445981025696
4291,11,381,0.1348269134759903
4292,11,382,0.17815850675106049
4293,11,383,0.19986224174499512
4294,11,384,0.2677195370197296
4295,11,385,0.2387622892856598
4296,11,386,0.2608787417411804
4297,11,387,0.2515845000743866
4298,11,388,0.15135331451892853
4299,11,389,0.22621968388557434
4300,11,390,0.2951958477497101
4301,11,391,0.2582146227359772
4302,12,1,0.14760924875736237
4303,12,2,0.11186185479164124
4304,12,3,0.156758114695549
4305,12,4,0.12762504816055298
4306,12,5,0.17208923399448395
4307,12,6,0.1685340702533722
4308,12,7,0.11796272546052933
4309,12,8,0.11052575707435608
4310,12,9,0.12615837156772614
4311,12,10,0.13829255104064941
4312,12,11,0.1770675927400589
4313,12,12,0.11585164815187454
4314,12,13,0.10077856481075287
4315,12,14,0.1515423208475113
4316,12,15,0.13135898113250732
4317,12,16,0.06733899563550949
4318,12,17,0.09605906903743744
4319,12,18,0.14984281361103058
4320,12,19,0.12864890694618225
4321,12,20,0.1765241026878357
4322,12,21,0.1420687884092331
4323,12,22,0.24001868069171906
4324,12,23,0.19844308495521545
4325,12,24,0.14982159435749054
4326,12,25,0.24343343079090118
4327,12,26,0.11990818381309509
4328,12,27,0.15864622592926025
4329,12,28,0.0860673114657402
4330,12,29,0.14648596942424774
4331,12,30,0.1344805806875229
4332,12,31,0.12058041989803314
4333,12,32,0.17324122786521912
4334,12,33,0.16092808544635773
4335,12,34,0.19059070944786072
4336,12,35,0.1495124250650406
4337,12,36,0.08055179566144943
4338,12,37,0.09112467616796494
4339,12,38,0.07419908791780472
4340,12,39,0.10882283747196198
4341,12,40,0.20054492354393005
4342,12,41,0.09271075576543808
4343,12,42,0.1451120376586914
4344,12,43,0.15819112956523895
4345,12,44,0.12671314179897308
4346,12,45,0.10108066350221634
4347,12,46,0.0664217621088028
4348,12,47,0.16085007786750793
4349,12,48,0.24832166731357574
4350,12,49,0.07617922127246857
4351,12,50,0.22007596492767334
4352,12,51,0.1457798331975937
4353,12,52,0.12772193551063538
4354,12,53,0.12315599620342255
4355,12,54,0.11136817932128906
4356,12,55,0.10950781404972076
4357,12,56,0.15095154941082
4358,12,57,0.1312853991985321
4359,12,58,0.18052464723587036
4360,12,59,0.14723710715770721
4361,12,60,0.2501515746116638
4362,12,61,0.14782115817070007
4363,12,62,0.1942153424024582
4364,12,63,0.15132711827754974
4365,12,64,0.18622168898582458
4366,12,65,0.11953660845756531
4367,12,66,0.16975577175617218
4368,12,67,0.07539135962724686
4369,12,68,0.12502697110176086
4370,12,69,0.08923713862895966
4371,12,70,0.15749593079090118
4372,12,71,0.19770704209804535
4373,12,72,0.21923963725566864
4374,12,73,0.1694086343050003
4375,12,74,0.17104750871658325
4376,12,75,0.10469425469636917
4377,12,76,0.17045831680297852
4378,12,77,0.1359827071428299
4379,12,78,0.16595567762851715
4380,12,79,0.12916722893714905
4381,12,80,0.15348774194717407
4382,12,81,0.17836956679821014
4383,12,82,0.1787177473306656
4384,12,83,0.13041000068187714
4385,12,84,0.1778896450996399
4386,12,85,0.1285560578107834
4387,12,86,0.15261872112751007
4388,12,87,0.17127983272075653
4389,12,88,0.1171877533197403
4390,12,89,0.18473874032497406
4391,12,90,0.14999862015247345
4392,12,91,0.18757133185863495
4393,12,92,0.09456183016300201
4394,12,93,0.0963003858923912
4395,12,94,0.16921472549438477
4396,12,95,0.1664780080318451
4397,12,96,0.15466448664665222
4398,12,97,0.1800864189863205
4399,12,98,0.12185285240411758
4400,12,99,0.19371609389781952
4401,12,100,0.19503754377365112
4402,12,101,0.10171601176261902
4403,12,102,0.09017579257488251
4404,12,103,0.19522340595722198
4405,12,104,0.11309655010700226
4406,12,105,0.1521303355693817
4407,12,106,0.1686873733997345
4408,12,107,0.18118609488010406
4409,12,108,0.12432451546192169
4410,12,109,0.1862749457359314
4411,12,110,0.14300382137298584
4412,12,111,0.19720323383808136
4413,12,112,0.140239417552948
4414,12,113,0.20611059665679932
4415,12,114,0.113284632563591
4416,12,115,0.15127259492874146
4417,12,116,0.18976671993732452
4418,12,117,0.19387291371822357
4419,12,118,0.12959398329257965
4420,12,119,0.22762323915958405
4421,12,120,0.16749629378318787
4422,12,121,0.10704810917377472
4423,12,122,0.17718645930290222
4424,12,123,0.18914298713207245
4425,12,124,0.14731372892856598
4426,12,125,0.18745343387126923
4427,12,126,0.08671285957098007
4428,12,127,0.19365566968917847
4429,12,128,0.11124546080827713
4430,12,129,0.18026576936244965
4431,12,130,0.1582527458667755
4432,12,131,0.14118927717208862
4433,12,132,0.10509035736322403
4434,12,133,0.08050578832626343
4435,12,134,0.1547602266073227
4436,12,135,0.20763550698757172
4437,12,136,0.19882477819919586
4438,12,137,0.1266176402568817
4439,12,138,0.1480310559272766
4440,12,139,0.1025555431842804
4441,12,140,0.2183346003293991
4442,12,141,0.10669709742069244
4443,12,142,0.08791661262512207
4444,12,143,0.15253427624702454
4445,12,144,0.10260897129774094
4446,12,145,0.16291390359401703
4447,12,146,0.0754803791642189
4448,12,147,0.1524703949689865
4449,12,148,0.12706999480724335
4450,12,149,0.19666001200675964
4451,12,150,0.11972245573997498
4452,12,151,0.16262005269527435
4453,12,152,0.110606350004673
4454,12,153,0.09749919921159744
4455,12,154,0.18380078673362732
4456,12,155,0.1506366729736328
4457,12,156,0.15882214903831482
4458,12,157,0.13563284277915955
4459,12,158,0.07305227965116501
4460,12,159,0.11761203408241272
4461,12,160,0.19067108631134033
4462,12,161,0.14708320796489716
4463,12,162,0.1019868329167366
4464,12,163,0.10239230841398239
4465,12,164,0.09871703386306763
4466,12,165,0.12870827317237854
4467,12,166,0.16439878940582275
4468,12,167,0.07975376397371292
4469,12,168,0.11905401200056076
4470,12,169,0.17788298428058624
4471,12,170,0.08713258057832718
4472,12,171,0.08523993194103241
4473,12,172,0.10516785830259323
4474,12,173,0.11505687981843948
4475,12,174,0.07956952601671219
4476,12,175,0.224277526140213
4477,12,176,0.10272426903247833
4478,12,177,0.1247846782207489
4479,12,178,0.14745494723320007
4480,12,179,0.14916351437568665
4481,12,180,0.18756920099258423
4482,12,181,0.09297645092010498
4483,12,182,0.12715844810009003
4484,12,183,0.19735707342624664
4485,12,184,0.1258092075586319
4486,12,185,0.07048235833644867
4487,12,186,0.16031761467456818
4488,12,187,0.16076989471912384
4489,12,188,0.21538540720939636
4490,12,189,0.15924575924873352
4491,12,190,0.19503919780254364
4492,12,191,0.07326224446296692
4493,12,192,0.2534449100494385
4494,12,193,0.15943007171154022
4495,12,194,0.1252782940864563
4496,12,195,0.1387987732887268
4497,12,196,0.18446333706378937
4498,12,197,0.14595681428909302
4499,12,198,0.1775735467672348
4500,12,199,0.21690571308135986
4501,12,200,0.13367976248264313
4502,12,201,0.13504350185394287
4503,12,202,0.16281409561634064
4504,12,203,0.10916168987751007
4505,12,204,0.20401422679424286
4506,12,205,0.1679721623659134
4507,12,206,0.17859017848968506
4508,12,207,0.10443107038736343
4509,12,208,0.09860756248235703
4510,12,209,0.25008267164230347
4511,12,210,0.2207219898700714
4512,12,211,0.178874671459198
4513,12,212,0.2048140913248062
4514,12,213,0.10387451946735382
4515,12,214,0.1303526610136032
4516,12,215,0.11943422257900238
4517,12,216,0.15814661979675293
4518,12,217,0.14489449560642242
4519,12,218,0.22262978553771973
4520,12,219,0.17176251113414764
4521,12,220,0.07938962429761887
4522,12,221,0.1401018500328064
4523,12,222,0.14641286432743073
4524,12,223,0.11559661477804184
4525,12,224,0.1380913257598877
4526,12,225,0.17145082354545593
4527,12,226,0.1457180231809616
4528,12,227,0.06395716220140457
4529,12,228,0.14888568222522736
4530,12,229,0.12566615641117096
4531,12,230,0.08599874377250671
4532,12,231,0.23487485945224762
4533,12,232,0.31952282786369324
4534,12,233,0.17992572486400604
4535,12,234,0.10369119048118591
4536,12,235,0.1960725635290146
4537,12,236,0.26693302392959595
4538,12,237,0.11783774197101593
4539,12,238,0.193769633769989
4540,12,239,0.23357950150966644
4541,12,240,0.27704039216041565
4542,12,241,0.2312556505203247
4543,12,242,0.15294018387794495
4544,12,243,0.20189842581748962
4545,12,244,0.2281944453716278
4546,12,245,0.2505040466785431
4547,12,246,0.21702566742897034
4548,12,247,0.15485510230064392
4549,12,248,0.1488458812236786
4550,12,249,0.2032480090856552
4551,12,250,0.21274182200431824
4552,12,251,0.3540968894958496
4553,12,252,0.11305421590805054
4554,12,253,0.20075614750385284
4555,12,254,0.2669909596443176
4556,12,255,0.24979300796985626
4557,12,256,0.10558876395225525
4558,12,257,0.17477813363075256
4559,12,258,0.14804670214653015
4560,12,259,0.2516452968120575
4561,12,260,0.2619892656803131
4562,12,261,0.2158096879720688
4563,12,262,0.16501273214817047
4564,12,263,0.18924202024936676
4565,12,264,0.2045818418264389
4566,12,265,0.2125316709280014
4567,12,266,0.24990659952163696
4568,12,267,0.25980404019355774
4569,12,268,0.1504221111536026
4570,12,269,0.21543626487255096
4571,12,270,0.1550816148519516
4572,12,271,0.09665942192077637
4573,12,272,0.19086408615112305
4574,12,273,0.1161985769867897
4575,12,274,0.17602044343948364
4576,12,275,0.28408917784690857
4577,12,276,0.19481267035007477
4578,12,277,0.20482513308525085
4579,12,278,0.18875400722026825
4580,12,279,0.24065056443214417
4581,12,280,0.17513011395931244
4582,12,281,0.14242956042289734
4583,12,282,0.1367289423942566
4584,12,283,0.164374440908432
4585,12,284,0.1464211642742157
4586,12,285,0.2107551395893097
4587,12,286,0.20573017001152039
4588,12,287,0.16594716906547546
4589,12,288,0.29744064807891846
4590,12,289,0.18150706589221954
4591,12,290,0.15277926623821259
4592,12,291,0.2161811739206314
4593,12,292,0.16462841629981995
4594,12,293,0.1434881091117859
4595,12,294,0.13529302179813385
4596,12,295,0.19624347984790802
4597,12,296,0.18118847906589508
4598,12,297,0.12308693677186966
4599,12,298,0.15816940367221832
4600,12,299,0.19687122106552124
4601,12,300,0.14448082447052002
4602,12,301,0.14351114630699158
4603,12,302,0.1538749635219574
4604,12,303,0.27027183771133423
4605,12,304,0.17290882766246796
4606,12,305,0.15898515284061432
4607,12,306,0.2592344582080841
4608,12,307,0.17831647396087646
4609,12,308,0.23423027992248535
4610,12,309,0.12602025270462036
4611,12,310,0.1761537790298462
4612,12,311,0.16183549165725708
4613,12,312,0.27331870794296265
4614,12,313,0.17474690079689026
4615,12,314,0.1756737232208252
4616,12,315,0.18313777446746826
4617,12,316,0.21478714048862457
4618,12,317,0.20671388506889343
4619,12,318,0.22738391160964966
4620,12,319,0.20087358355522156
4621,12,320,0.20809108018875122
4622,12,321,0.1464470624923706
4623,12,322,0.10191819071769714
4624,12,323,0.12748293578624725
4625,12,324,0.15005460381507874
4626,12,325,0.32321080565452576
4627,12,326,0.17333653569221497
4628,12,327,0.1991259753704071
4629,12,328,0.13052940368652344
4630,12,329,0.18633604049682617
4631,12,330,0.15072953701019287
4632,12,331,0.12773260474205017
4633,12,332,0.22555671632289886
4634,12,333,0.17939519882202148
4635,12,334,0.21653567254543304
4636,12,335,0.12145568430423737
4637,12,336,0.23411129415035248
4638,12,337,0.1437178999185562
4639,12,338,0.1315080225467682
4640,12,339,0.22662967443466187
4641,12,340,0.2366032749414444
4642,12,341,0.1984686255455017
4643,12,342,0.13998635113239288
4644,12,343,0.14957062900066376
4645,12,344,0.14400707185268402
4646,12,345,0.15661069750785828
4647,12,346,0.18809989094734192
4648,12,347,0.13799060881137848
4649,12,348,0.19657637178897858
4650,12,349,0.09921327233314514
4651,12,350,0.17009279131889343
4652,12,351,0.12750862538814545
4653,12,352,0.18015410006046295
4654,12,353,0.172318235039711
4655,12,354,0.24321186542510986
4656,12,355,0.17546482384204865
4657,12,356,0.07102826982736588
4658,12,357,0.1986486315727234
4659,12,358,0.16054409742355347
4660,12,359,0.16150394082069397
4661,12,360,0.20726937055587769
4662,12,361,0.1517139971256256
4663,12,362,0.13421419262886047
4664,12,363,0.2025689035654068
4665,12,364,0.10982321202754974
4666,12,365,0.1611146628856659
4667,12,366,0.14071495831012726
4668,12,367,0.20294062793254852
4669,12,368,0.11743155121803284
4670,12,369,0.06692207604646683
4671,12,370,0.1833011507987976
4672,12,371,0.09828579425811768
4673,12,372,0.2167939394712448
4674,12,373,0.16513079404830933
4675,12,374,0.0992015153169632
4676,12,375,0.14486299455165863
4677,12,376,0.23562639951705933
4678,12,377,0.15104267001152039
4679,12,378,0.14512300491333008
4680,12,379,0.12471718341112137
4681,12,380,0.15565186738967896
4682,12,381,0.16704821586608887
4683,12,382,0.10508058965206146
4684,12,383,0.23357462882995605
4685,12,384,0.19104892015457153
4686,12,385,0.14629589021205902
4687,12,386,0.21177726984024048
4688,12,387,0.10496043413877487
4689,12,388,0.1848955750465393
4690,12,389,0.11544583737850189
4691,12,390,0.13540656864643097
4692,12,391,0.24816255271434784
4693,13,1,0.2003430873155594
4694,13,2,0.08466470241546631
4695,13,3,0.10491472482681274
4696,13,4,0.06953119486570358
4697,13,5,0.0901515930891037
4698,13,6,0.0772663950920105
4699,13,7,0.05655950680375099
4700,13,8,0.10855469107627869
4701,13,9,0.06313636153936386
4702,13,10,0.10708966851234436
4703,13,11,0.08135044574737549
4704,13,12,0.18574026226997375
4705,13,13,0.11689911782741547
4706,13,14,0.09577157348394394
4707,13,15,0.11544115841388702
4708,13,16,0.12572401762008667
4709,13,17,0.09699805080890656
4710,13,18,0.11322882771492004
4711,13,19,0.12831802666187286
4712,13,20,0.11160580068826675
4713,13,21,0.08805742859840393
4714,13,22,0.11566712707281113
4715,13,23,0.19003993272781372
4716,13,24,0.07963686436414719
4717,13,25,0.08909773081541061
4718,13,26,0.07252578437328339
4719,13,27,0.06501352041959763
4720,13,28,0.06061656028032303
4721,13,29,0.04777032509446144
4722,13,30,0.07719443738460541
4723,13,31,0.04557289928197861
4724,13,32,0.09719870239496231
4725,13,33,0.11130901426076889
4726,13,34,0.16812565922737122
4727,13,35,0.06046810746192932
4728,13,36,0.060765478760004044
4729,13,37,0.052932314574718475
4730,13,38,0.08957426995038986
4731,13,39,0.04347541555762291
4732,13,40,0.07807495445013046
4733,13,41,0.12025733292102814
4734,13,42,0.0573396161198616
4735,13,43,0.07448140531778336
4736,13,44,0.04109799116849899
4737,13,45,0.08723779022693634
4738,13,46,0.08312534540891647
4739,13,47,0.06854590028524399
4740,13,48,0.07008745521306992
4741,13,49,0.059721894562244415
4742,13,50,0.08401081711053848
4743,13,51,0.09126520156860352
4744,13,52,0.07820052653551102
4745,13,53,0.06905098259449005
4746,13,54,0.0792948305606842
4747,13,55,0.08367964625358582
4748,13,56,0.05979372560977936
4749,13,57,0.060963429510593414
4750,13,58,0.05995750054717064
4751,13,59,0.13513241708278656
4752,13,60,0.12252789735794067
4753,13,61,0.061604518443346024
4754,13,62,0.08679593354463577
4755,13,63,0.06611042469739914
4756,13,64,0.08030132949352264
4757,13,65,0.06409783661365509
4758,13,66,0.1626647710800171
4759,13,67,0.0878247320652008
4760,13,68,0.07807600498199463
4761,13,69,0.06782712042331696
4762,13,70,0.050740599632263184
4763,13,71,0.08687574416399002
4764,13,72,0.08173367381095886
4765,13,73,0.04510278254747391
4766,13,74,0.0523945689201355
4767,13,75,0.03422223776578903
4768,13,76,0.08262816071510315
4769,13,77,0.09013758599758148
4770,13,78,0.11790825426578522
4771,13,79,0.08841649442911148
4772,13,80,0.07895027846097946
4773,13,81,0.04957684502005577
4774,13,82,0.06813575327396393
4775,13,83,0.0761033222079277
4776,13,84,0.05788220092654228
4777,13,85,0.07582008093595505
4778,13,86,0.12652000784873962
4779,13,87,0.035341776907444
4780,13,88,0.0865664854645729
4781,13,89,0.10293269902467728
4782,13,90,0.12085539847612381
4783,13,91,0.0713052973151207
4784,13,92,0.042106568813323975
4785,13,93,0.09049644321203232
4786,13,94,0.03639569878578186
4787,13,95,0.04002046957612038
4788,13,96,0.0500774048268795
4789,13,97,0.041213538497686386
4790,13,98,0.21018977463245392
4791,13,99,0.11455985903739929
4792,13,100,0.08071611821651459
4793,13,101,0.030255602672696114
4794,13,102,0.10957007110118866
4795,13,103,0.07793830335140228
4796,13,104,0.06271115690469742
4797,13,105,0.06872332096099854
4798,13,106,0.1146504357457161
4799,13,107,0.03586569055914879
4800,13,108,0.08725505322217941
4801,13,109,0.10513880103826523
4802,13,110,0.13534437119960785
4803,13,111,0.030455585569143295
4804,13,112,0.09033917635679245
4805,13,113,0.08121761679649353
4806,13,114,0.10108214616775513
4807,13,115,0.06248310208320618
4808,13,116,0.04790055751800537
4809,13,117,0.056007251143455505
4810,13,118,0.07402407377958298
4811,13,119,0.11033739894628525
4812,13,120,0.060539502650499344
4813,13,121,0.1531296819448471
4814,13,122,0.09235311299562454
4815,13,123,0.1099463403224945
4816,13,124,0.12009754776954651
4817,13,125,0.06448343396186829
4818,13,126,0.044210392981767654
4819,13,127,0.1298772096633911
4820,13,128,0.11448223888874054
4821,13,129,0.10754373669624329
4822,13,130,0.11920207738876343
4823,13,131,0.15120208263397217
4824,13,132,0.14519399404525757
4825,13,133,0.1659250408411026
4826,13,134,0.04515357315540314
4827,13,135,0.1526363641023636
4828,13,136,0.09769020229578018
4829,13,137,0.13925457000732422
4830,13,138,0.10307300835847855
4831,13,139,0.030325161293148994
4832,13,140,0.07141914963722229
4833,13,141,0.07345107197761536
4834,13,142,0.04754167050123215
4835,13,143,0.16526710987091064
4836,13,144,0.07015980780124664
4837,13,145,0.09189705550670624
4838,13,146,0.23088695108890533
4839,13,147,0.12645576894283295
4840,13,148,0.08034862577915192
4841,13,149,0.2573339343070984
4842,13,150,0.09100446105003357
4843,13,151,0.14922183752059937
4844,13,152,0.2036571353673935
4845,13,153,0.09040256589651108
4846,13,154,0.05828510969877243
4847,13,155,0.13319239020347595
4848,13,156,0.11069746315479279
4849,13,157,0.10239694267511368
4850,13,158,0.0721038356423378
4851,13,159,0.07513198256492615
4852,13,160,0.08440320938825607
4853,13,161,0.12381719052791595
4854,13,162,0.1253630518913269
4855,13,163,0.09626037627458572
4856,13,164,0.0863642618060112
4857,13,165,0.10513673722743988
4858,13,166,0.053033530712127686
4859,13,167,0.1491241306066513
4860,13,168,0.11015814542770386
4861,13,169,0.13400781154632568
4862,13,170,0.1369118094444275
4863,13,171,0.09546184539794922
4864,13,172,0.0796649232506752
4865,13,173,0.09854767471551895
4866,13,174,0.0833599716424942
4867,13,175,0.15081672370433807
4868,13,176,0.1640028953552246
4869,13,177,0.1817633956670761
4870,13,178,0.12851136922836304
4871,13,179,0.11430113762617111
4872,13,180,0.08012677729129791
4873,13,181,0.11729348450899124
4874,13,182,0.11841680109500885
4875,13,183,0.1463303565979004
4876,13,184,0.10528209805488586
4877,13,185,0.09654465317726135
4878,13,186,0.10196639597415924
4879,13,187,0.1387883573770523
4880,13,188,0.0897008404135704
4881,13,189,0.0958828404545784
4882,13,190,0.0500590018928051
4883,13,191,0.13753338158130646
4884,13,192,0.11468954384326935
4885,13,193,0.0693940818309784
4886,13,194,0.10350831598043442
4887,13,195,0.04395749792456627
4888,13,196,0.16296620666980743
4889,13,197,0.1672893613576889
4890,13,198,0.06758978962898254
4891,13,199,0.13192562758922577
4892,13,200,0.12135711312294006
4893,13,201,0.07574684917926788
4894,13,202,0.0928388386964798
4895,13,203,0.08114568889141083
4896,13,204,0.059441711753606796
4897,13,205,0.057145871222019196
4898,13,206,0.0993601456284523
4899,13,207,0.13924163579940796
4900,13,208,0.06543869525194168
4901,13,209,0.06286931037902832
4902,13,210,0.14133420586585999
4903,13,211,0.12009194493293762
4904,13,212,0.09104093909263611
4905,13,213,0.12797307968139648
4906,13,214,0.06092115119099617
4907,13,215,0.12454984337091446
4908,13,216,0.11380213499069214
4909,13,217,0.0950399786233902
4910,13,218,0.1131507009267807
4911,13,219,0.1325782686471939
4912,13,220,0.16023068130016327
4913,13,221,0.07806821167469025
4914,13,222,0.09204110503196716
4915,13,223,0.24522580206394196
4916,13,224,0.12362625449895859
4917,13,225,0.06916742026805878
4918,13,226,0.22338469326496124
4919,13,227,0.09837299585342407
4920,13,228,0.07556122541427612
4921,13,229,0.14624951779842377
4922,13,230,0.1547338217496872
4923,13,231,0.21251195669174194
4924,13,232,0.13330118358135223
4925,13,233,0.15627120435237885
4926,13,234,0.15145805478096008
4927,13,235,0.10355717688798904
4928,13,236,0.11552164703607559
4929,13,237,0.12394139915704727
4930,13,238,0.0788082480430603
4931,13,239,0.04066503420472145
4932,13,240,0.05157500132918358
4933,13,241,0.06202729418873787
4934,13,242,0.11516968905925751
4935,13,243,0.08046809583902359
4936,13,244,0.09989993274211884
4937,13,245,0.12804687023162842
4938,13,246,0.05051173269748688
4939,13,247,0.06719715893268585
4940,13,248,0.0942547544836998
4941,13,249,0.1417214274406433
4942,13,250,0.064225934445858
4943,13,251,0.10857678949832916
4944,13,252,0.15287919342517853
4945,13,253,0.10728831589221954
4946,13,254,0.12195154279470444
4947,13,255,0.166547030210495
4948,13,256,0.08131502568721771
4949,13,257,0.12551958858966827
4950,13,258,0.1465088576078415
4951,13,259,0.13485729694366455
4952,13,260,0.06932990998029709
4953,13,261,0.16797903180122375
4954,13,262,0.11154467612504959
4955,13,263,0.10890816152095795
4956,13,264,0.11178109049797058
4957,13,265,0.07451711595058441
4958,13,266,0.12694326043128967
4959,13,267,0.13343901932239532
4960,13,268,0.0685184895992279
4961,13,269,0.09840454906225204
4962,13,270,0.09173925220966339
4963,13,271,0.10929476469755173
4964,13,272,0.10532316565513611
4965,13,273,0.07958422601222992
4966,13,274,0.05172411724925041
4967,13,275,0.12497060000896454
4968,13,276,0.1623719185590744
4969,13,277,0.1289113461971283
4970,13,278,0.1307820826768875
4971,13,279,0.06815283000469208
4972,13,280,0.09053628891706467
4973,13,281,0.07399339228868484
4974,13,282,0.09584943950176239
4975,13,283,0.07142854481935501
4976,13,284,0.11018207669258118
4977,13,285,0.05453113466501236
4978,13,286,0.09671259671449661
4979,13,287,0.12049150466918945
4980,13,288,0.12350714206695557
4981,13,289,0.12082729488611221
4982,13,290,0.09228450059890747
4983,13,291,0.09910989552736282
4984,13,292,0.055059585720300674
4985,13,293,0.12156527489423752
4986,13,294,0.13078945875167847
4987,13,295,0.213925302028656
4988,13,296,0.13439802825450897
4989,13,297,0.09889990836381912
4990,13,298,0.1903095543384552
4991,13,299,0.09886017441749573
4992,13,300,0.1096072793006897
4993,13,301,0.12461250275373459
4994,13,302,0.15211504697799683
4995,13,303,0.10041758418083191
4996,13,304,0.15446358919143677
4997,13,305,0.06537366658449173
4998,13,306,0.2239145189523697
4999,13,307,0.06851513683795929
5000,13,308,0.20204424858093262
5001,13,309,0.09515566378831863
5002,13,310,0.12211856245994568
5003,13,311,0.10335004329681396
5004,13,312,0.11517485976219177
5005,13,313,0.11047210544347763
5006,13,314,0.057128455489873886
5007,13,315,0.15772926807403564
5008,13,316,0.10438382625579834
5009,13,317,0.21253451704978943
5010,13,318,0.11006935685873032
5011,13,319,0.12079338729381561
5012,13,320,0.10499999672174454
5013,13,321,0.05966845154762268
5014,13,322,0.08293874561786652
5015,13,323,0.11044435948133469
5016,13,324,0.05126572400331497
5017,13,325,0.10689677298069
5018,13,326,0.17424847185611725
5019,13,327,0.06982721388339996
5020,13,328,0.10227129608392715
5021,13,329,0.0837516188621521
5022,13,330,0.09758924692869186
5023,13,331,0.15452519059181213
5024,13,332,0.05093808099627495
5025,13,333,0.11438734084367752
5026,13,334,0.11335394531488419
5027,13,335,0.16697870194911957
5028,13,336,0.07424148917198181
5029,13,337,0.10134057700634003
5030,13,338,0.125750333070755
5031,13,339,0.05867978557944298
5032,13,340,0.04153696820139885
5033,13,341,0.10494179278612137
5034,13,342,0.11067686975002289
5035,13,343,0.06742524355649948
5036,13,344,0.10583680868148804
5037,13,345,0.13545747101306915
5038,13,346,0.09873086959123611
5039,13,347,0.15393464267253876
5040,13,348,0.051986221224069595
5041,13,349,0.05946151912212372
5042,13,350,0.2237107902765274
5043,13,351,0.08290062844753265
5044,13,352,0.11086589097976685
5045,13,353,0.11881296336650848
5046,13,354,0.08075879514217377
5047,13,355,0.09203506261110306
5048,13,356,0.12338680773973465
5049,13,357,0.09932520985603333
5050,13,358,0.12166078388690948
5051,13,359,0.1788446307182312
5052,13,360,0.1684410572052002
5053,13,361,0.11409958451986313
5054,13,362,0.11884872615337372
5055,13,363,0.08030541241168976
5056,13,364,0.17836833000183105
5057,13,365,0.15018852055072784
5058,13,366,0.11669665575027466
5059,13,367,0.12101757526397705
5060,13,368,0.10809281468391418
5061,13,369,0.1645893007516861
5062,13,370,0.07052291929721832
5063,13,371,0.12372961640357971
5064,13,372,0.1587061733007431
5065,13,373,0.11254508793354034
5066,13,374,0.12085417658090591
5067,13,375,0.14447800815105438
5068,13,376,0.13248969614505768
5069,13,377,0.12242940068244934
5070,13,378,0.14502055943012238
5071,13,379,0.14572343230247498
5072,13,380,0.10031622648239136
5073,13,381,0.15419988334178925
5074,13,382,0.24496623873710632
5075,13,383,0.17198756337165833
5076,13,384,0.10886809974908829
5077,13,385,0.10621471703052521
5078,13,386,0.19009272754192352
5079,13,387,0.17154094576835632
5080,13,388,0.21918368339538574
5081,13,389,0.04849211126565933
5082,13,390,0.21851351857185364
5083,13,391,0.11440418660640717
5084,14,1,0.0831131786108017
5085,14,2,0.03847700357437134
5086,14,3,0.07825236022472382
5087,14,4,0.09496252238750458
5088,14,5,0.19004210829734802
5089,14,6,0.11369404196739197
5090,14,7,0.12948256731033325
5091,14,8,0.07575618475675583
5092,14,9,0.11003068089485168
5093,14,10,0.0678790807723999
5094,14,11,0.2640656530857086
5095,14,12,0.18830038607120514
5096,14,13,0.1613284945487976
5097,14,14,0.05707167088985443
5098,14,15,0.04326506331562996
5099,14,16,0.08648181706666946
5100,14,17,0.14227153360843658
5101,14,18,0.21800236403942108
5102,14,19,0.17039357125759125
5103,14,20,0.1202438697218895
5104,14,21,0.10361694544553757
5105,14,22,0.09721953421831131
5106,14,23,0.1617913842201233
5107,14,24,0.12313640117645264
5108,14,25,0.07790473103523254
5109,14,26,0.07695520669221878
5110,14,27,0.0857284888625145
5111,14,28,0.06897100061178207
5112,14,29,0.12205501645803452
5113,14,30,0.07205040752887726
5114,14,31,0.1635560393333435
5115,14,32,0.20674559473991394
5116,14,33,0.06183549389243126
5117,14,34,0.05484074726700783
5118,14,35,0.05542558804154396
5119,14,36,0.08475414663553238
5120,14,37,0.04710010439157486
5121,14,38,0.049816180020570755
5122,14,39,0.05158421769738197
5123,14,40,0.06790538877248764
5124,14,41,0.07276275008916855
5125,14,42,0.05528063699603081
5126,14,43,0.03222990036010742
5127,14,44,0.07445771992206573
5128,14,45,0.05579560250043869
5129,14,46,0.054214753210544586
5130,14,47,0.046595100313425064
5131,14,48,0.049252238124608994
5132,14,49,0.05410214513540268
5133,14,50,0.06081394851207733
5134,14,51,0.037978269159793854
5135,14,52,0.10006833076477051
5136,14,53,0.1188676729798317
5137,14,54,0.04996088519692421
5138,14,55,0.0673447996377945
5139,14,56,0.07375331223011017
5140,14,57,0.043405357748270035
5141,14,58,0.06655144691467285
5142,14,59,0.0430372953414917
5143,14,60,0.028900308534502983
5144,14,61,0.03988340124487877
5145,14,62,0.0837090015411377
5146,14,63,0.09791113436222076
5147,14,64,0.06954001635313034
5148,14,65,0.04238039627671242
5149,14,66,0.021681394428014755
5150,14,67,0.050614915788173676
5151,14,68,0.05672520026564598
5152,14,69,0.10778016597032547
5153,14,70,0.06982045620679855
5154,14,71,0.05558030679821968
5155,14,72,0.04280395433306694
5156,14,73,0.03445430099964142
5157,14,74,0.06921441107988358
5158,14,75,0.07846608012914658
5159,14,76,0.05517782270908356
5160,14,77,0.044560566544532776
5161,14,78,0.07971225678920746
5162,14,79,0.12667320668697357
5163,14,80,0.1315605342388153
5164,14,81,0.01891113445162773
5165,14,82,0.08342569321393967
5166,14,83,0.057638660073280334
5167,14,84,0.09994281083345413
5168,14,85,0.028499120846390724
5169,14,86,0.1052568182349205
5170,14,87,0.03742430731654167
5171,14,88,0.06561604142189026
5172,14,89,0.07757998257875443
5173,14,90,0.06851517409086227
5174,14,91,0.059716708958148956
5175,14,92,0.1503913253545761
5176,14,93,0.048679471015930176
5177,14,94,0.03578926622867584
5178,14,95,0.033383361995220184
5179,14,96,0.06383637338876724
5180,14,97,0.05604683607816696
5181,14,98,0.06715575605630875
5182,14,99,0.0622669942677021
5183,14,100,0.13612714409828186
5184,14,101,0.06029737740755081
5185,14,102,0.04811205342411995
5186,14,103,0.062413860112428665
5187,14,104,0.10356169193983078
5188,14,105,0.10963484644889832
5189,14,106,0.09587117284536362
5190,14,107,0.08133120089769363
5191,14,108,0.06382513046264648
5192,14,109,0.06402481347322464
5193,14,110,0.12062010169029236
5194,14,111,0.06834175437688828
5195,14,112,0.05601981282234192
5196,14,113,0.05158384516835213
5197,14,114,0.056857865303754807
5198,14,115,0.1074647605419159
5199,14,116,0.0763247162103653
5200,14,117,0.06765810400247574
5201,14,118,0.05267247557640076
5202,14,119,0.04602565988898277
5203,14,120,0.10374563932418823
5204,14,121,0.10409322381019592
5205,14,122,0.056379951536655426
5206,14,123,0.053307097405195236
5207,14,124,0.09676580131053925
5208,14,125,0.07554680854082108
5209,14,126,0.07922352850437164
5210,14,127,0.11416426301002502
5211,14,128,0.11413168907165527
5212,14,129,0.12889845669269562
5213,14,130,0.1628686487674713
5214,14,131,0.1222381740808487
5215,14,132,0.06627684831619263
5216,14,133,0.0985441654920578
5217,14,134,0.08297073096036911
5218,14,135,0.09805496782064438
5219,14,136,0.04472498595714569
5220,14,137,0.04304220527410507
5221,14,138,0.07359292358160019
5222,14,139,0.07612341642379761
5223,14,140,0.10751427710056305
5224,14,141,0.04391450062394142
5225,14,142,0.10009491443634033
5226,14,143,0.02792564406991005
5227,14,144,0.13548845052719116
5228,14,145,0.056511588394641876
5229,14,146,0.08963834494352341
5230,14,147,0.10736759006977081
5231,14,148,0.05217940732836723
5232,14,149,0.10645274817943573
5233,14,150,0.1477765142917633
5234,14,151,0.03671117126941681
5235,14,152,0.08481410890817642
5236,14,153,0.02148243598639965
5237,14,154,0.04378831386566162
5238,14,155,0.054535169154405594
5239,14,156,0.0931338369846344
5240,14,157,0.047327712178230286
5241,14,158,0.12039502710103989
5242,14,159,0.055631086230278015
5243,14,160,0.06364315748214722
5244,14,161,0.041503697633743286
5245,14,162,0.06936360150575638
5246,14,163,0.04705632105469704
5247,14,164,0.08505537360906601
5248,14,165,0.10746707767248154
5249,14,166,0.07363222539424896
5250,14,167,0.11653787642717361
5251,14,168,0.018922900781035423
5252,14,169,0.07409140467643738
5253,14,170,0.06587070971727371
5254,14,171,0.07647429406642914
5255,14,172,0.06916272640228271
5256,14,173,0.09381724894046783
5257,14,174,0.09912548214197159
5258,14,175,0.1353352963924408
5259,14,176,0.076671302318573
5260,14,177,0.050260141491889954
5261,14,178,0.04596642777323723
5262,14,179,0.07871494442224503
5263,14,180,0.09499967843294144
5264,14,181,0.05639955773949623
5265,14,182,0.1063561886548996
5266,14,183,0.05685243010520935
5267,14,184,0.07218948006629944
5268,14,185,0.09830570966005325
5269,14,186,0.05394774302840233
5270,14,187,0.12000349909067154
5271,14,188,0.0331592857837677
5272,14,189,0.04259983450174332
5273,14,190,0.04687689617276192
5274,14,191,0.036889731884002686
5275,14,192,0.10144109278917313
5276,14,193,0.07813052833080292
5277,14,194,0.03603130951523781
5278,14,195,0.11790996789932251
5279,14,196,0.03819006308913231
5280,14,197,0.049575336277484894
5281,14,198,0.10175283253192902
5282,14,199,0.09766378998756409
5283,14,200,0.05032774433493614
5284,14,201,0.05377809330821037
5285,14,202,0.085209921002388
5286,14,203,0.038418594747781754
5287,14,204,0.05623950436711311
5288,14,205,0.06316683441400528
5289,14,206,0.09890180826187134
5290,14,207,0.05602039396762848
5291,14,208,0.04671502485871315
5292,14,209,0.03927106782793999
5293,14,210,0.0940232053399086
5294,14,211,0.03765605390071869
5295,14,212,0.0806107372045517
5296,14,213,0.1447778195142746
5297,14,214,0.16401222348213196
5298,14,215,0.04300373047590256
5299,14,216,0.12945424020290375
5300,14,217,0.042595088481903076
5301,14,218,0.1347842663526535
5302,14,219,0.06672944873571396
5303,14,220,0.047129590064287186
5304,14,221,0.17802821099758148
5305,14,222,0.09126022458076477
5306,14,223,0.13262633979320526
5307,14,224,0.08984188735485077
5308,14,225,0.1397048681974411
5309,14,226,0.09109091758728027
5310,14,227,0.0752352774143219
5311,14,228,0.09465514123439789
5312,14,229,0.09278146922588348
5313,14,230,0.13664183020591736
5314,14,231,0.09393469989299774
5315,14,232,0.06736335903406143
5316,14,233,0.10034650564193726
5317,14,234,0.08994630724191666
5318,14,235,0.1180175170302391
5319,14,236,0.10250075161457062
5320,14,237,0.08829570561647415
5321,14,238,0.16832107305526733
5322,14,239,0.08748547732830048
5323,14,240,0.07244827598333359
5324,14,241,0.18820546567440033
5325,14,242,0.09134845435619354
5326,14,243,0.23550713062286377
5327,14,244,0.12345850467681885
5328,14,245,0.06228576600551605
5329,14,246,0.09155463427305222
5330,14,247,0.10356370359659195
5331,14,248,0.11940594762563705
5332,14,249,0.06893184781074524
5333,14,250,0.0751122459769249
5334,14,251,0.08651872724294662
5335,14,252,0.11708981543779373
5336,14,253,0.11962152272462845
5337,14,254,0.11445798724889755
5338,14,255,0.041104983538389206
5339,14,256,0.10800495743751526
5340,14,257,0.07142955809831619
5341,14,258,0.10118401050567627
5342,14,259,0.07706306874752045
5343,14,260,0.07517187297344208
5344,14,261,0.13382145762443542
5345,14,262,0.06835773587226868
5346,14,263,0.10469307005405426
5347,14,264,0.11245498061180115
5348,14,265,0.08506153523921967
5349,14,266,0.15450571477413177
5350,14,267,0.17357873916625977
5351,14,268,0.17741607129573822
5352,14,269,0.10418282449245453
5353,14,270,0.08122161030769348
5354,14,271,0.22990676760673523
5355,14,272,0.14199133217334747
5356,14,273,0.05898719280958176
5357,14,274,0.06346018612384796
5358,14,275,0.10756577551364899
5359,14,276,0.1053692102432251
5360,14,277,0.1434042602777481
5361,14,278,0.09009262919425964
5362,14,279,0.11770074814558029
5363,14,280,0.1459934115409851
5364,14,281,0.11870470643043518
5365,14,282,0.07929351925849915
5366,14,283,0.1178450882434845
5367,14,284,0.26598161458969116
5368,14,285,0.0956694707274437
5369,14,286,0.13898694515228271
5370,14,287,0.1073862835764885
5371,14,288,0.16339300572872162
5372,14,289,0.12552990019321442
5373,14,290,0.0837920755147934
5374,14,291,0.1426815539598465
5375,14,292,0.1490982472896576
5376,14,293,0.09841212630271912
5377,14,294,0.06881970912218094
5378,14,295,0.08327241986989975
5379,14,296,0.11015531420707703
5380,14,297,0.05775788053870201
5381,14,298,0.0781448557972908
5382,14,299,0.14939694106578827
5383,14,300,0.07390949875116348
5384,14,301,0.0703086107969284
5385,14,302,0.195286363363266
5386,14,303,0.12667672336101532
5387,14,304,0.0836343914270401
5388,14,305,0.11355825513601303
5389,14,306,0.12088372558355331
5390,14,307,0.1941215544939041
5391,14,308,0.08637816458940506
5392,14,309,0.07395941019058228
5393,14,310,0.10619118809700012
5394,14,311,0.1378401666879654
5395,14,312,0.13115796446800232
5396,14,313,0.12295432388782501
5397,14,314,0.1198495626449585
5398,14,315,0.08831940591335297
5399,14,316,0.07483086735010147
5400,14,317,0.07579240202903748
5401,14,318,0.05221732705831528
5402,14,319,0.15267595648765564
5403,14,320,0.07478232681751251
5404,14,321,0.06205463409423828
5405,14,322,0.08159336447715759
5406,14,323,0.06670369952917099
5407,14,324,0.05754212662577629
5408,14,325,0.10568344593048096
5409,14,326,0.07504129409790039
5410,14,327,0.09592587500810623
5411,14,328,0.0875471830368042
5412,14,329,0.14960657060146332
5413,14,330,0.11816538125276566
5414,14,331,0.12462092190980911
5415,14,332,0.0384640172123909
5416,14,333,0.09666484594345093
5417,14,334,0.038785092532634735
5418,14,335,0.07783357053995132
5419,14,336,0.16164273023605347
5420,14,337,0.17473001778125763
5421,14,338,0.08432388305664062
5422,14,339,0.04484020546078682
5423,14,340,0.03498980402946472
5424,14,341,0.12806200981140137
5425,14,342,0.11955838650465012
5426,14,343,0.06235223263502121
5427,14,344,0.04526353254914284
5428,14,345,0.08980710804462433
5429,14,346,0.05272838473320007
5430,14,347,0.07702579349279404
5431,14,348,0.11974998563528061
5432,14,349,0.07992769032716751
5433,14,350,0.12230274826288223
5434,14,351,0.07944995909929276
5435,14,352,0.06353234499692917
5436,14,353,0.05989588424563408
5437,14,354,0.0693836361169815
5438,14,355,0.025324448943138123
5439,14,356,0.09412775188684464
5440,14,357,0.053801484405994415
5441,14,358,0.0735078901052475
5442,14,359,0.07925355434417725
5443,14,360,0.1883879154920578
5444,14,361,0.07180557399988174
5445,14,362,0.21521776914596558
5446,14,363,0.11091834306716919
5447,14,364,0.08179131150245667
5448,14,365,0.027141448110342026
5449,14,366,0.08871086686849594
5450,14,367,0.09687164425849915
5451,14,368,0.07762196660041809
5452,14,369,0.08538910746574402
5453,14,370,0.1601666510105133
5454,14,371,0.1100582629442215
5455,14,372,0.05308546870946884
5456,14,373,0.07233728468418121
5457,14,374,0.18885906040668488
5458,14,375,0.15488484501838684
5459,14,376,0.14025245606899261
5460,14,377,0.06520064920186996
5461,14,378,0.0945020392537117
5462,14,379,0.08342058211565018
5463,14,380,0.14633212983608246
5464,14,381,0.16970351338386536
5465,14,382,0.048139482736587524
5466,14,383,0.060773901641368866
5467,14,384,0.11737536638975143
5468,14,385,0.11140815168619156
5469,14,386,0.12449944019317627
5470,14,387,0.1523142009973526
5471,14,388,0.07842742651700974
5472,14,389,0.07120006531476974
5473,14,390,0.07841016352176666
5474,14,391,0.06187176704406738
5475,15,1,0.0402555875480175
5476,15,2,0.09441263228654861
5477,15,3,0.1076929122209549
5478,15,4,0.0820818766951561
5479,15,5,0.08243779093027115
5480,15,6,0.07890044897794724
5481,15,7,0.05465413257479668
5482,15,8,0.08347313851118088
5483,15,9,0.03576940670609474
5484,15,10,0.05658244341611862
5485,15,11,0.056289225816726685
5486,15,12,0.041819337755441666
5487,15,13,0.0894201248884201
5488,15,14,0.07134554535150528
5489,15,15,0.08299914002418518
5490,15,16,0.07833264768123627
5491,15,17,0.04163395240902901
5492,15,18,0.036934345960617065
5493,15,19,0.0767454281449318
5494,15,20,0.051776960492134094
5495,15,21,0.06219412013888359
5496,15,22,0.041402533650398254
5497,15,23,0.03269302845001221
5498,15,24,0.046357955783605576
5499,15,25,0.02008781023323536
5500,15,26,0.07199626415967941
5501,15,27,0.06518536806106567
5502,15,28,0.07572142779827118
5503,15,29,0.04707906395196915
5504,15,30,0.04299556091427803
5505,15,31,0.10858197510242462
5506,15,32,0.06246406212449074
5507,15,33,0.024598265066742897
5508,15,34,0.033511217683553696
5509,15,35,0.05270764231681824
5510,15,36,0.03702487424015999
5511,15,37,0.04990905150771141
5512,15,38,0.08386591821908951
5513,15,39,0.06320393830537796
5514,15,40,0.046530503779649734
5515,15,41,0.08632097393274307
5516,15,42,0.048387862741947174
5517,15,43,0.06793313473463058
5518,15,44,0.08658456802368164
5519,15,45,0.07868657261133194
5520,15,46,0.0953347310423851
5521,15,47,0.03676192834973335
5522,15,48,0.02019624412059784
5523,15,49,0.09251902997493744
5524,15,50,0.09017867594957352
5525,15,51,0.06949953734874725
5526,15,52,0.0696358010172844
5527,15,53,0.05656568333506584
5528,15,54,0.07094652205705643
5529,15,55,0.05910461023449898
5530,15,56,0.04004532843828201
5531,15,57,0.022022439166903496
5532,15,58,0.06615184247493744
5533,15,59,0.08377665281295776
5534,15,60,0.039968255907297134
5535,15,61,0.04854707047343254
5536,15,62,0.043463967740535736
5537,15,63,0.03696012124419212
5538,15,64,0.05825728550553322
5539,15,65,0.0531809963285923
5540,15,66,0.10108764469623566
5541,15,67,0.03515205904841423
5542,15,68,0.059543367475271225
5543,15,69,0.06778998672962189
5544,15,70,0.061689019203186035
5545,15,71,0.059171296656131744
5546,15,72,0.03872282803058624
5547,15,73,0.06554208695888519
5548,15,74,0.042762383818626404
5549,15,75,0.07534541934728622
5550,15,76,0.07366406172513962
5551,15,77,0.01880183070898056
5552,15,78,0.03132810816168785
5553,15,79,0.03932955116033554
5554,15,80,0.051156193017959595
5555,15,81,0.09060496091842651
5556,15,82,0.09095866233110428
5557,15,83,0.03183168172836304
5558,15,84,0.05833902582526207
5559,15,85,0.09555370360612869
5560,15,86,0.06594973057508469
5561,15,87,0.06273803114891052
5562,15,88,0.09564122557640076
5563,15,89,0.12107761204242706
5564,15,90,0.12342356890439987
5565,15,91,0.05179178714752197
5566,15,92,0.027023805305361748
5567,15,93,0.08499680459499359
5568,15,94,0.12294995784759521
5569,15,95,0.03861211985349655
5570,15,96,0.013822071254253387
5571,15,97,0.1023169755935669
5572,15,98,0.06470751762390137
5573,15,99,0.06069539859890938
5574,15,100,0.0929463654756546
5575,15,101,0.03108271397650242
5576,15,102,0.055498816072940826
5577,15,103,0.10201665759086609
5578,15,104,0.06452855467796326
5579,15,105,0.09230123460292816
5580,15,106,0.05295620486140251
5581,15,107,0.04131994768977165
5582,15,108,0.1715504229068756
5583,15,109,0.07348180562257767
5584,15,110,0.1252145767211914
5585,15,111,0.09213043749332428
5586,15,112,0.06274089217185974
5587,15,113,0.04042435809969902
5588,15,114,0.07995682209730148
5589,15,115,0.1682378202676773
5590,15,116,0.0616815909743309
5591,15,117,0.09795121848583221
5592,15,118,0.056049562990665436
5593,15,119,0.0977727621793747
5594,15,120,0.18960879743099213
5595,15,121,0.23541638255119324
5596,15,122,0.04184184968471527
5597,15,123,0.041765131056308746
5598,15,124,0.09450783580541611
5599,15,125,0.03600465878844261
5600,15,126,0.1491042673587799
5601,15,127,0.13149520754814148
5602,15,128,0.09426476061344147
5603,15,129,0.04025378078222275
5604,15,130,0.058212194591760635
5605,15,131,0.0951797366142273
5606,15,132,0.0778314396739006
5607,15,133,0.17290937900543213
5608,15,134,0.07947628945112228
5609,15,135,0.034279387444257736
5610,15,136,0.060998957604169846
5611,15,137,0.10293484479188919
5612,15,138,0.13417287170886993
5613,15,139,0.15707270801067352
5614,15,140,0.09880557656288147
5615,15,141,0.08162353187799454
5616,15,142,0.08173757046461105
5617,15,143,0.10916906595230103
5618,15,144,0.11072602868080139
5619,15,145,0.13979458808898926
5620,15,146,0.11946437507867813
5621,15,147,0.11992064118385315
5622,15,148,0.08218061923980713
5623,15,149,0.07473579049110413
5624,15,150,0.12478922307491302
5625,15,151,0.12019133567810059
5626,15,152,0.05423755571246147
5627,15,153,0.039269935339689255
5628,15,154,0.04459132254123688
5629,15,155,0.10268499702215195
5630,15,156,0.07598239928483963
5631,15,157,0.16759194433689117
5632,15,158,0.06430661678314209
5633,15,159,0.06626229733228683
5634,15,160,0.04870177432894707
5635,15,161,0.0789203867316246
5636,15,162,0.0475434884428978
5637,15,163,0.12004228681325912
5638,15,164,0.12226516008377075
5639,15,165,0.0785660371184349
5640,15,166,0.07619739323854446
5641,15,167,0.09327374398708344
5642,15,168,0.08127076923847198
5643,15,169,0.06766372919082642
5644,15,170,0.0893186703324318
5645,15,171,0.09744536131620407
5646,15,172,0.11289269477128983
5647,15,173,0.07120349258184433
5648,15,174,0.044020988047122955
5649,15,175,0.07580086588859558
5650,15,176,0.08488204330205917
5651,15,177,0.050731826573610306
5652,15,178,0.06989701837301254
5653,15,179,0.030118167400360107
5654,15,180,0.07316626608371735
5655,15,181,0.051156606525182724
5656,15,182,0.05876421928405762
5657,15,183,0.08097578585147858
5658,15,184,0.060088127851486206
5659,15,185,0.037213463336229324
5660,15,186,0.05524246394634247
5661,15,187,0.0725238174200058
5662,15,188,0.04125060886144638
5663,15,189,0.10146262496709824
5664,15,190,0.0697898268699646
5665,15,191,0.05989799648523331
5666,15,192,0.0386788472533226
5667,15,193,0.10475245118141174
5668,15,194,0.09170477092266083
5669,15,195,0.14817743003368378
5670,15,196,0.03307066857814789
5671,15,197,0.04367001727223396
5672,15,198,0.07703195512294769
5673,15,199,0.0439017154276371
5674,15,200,0.05283314734697342
5675,15,201,0.03074019029736519
5676,15,202,0.10562963783740997
5677,15,203,0.08057254552841187
5678,15,204,0.07730892300605774
5679,15,205,0.07180255651473999
5680,15,206,0.04415995627641678
5681,15,207,0.08148103952407837
5682,15,208,0.12326875329017639
5683,15,209,0.02157863974571228
5684,15,210,0.0253584124147892
5685,15,211,0.03904649242758751
5686,15,212,0.06883654743432999
5687,15,213,0.06223956122994423
5688,15,214,0.039700135588645935
5689,15,215,0.13073647022247314
5690,15,216,0.10326535254716873
5691,15,217,0.03373512253165245
5692,15,218,0.039812639355659485
5693,15,219,0.12795844674110413
5694,15,220,0.1818503439426422
5695,15,221,0.07406766712665558
5696,15,222,0.05482255294919014
5697,15,223,0.05429818108677864
5698,15,224,0.12180270254611969
5699,15,225,0.16239841282367706
5700,15,226,0.10050512850284576
5701,15,227,0.05611317604780197
5702,15,228,0.07701773196458817
5703,15,229,0.14715908467769623
5704,15,230,0.07342579960823059
5705,15,231,0.08491988480091095
5706,15,232,0.044964615255594254
5707,15,233,0.07478698343038559
5708,15,234,0.03743550926446915
5709,15,235,0.04213643819093704
5710,15,236,0.07841284573078156
5711,15,237,0.0659334734082222
5712,15,238,0.08325251191854477
5713,15,239,0.07463932037353516
5714,15,240,0.10968008637428284
5715,15,241,0.1138731986284256
5716,15,242,0.05117753520607948
5717,15,243,0.049434415996074677
5718,15,244,0.06639720499515533
5719,15,245,0.12445742636919022
5720,15,246,0.07247520983219147
5721,15,247,0.10362850874662399
5722,15,248,0.05307525768876076
5723,15,249,0.07377824932336807
5724,15,250,0.09508407860994339
5725,15,251,0.08993873745203018
5726,15,252,0.08102148771286011
5727,15,253,0.06442403793334961
5728,15,254,0.06537441164255142
5729,15,255,0.09944739937782288
5730,15,256,0.08391109853982925
5731,15,257,0.06032019108533859
5732,15,258,0.06306038051843643
5733,15,259,0.07600291073322296
5734,15,260,0.07003036141395569
5735,15,261,0.0517360121011734
5736,15,262,0.15970225632190704
5737,15,263,0.07357806712388992
5738,15,264,0.08034861087799072
5739,15,265,0.09234961867332458
5740,15,266,0.14294883608818054
5741,15,267,0.04233016073703766
5742,15,268,0.07289911806583405
5743,15,269,0.10116365551948547
5744,15,270,0.09906318783760071
5745,15,271,0.18372923135757446
5746,15,272,0.1643693745136261
5747,15,273,0.14768996834754944
5748,15,274,0.15898862481117249
5749,15,275,0.256292462348938
5750,15,276,0.06625937670469284
5751,15,277,0.13440077006816864
5752,15,278,0.12084650248289108
5753,15,279,0.06004652380943298
5754,15,280,0.0749071016907692
5755,15,281,0.12597037851810455
5756,15,282,0.19390520453453064
5757,15,283,0.08942021429538727
5758,15,284,0.12767130136489868
5759,15,285,0.06145888566970825
5760,15,286,0.05824955180287361
5761,15,287,0.12588317692279816
5762,15,288,0.03168022260069847
5763,15,289,0.0752510204911232
5764,15,290,0.14032475650310516
5765,15,291,0.11598077416419983
5766,15,292,0.03247005119919777
5767,15,293,0.0554412305355072
5768,15,294,0.15819229185581207
5769,15,295,0.04649128392338753
5770,15,296,0.03203000873327255
5771,15,297,0.04837872460484505
5772,15,298,0.09047027677297592
5773,15,299,0.07762182503938675
5774,15,300,0.05807662755250931
5775,15,301,0.03640805184841156
5776,15,302,0.10423242300748825
5777,15,303,0.18937215209007263
5778,15,304,0.09764626622200012
5779,15,305,0.03436349332332611
5780,15,306,0.13387221097946167
5781,15,307,0.04304477572441101
5782,15,308,0.03097883239388466
5783,15,309,0.05749770626425743
5784,15,310,0.10798031091690063
5785,15,311,0.08084800839424133
5786,15,312,0.07887715846300125
5787,15,313,0.07955621182918549
5788,15,314,0.036773715168237686
5789,15,315,0.05218389257788658
5790,15,316,0.12422136217355728
5791,15,317,0.035701051354408264
5792,15,318,0.12347409874200821
5793,15,319,0.03924421966075897
5794,15,320,0.07337868213653564
5795,15,321,0.05756805092096329
5796,15,322,0.08891642093658447
5797,15,323,0.06064392253756523
5798,15,324,0.15617218613624573
5799,15,325,0.07923911511898041
5800,15,326,0.06748557090759277
5801,15,327,0.0995320975780487
5802,15,328,0.04180172085762024
5803,15,329,0.08032607287168503
5804,15,330,0.05175570026040077
5805,15,331,0.11759664118289948
5806,15,332,0.05392388626933098
5807,15,333,0.0766904428601265
5808,15,334,0.05100904032588005
5809,15,335,0.06725083291530609
5810,15,336,0.04483931511640549
5811,15,337,0.10029575973749161
5812,15,338,0.04463043063879013
5813,15,339,0.10197393596172333
5814,15,340,0.048630572855472565
5815,15,341,0.08846943825483322
5816,15,342,0.028861671686172485
5817,15,343,0.06593901664018631
5818,15,344,0.06423911452293396
5819,15,345,0.04306797310709953
5820,15,346,0.07808460295200348
5821,15,347,0.1619303822517395
5822,15,348,0.025393852964043617
5823,15,349,0.12244069576263428
5824,15,350,0.050309423357248306
5825,15,351,0.14172904193401337
5826,15,352,0.08593088388442993
5827,15,353,0.03343326225876808
5828,15,354,0.057362593710422516
5829,15,355,0.08513619005680084
5830,15,356,0.05906667932868004
5831,15,357,0.08330162614583969
5832,15,358,0.04736625775694847
5833,15,359,0.07118566334247589
5834,15,360,0.04856801778078079
5835,15,361,0.11549917608499527
5836,15,362,0.03741426393389702
5837,15,363,0.06081308424472809
5838,15,364,0.09036284685134888
5839,15,365,0.05109546706080437
5840,15,366,0.056325942277908325
5841,15,367,0.04205286130309105
5842,15,368,0.14099453389644623
5843,15,369,0.08890282362699509
5844,15,370,0.058700911700725555
5845,15,371,0.1319107860326767
5846,15,372,0.021091841161251068
5847,15,373,0.04715726152062416
5848,15,374,0.18370936810970306
5849,15,375,0.07428249716758728
5850,15,376,0.10451165586709976
5851,15,377,0.047377265989780426
5852,15,378,0.06024175509810448
5853,15,379,0.1198224201798439
5854,15,380,0.12311435490846634
5855,15,381,0.07406430691480637
5856,15,382,0.08052847534418106
5857,15,383,0.08384238183498383
5858,15,384,0.08828440308570862
5859,15,385,0.09777726978063583
5860,15,386,0.0433485321700573
5861,15,387,0.16512422263622284
5862,15,388,0.03849482536315918
5863,15,389,0.037218689918518066
5864,15,390,0.08478007465600967
5865,15,391,0.13851259648799896
5866,16,1,0.10027705878019333
5867,16,2,0.061375636607408524
5868,16,3,0.07506431639194489
5869,16,4,0.05831992253661156
5870,16,5,0.09281913936138153
5871,16,6,0.05726121738553047
5872,16,7,0.06422992050647736
5873,16,8,0.05376632884144783
5874,16,9,0.07790375500917435
5875,16,10,0.06651848554611206
5876,16,11,0.054123133420944214
5877,16,12,0.06562957167625427
5878,16,13,0.054893411695957184
5879,16,14,0.04676827788352966
5880,16,15,0.025132933631539345
5881,16,16,0.033515892922878265
5882,16,17,0.027340441942214966
5883,16,18,0.03137372061610222
5884,16,19,0.04500177875161171
5885,16,20,0.040672097355127335
5886,16,21,0.04954953119158745
5887,16,22,0.018361365422606468
5888,16,23,0.03684213012456894
5889,16,24,0.03587469086050987
5890,16,25,0.029225148260593414
5891,16,26,0.04641745984554291
5892,16,27,0.045797523111104965
5893,16,28,0.11807164549827576
5894,16,29,0.036292023956775665
5895,16,30,0.048159483820199966
5896,16,31,0.03734710440039635
5897,16,32,0.030199581757187843
5898,16,33,0.06805665791034698
5899,16,34,0.041840605437755585
5900,16,35,0.03453909233212471
5901,16,36,0.05800657719373703
5902,16,37,0.08670178800821304
5903,16,38,0.03275579214096069
5904,16,39,0.018501894548535347
5905,16,40,0.011460782960057259
5906,16,41,0.01569407805800438
5907,16,42,0.013504266738891602
5908,16,43,0.08247674256563187
5909,16,44,0.04312041029334068
5910,16,45,0.013839873485267162
5911,16,46,0.038963545113801956
5912,16,47,0.059832021594047546
5913,16,48,0.05891859158873558
5914,16,49,0.021871134638786316
5915,16,50,0.038478314876556396
5916,16,51,0.06426472961902618
5917,16,52,0.051555585116147995
5918,16,53,0.018613344058394432
5919,16,54,0.03983725979924202
5920,16,55,0.02444564737379551
5921,16,56,0.054622795432806015
5922,16,57,0.04654046148061752
5923,16,58,0.12592321634292603
5924,16,59,0.02460690587759018
5925,16,60,0.044692713767290115
5926,16,61,0.03843078389763832
5927,16,62,0.024461304768919945
5928,16,63,0.061701107770204544
5929,16,64,0.07664529234170914
5930,16,65,0.05217708274722099
5931,16,66,0.036538973450660706
5932,16,67,0.021712100133299828
5933,16,68,0.04660283774137497
5934,16,69,0.02900850586593151
5935,16,70,0.016671570017933846
5936,16,71,0.05506322905421257
5937,16,72,0.023833777755498886
5938,16,73,0.020420510321855545
5939,16,74,0.08872479200363159
5940,16,75,0.018434064462780952
5941,16,76,0.019311601296067238
5942,16,77,0.06884754449129105
5943,16,78,0.09448825567960739
5944,16,79,0.02414717711508274
5945,16,80,0.08538397401571274
5946,16,81,0.020808767527341843
5947,16,82,0.010873548686504364
5948,16,83,0.02556443214416504
5949,16,84,0.047556083649396896
5950,16,85,0.02330154739320278
5951,16,86,0.03871392086148262
5952,16,87,0.010795122012495995
5953,16,88,0.027934785932302475
5954,16,89,0.04854174330830574
5955,16,90,0.013322604820132256
5956,16,91,0.020998753607273102
5957,16,92,0.08978675305843353
5958,16,93,0.06871375441551208
5959,16,94,0.024655504152178764
5960,16,95,0.03723970055580139
5961,16,96,0.016816822811961174
5962,16,97,0.015201893635094166
5963,16,98,0.025997210294008255
5964,16,99,0.08998382091522217
5965,16,100,0.06681083887815475
5966,16,101,0.11410602182149887
5967,16,102,0.07568290084600449
5968,16,103,0.10127370059490204
5969,16,104,0.03985860198736191
5970,16,105,0.04453546553850174
5971,16,106,0.15024079382419586
5972,16,107,0.07575513422489166
5973,16,108,0.038329508155584335
5974,16,109,0.053904496133327484
5975,16,110,0.049367506057024
5976,16,111,0.012882879003882408
5977,16,112,0.023270826786756516
5978,16,113,0.06930661201477051
5979,16,114,0.040312260389328
5980,16,115,0.04055009409785271
5981,16,116,0.08338548243045807
5982,16,117,0.05108621343970299
5983,16,118,0.01152469590306282
5984,16,119,0.024856913834810257
5985,16,120,0.041376929730176926
5986,16,121,0.026749929413199425
5987,16,122,0.06582796573638916
5988,16,123,0.03754213824868202
5989,16,124,0.07442804425954819
5990,16,125,0.022100044414401054
5991,16,126,0.040070075541734695
5992,16,127,0.04183577746152878
5993,16,128,0.014719064347445965
5994,16,129,0.04627643898129463
5995,16,130,0.088072270154953
5996,16,131,0.05269774794578552
5997,16,132,0.026396263390779495
5998,16,133,0.02341250143945217
5999,16,134,0.05828302726149559
6000,16,135,0.03786614164710045
6001,16,136,0.02327573299407959
6002,16,137,0.06309729814529419
6003,16,138,0.04596826434135437
6004,16,139,0.04672512784600258
6005,16,140,0.07694098353385925
6006,16,141,0.04809536784887314
6007,16,142,0.036136362701654434
6008,16,143,0.02324504777789116
6009,16,144,0.04520662501454353
6010,16,145,0.06998644769191742
6011,16,146,0.06138909235596657
6012,16,147,0.023366808891296387
6013,16,148,0.03700646013021469
6014,16,149,0.02682105451822281
6015,16,150,0.04243330657482147
6016,16,151,0.08784126490354538
6017,16,152,0.04277699068188667
6018,16,153,0.041915226727724075
6019,16,154,0.03603630140423775
6020,16,155,0.11147891730070114
6021,16,156,0.0642927810549736
6022,16,157,0.023029591888189316
6023,16,158,0.02211923897266388
6024,16,159,0.0502939410507679
6025,16,160,0.07892291247844696
6026,16,161,0.043707940727472305
6027,16,162,0.024032587185502052
6028,16,163,0.06054707244038582
6029,16,164,0.037535104900598526
6030,16,165,0.05483582243323326
6031,16,166,0.028633886948227882
6032,16,167,0.06671753525733948
6033,16,168,0.08490768820047379
6034,16,169,0.05209416523575783
6035,16,170,0.04262827709317207
6036,16,171,0.06306484341621399
6037,16,172,0.03179692476987839
6038,16,173,0.0943417176604271
6039,16,174,0.045882582664489746
6040,16,175,0.10005717724561691
6041,16,176,0.04735124111175537
6042,16,177,0.06417953968048096
6043,16,178,0.039422523230314255
6044,16,179,0.07142254710197449
6045,16,180,0.01559238787740469
6046,16,181,0.028625156730413437
6047,16,182,0.0943024680018425
6048,16,183,0.030783584341406822
6049,16,184,0.03921248018741608
6050,16,185,0.08456279337406158
6051,16,186,0.015498418360948563
6052,16,187,0.023575378581881523
6053,16,188,0.11399172246456146
6054,16,189,0.09303253889083862
6055,16,190,0.06830129027366638
6056,16,191,0.02797663025557995
6057,16,192,0.07224228233098984
6058,16,193,0.0729055404663086
6059,16,194,0.0860321894288063
6060,16,195,0.02644740417599678
6061,16,196,0.03520725294947624
6062,16,197,0.03706710413098335
6063,16,198,0.017623983323574066
6064,16,199,0.019777946174144745
6065,16,200,0.042288366705179214
6066,16,201,0.03152678534388542
6067,16,202,0.011688143014907837
6068,16,203,0.04227955639362335
6069,16,204,0.04821380227804184
6070,16,205,0.03683621063828468
6071,16,206,0.03032625839114189
6072,16,207,0.0444369800388813
6073,16,208,0.033271703869104385
6074,16,209,0.1001410186290741
6075,16,210,0.025993712246418
6076,16,211,0.07484318315982819
6077,16,212,0.010900854133069515
6078,16,213,0.019180333241820335
6079,16,214,0.03084714151918888
6080,16,215,0.03738202899694443
6081,16,216,0.02246915176510811
6082,16,217,0.07596854865550995
6083,16,218,0.04140719398856163
6084,16,219,0.13131171464920044
6085,16,220,0.028625167906284332
6086,16,221,0.08443460613489151
6087,16,222,0.07392668724060059
6088,16,223,0.034741971641778946
6089,16,224,0.02198246866464615
6090,16,225,0.0506754070520401
6091,16,226,0.1318953037261963
6092,16,227,0.01717371679842472
6093,16,228,0.05289284512400627
6094,16,229,0.07315754145383835
6095,16,230,0.061468616127967834
6096,16,231,0.0964566320180893
6097,16,232,0.03447626158595085
6098,16,233,0.05380353704094887
6099,16,234,0.02392107993364334
6100,16,235,0.12250358611345291
6101,16,236,0.008785363286733627
6102,16,237,0.045449454337358475
6103,16,238,0.05445168539881706
6104,16,239,0.0490461103618145
6105,16,240,0.10699042677879333
6106,16,241,0.0931365117430687
6107,16,242,0.013392369262874126
6108,16,243,0.04466366767883301
6109,16,244,0.03225309029221535
6110,16,245,0.13222160935401917
6111,16,246,0.14068569242954254
6112,16,247,0.087375208735466
6113,16,248,0.06160052865743637
6114,16,249,0.04549163952469826
6115,16,250,0.03058565966784954
6116,16,251,0.10074161738157272
6117,16,252,0.09011915326118469
6118,16,253,0.05878738313913345
6119,16,254,0.05786529928445816
6120,16,255,0.08545193821191788
6121,16,256,0.052519865334033966
6122,16,257,0.097772017121315
6123,16,258,0.08061248809099197
6124,16,259,0.1755652278661728
6125,16,260,0.0994199812412262
6126,16,261,0.04783229902386665
6127,16,262,0.08496551215648651
6128,16,263,0.06967721879482269
6129,16,264,0.11842210590839386
6130,16,265,0.1814013570547104
6131,16,266,0.06487017869949341
6132,16,267,0.059686917811632156
6133,16,268,0.05321716517210007
6134,16,269,0.06595725566148758
6135,16,270,0.060345690697431564
6136,16,271,0.11026110500097275
6137,16,272,0.08438537269830704
6138,16,273,0.08635687828063965
6139,16,274,0.08042510598897934
6140,16,275,0.12025365978479385
6141,16,276,0.0385088212788105
6142,16,277,0.03326452150940895
6143,16,278,0.09331171214580536
6144,16,279,0.03235965222120285
6145,16,280,0.03702349215745926
6146,16,281,0.03796974942088127
6147,16,282,0.0828155130147934
6148,16,283,0.07496005296707153
6149,16,284,0.1321084350347519
6150,16,285,0.03497611731290817
6151,16,286,0.06672585010528564
6152,16,287,0.09999547898769379
6153,16,288,0.06363533437252045
6154,16,289,0.03425128757953644
6155,16,290,0.059667397290468216
6156,16,291,0.03064335323870182
6157,16,292,0.06497800350189209
6158,16,293,0.043797291815280914
6159,16,294,0.02585509605705738
6160,16,295,0.0770520344376564
6161,16,296,0.048536866903305054
6162,16,297,0.08721474558115005
6163,16,298,0.07824636995792389
6164,16,299,0.054244816303253174
6165,16,300,0.06137792393565178
6166,16,301,0.040189340710639954
6167,16,302,0.06075291335582733
6168,16,303,0.152756929397583
6169,16,304,0.027608780190348625
6170,16,305,0.054994139820337296
6171,16,306,0.07504674792289734
6172,16,307,0.05209089815616608
6173,16,308,0.15164564549922943
6174,16,309,0.07801913470029831
6175,16,310,0.05365903675556183
6176,16,311,0.07412194460630417
6177,16,312,0.10944502800703049
6178,16,313,0.05394549295306206
6179,16,314,0.021740823984146118
6180,16,315,0.07602378726005554
6181,16,316,0.1066804751753807
6182,16,317,0.059962350875139236
6183,16,318,0.038556016981601715
6184,16,319,0.06338318437337875
6185,16,320,0.04833057522773743
6186,16,321,0.08280886709690094
6187,16,322,0.08140924572944641
6188,16,323,0.05311449244618416
6189,16,324,0.03967766836285591
6190,16,325,0.028244977816939354
6191,16,326,0.03318812698125839
6192,16,327,0.11752122640609741
6193,16,328,0.04074345901608467
6194,16,329,0.06380056589841843
6195,16,330,0.1108841672539711
6196,16,331,0.08194243162870407
6197,16,332,0.0723850205540657
6198,16,333,0.07616983354091644
6199,16,334,0.06034594029188156
6200,16,335,0.053729597479104996
6201,16,336,0.02449054643511772
6202,16,337,0.07464826107025146
6203,16,338,0.021596932783722878
6204,16,339,0.03547149524092674
6205,16,340,0.023409036919474602
6206,16,341,0.05953855812549591
6207,16,342,0.06589476764202118
6208,16,343,0.05607994645833969
6209,16,344,0.09407959878444672
6210,16,345,0.07206070423126221
6211,16,346,0.11635969579219818
6212,16,347,0.05719907954335213
6213,16,348,0.084647536277771
6214,16,349,0.052645377814769745
6215,16,350,0.0638781487941742
6216,16,351,0.13306568562984467
6217,16,352,0.05509757250547409
6218,16,353,0.11323856562376022
6219,16,354,0.040435194969177246
6220,16,355,0.06676483899354935
6221,16,356,0.12977005541324615
6222,16,357,0.09550125896930695
6223,16,358,0.03349679708480835
6224,16,359,0.052905045449733734
6225,16,360,0.041850265115499496
6226,16,361,0.11383644491434097
6227,16,362,0.04134447127580643
6228,16,363,0.06062613055109978
6229,16,364,0.06599543243646622
6230,16,365,0.06232437118887901
6231,16,366,0.023961657658219337
6232,16,367,0.1186121329665184
6233,16,368,0.06862567365169525
6234,16,369,0.05993517115712166
6235,16,370,0.05043698102235794
6236,16,371,0.03976472467184067
6237,16,372,0.11044417321681976
6238,16,373,0.1416855901479721
6239,16,374,0.04272039979696274
6240,16,375,0.03559345752000809
6241,16,376,0.039995089173316956
6242,16,377,0.06283513456583023
6243,16,378,0.03916804492473602
6244,16,379,0.03062817081809044
6245,16,380,0.09089735150337219
6246,16,381,0.03953777998685837
6247,16,382,0.0811743214726448
6248,16,383,0.07536190003156662
6249,16,384,0.0969204306602478
6250,16,385,0.11554016917943954
6251,16,386,0.04058457538485527
6252,16,387,0.048221513628959656
6253,16,388,0.02922055684030056
6254,16,389,0.0565299354493618
6255,16,390,0.04099566861987114
6256,16,391,0.17545196413993835
6257,17,1,0.023423679172992706
6258,17,2,0.021482592448592186
6259,17,3,0.03196193650364876
6260,17,4,0.017903340980410576
6261,17,5,0.017959803342819214
6262,17,6,0.03400992229580879
6263,17,7,0.04573208466172218
6264,17,8,0.06148171052336693
6265,17,9,0.0989275872707367
6266,17,10,0.02658955566585064
6267,17,11,0.016178695484995842
6268,17,12,0.09409504383802414
6269,17,13,0.05206775665283203
6270,17,14,0.049996741116046906
6271,17,15,0.05306904390454292
6272,17,16,0.04091949760913849
6273,17,17,0.07429917901754379
6274,17,18,0.011099695228040218
6275,17,19,0.029175471514463425
6276,17,20,0.020449381321668625
6277,17,21,0.027389023452997208
6278,17,22,0.04267830774188042
6279,17,23,0.07461996376514435
6280,17,24,0.054380543529987335
6281,17,25,0.03205734118819237
6282,17,26,0.02308194525539875
6283,17,27,0.024101223796606064
6284,17,28,0.011834464967250824
6285,17,29,0.03270140662789345
6286,17,30,0.0452931709587574
6287,17,31,0.018809890374541283
6288,17,32,0.061831943690776825
6289,17,33,0.04424507915973663
6290,17,34,0.037990421056747437
6291,17,35,0.01663123071193695
6292,17,36,0.0495973564684391
6293,17,37,0.03658781200647354
6294,17,38,0.0364411287009716
6295,17,39,0.014868400059640408
6296,17,40,0.011805836111307144
6297,17,41,0.05142004042863846
6298,17,42,0.028765227645635605
6299,17,43,0.025978663936257362
6300,17,44,0.03161665424704552
6301,17,45,0.042792320251464844
6302,17,46,0.018527792766690254
6303,17,47,0.015508098527789116
6304,17,48,0.04448346048593521
6305,17,49,0.02097228728234768
6306,17,50,0.02159569412469864
6307,17,51,0.0696285143494606
6308,17,52,0.011973393149673939
6309,17,53,0.019139353185892105
6310,17,54,0.04262353852391243
6311,17,55,0.02269037440419197
6312,17,56,0.06597288697957993
6313,17,57,0.04040207341313362
6314,17,58,0.040664367377758026
6315,17,59,0.022248869761824608
6316,17,60,0.06440313905477524
6317,17,61,0.06662997603416443
6318,17,62,0.033909477293491364
6319,17,63,0.05541381239891052
6320,17,64,0.003544360166415572
6321,17,65,0.017284223809838295
6322,17,66,0.057918667793273926
6323,17,67,0.08908785879611969
6324,17,68,0.02603299356997013
6325,17,69,0.01606060191988945
6326,17,70,0.01525554433465004
6327,17,71,0.013065843842923641
6328,17,72,0.022564813494682312
6329,17,73,0.04096119478344917
6330,17,74,0.017913520336151123
6331,17,75,0.026433933526277542
6332,17,76,0.056465987116098404
6333,17,77,0.008829861879348755
6334,17,78,0.02508038468658924
6335,17,79,0.019572244957089424
6336,17,80,0.008798711001873016
6337,17,81,0.012963717803359032
6338,17,82,0.04962019622325897
6339,17,83,0.017311684787273407
6340,17,84,0.018269715830683708
6341,17,85,0.0883115828037262
6342,17,86,0.025140998885035515
6343,17,87,0.018636640161275864
6344,17,88,0.009363560937345028
6345,17,89,0.003978644497692585
6346,17,90,0.051511093974113464
6347,17,91,0.019760867580771446
6348,17,92,0.020939793437719345
6349,17,93,0.008827989920973778
6350,17,94,0.030182354152202606
6351,17,95,0.010142708197236061
6352,17,96,0.0401579886674881
6353,17,97,0.010490620508790016
6354,17,98,0.008825083263218403
6355,17,99,0.03171476721763611
6356,17,100,0.03615446761250496
6357,17,101,0.022205300629138947
6358,17,102,0.025457436218857765
6359,17,103,0.12632860243320465
6360,17,104,0.02603081427514553
6361,17,105,0.016739992424845695
6362,17,106,0.021214576438069344
6363,17,107,0.019189829006791115
6364,17,108,0.019277961924672127
6365,17,109,0.03217722848057747
6366,17,110,0.02823176421225071
6367,17,111,0.024937553331255913
6368,17,112,0.023914696648716927
6369,17,113,0.008032484911382198
6370,17,114,0.02136082760989666
6371,17,115,0.016988668590784073
6372,17,116,0.021532094106078148
6373,17,117,0.024059468880295753
6374,17,118,0.03706831857562065
6375,17,119,0.04506520926952362
6376,17,120,0.02756674215197563
6377,17,121,0.04080904275178909
6378,17,122,0.009123336523771286
6379,17,123,0.0064682262018322945
6380,17,124,0.026066653430461884
6381,17,125,0.05469641089439392
6382,17,126,0.02843158133327961
6383,17,127,0.032282307744026184
6384,17,128,0.00837843306362629
6385,17,129,0.015710504725575447
6386,17,130,0.014905679039657116
6387,17,131,0.017381731420755386
6388,17,132,0.07845281064510345
6389,17,133,0.005201330408453941
6390,17,134,0.021116971969604492
6391,17,135,0.016616081818938255
6392,17,136,0.06546634435653687
6393,17,137,0.008587581105530262
6394,17,138,0.02248571254312992
6395,17,139,0.04734088107943535
6396,17,140,0.014227405190467834
6397,17,141,0.01971045508980751
6398,17,142,0.025145668536424637
6399,17,143,0.031361617147922516
6400,17,144,0.05411916598677635
6401,17,145,0.02540375478565693
6402,17,146,0.03343804553151131
6403,17,147,0.02058248408138752
6404,17,148,0.016433436423540115
6405,17,149,0.023407310247421265
6406,17,150,0.03447525203227997
6407,17,151,0.024387111887335777
6408,17,152,0.034022897481918335
6409,17,153,0.0277638491243124
6410,17,154,0.03958183899521828
6411,17,155,0.020742148160934448
6412,17,156,0.022701498121023178
6413,17,157,0.055274598300457
6414,17,158,0.04465195909142494
6415,17,159,0.0275607630610466
6416,17,160,0.015710052102804184
6417,17,161,0.08447860181331635
6418,17,162,0.03857612609863281
6419,17,163,0.10785695165395737
6420,17,164,0.05647962912917137
6421,17,165,0.05881304666399956
6422,17,166,0.014298205263912678
6423,17,167,0.02667125128209591
6424,17,168,0.03699871897697449
6425,17,169,0.013735000044107437
6426,17,170,0.053372085094451904
6427,17,171,0.03011258877813816
6428,17,172,0.027530638501048088
6429,17,173,0.028737002983689308
6430,17,174,0.06257758289575577
6431,17,175,0.04993709176778793
6432,17,176,0.02590319700539112
6433,17,177,0.019454050809144974
6434,17,178,0.017618007957935333
6435,17,179,0.06930925697088242
6436,17,180,0.023080334067344666
6437,17,181,0.011825899593532085
6438,17,182,0.005627958569675684
6439,17,183,0.042709723114967346
6440,17,184,0.021750833839178085
6441,17,185,0.05145851522684097
6442,17,186,0.050248146057128906
6443,17,187,0.037892408668994904
6444,17,188,0.0327676460146904
6445,17,189,0.007770199328660965
6446,17,190,0.025175906717777252
6447,17,191,0.012119567021727562
6448,17,192,0.04162164404988289
6449,17,193,0.08068690448999405
6450,17,194,0.019631924107670784
6451,17,195,0.012940222397446632
6452,17,196,0.07907896488904953
6453,17,197,0.05809503421187401
6454,17,198,0.0194020364433527
6455,17,199,0.08767031133174896
6456,17,200,0.0265561044216156
6457,17,201,0.031299807131290436
6458,17,202,0.010459297336637974
6459,17,203,0.021847005933523178
6460,17,204,0.05940781533718109
6461,17,205,0.04512300714850426
6462,17,206,0.08681274205446243
6463,17,207,0.028832852840423584
6464,17,208,0.07009293138980865
6465,17,209,0.06098736450076103
6466,17,210,0.061840739101171494
6467,17,211,0.04804490879178047
6468,17,212,0.07290059328079224
6469,17,213,0.06618425995111465
6470,17,214,0.04237430915236473
6471,17,215,0.07946693152189255
6472,17,216,0.033817876130342484
6473,17,217,0.05615847185254097
6474,17,218,0.0777762234210968
6475,17,219,0.08443654328584671
6476,17,220,0.06303030997514725
6477,17,221,0.028719203546643257
6478,17,222,0.049768295139074326
6479,17,223,0.010903981514275074
6480,17,224,0.03197389468550682
6481,17,225,0.040688589215278625
6482,17,226,0.051294956356287
6483,17,227,0.0920424833893776
6484,17,228,0.028364388272166252
6485,17,229,0.03395530581474304
6486,17,230,0.0875881239771843
6487,17,231,0.056945089250802994
6488,17,232,0.05559167638421059
6489,17,233,0.02919497713446617
6490,17,234,0.2020636647939682
6491,17,235,0.021738095209002495
6492,17,236,0.0462455227971077
6493,17,237,0.10248264670372009
6494,17,238,0.031135225668549538
6495,17,239,0.05828987434506416
6496,17,240,0.05080106109380722
6497,17,241,0.10206401348114014
6498,17,242,0.021647293120622635
6499,17,243,0.05117227882146835
6500,17,244,0.0410131998360157
6501,17,245,0.10724902153015137
6502,17,246,0.07740266621112823
6503,17,247,0.07011237740516663
6504,17,248,0.07439899444580078
6505,17,249,0.07732849568128586
6506,17,250,0.15026922523975372
6507,17,251,0.17707741260528564
6508,17,252,0.08895716816186905
6509,17,253,0.13710471987724304
6510,17,254,0.10628557205200195
6511,17,255,0.03173977509140968
6512,17,256,0.08464115858078003
6513,17,257,0.10335695743560791
6514,17,258,0.052348338067531586
6515,17,259,0.043998755514621735
6516,17,260,0.08390827476978302
6517,17,261,0.09396921098232269
6518,17,262,0.09753996878862381
6519,17,263,0.109393410384655
6520,17,264,0.06799378991127014
6521,17,265,0.07764247804880142
6522,17,266,0.08189980685710907
6523,17,267,0.04732635244727135
6524,17,268,0.09167066961526871
6525,17,269,0.08053050935268402
6526,17,270,0.0929635688662529
6527,17,271,0.06816215813159943
6528,17,272,0.11519935727119446
6529,17,273,0.12236015498638153
6530,17,274,0.18914036452770233
6531,17,275,0.04679431393742561
6532,17,276,0.13850055634975433
6533,17,277,0.06712467968463898
6534,17,278,0.060174088925123215
6535,17,279,0.07724711298942566
6536,17,280,0.2740904986858368
6537,17,281,0.05746135860681534
6538,17,282,0.09983884543180466
6539,17,283,0.1158171147108078
6540,17,284,0.09116417914628983
6541,17,285,0.10430479049682617
6542,17,286,0.04507501423358917
6543,17,287,0.0387665256857872
6544,17,288,0.034806400537490845
6545,17,289,0.13373351097106934
6546,17,290,0.09564308822154999
6547,17,291,0.11596432328224182
6548,17,292,0.07557085156440735
6549,17,293,0.06912121176719666
6550,17,294,0.052001532167196274
6551,17,295,0.07187354564666748
6552,17,296,0.06298350542783737
6553,17,297,0.053987059742212296
6554,17,298,0.10035347193479538
6555,17,299,0.062055692076683044
6556,17,300,0.07467108964920044
6557,17,301,0.07086296379566193
6558,17,302,0.12378067523241043
6559,17,303,0.0452360101044178
6560,17,304,0.026318201795220375
6561,17,305,0.030068252235651016
6562,17,306,0.06409101188182831
6563,17,307,0.09250834584236145
6564,17,308,0.07937833666801453
6565,17,309,0.03188162297010422
6566,17,310,0.010218661278486252
6567,17,311,0.08777938038110733
6568,17,312,0.07673057168722153
6569,17,313,0.014730527065694332
6570,17,314,0.0705171748995781
6571,17,315,0.035827890038490295
6572,17,316,0.03927750140428543
6573,17,317,0.06560018658638
6574,17,318,0.032678984105587006
6575,17,319,0.06191601976752281
6576,17,320,0.07503490895032883
6577,17,321,0.03546466678380966
6578,17,322,0.06455585360527039
6579,17,323,0.06406307965517044
6580,17,324,0.03792794793844223
6581,17,325,0.06446883827447891
6582,17,326,0.0384422168135643
6583,17,327,0.023801008239388466
6584,17,328,0.030829288065433502
6585,17,329,0.04041342809796333
6586,17,330,0.05377936735749245
6587,17,331,0.0895371288061142
6588,17,332,0.042997900396585464
6589,17,333,0.09164191037416458
6590,17,334,0.048288699239492416
6591,17,335,0.05591020733118057
6592,17,336,0.12228220701217651
6593,17,337,0.04993980750441551
6594,17,338,0.06251602619886398
6595,17,339,0.0703243613243103
6596,17,340,0.04427122324705124
6597,17,341,0.11017175763845444
6598,17,342,0.06527774035930634
6599,17,343,0.04846843704581261
6600,17,344,0.035970356315374374
6601,17,345,0.048712603747844696
6602,17,346,0.053699079900979996
6603,17,347,0.033346060663461685
6604,17,348,0.06729825586080551
6605,17,349,0.01267470233142376
6606,17,350,0.02428602986037731
6607,17,351,0.056624822318553925
6608,17,352,0.0389438197016716
6609,17,353,0.060715824365615845
6610,17,354,0.07147882133722305
6611,17,355,0.08823992311954498
6612,17,356,0.026151413097977638
6613,17,357,0.04761617258191109
6614,17,358,0.05511784553527832
6615,17,359,0.028376802802085876
6616,17,360,0.05824778228998184
6617,17,361,0.04033351689577103
6618,17,362,0.07576268911361694
6619,17,363,0.047082945704460144
6620,17,364,0.06276502460241318
6621,17,365,0.048656247556209564
6622,17,366,0.061505697667598724
6623,17,367,0.020675254985690117
6624,17,368,0.04831552505493164
6625,17,369,0.09672128409147263
6626,17,370,0.03300376981496811
6627,17,371,0.062046509236097336
6628,17,372,0.014164547435939312
6629,17,373,0.02033628709614277
6630,17,374,0.03070465289056301
6631,17,375,0.036795999854803085
6632,17,376,0.09391845762729645
6633,17,377,0.03010084107518196
6634,17,378,0.04510113224387169
6635,17,379,0.038206372410058975
6636,17,380,0.08361208438873291
6637,17,381,0.01390280295163393
6638,17,382,0.08521347492933273
6639,17,383,0.029585814103484154
6640,17,384,0.03743290156126022
6641,17,385,0.06762836873531342
6642,17,386,0.028010081499814987
6643,17,387,0.03635832294821739
6644,17,388,0.03828452527523041
6645,17,389,0.04993647709488869
6646,17,390,0.026678210124373436
6647,17,391,0.007961729541420937
6648,18,1,0.03401879593729973
6649,18,2,0.0635601207613945
6650,18,3,0.01568758860230446
6651,18,4,0.016041966155171394
6652,18,5,0.02163015305995941
6653,18,6,0.034319017082452774
6654,18,7,0.09959964454174042
6655,18,8,0.05630835145711899
6656,18,9,0.02032182738184929
6657,18,10,0.013714575208723545
6658,18,11,0.020444856956601143
6659,18,12,0.04251672327518463
6660,18,13,0.05578923225402832
6661,18,14,0.03060906007885933
6662,18,15,0.038358137011528015
6663,18,16,0.0610538050532341
6664,18,17,0.019158532842993736
6665,18,18,0.03627895191311836
6666,18,19,0.009773465804755688
6667,18,20,0.04761747270822525
6668,18,21,0.050599146634340286
6669,18,22,0.021716320887207985
6670,18,23,0.028334738686680794
6671,18,24,0.025274835526943207
6672,18,25,0.024089667946100235
6673,18,26,0.02180182747542858
6674,18,27,0.04157181829214096
6675,18,28,0.011506505310535431
6676,18,29,0.016768919304013252
6677,18,30,0.010503160767257214
6678,18,31,0.0283872839063406
6679,18,32,0.02023773267865181
6680,18,33,0.029600366950035095
6681,18,34,0.0342269204556942
6682,18,35,0.07799387723207474
6683,18,36,0.03487810119986534
6684,18,37,0.02768818847835064
6685,18,38,0.08420662581920624
6686,18,39,0.004882271401584148
6687,18,40,0.031915467232465744
6688,18,41,0.013949706219136715
6689,18,42,0.016089661046862602
6690,18,43,0.022026097401976585
6691,18,44,0.01747533492743969
6692,18,45,0.054589007049798965
6693,18,46,0.035062700510025024
6694,18,47,0.07620181143283844
6695,18,48,0.01277877576649189
6696,18,49,0.006225578486919403
6697,18,50,0.010477080009877682
6698,18,51,0.026216112077236176
6699,18,52,0.02921326644718647
6700,18,53,0.024916399270296097
6701,18,54,0.03170129656791687
6702,18,55,0.024604223668575287
6703,18,56,0.11120542883872986
6704,18,57,0.02593206614255905
6705,18,58,0.021729961037635803
6706,18,59,0.037158139050006866
6707,18,60,0.01617773249745369
6708,18,61,0.0568704754114151
6709,18,62,0.00942133367061615
6710,18,63,0.009369899518787861
6711,18,64,0.02688436768949032
6712,18,65,0.026351336389780045
6713,18,66,0.020790904760360718
6714,18,67,0.01269257627427578
6715,18,68,0.006247535347938538
6716,18,69,0.012428998947143555
6717,18,70,0.00925054308027029
6718,18,71,0.029837580397725105
6719,18,72,0.029124602675437927
6720,18,73,0.04281393066048622
6721,18,74,0.047910530120134354
6722,18,75,0.011054257862269878
6723,18,76,0.028547342866659164
6724,18,77,0.023049412295222282
6725,18,78,0.022207273170351982
6726,18,79,0.023668212816119194
6727,18,80,0.057184040546417236
6728,18,81,0.061938509345054626
6729,18,82,0.03489290550351143
6730,18,83,0.036100856959819794
6731,18,84,0.018130188807845116
6732,18,85,0.11642371863126755
6733,18,86,0.01774589717388153
6734,18,87,0.03177154064178467
6735,18,88,0.04308626055717468
6736,18,89,0.022971168160438538
6737,18,90,0.13648390769958496
6738,18,91,0.06083362549543381
6739,18,92,0.07796906679868698
6740,18,93,0.047111887484788895
6741,18,94,0.015625668689608574
6742,18,95,0.0066463397815823555
6743,18,96,0.011194904334843159
6744,18,97,0.00727414945140481
6745,18,98,0.053435277193784714
6746,18,99,0.049177467823028564
6747,18,100,0.013841773383319378
6748,18,101,0.02169167809188366
6749,18,102,0.035903897136449814
6750,18,103,0.048513978719711304
6751,18,104,0.04242328554391861
6752,18,105,0.06580382585525513
6753,18,106,0.03891540318727493
6754,18,107,0.04757247865200043
6755,18,108,0.030103903263807297
6756,18,109,0.07994618266820908
6757,18,110,0.0270620658993721
6758,18,111,0.03279399126768112
6759,18,112,0.020363125950098038
6760,18,113,0.09015429019927979
6761,18,114,0.03276839852333069
6762,18,115,0.017085924744606018
6763,18,116,0.020211411640048027
6764,18,117,0.03958098217844963
6765,18,118,0.07474905997514725
6766,18,119,0.009403644129633904
6767,18,120,0.0395810604095459
6768,18,121,0.03319297730922699
6769,18,122,0.027585331350564957
6770,18,123,0.039380304515361786
6771,18,124,0.04866354167461395
6772,18,125,0.019011808559298515
6773,18,126,0.039849504828453064
6774,18,127,0.03742945194244385
6775,18,128,0.03638491779565811
6776,18,129,0.07598109543323517
6777,18,130,0.01819564215838909
6778,18,131,0.02887246012687683
6779,18,132,0.06589990854263306
6780,18,133,0.005328894592821598
6781,18,134,0.062416862696409225
6782,18,135,0.06057845428586006
6783,18,136,0.05966237559914589
6784,18,137,0.02622734010219574
6785,18,138,0.02481549233198166
6786,18,139,0.050488486886024475
6787,18,140,0.024690842255949974
6788,18,141,0.10669878125190735
6789,18,142,0.12526553869247437
6790,18,143,0.019302494823932648
6791,18,144,0.041363995522260666
6792,18,145,0.0574573315680027
6793,18,146,0.061254680156707764
6794,18,147,0.09372349828481674
6795,18,148,0.060081999748945236
6796,18,149,0.05366571992635727
6797,18,150,0.016498921439051628
6798,18,151,0.047006405889987946
6799,18,152,0.06821003556251526
6800,18,153,0.006684558000415564
6801,18,154,0.041695233434438705
6802,18,155,0.03955724090337753
6803,18,156,0.04019412770867348
6804,18,157,0.020792478695511818
6805,18,158,0.022005131468176842
6806,18,159,0.03872761130332947
6807,18,160,0.026876572519540787
6808,18,161,0.0907435342669487
6809,18,162,0.026263684034347534
6810,18,163,0.023632148280739784
6811,18,164,0.05081010237336159
6812,18,165,0.060627687722444534
6813,18,166,0.03295894339680672
6814,18,167,0.020912334322929382
6815,18,168,0.034476760774850845
6816,18,169,0.017752613872289658
6817,18,170,0.006278077140450478
6818,18,171,0.06059391424059868
6819,18,172,0.024154717102646828
6820,18,173,0.03431754186749458
6821,18,174,0.03295237943530083
6822,18,175,0.033115845173597336
6823,18,176,0.01859525963664055
6824,18,177,0.017639940604567528
6825,18,178,0.0336407907307148
6826,18,179,0.034530848264694214
6827,18,180,0.030414441600441933
6828,18,181,0.035089410841464996
6829,18,182,0.05698278918862343
6830,18,183,0.05891191214323044
6831,18,184,0.15405790507793427
6832,18,185,0.014978253282606602
6833,18,186,0.08891639858484268
6834,18,187,0.021489152684807777
6835,18,188,0.025044579058885574
6836,18,189,0.10560832172632217
6837,18,190,0.02161034755408764
6838,18,191,0.07004496455192566
6839,18,192,0.03955419361591339
6840,18,193,0.05412938445806503
6841,18,194,0.014870228245854378
6842,18,195,0.07892750948667526
6843,18,196,0.02927239239215851
6844,18,197,0.027717282995581627
6845,18,198,0.027422010898590088
6846,18,199,0.06998080015182495
6847,18,200,0.04793702811002731
6848,18,201,0.025070542469620705
6849,18,202,0.09223245829343796
6850,18,203,0.07530619204044342
6851,18,204,0.1715443879365921
6852,18,205,0.04465886205434799
6853,18,206,0.09011524170637131
6854,18,207,0.0838012769818306
6855,18,208,0.08336403220891953
6856,18,209,0.04492254927754402
6857,18,210,0.10232330113649368
6858,18,211,0.040973130613565445
6859,18,212,0.10688285529613495
6860,18,213,0.013407362625002861
6861,18,214,0.01836046203970909
6862,18,215,0.05829262360930443
6863,18,216,0.035681456327438354
6864,18,217,0.09839823842048645
6865,18,218,0.03523552790284157
6866,18,219,0.06653150171041489
6867,18,220,0.08698368817567825
6868,18,221,0.036523543298244476
6869,18,222,0.034916676580905914
6870,18,223,0.05510854721069336
6871,18,224,0.07342412322759628
6872,18,225,0.03168908506631851
6873,18,226,0.12303590029478073
6874,18,227,0.07919862866401672
6875,18,228,0.06120889633893967
6876,18,229,0.011673776432871819
6877,18,230,0.06064030900597572
6878,18,231,0.04407354071736336
6879,18,232,0.049197956919670105
6880,18,233,0.038727056235075
6881,18,234,0.024746127426624298
6882,18,235,0.0851404219865799
6883,18,236,0.11870428919792175
6884,18,237,0.03548377752304077
6885,18,238,0.022094929590821266
6886,18,239,0.04841576889157295
6887,18,240,0.08794260025024414
6888,18,241,0.046855419874191284
6889,18,242,0.09012789279222488
6890,18,243,0.005991395562887192
6891,18,244,0.06283736974000931
6892,18,245,0.06810902804136276
6893,18,246,0.04408148676156998
6894,18,247,0.14627960324287415
6895,18,248,0.06388033926486969
6896,18,249,0.15271542966365814
6897,18,250,0.020867642015218735
6898,18,251,0.06713364273309708
6899,18,252,0.04429260641336441
6900,18,253,0.0489666722714901
6901,18,254,0.03533078730106354
6902,18,255,0.14269594848155975
6903,18,256,0.05472372844815254
6904,18,257,0.04107153043150902
6905,18,258,0.1269865483045578
6906,18,259,0.050043124705553055
6907,18,260,0.08870574831962585
6908,18,261,0.09706055372953415
6909,18,262,0.050862278789281845
6910,18,263,0.13064664602279663
6911,18,264,0.14837852120399475
6912,18,265,0.019141467288136482
6913,18,266,0.10442636162042618
6914,18,267,0.07011892646551132
6915,18,268,0.10834205895662308
6916,18,269,0.031407807022333145
6917,18,270,0.013693124987185001
6918,18,271,0.055817436426877975
6919,18,272,0.0511804036796093
6920,18,273,0.09189455211162567
6921,18,274,0.019035043194890022
6922,18,275,0.06255695223808289
6923,18,276,0.055879272520542145
6924,18,277,0.05010170117020607
6925,18,278,0.04596874117851257
6926,18,279,0.04245036095380783
6927,18,280,0.09886819869279861
6928,18,281,0.12866900861263275
6929,18,282,0.05361301079392433
6930,18,283,0.046003494411706924
6931,18,284,0.07983680069446564
6932,18,285,0.066141776740551
6933,18,286,0.07791714370250702
6934,18,287,0.13009725511074066
6935,18,288,0.0985305905342102
6936,18,289,0.01379902008920908
6937,18,290,0.029806412756443024
6938,18,291,0.05383167415857315
6939,18,292,0.0513024665415287
6940,18,293,0.0988159254193306
6941,18,294,0.03356308117508888
6942,18,295,0.09714412689208984
6943,18,296,0.03124310076236725
6944,18,297,0.07102485001087189
6945,18,298,0.02848968096077442
6946,18,299,0.10048111528158188
6947,18,300,0.03602660819888115
6948,18,301,0.022466877475380898
6949,18,302,0.05416432395577431
6950,18,303,0.044743869453668594
6951,18,304,0.1041923463344574
6952,18,305,0.07012705504894257
6953,18,306,0.06043506786227226
6954,18,307,0.06873568147420883
6955,18,308,0.046061787754297256
6956,18,309,0.018341530114412308
6957,18,310,0.09780330955982208
6958,18,311,0.044150687754154205
6959,18,312,0.04726096987724304
6960,18,313,0.03536762297153473
6961,18,314,0.04604295268654823
6962,18,315,0.06022598221898079
6963,18,316,0.04393456131219864
6964,18,317,0.10701847821474075
6965,18,318,0.07263476401567459
6966,18,319,0.03804754838347435
6967,18,320,0.038213662803173065
6968,18,321,0.029140256345272064
6969,18,322,0.03524233028292656
6970,18,323,0.03661850839853287
6971,18,324,0.027366138994693756
6972,18,325,0.036729928106069565
6973,18,326,0.05900600925087929
6974,18,327,0.04779713600873947
6975,18,328,0.07227148115634918
6976,18,329,0.04197290539741516
6977,18,330,0.011821262538433075
6978,18,331,0.12813407182693481
6979,18,332,0.03744826838374138
6980,18,333,0.023822257295250893
6981,18,334,0.05031825602054596
6982,18,335,0.0764145478606224
6983,18,336,0.016815459355711937
6984,18,337,0.026713252067565918
6985,18,338,0.019583173096179962
6986,18,339,0.02871381863951683
6987,18,340,0.04249992221593857
6988,18,341,0.04091561958193779
6989,18,342,0.02158495970070362
6990,18,343,0.015401162207126617
6991,18,344,0.059632062911987305
6992,18,345,0.10195819288492203
6993,18,346,0.09613139927387238
6994,18,347,0.057456254959106445
6995,18,348,0.04934154078364372
6996,18,349,0.0150362029671669
6997,18,350,0.07919276505708694
6998,18,351,0.02975429780781269
6999,18,352,0.02919856458902359
7000,18,353,0.0400879792869091
7001,18,354,0.054659076035022736
7002,18,355,0.028171038255095482
7003,18,356,0.0542590394616127
7004,18,357,0.04070699214935303
7005,18,358,0.06645043939352036
7006,18,359,0.08255768567323685
7007,18,360,0.01589072123169899
7008,18,361,0.036383844912052155
7009,18,362,0.05684442073106766
7010,18,363,0.07736313343048096
7011,18,364,0.010979637503623962
7012,18,365,0.02281087078154087
7013,18,366,0.03671610727906227
7014,18,367,0.01711292751133442
7015,18,368,0.047279831022024155
7016,18,369,0.026359399780631065
7017,18,370,0.021550815552473068
7018,18,371,0.08260682225227356
7019,18,372,0.03518123924732208
7020,18,373,0.06764300912618637
7021,18,374,0.026373350992798805
7022,18,375,0.08870681375265121
7023,18,376,0.013080303557217121
7024,18,377,0.051932912319898605
7025,18,378,0.05824616551399231
7026,18,379,0.03580925613641739
7027,18,380,0.08039969950914383
7028,18,381,0.025096939876675606
7029,18,382,0.05468612536787987
7030,18,383,0.0118970712646842
7031,18,384,0.0854237824678421
7032,18,385,0.042271506041288376
7033,18,386,0.1118963211774826
7034,18,387,0.022309942170977592
7035,18,388,0.05963714048266411
7036,18,389,0.019290540367364883
7037,18,390,0.03468942269682884
7038,18,391,0.09498557448387146
7039,19,1,0.024734772741794586
7040,19,2,0.018803462386131287
7041,19,3,0.02624478004872799
7042,19,4,0.011544475331902504
7043,19,5,0.06566172093153
7044,19,6,0.08465192466974258
7045,19,7,0.029179032891988754
7046,19,8,0.03772038221359253
7047,19,9,0.025522973388433456
7048,19,10,0.05394801124930382
7049,19,11,0.021081922575831413
7050,19,12,0.026405099779367447
7051,19,13,0.035161420702934265
7052,19,14,0.04898165538907051
7053,19,15,0.013896011747419834
7054,19,16,0.02246871590614319
7055,19,17,0.07988935708999634
7056,19,18,0.026285475119948387
7057,19,19,0.06475444883108139
7058,19,20,0.045320458710193634
7059,19,21,0.030321206897497177
7060,19,22,0.11367018520832062
7061,19,23,0.04298195615410805
7062,19,24,0.015907904133200645
7063,19,25,0.026566602289676666
7064,19,26,0.04809624329209328
7065,19,27,0.038577258586883545
7066,19,28,0.023121608421206474
7067,19,29,0.03816841170191765
7068,19,30,0.05642639473080635
7069,19,31,0.042143288999795914
7070,19,32,0.037676114588975906
7071,19,33,0.011822134256362915
7072,19,34,0.0055276816710829735
7073,19,35,0.028097376227378845
7074,19,36,0.07204536348581314
7075,19,37,0.04540156573057175
7076,19,38,0.09829898923635483
7077,19,39,0.02894294075667858
7078,19,40,0.026081813499331474
7079,19,41,0.031780537217855453
7080,19,42,0.04560118168592453
7081,19,43,0.07004676759243011
7082,19,44,0.02318909764289856
7083,19,45,0.04221215844154358
7084,19,46,0.06145521253347397
7085,19,47,0.022819679230451584
7086,19,48,0.028169939294457436
7087,19,49,0.0225625429302454
7088,19,50,0.023577075451612473
7089,19,51,0.08549690246582031
7090,19,52,0.04059113934636116
7091,19,53,0.021816261112689972
7092,19,54,0.02671743556857109
7093,19,55,0.016072779893875122
7094,19,56,0.07889742404222488
7095,19,57,0.04321008175611496
7096,19,58,0.023607920855283737
7097,19,59,0.03954512998461723
7098,19,60,0.07030126452445984
7099,19,61,0.030926920473575592
7100,19,62,0.028978602960705757
7101,19,63,0.08278099447488785
7102,19,64,0.05014638230204582
7103,19,65,0.06752829998731613
7104,19,66,0.014205927029252052
7105,19,67,0.05591784790158272
7106,19,68,0.016196612268686295
7107,19,69,0.0344928614795208
7108,19,70,0.020428739488124847
7109,19,71,0.03866145387291908
7110,19,72,0.03977047652006149
7111,19,73,0.02406901679933071
7112,19,74,0.023364605382084846
7113,19,75,0.028297467157244682
7114,19,76,0.020168546587228775
7115,19,77,0.060873936861753464
7116,19,78,0.019942285493016243
7117,19,79,0.05368095636367798
7118,19,80,0.009060165844857693
7119,19,81,0.018703022971749306
7120,19,82,0.0326293520629406
7121,19,83,0.06803083419799805
7122,19,84,0.03512422740459442
7123,19,85,0.02863536775112152
7124,19,86,0.022731199860572815
7125,19,87,0.10745877772569656
7126,19,88,0.045706190168857574
7127,19,89,0.06436295062303543
7128,19,90,0.07977280765771866
7129,19,91,0.04852025583386421
7130,19,92,0.06494007259607315
7131,19,93,0.039722003042697906
7132,19,94,0.08639036864042282
7133,19,95,0.04034706577658653
7134,19,96,0.04705895483493805
7135,19,97,0.03057963028550148
7136,19,98,0.022313714027404785
7137,19,99,0.13348543643951416
7138,19,100,0.07383287698030472
7139,19,101,0.10127575695514679
7140,19,102,0.017610743641853333
7141,19,103,0.025697242468595505
7142,19,104,0.11730141192674637
7143,19,105,0.077738456428051
7144,19,106,0.04475222900509834
7145,19,107,0.04915478080511093
7146,19,108,0.03990088775753975
7147,19,109,0.10046804696321487
7148,19,110,0.010258816182613373
7149,19,111,0.03918107599020004
7150,19,112,0.1069420799612999
7151,19,113,0.05805654078722
7152,19,114,0.03595127910375595
7153,19,115,0.07296005636453629
7154,19,116,0.06558054685592651
7155,19,117,0.043276071548461914
7156,19,118,0.047754496335983276
7157,19,119,0.028128445148468018
7158,19,120,0.18225479125976562
7159,19,121,0.14283238351345062
7160,19,122,0.0556940957903862
7161,19,123,0.07950516790151596
7162,19,124,0.007419093977659941
7163,19,125,0.0917319506406784
7164,19,126,0.08984509110450745
7165,19,127,0.05171933025121689
7166,19,128,0.041745685040950775
7167,19,129,0.14584678411483765
7168,19,130,0.10235455632209778
7169,19,131,0.05862785503268242
7170,19,132,0.0700058713555336
7171,19,133,0.02727908454835415
7172,19,134,0.044174402952194214
7173,19,135,0.054116390645504
7174,19,136,0.07021757960319519
7175,19,137,0.1504478007555008
7176,19,138,0.04495092108845711
7177,19,139,0.096711166203022
7178,19,140,0.10718001425266266
7179,19,141,0.05012970790266991
7180,19,142,0.05551042780280113
7181,19,143,0.06700959801673889
7182,19,144,0.0781344622373581
7183,19,145,0.07883943617343903
7184,19,146,0.05530612915754318
7185,19,147,0.10904230177402496
7186,19,148,0.13658779859542847
7187,19,149,0.11766058206558228
7188,19,150,0.12156786024570465
7189,19,151,0.06270873546600342
7190,19,152,0.030755668878555298
7191,19,153,0.041214246302843094
7192,19,154,0.03876816853880882
7193,19,155,0.11735554039478302
7194,19,156,0.06975345313549042
7195,19,157,0.07432926446199417
7196,19,158,0.05286019295454025
7197,19,159,0.05741529539227486
7198,19,160,0.09846726059913635
7199,19,161,0.09229104965925217
7200,19,162,0.12019313871860504
7201,19,163,0.12467510253190994
7202,19,164,0.06617701053619385
7203,19,165,0.07155032455921173
7204,19,166,0.12324361503124237
7205,19,167,0.06906614452600479
7206,19,168,0.07761406153440475
7207,19,169,0.06787491589784622
7208,19,170,0.0967872217297554
7209,19,171,0.03623845428228378
7210,19,172,0.04061198979616165
7211,19,173,0.07452863454818726
7212,19,174,0.0592392235994339
7213,19,175,0.09106333553791046
7214,19,176,0.02797633223235607
7215,19,177,0.02019421011209488
7216,19,178,0.05977707728743553
7217,19,179,0.05681271478533745
7218,19,180,0.04802290350198746
7219,19,181,0.016418177634477615
7220,19,182,0.10633176565170288
7221,19,183,0.05169010907411575
7222,19,184,0.024366315454244614
7223,19,185,0.07176890969276428
7224,19,186,0.1246958076953888
7225,19,187,0.025735674425959587
7226,19,188,0.050399526953697205
7227,19,189,0.03023822419345379
7228,19,190,0.053454168140888214
7229,19,191,0.06255435943603516
7230,19,192,0.05461154133081436
7231,19,193,0.06117800995707512
7232,19,194,0.045433126389980316
7233,19,195,0.0166768841445446
7234,19,196,0.10505681484937668
7235,19,197,0.07220911979675293
7236,19,198,0.10613344609737396
7237,19,199,0.11491202563047409
7238,19,200,0.03711019828915596
7239,19,201,0.019390199333429337
7240,19,202,0.04429483786225319
7241,19,203,0.09965206682682037
7242,19,204,0.05437174811959267
7243,19,205,0.08763815462589264
7244,19,206,0.03188455104827881
7245,19,207,0.0875801295042038
7246,19,208,0.09942902624607086
7247,19,209,0.043030064553022385
7248,19,210,0.04313432052731514
7249,19,211,0.04048772156238556
7250,19,212,0.11658632010221481
7251,19,213,0.03901425004005432
7252,19,214,0.02307112142443657
7253,19,215,0.08318755775690079
7254,19,216,0.036244187504053116
7255,19,217,0.06817858666181564
7256,19,218,0.06994203478097916
7257,19,219,0.04440637677907944
7258,19,220,0.028249939903616905
7259,19,221,0.02207780070602894
7260,19,222,0.02910240739583969
7261,19,223,0.02790362946689129
7262,19,224,0.026669863611459732
7263,19,225,0.0912051647901535
7264,19,226,0.017017316073179245
7265,19,227,0.020038532093167305
7266,19,228,0.030449558049440384
7267,19,229,0.033172380179166794
7268,19,230,0.030594410374760628
7269,19,231,0.08371627330780029
7270,19,232,0.036130402237176895
7271,19,233,0.026427533477544785
7272,19,234,0.03923039510846138
7273,19,235,0.06934492290019989
7274,19,236,0.08503350615501404
7275,19,237,0.04333483800292015
7276,19,238,0.045429445803165436
7277,19,239,0.05835985764861107
7278,19,240,0.05425669252872467
7279,19,241,0.03749049827456474
7280,19,242,0.020670514553785324
7281,19,243,0.06099844351410866
7282,19,244,0.06839985400438309
7283,19,245,0.05322977900505066
7284,19,246,0.057305194437503815
7285,19,247,0.055294472724199295
7286,19,248,0.029113294556736946
7287,19,249,0.016237234696745872
7288,19,250,0.02560461312532425
7289,19,251,0.006760259624570608
7290,19,252,0.04229046404361725
7291,19,253,0.04291032999753952
7292,19,254,0.047676973044872284
7293,19,255,0.0069584171287715435
7294,19,256,0.007556406315416098
7295,19,257,0.016313862055540085
7296,19,258,0.0108888428658247
7297,19,259,0.05474602431058884
7298,19,260,0.026149047538638115
7299,19,261,0.029187247157096863
7300,19,262,0.009052630513906479
7301,19,263,0.012916904874145985
7302,19,264,0.03811240568757057
7303,19,265,0.06453394889831543
7304,19,266,0.02364254556596279
7305,19,267,0.01092051062732935
7306,19,268,0.022290993481874466
7307,19,269,0.017740976065397263
7308,19,270,0.04515422135591507
7309,19,271,0.04333364591002464
7310,19,272,0.004898938350379467
7311,19,273,0.013446698896586895
7312,19,274,0.030687248334288597
7313,19,275,0.04654011130332947
7314,19,276,0.038842808455228806
7315,19,277,0.026580333709716797
7316,19,278,0.021085256710648537
7317,19,279,0.008487524464726448
7318,19,280,0.06373825669288635
7319,19,281,0.04769860580563545
7320,19,282,0.04659251868724823
7321,19,283,0.07729905098676682
7322,19,284,0.06120706722140312
7323,19,285,0.015019712038338184
7324,19,286,0.040350865572690964
7325,19,287,0.06629066914319992
7326,19,288,0.03355156257748604
7327,19,289,0.05520658567547798
7328,19,290,0.08327800035476685
7329,19,291,0.02099612168967724
7330,19,292,0.02103227749466896
7331,19,293,0.045001283288002014
7332,19,294,0.03862650692462921
7333,19,295,0.07663491368293762
7334,19,296,0.05932629480957985
7335,19,297,0.05095825344324112
7336,19,298,0.01811785064637661
7337,19,299,0.07159291952848434
7338,19,300,0.05383585765957832
7339,19,301,0.07268171012401581
7340,19,302,0.010192383080720901
7341,19,303,0.027540959417819977
7342,19,304,0.05572877451777458
7343,19,305,0.05084596574306488
7344,19,306,0.08805300295352936
7345,19,307,0.040492214262485504
7346,19,308,0.030171221122145653
7347,19,309,0.01906810700893402
7348,19,310,0.036082059144973755
7349,19,311,0.04189096763730049
7350,19,312,0.03397896885871887
7351,19,313,0.05587058886885643
7352,19,314,0.04509195685386658
7353,19,315,0.06781842559576035
7354,19,316,0.07292220741510391
7355,19,317,0.03077886439859867
7356,19,318,0.006624799221754074
7357,19,319,0.03660539165139198
7358,19,320,0.05417341738939285
7359,19,321,0.10239249467849731
7360,19,322,0.014704388566315174
7361,19,323,0.02663085237145424
7362,19,324,0.07118550688028336
7363,19,325,0.032746005803346634
7364,19,326,0.014611396938562393
7365,19,327,0.07258275151252747
7366,19,328,0.01759209856390953
7367,19,329,0.024800485000014305
7368,19,330,0.04196559637784958
7369,19,331,0.014217762276530266
7370,19,332,0.027587678283452988
7371,19,333,0.05481541529297829
7372,19,334,0.033475495874881744
7373,19,335,0.053871385753154755
7374,19,336,0.016550734639167786
7375,19,337,0.050542544573545456
7376,19,338,0.08355320245027542
7377,19,339,0.03211056813597679
7378,19,340,0.05191982164978981
7379,19,341,0.01752646081149578
7380,19,342,0.030226998031139374
7381,19,343,0.04718639329075813
7382,19,344,0.0931861624121666
7383,19,345,0.03531276062130928
7384,19,346,0.013185601681470871
7385,19,347,0.03437768295407295
7386,19,348,0.06089436262845993
7387,19,349,0.04039541259407997
7388,19,350,0.07081454992294312
7389,19,351,0.04712088033556938
7390,19,352,0.06317003816366196
7391,19,353,0.013634620234370232
7392,19,354,0.07730129361152649
7393,19,355,0.10684321075677872
7394,19,356,0.0648500844836235
7395,19,357,0.023205069825053215
7396,19,358,0.09496479481458664
7397,19,359,0.042355652898550034
7398,19,360,0.1398114562034607
7399,19,361,0.05389232188463211
7400,19,362,0.018374914303421974
7401,19,363,0.05276038497686386
7402,19,364,0.07599768787622452
7403,19,365,0.09842269122600555
7404,19,366,0.042689964175224304
7405,19,367,0.013869759626686573
7406,19,368,0.04442783072590828
7407,19,369,0.035639066249132156
7408,19,370,0.07691340148448944
7409,19,371,0.022414781153202057
7410,19,372,0.03726065531373024
7411,19,373,0.0609113983809948
7412,19,374,0.048345472663640976
7413,19,375,0.078741654753685
7414,19,376,0.04124896973371506
7415,19,377,0.08735398948192596
7416,19,378,0.0402543731033802
7417,19,379,0.026048384606838226
7418,19,380,0.06620240211486816
7419,19,381,0.059118811041116714
7420,19,382,0.0688840001821518
7421,19,383,0.061223290860652924
7422,19,384,0.05341310054063797
7423,19,385,0.05086787790060043
7424,19,386,0.026926890015602112
7425,19,387,0.022125177085399628
7426,19,388,0.09356903284788132
7427,19,389,0.04368995130062103
7428,19,390,0.03250168263912201
7429,19,391,0.03784436360001564
7430,20,1,0.03745467588305473
7431,20,2,0.009749926626682281
7432,20,3,0.008870481513440609
7433,20,4,0.015688667073845863
7434,20,5,0.06657737493515015
7435,20,6,0.03758186101913452
7436,20,7,0.05589161813259125
7437,20,8,0.042480528354644775
7438,20,9,0.051253531128168106
7439,20,10,0.008549096062779427
7440,20,11,0.11984667927026749
7441,20,12,0.024496134370565414
7442,20,13,0.07549697905778885
7443,20,14,0.014627134427428246
7444,20,15,0.023271730169653893
7445,20,16,0.03594258055090904
7446,20,17,0.019285177811980247
7447,20,18,0.04061777889728546
7448,20,19,0.04106805473566055
7449,20,20,0.056599587202072144
7450,20,21,0.03175347298383713
7451,20,22,0.05014776438474655
7452,20,23,0.02998797409236431
7453,20,24,0.05857314541935921
7454,20,25,0.04827575758099556
7455,20,26,0.02642006427049637
7456,20,27,0.0264119952917099
7457,20,28,0.01610194705426693
7458,20,29,0.0395822636783123
7459,20,30,0.06090173125267029
7460,20,31,0.026314567774534225
7461,20,32,0.044728659093379974
7462,20,33,0.016012970358133316
7463,20,34,0.01835741102695465
7464,20,35,0.04706006497144699
7465,20,36,0.04408663138747215
7466,20,37,0.03333454579114914
7467,20,38,0.03150863200426102
7468,20,39,0.04365711286664009
7469,20,40,0.01419313158839941
7470,20,41,0.03731141611933708
7471,20,42,0.03521116077899933
7472,20,43,0.04417709633708
7473,20,44,0.03082265704870224
7474,20,45,0.037745531648397446
7475,20,46,0.04770102724432945
7476,20,47,0.046369362622499466
7477,20,48,0.02667541801929474
7478,20,49,0.008203376084566116
7479,20,50,0.01677914708852768
7480,20,51,0.015411307103931904
7481,20,52,0.018586723133921623
7482,20,53,0.04620569199323654
7483,20,54,0.017545782029628754
7484,20,55,0.012377515435218811
7485,20,56,0.027162622660398483
7486,20,57,0.01994679868221283
7487,20,58,0.005689674988389015
7488,20,59,0.003056935267522931
7489,20,60,0.04706861823797226
7490,20,61,0.026279859244823456
7491,20,62,0.003988446667790413
7492,20,63,0.043471962213516235
7493,20,64,0.0557841919362545
7494,20,65,0.03781887888908386
7495,20,66,0.00688988296315074
7496,20,67,0.020146213471889496
7497,20,68,0.0497007742524147
7498,20,69,0.021259384229779243
7499,20,70,0.020569471642374992
7500,20,71,0.005459402222186327
7501,20,72,0.046143580228090286
7502,20,73,0.05048350989818573
7503,20,74,0.028038382530212402
7504,20,75,0.02685152180492878
7505,20,76,0.03728020563721657
7506,20,77,0.01122167706489563
7507,20,78,0.06001967936754227
7508,20,79,0.04006357491016388
7509,20,80,0.014070955105125904
7510,20,81,0.0045446911826729774
7511,20,82,0.026850277557969093
7512,20,83,0.07337741553783417
7513,20,84,0.017839981243014336
7514,20,85,0.0452265739440918
7515,20,86,0.0666099563241005
7516,20,87,0.006821894086897373
7517,20,88,0.019320713356137276
7518,20,89,0.00895380787551403
7519,20,90,0.10861831158399582
7520,20,91,0.00911915022879839
7521,20,92,0.028159068897366524
7522,20,93,0.00471020070835948
7523,20,94,0.007741019129753113
7524,20,95,0.017974600195884705
7525,20,96,0.04837319627404213
7526,20,97,0.03507247939705849
7527,20,98,0.049705419689416885
7528,20,99,0.03966031223535538
7529,20,100,0.027369827032089233
7530,20,101,0.013998234644532204
7531,20,102,0.020579004660248756
7532,20,103,0.051650140434503555
7533,20,104,0.04100014641880989
7534,20,105,0.03253611549735069
7535,20,106,0.016664588823914528
7536,20,107,0.016671210527420044
7537,20,108,0.034718435257673264
7538,20,109,0.02130904607474804
7539,20,110,0.027972057461738586
7540,20,111,0.03938384726643562
7541,20,112,0.04386262968182564
7542,20,113,0.044664137065410614
7543,20,114,0.05257439613342285
7544,20,115,0.009743921458721161
7545,20,116,0.031170716509222984
7546,20,117,0.024955525994300842
7547,20,118,0.07250531017780304
7548,20,119,0.012312985956668854
7549,20,120,0.020715294405817986
7550,20,121,0.05036808177828789
7551,20,122,0.02296571247279644
7552,20,123,0.02408754639327526
7553,20,124,0.08663978427648544
7554,20,125,0.009055237285792828
7555,20,126,0.018047232180833817
7556,20,127,0.03395862877368927
7557,20,128,0.009151560254395008
7558,20,129,0.012722981162369251
7559,20,130,0.022642627358436584
7560,20,131,0.019718410447239876
7561,20,132,0.05477902665734291
7562,20,133,0.017024235799908638
7563,20,134,0.027840014547109604
7564,20,135,0.02668347954750061
7565,20,136,0.04687407612800598
7566,20,137,0.04339331388473511
7567,20,138,0.017769383266568184
7568,20,139,0.020387237891554832
7569,20,140,0.026965387165546417
7570,20,141,0.009526886977255344
7571,20,142,0.036840200424194336
7572,20,143,0.08108482509851456
7573,20,144,0.025431953370571136
7574,20,145,0.022775843739509583
7575,20,146,0.027576139196753502
7576,20,147,0.0641568973660469
7577,20,148,0.008532526902854443
7578,20,149,0.061675891280174255
7579,20,150,0.018301572650671005
7580,20,151,0.06327708065509796
7581,20,152,0.0691937506198883
7582,20,153,0.020267846062779427
7583,20,154,0.043870989233255386
7584,20,155,0.008475770242512226
7585,20,156,0.01723572425544262
7586,20,157,0.019419925287365913
7587,20,158,0.08300687372684479
7588,20,159,0.04313981160521507
7589,20,160,0.040114495903253555
7590,20,161,0.06115027517080307
7591,20,162,0.02856786921620369
7592,20,163,0.011841793544590473
7593,20,164,0.03159644082188606
7594,20,165,0.030711129307746887
7595,20,166,0.07339741289615631
7596,20,167,0.06340107321739197
7597,20,168,0.09616148471832275
7598,20,169,0.03303561732172966
7599,20,170,0.021634113043546677
7600,20,171,0.04770918935537338
7601,20,172,0.02093813195824623
7602,20,173,0.04250338673591614
7603,20,174,0.053860343992710114
7604,20,175,0.026145007461309433
7605,20,176,0.02346416749060154
7606,20,177,0.019100172445178032
7607,20,178,0.03897479176521301
7608,20,179,0.006123214028775692
7609,20,180,0.04967186972498894
7610,20,181,0.046444810926914215
7611,20,182,0.037166185677051544
7612,20,183,0.07338535785675049
7613,20,184,0.025010403245687485
7614,20,185,0.02523016184568405
7615,20,186,0.05608028918504715
7616,20,187,0.02250901237130165
7617,20,188,0.020990882068872452
7618,20,189,0.025279052555561066
7619,20,190,0.0278420802205801
7620,20,191,0.05700233578681946
7621,20,192,0.026798343285918236
7622,20,193,0.021892592310905457
7623,20,194,0.023475538939237595
7624,20,195,0.009814306162297726
7625,20,196,0.05001140758395195
7626,20,197,0.022157656028866768
7627,20,198,0.023297704756259918
7628,20,199,0.005747584160417318
7629,20,200,0.10521402955055237
7630,20,201,0.015014608390629292
7631,20,202,0.02192375250160694
7632,20,203,0.013727858662605286
7633,20,204,0.07289234548807144
7634,20,205,0.03504672273993492
7635,20,206,0.05821193382143974
7636,20,207,0.018735172227025032
7637,20,208,0.08710667490959167
7638,20,209,0.04623684287071228
7639,20,210,0.014519046992063522
7640,20,211,0.06381387263536453
7641,20,212,0.0162609051913023
7642,20,213,0.05831727385520935
7643,20,214,0.024458417668938637
7644,20,215,0.021651795133948326
7645,20,216,0.05685872212052345
7646,20,217,0.06275198608636856
7647,20,218,0.04229004308581352
7648,20,219,0.04258320480585098
7649,20,220,0.034754931926727295
7650,20,221,0.023405369371175766
7651,20,222,0.012169899418950081
7652,20,223,0.0353207029402256
7653,20,224,0.07052518427371979
7654,20,225,0.09405538439750671
7655,20,226,0.07839439809322357
7656,20,227,0.09198731929063797
7657,20,228,0.03386584669351578
7658,20,229,0.014854605309665203
7659,20,230,0.01820429600775242
7660,20,231,0.010772141627967358
7661,20,232,0.040127191692590714
7662,20,233,0.022422416135668755
7663,20,234,0.15652824938297272
7664,20,235,0.08502566814422607
7665,20,236,0.05718524008989334
7666,20,237,0.042191166430711746
7667,20,238,0.010619348846375942
7668,20,239,0.04147457331418991
7669,20,240,0.04981919378042221
7670,20,241,0.02260761894285679
7671,20,242,0.03536736220121384
7672,20,243,0.03603370860219002
7673,20,244,0.041964948177337646
7674,20,245,0.007287428714334965
7675,20,246,0.06063321605324745
7676,20,247,0.045808758586645126
7677,20,248,0.01853383332490921
7678,20,249,0.05158326402306557
7679,20,250,0.07425180822610855
7680,20,251,0.055270835757255554
7681,20,252,0.013510538265109062
7682,20,253,0.04146483168005943
7683,20,254,0.051655374467372894
7684,20,255,0.047447461634874344
7685,20,256,0.044937845319509506
7686,20,257,0.02700495533645153
7687,20,258,0.004285290837287903
7688,20,259,0.08249582350254059
7689,20,260,0.020726263523101807
7690,20,261,0.020696215331554413
7691,20,262,0.06635896116495132
7692,20,263,0.09704945236444473
7693,20,264,0.0787801742553711
7694,20,265,0.030080873519182205
7695,20,266,0.04426198452711105
7696,20,267,0.026965660974383354
7697,20,268,0.04728797450661659
7698,20,269,0.016766011714935303
7699,20,270,0.04868026822805405
7700,20,271,0.11320381611585617
7701,20,272,0.04951278492808342
7702,20,273,0.07073447853326797
7703,20,274,0.05730658397078514
7704,20,275,0.0412236787378788
7705,20,276,0.025875475257635117
7706,20,277,0.06424068659543991
7707,20,278,0.08497395366430283
7708,20,279,0.06371688842773438
7709,20,280,0.11534992605447769
7710,20,281,0.093328557908535
7711,20,282,0.008431240916252136
7712,20,283,0.08470385521650314
7713,20,284,0.03872028738260269
7714,20,285,0.05554625019431114
7715,20,286,0.02917957678437233
7716,20,287,0.03805844113230705
7717,20,288,0.06484933197498322
7718,20,289,0.14372986555099487
7719,20,290,0.07484585791826248
7720,20,291,0.04906165599822998
7721,20,292,0.035287436097860336
7722,20,293,0.014377690851688385
7723,20,294,0.031235909089446068
7724,20,295,0.06518878042697906
7725,20,296,0.08151429146528244
7726,20,297,0.05420619249343872
7727,20,298,0.05580340698361397
7728,20,299,0.06566312164068222
7729,20,300,0.12031897157430649
7730,20,301,0.145302414894104
7731,20,302,0.03974318504333496
7732,20,303,0.06131085008382797
7733,20,304,0.04028157517313957
7734,20,305,0.07962124794721603
7735,20,306,0.03827371448278427
7736,20,307,0.0924416333436966
7737,20,308,0.16430693864822388
7738,20,309,0.07519844174385071
7739,20,310,0.04627468064427376
7740,20,311,0.031744375824928284
7741,20,312,0.016636179760098457
7742,20,313,0.09160646796226501
7743,20,314,0.09685307741165161
7744,20,315,0.038481056690216064
7745,20,316,0.04281281307339668
7746,20,317,0.06765320897102356
7747,20,318,0.09054733067750931
7748,20,319,0.03338649123907089
7749,20,320,0.06499448418617249
7750,20,321,0.06255660206079483
7751,20,322,0.08103884011507034
7752,20,323,0.04522014409303665
7753,20,324,0.06998088210821152
7754,20,325,0.04501575604081154
7755,20,326,0.06493907421827316
7756,20,327,0.023709634318947792
7757,20,328,0.08085742592811584
7758,20,329,0.08665873110294342
7759,20,330,0.010767360217869282
7760,20,331,0.0278458409011364
7761,20,332,0.0504726879298687
7762,20,333,0.030967487022280693
7763,20,334,0.036523908376693726
7764,20,335,0.03676789253950119
7765,20,336,0.10570132732391357
7766,20,337,0.009824881330132484
7767,20,338,0.015934361144900322
7768,20,339,0.024620693176984787
7769,20,340,0.01996777020394802
7770,20,341,0.047049447894096375
7771,20,342,0.02441188506782055
7772,20,343,0.03716655448079109
7773,20,344,0.04432719200849533
7774,20,345,0.1056610643863678
7775,20,346,0.0756090059876442
7776,20,347,0.02691885456442833
7777,20,348,0.05762212350964546
7778,20,349,0.09631619602441788
7779,20,350,0.025522079318761826
7780,20,351,0.03331584110856056
7781,20,352,0.04838443920016289
7782,20,353,0.06630518287420273
7783,20,354,0.040540676563978195
7784,20,355,0.048839882016181946
7785,20,356,0.07232977449893951
7786,20,357,0.0419103279709816
7787,20,358,0.0299698356539011
7788,20,359,0.027513425797224045
7789,20,360,0.08854454755783081
7790,20,361,0.1033981442451477
7791,20,362,0.08945850282907486
7792,20,363,0.03017183393239975
7793,20,364,0.039281170815229416
7794,20,365,0.04941857233643532
7795,20,366,0.06639562547206879
7796,20,367,0.12440204620361328
7797,20,368,0.03837507590651512
7798,20,369,0.07544499635696411
7799,20,370,0.049339912831783295
7800,20,371,0.07557475566864014
7801,20,372,0.07614706456661224
7802,20,373,0.14540892839431763
7803,20,374,0.19141855835914612
7804,20,375,0.030678533017635345
7805,20,376,0.009539320133626461
7806,20,377,0.18745917081832886
7807,20,378,0.08177269250154495
7808,20,379,0.05579984560608864
7809,20,380,0.10507095605134964
7810,20,381,0.08417708426713943
7811,20,382,0.02974117547273636
7812,20,383,0.09474553167819977
7813,20,384,0.0859190970659256
7814,20,385,0.07168984413146973
7815,20,386,0.06331093609333038
7816,20,387,0.11800424009561539
7817,20,388,0.03348156064748764
7818,20,389,0.09491525590419769
7819,20,390,0.0652073323726654
7820,20,391,0.19190019369125366
