step,epoch,batch,train_loss
1,1,1,2.3027243614196777
2,1,2,2.3185617923736572
3,1,3,2.3039309978485107
4,1,4,2.3037259578704834
5,1,5,2.3022212982177734
6,1,6,2.2940475940704346
7,1,7,2.33825945854187
8,1,8,2.2881124019622803
9,1,9,2.291476249694824
10,1,10,2.2969348430633545
11,1,11,2.2838711738586426
12,1,12,2.2736876010894775
13,1,13,2.2242746353149414
14,1,14,2.3694944381713867
15,1,15,2.260265827178955
16,1,16,2.2915761470794678
17,1,17,2.298874855041504
18,1,18,2.302415132522583
19,1,19,2.3038744926452637
20,1,20,2.304698944091797
21,1,21,2.306089162826538
22,1,22,2.3026225566864014
23,1,23,2.3026297092437744
24,1,24,2.301254987716675
25,1,25,2.3054826259613037
26,1,26,2.304265260696411
27,1,27,2.307450532913208
28,1,28,2.30777907371521
29,1,29,2.297745943069458
30,1,30,2.305837869644165
31,1,31,2.2990503311157227
32,1,32,2.299103260040283
33,1,33,2.300070285797119
34,1,34,2.2997450828552246
35,1,35,2.3095529079437256
36,1,36,2.3001291751861572
37,1,37,2.2920870780944824
38,1,38,2.2988626956939697
39,1,39,2.2872211933135986
40,1,40,2.304783821105957
41,1,41,2.2844479084014893
42,1,42,2.285149574279785
43,1,43,2.262073516845703
44,1,44,2.2618050575256348
45,1,45,2.2954506874084473
46,1,46,2.266705274581909
47,1,47,2.2593886852264404
48,1,48,2.2708380222320557
49,1,49,2.220437526702881
50,1,50,2.187631368637085
51,1,51,2.2099246978759766
52,1,52,2.276771306991577
53,1,53,2.1649599075317383
54,1,54,2.195746898651123
55,1,55,2.191328763961792
56,1,56,2.1559195518493652
57,1,57,2.205630302429199
58,1,58,2.1246225833892822
59,1,59,2.1765289306640625
60,1,60,2.16874098777771
61,1,61,2.096369504928589
62,1,62,2.114058017730713
63,1,63,2.17269229888916
64,1,64,2.125554323196411
65,1,65,2.147156238555908
66,1,66,2.075821876525879
67,1,67,2.0805537700653076
68,1,68,2.1061291694641113
69,1,69,2.0730092525482178
70,1,70,2.0239040851593018
71,1,71,2.080186367034912
72,1,72,2.0406315326690674
73,1,73,2.1211256980895996
74,1,74,2.0628695487976074
75,1,75,2.1168644428253174
76,1,76,2.112316608428955
77,1,77,2.0502705574035645
78,1,78,2.050891637802124
79,1,79,2.1283226013183594
80,1,80,2.0247230529785156
81,1,81,2.043839693069458
82,1,82,1.995887279510498
83,1,83,2.0310559272766113
84,1,84,1.9824292659759521
85,1,85,1.9929862022399902
86,1,86,2.095867395401001
87,1,87,2.0637199878692627
88,1,88,2.023042917251587
89,1,89,2.052426338195801
90,1,90,1.961498498916626
91,1,91,2.095083713531494
92,1,92,1.9189469814300537
93,1,93,1.9562350511550903
94,1,94,2.0031986236572266
95,1,95,1.9718868732452393
96,1,96,1.892630696296692
97,1,97,2.0776686668395996
98,1,98,1.965166449546814
99,1,99,2.0553905963897705
100,1,100,2.018322229385376
101,1,101,2.0576486587524414
102,1,102,1.980834722518921
103,1,103,2.0129683017730713
104,1,104,2.079350233078003
105,1,105,1.9953429698944092
106,1,106,2.1416561603546143
107,1,107,1.999322533607483
108,1,108,1.955828070640564
109,1,109,1.9852806329727173
110,1,110,1.938984751701355
111,1,111,1.9037553071975708
112,1,112,1.9960596561431885
113,1,113,1.9489773511886597
114,1,114,1.9576977491378784
115,1,115,2.0242602825164795
116,1,116,1.9709906578063965
117,1,117,1.9168387651443481
118,1,118,1.974233865737915
119,1,119,2.0019731521606445
120,1,120,1.910388708114624
121,1,121,1.991810917854309
122,1,122,2.0320048332214355
123,1,123,2.037163019180298
124,1,124,1.924055576324463
125,1,125,1.9068742990493774
126,1,126,1.8675543069839478
127,1,127,1.876611351966858
128,1,128,1.8424257040023804
129,1,129,1.9726911783218384
130,1,130,1.838733434677124
131,1,131,1.8741586208343506
132,1,132,1.8773306608200073
133,1,133,1.8494741916656494
134,1,134,1.8292689323425293
135,1,135,1.7838867902755737
136,1,136,1.7826082706451416
137,1,137,1.9412459135055542
138,1,138,1.8884942531585693
139,1,139,1.8507475852966309
140,1,140,1.8196101188659668
141,1,141,1.9020601511001587
142,1,142,1.9654200077056885
143,1,143,1.8599406480789185
144,1,144,1.9335908889770508
145,1,145,1.8403757810592651
146,1,146,1.8604375123977661
147,1,147,1.9054454565048218
148,1,148,1.8765971660614014
149,1,149,1.7300608158111572
150,1,150,1.7598621845245361
151,1,151,1.8936758041381836
152,1,152,1.8156522512435913
153,1,153,1.693583369255066
154,1,154,1.6730728149414062
155,1,155,1.8430925607681274
156,1,156,1.8234878778457642
157,1,157,1.8262308835983276
158,1,158,1.667510747909546
159,1,159,1.7732808589935303
160,1,160,1.8207875490188599
161,1,161,1.7250903844833374
162,1,162,1.788161277770996
163,1,163,1.7271465063095093
164,1,164,1.762589454650879
165,1,165,1.667734980583191
166,1,166,1.7625447511672974
167,1,167,1.8040821552276611
168,1,168,1.8365867137908936
169,1,169,1.7093257904052734
170,1,170,1.9207966327667236
171,1,171,1.7357604503631592
172,1,172,1.7457352876663208
173,1,173,1.7686759233474731
174,1,174,1.8198626041412354
175,1,175,1.7630795240402222
176,1,176,1.7163525819778442
177,1,177,1.7531734704971313
178,1,178,1.7273255586624146
179,1,179,1.8272407054901123
180,1,180,1.6339750289916992
181,1,181,1.6682952642440796
182,1,182,1.6798642873764038
183,1,183,1.703824520111084
184,1,184,1.7452932596206665
185,1,185,1.7299176454544067
186,1,186,1.67707097530365
187,1,187,1.7724199295043945
188,1,188,1.6697789430618286
189,1,189,1.6142150163650513
190,1,190,1.6838066577911377
191,1,191,1.691054344177246
192,1,192,1.8268725872039795
193,1,193,1.7019293308258057
194,1,194,1.6905696392059326
195,1,195,1.5936570167541504
196,1,196,1.777916431427002
197,1,197,1.6529297828674316
198,1,198,1.5773696899414062
199,1,199,1.6786155700683594
200,1,200,1.7263582944869995
201,1,201,1.672401785850525
202,1,202,1.7404006719589233
203,1,203,1.7682842016220093
204,1,204,1.722419023513794
205,1,205,1.6779851913452148
206,1,206,1.7752280235290527
207,1,207,1.646795630455017
208,1,208,1.572716474533081
209,1,209,1.8230700492858887
210,1,210,1.5973986387252808
211,1,211,1.6666457653045654
212,1,212,1.7121896743774414
213,1,213,1.50343918800354
214,1,214,1.7487051486968994
215,1,215,1.7161890268325806
216,1,216,1.6826717853546143
217,1,217,1.7535697221755981
218,1,218,1.6255500316619873
219,1,219,1.675912857055664
220,1,220,1.6925204992294312
221,1,221,1.5975239276885986
222,1,222,1.6352039575576782
223,1,223,1.7158581018447876
224,1,224,1.614989995956421
225,1,225,1.7738395929336548
226,1,226,1.7586946487426758
227,1,227,1.645949363708496
228,1,228,1.556483268737793
229,1,229,1.6808700561523438
230,1,230,1.6056549549102783
231,1,231,1.7345619201660156
232,1,232,1.7691985368728638
233,1,233,1.5299968719482422
234,1,234,1.6308212280273438
235,1,235,1.6758365631103516
236,1,236,1.6659806966781616
237,1,237,1.6225180625915527
238,1,238,1.6369962692260742
239,1,239,1.5870493650436401
240,1,240,1.6966397762298584
241,1,241,1.5578505992889404
242,1,242,1.6308406591415405
243,1,243,1.6001403331756592
244,1,244,1.5773385763168335
245,1,245,1.6784002780914307
246,1,246,1.5830179452896118
247,1,247,1.7823330163955688
248,1,248,1.7142558097839355
249,1,249,1.5842797756195068
250,1,250,1.7674072980880737
251,1,251,1.6533904075622559
252,1,252,1.681442379951477
253,1,253,1.7628731727600098
254,1,254,1.5632059574127197
255,1,255,1.8984450101852417
256,1,256,1.811345100402832
257,1,257,1.6119556427001953
258,1,258,1.7438035011291504
259,1,259,1.623504877090454
260,1,260,1.693743109703064
261,1,261,1.6958941221237183
262,1,262,1.6983829736709595
263,1,263,1.5363194942474365
264,1,264,1.5709059238433838
265,1,265,1.6030160188674927
266,1,266,1.7150899171829224
267,1,267,1.698706030845642
268,1,268,1.5108320713043213
269,1,269,1.7258145809173584
270,1,270,1.7525721788406372
271,1,271,1.5764005184173584
272,1,272,1.6574031114578247
273,1,273,2.1364691257476807
274,1,274,1.6045243740081787
275,1,275,1.8386123180389404
276,1,276,1.6769644021987915
277,1,277,1.8660938739776611
278,1,278,1.7731900215148926
279,1,279,1.753865122795105
280,1,280,1.6887001991271973
281,1,281,1.8803472518920898
282,1,282,1.7777836322784424
283,1,283,1.839280128479004
284,1,284,1.6615676879882812
285,1,285,1.6838316917419434
286,1,286,1.682537317276001
287,1,287,1.7307673692703247
288,1,288,1.7062205076217651
289,1,289,1.757149338722229
290,1,290,1.6374963521957397
291,1,291,1.6311014890670776
292,1,292,1.6813256740570068
293,1,293,1.5925325155258179
294,1,294,1.6296318769454956
295,1,295,1.5782406330108643
296,1,296,1.6737825870513916
297,1,297,1.6704328060150146
298,1,298,1.4838398694992065
299,1,299,1.7281750440597534
300,1,300,1.703526258468628
301,1,301,1.6712839603424072
302,1,302,1.6337027549743652
303,1,303,1.6209734678268433
304,1,304,1.517477035522461
305,1,305,1.5960277318954468
306,1,306,1.6417707204818726
307,1,307,1.4821093082427979
308,1,308,1.5385059118270874
309,1,309,1.5833728313446045
310,1,310,1.6931090354919434
311,1,311,1.5424110889434814
312,1,312,1.627977967262268
313,1,313,1.6301674842834473
314,1,314,1.5570613145828247
315,1,315,1.6798211336135864
316,1,316,1.5560096502304077
317,1,317,1.5700099468231201
318,1,318,1.6568673849105835
319,1,319,1.6702920198440552
320,1,320,1.6924114227294922
321,1,321,1.6396350860595703
322,1,322,1.7894090414047241
323,1,323,1.6416267156600952
324,1,324,1.4913407564163208
325,1,325,1.6082510948181152
326,1,326,1.6456725597381592
327,1,327,1.6591832637786865
328,1,328,1.4626693725585938
329,1,329,1.7665648460388184
330,1,330,1.4045870304107666
331,1,331,1.6645468473434448
332,1,332,1.6235580444335938
333,1,333,1.5762832164764404
334,1,334,1.547139048576355
335,1,335,1.5559382438659668
336,1,336,1.6627287864685059
337,1,337,1.6106300354003906
338,1,338,1.628830909729004
339,1,339,1.5576380491256714
340,1,340,1.615177869796753
341,1,341,1.6431126594543457
342,1,342,1.605920433998108
343,1,343,1.697653889656067
344,1,344,1.6548763513565063
345,1,345,1.5246268510818481
346,1,346,1.6525561809539795
347,1,347,1.5936205387115479
348,1,348,1.599131464958191
349,1,349,1.490261435508728
350,1,350,1.3666625022888184
351,1,351,1.6502578258514404
352,1,352,1.631974458694458
353,1,353,1.6171627044677734
354,1,354,1.733009934425354
355,1,355,1.577039361000061
356,1,356,1.665547490119934
357,1,357,1.6254709959030151
358,1,358,1.5368432998657227
359,1,359,1.5087970495224
360,1,360,1.606522560119629
361,1,361,1.5857487916946411
362,1,362,1.619539499282837
363,1,363,1.4456695318222046
364,1,364,1.6846421957015991
365,1,365,1.5795044898986816
366,1,366,1.51363205909729
367,1,367,1.6009043455123901
368,1,368,1.4161208868026733
369,1,369,1.521817684173584
370,1,370,1.507336139678955
371,1,371,1.665979027748108
372,1,372,1.6242728233337402
373,1,373,1.555045485496521
374,1,374,1.4123157262802124
375,1,375,1.5154880285263062
376,1,376,1.5721060037612915
377,1,377,1.7253901958465576
378,1,378,1.5716181993484497
379,1,379,1.6741009950637817
380,1,380,1.5431774854660034
381,1,381,1.487534523010254
382,1,382,1.5172630548477173
383,1,383,1.3116183280944824
384,1,384,1.5207114219665527
385,1,385,1.5934735536575317
386,1,386,1.5405902862548828
387,1,387,1.447783350944519
388,1,388,1.5536946058273315
389,1,389,1.5301710367202759
390,1,390,1.5230838060379028
391,1,391,1.4984980821609497
392,2,1,1.3629846572875977
393,2,2,1.4554044008255005
394,2,3,1.6647508144378662
395,2,4,1.4142570495605469
396,2,5,1.4352552890777588
397,2,6,1.2740293741226196
398,2,7,1.4315402507781982
399,2,8,1.4884588718414307
400,2,9,1.5475032329559326
401,2,10,1.5886738300323486
402,2,11,1.455445647239685
403,2,12,1.7714388370513916
404,2,13,1.525724172592163
405,2,14,1.5612670183181763
406,2,15,1.5421231985092163
407,2,16,1.5742658376693726
408,2,17,1.4703229665756226
409,2,18,1.4671317338943481
410,2,19,1.3824671506881714
411,2,20,1.3270065784454346
412,2,21,1.4881420135498047
413,2,22,1.5778262615203857
414,2,23,1.3072478771209717
415,2,24,1.2666444778442383
416,2,25,1.4830873012542725
417,2,26,1.628462791442871
418,2,27,1.615442156791687
419,2,28,1.4714553356170654
420,2,29,1.6203043460845947
421,2,30,1.4601757526397705
422,2,31,1.5316287279129028
423,2,32,1.527637004852295
424,2,33,1.552870512008667
425,2,34,1.4419695138931274
426,2,35,1.5270724296569824
427,2,36,1.4652873277664185
428,2,37,1.4182300567626953
429,2,38,1.2504137754440308
430,2,39,1.476423740386963
431,2,40,1.5689458847045898
432,2,41,1.5967094898223877
433,2,42,1.494420051574707
434,2,43,1.4228541851043701
435,2,44,1.5993831157684326
436,2,45,1.4812902212142944
437,2,46,1.552833080291748
438,2,47,1.587107539176941
439,2,48,1.628271222114563
440,2,49,1.6086961030960083
441,2,50,1.6058601140975952
442,2,51,1.4142004251480103
443,2,52,1.4786397218704224
444,2,53,1.5195549726486206
445,2,54,1.3856903314590454
446,2,55,1.395385980606079
447,2,56,1.5807193517684937
448,2,57,1.537927269935608
449,2,58,1.5714645385742188
450,2,59,1.488766074180603
451,2,60,1.4051142930984497
452,2,61,1.2342296838760376
453,2,62,1.5381113290786743
454,2,63,1.385575294494629
455,2,64,1.3754104375839233
456,2,65,1.398000717163086
457,2,66,1.3297978639602661
458,2,67,1.4864519834518433
459,2,68,1.4712748527526855
460,2,69,1.4524803161621094
461,2,70,1.3459813594818115
462,2,71,1.3732808828353882
463,2,72,1.360303521156311
464,2,73,1.4011863470077515
465,2,74,1.4261767864227295
466,2,75,1.4480177164077759
467,2,76,1.529998540878296
468,2,77,1.3226799964904785
469,2,78,1.3916243314743042
470,2,79,1.4868849515914917
471,2,80,1.5399879217147827
472,2,81,1.516133427619934
473,2,82,1.4760688543319702
474,2,83,1.39899480342865
475,2,84,1.3978363275527954
476,2,85,1.5300458669662476
477,2,86,1.5705926418304443
478,2,87,1.3333829641342163
479,2,88,1.3422199487686157
480,2,89,1.2167470455169678
481,2,90,1.2828514575958252
482,2,91,1.3003418445587158
483,2,92,1.3849668502807617
484,2,93,1.2680524587631226
485,2,94,1.3361320495605469
486,2,95,1.305524230003357
487,2,96,1.4162298440933228
488,2,97,1.5199081897735596
489,2,98,1.3558645248413086
490,2,99,1.3485900163650513
491,2,100,1.4477218389511108
492,2,101,1.4629716873168945
493,2,102,1.2816474437713623
494,2,103,1.449279546737671
495,2,104,1.2545744180679321
496,2,105,1.5408902168273926
497,2,106,1.5611170530319214
498,2,107,1.5560470819473267
499,2,108,1.3652739524841309
500,2,109,1.415148377418518
501,2,110,1.4128254652023315
502,2,111,1.3670015335083008
503,2,112,1.3382830619812012
504,2,113,1.4136360883712769
505,2,114,1.34305739402771
506,2,115,1.5672963857650757
507,2,116,1.2568284273147583
508,2,117,1.3783766031265259
509,2,118,1.3805581331253052
510,2,119,1.2585853338241577
511,2,120,1.3902263641357422
512,2,121,1.36100435256958
513,2,122,1.3561749458312988
514,2,123,1.3017570972442627
515,2,124,1.364577293395996
516,2,125,1.4516412019729614
517,2,126,1.3024872541427612
518,2,127,1.4086567163467407
519,2,128,1.5266703367233276
520,2,129,1.3170239925384521
521,2,130,1.326776385307312
522,2,131,1.3191758394241333
523,2,132,1.2304210662841797
524,2,133,1.3592114448547363
525,2,134,1.1850121021270752
526,2,135,1.2817658185958862
527,2,136,1.2939461469650269
528,2,137,1.3294342756271362
529,2,138,1.2575249671936035
530,2,139,1.3908499479293823
531,2,140,1.1774239540100098
532,2,141,1.335264801979065
533,2,142,1.3984583616256714
534,2,143,1.1839320659637451
535,2,144,1.2036241292953491
536,2,145,1.5107357501983643
537,2,146,1.316653847694397
538,2,147,1.2954862117767334
539,2,148,1.2016205787658691
540,2,149,1.2853907346725464
541,2,150,1.3317428827285767
542,2,151,1.3599512577056885
543,2,152,1.2108594179153442
544,2,153,1.4914875030517578
545,2,154,1.291550874710083
546,2,155,1.2286100387573242
547,2,156,1.3993804454803467
548,2,157,1.2356281280517578
549,2,158,1.3287925720214844
550,2,159,1.3301877975463867
551,2,160,1.3622885942459106
552,2,161,1.4468132257461548
553,2,162,1.370303988456726
554,2,163,1.3867419958114624
555,2,164,1.3899872303009033
556,2,165,1.2539010047912598
557,2,166,1.332779049873352
558,2,167,1.313070297241211
559,2,168,1.2875778675079346
560,2,169,1.17237389087677
561,2,170,1.3099349737167358
562,2,171,1.2952358722686768
563,2,172,1.5175832509994507
564,2,173,1.3011518716812134
565,2,174,1.4226523637771606
566,2,175,1.3248838186264038
567,2,176,1.3099174499511719
568,2,177,1.2531158924102783
569,2,178,1.1472795009613037
570,2,179,1.3830078840255737
571,2,180,1.3342182636260986
572,2,181,1.2681156396865845
573,2,182,1.1590640544891357
574,2,183,1.160866618156433
575,2,184,1.4716672897338867
576,2,185,1.284041166305542
577,2,186,1.3615013360977173
578,2,187,1.3550053834915161
579,2,188,1.228352427482605
580,2,189,1.3850635290145874
581,2,190,1.284702181816101
582,2,191,1.158487319946289
583,2,192,1.1743297576904297
584,2,193,1.3871564865112305
585,2,194,1.4712960720062256
586,2,195,1.2723126411437988
587,2,196,1.1779426336288452
588,2,197,1.3032031059265137
589,2,198,1.2564209699630737
590,2,199,1.1964093446731567
591,2,200,1.3650411367416382
592,2,201,1.3918015956878662
593,2,202,1.2048428058624268
594,2,203,1.2971735000610352
595,2,204,1.2972640991210938
596,2,205,1.2886885404586792
597,2,206,1.5289174318313599
598,2,207,1.1290303468704224
599,2,208,1.3210937976837158
600,2,209,1.1559455394744873
601,2,210,1.4188791513442993
602,2,211,1.2232569456100464
603,2,212,1.1707459688186646
604,2,213,1.3579801321029663
605,2,214,1.3229140043258667
606,2,215,1.2859649658203125
607,2,216,1.3314577341079712
608,2,217,1.2643492221832275
609,2,218,1.201337218284607
610,2,219,1.3124051094055176
611,2,220,1.3802844285964966
612,2,221,1.4575918912887573
613,2,222,1.4579331874847412
614,2,223,1.2264312505722046
615,2,224,1.2490795850753784
616,2,225,1.170920729637146
617,2,226,1.173778772354126
618,2,227,1.0838019847869873
619,2,228,1.226631760597229
620,2,229,1.3419702053070068
621,2,230,1.1878072023391724
622,2,231,1.5427405834197998
623,2,232,1.532300353050232
624,2,233,1.4939523935317993
625,2,234,1.2660095691680908
626,2,235,1.2684932947158813
627,2,236,1.3834203481674194
628,2,237,1.3637231588363647
629,2,238,1.1955052614212036
630,2,239,1.3930326700210571
631,2,240,1.468507170677185
632,2,241,1.2007393836975098
633,2,242,1.1911416053771973
634,2,243,1.3643507957458496
635,2,244,1.2014684677124023
636,2,245,1.5070945024490356
637,2,246,1.250627040863037
638,2,247,1.0047200918197632
639,2,248,1.2539622783660889
640,2,249,1.372381329536438
641,2,250,1.234107494354248
642,2,251,1.2846180200576782
643,2,252,1.2553962469100952
644,2,253,1.2020785808563232
645,2,254,1.0419113636016846
646,2,255,1.1503844261169434
647,2,256,1.1163033246994019
648,2,257,1.2407872676849365
649,2,258,1.262392282485962
650,2,259,1.3778847455978394
651,2,260,1.185442566871643
652,2,261,1.2957955598831177
653,2,262,1.2366085052490234
654,2,263,1.067926049232483
655,2,264,1.4605207443237305
656,2,265,1.1913015842437744
657,2,266,1.0693705081939697
658,2,267,1.1637547016143799
659,2,268,1.3266083002090454
660,2,269,1.28041672706604
661,2,270,1.113769292831421
662,2,271,1.3046543598175049
663,2,272,1.3653132915496826
664,2,273,0.9342033267021179
665,2,274,1.328526258468628
666,2,275,1.1714709997177124
667,2,276,1.2627516984939575
668,2,277,1.0267791748046875
669,2,278,1.3071560859680176
670,2,279,1.21031653881073
671,2,280,1.1004352569580078
672,2,281,1.053861141204834
673,2,282,1.098257303237915
674,2,283,1.0765310525894165
675,2,284,1.1362733840942383
676,2,285,1.3511768579483032
677,2,286,1.2739924192428589
678,2,287,1.123199462890625
679,2,288,1.0194610357284546
680,2,289,1.5219930410385132
681,2,290,1.2844208478927612
682,2,291,1.1720091104507446
683,2,292,1.13498854637146
684,2,293,1.3423659801483154
685,2,294,1.4460872411727905
686,2,295,1.1962214708328247
687,2,296,1.1643339395523071
688,2,297,1.1899250745773315
689,2,298,1.2566747665405273
690,2,299,1.4110532999038696
691,2,300,1.281203031539917
692,2,301,1.1846461296081543
693,2,302,1.3343197107315063
694,2,303,1.1456140279769897
695,2,304,1.3165099620819092
696,2,305,1.165602207183838
697,2,306,1.0975542068481445
698,2,307,1.177329659461975
699,2,308,1.0786696672439575
700,2,309,1.1373645067214966
701,2,310,1.4106194972991943
702,2,311,1.1025183200836182
703,2,312,1.145764946937561
704,2,313,1.195464849472046
705,2,314,1.1186132431030273
706,2,315,1.2088736295700073
707,2,316,1.1994520425796509
708,2,317,1.2220232486724854
709,2,318,1.0588232278823853
710,2,319,1.1892008781433105
711,2,320,1.182718276977539
712,2,321,1.3201735019683838
713,2,322,1.0955594778060913
714,2,323,1.185261607170105
715,2,324,1.1857409477233887
716,2,325,1.1884896755218506
717,2,326,1.2044191360473633
718,2,327,1.4596081972122192
719,2,328,1.1852545738220215
720,2,329,1.3331642150878906
721,2,330,1.2505028247833252
722,2,331,1.3162778615951538
723,2,332,1.1161144971847534
724,2,333,1.1680361032485962
725,2,334,1.243307113647461
726,2,335,1.1085904836654663
727,2,336,1.3065409660339355
728,2,337,1.0589390993118286
729,2,338,1.2719659805297852
730,2,339,1.1259543895721436
731,2,340,1.1263689994812012
732,2,341,1.1817189455032349
733,2,342,1.0928789377212524
734,2,343,1.078948736190796
735,2,344,1.1599762439727783
736,2,345,1.1688039302825928
737,2,346,1.1552722454071045
738,2,347,1.2144651412963867
739,2,348,1.0995070934295654
740,2,349,1.3436496257781982
741,2,350,1.2925398349761963
742,2,351,0.9631738066673279
743,2,352,1.1790976524353027
744,2,353,1.2018455266952515
745,2,354,1.1865651607513428
746,2,355,1.109311819076538
747,2,356,1.0283327102661133
748,2,357,1.0297138690948486
749,2,358,1.0608789920806885
750,2,359,0.9821694493293762
751,2,360,1.1177806854248047
752,2,361,1.1414272785186768
753,2,362,1.1350923776626587
754,2,363,1.0689235925674438
755,2,364,1.1209156513214111
756,2,365,1.1265348196029663
757,2,366,1.2438459396362305
758,2,367,0.9918939471244812
759,2,368,1.1299725770950317
760,2,369,1.042463779449463
761,2,370,1.3567765951156616
762,2,371,1.012980580329895
763,2,372,1.1120800971984863
764,2,373,1.1043838262557983
765,2,374,1.2306787967681885
766,2,375,1.1646393537521362
767,2,376,1.090378999710083
768,2,377,1.108844518661499
769,2,378,1.058811068534851
770,2,379,1.1550372838974
771,2,380,1.2202273607254028
772,2,381,1.0667206048965454
773,2,382,1.0734474658966064
774,2,383,1.109562873840332
775,2,384,1.0753294229507446
776,2,385,1.0412348508834839
777,2,386,1.1029170751571655
778,2,387,1.2062705755233765
779,2,388,1.00678551197052
780,2,389,1.2272279262542725
781,2,390,1.2219324111938477
782,2,391,1.1986979246139526
783,3,1,0.9917188882827759
784,3,2,0.8810002207756042
785,3,3,1.2861579656600952
786,3,4,1.096609115600586
787,3,5,1.054332971572876
788,3,6,1.017662525177002
789,3,7,1.127475380897522
790,3,8,1.0947738885879517
791,3,9,1.1367641687393188
792,3,10,1.1597914695739746
793,3,11,1.1069445610046387
794,3,12,0.9600929617881775
795,3,13,1.1839767694473267
796,3,14,1.0657579898834229
797,3,15,0.9010857343673706
798,3,16,0.8767449259757996
799,3,17,1.1950275897979736
800,3,18,1.0693190097808838
801,3,19,1.040653109550476
802,3,20,1.014185905456543
803,3,21,0.8653323650360107
804,3,22,0.9314770698547363
805,3,23,1.0589802265167236
806,3,24,1.2068450450897217
807,3,25,0.9757257103919983
808,3,26,0.9817221760749817
809,3,27,1.0140963792800903
810,3,28,1.0328214168548584
811,3,29,1.0756754875183105
812,3,30,1.0586020946502686
813,3,31,0.8642551898956299
814,3,32,1.0274873971939087
815,3,33,1.120352864265442
816,3,34,1.032963752746582
817,3,35,1.0890772342681885
818,3,36,0.939055323600769
819,3,37,0.910315990447998
820,3,38,1.1960980892181396
821,3,39,0.9317094087600708
822,3,40,1.1144483089447021
823,3,41,1.113124132156372
824,3,42,1.1230194568634033
825,3,43,1.113036870956421
826,3,44,1.261661410331726
827,3,45,1.07687246799469
828,3,46,0.9800438284873962
829,3,47,1.060402274131775
830,3,48,1.1314576864242554
831,3,49,1.013344407081604
832,3,50,1.0838607549667358
833,3,51,0.9106608033180237
834,3,52,1.1503230333328247
835,3,53,1.036433458328247
836,3,54,1.1140570640563965
837,3,55,1.0429372787475586
838,3,56,1.071236491203308
839,3,57,1.0934014320373535
840,3,58,1.1743764877319336
841,3,59,1.1349519491195679
842,3,60,1.0798821449279785
843,3,61,1.1474868059158325
844,3,62,1.1363041400909424
845,3,63,1.2017669677734375
846,3,64,1.1157095432281494
847,3,65,1.1806100606918335
848,3,66,1.13271963596344
849,3,67,1.1695445775985718
850,3,68,1.1564298868179321
851,3,69,1.1125234365463257
852,3,70,1.0156800746917725
853,3,71,1.0197374820709229
854,3,72,1.148667812347412
855,3,73,1.0847989320755005
856,3,74,0.9516987800598145
857,3,75,0.8662964105606079
858,3,76,1.010130524635315
859,3,77,1.0180145502090454
860,3,78,1.1393226385116577
861,3,79,1.0236196517944336
862,3,80,1.1035962104797363
863,3,81,1.0343936681747437
864,3,82,1.0949369668960571
865,3,83,1.0751123428344727
866,3,84,1.1534346342086792
867,3,85,1.0110281705856323
868,3,86,1.0761055946350098
869,3,87,1.226218342781067
870,3,88,1.0754306316375732
871,3,89,1.045008897781372
872,3,90,1.033142328262329
873,3,91,1.0993834733963013
874,3,92,0.96100914478302
875,3,93,0.95416659116745
876,3,94,0.9169933199882507
877,3,95,1.0575979948043823
878,3,96,1.0164715051651
879,3,97,1.008439302444458
880,3,98,1.0802881717681885
881,3,99,0.9395861625671387
882,3,100,1.1180596351623535
883,3,101,1.088217854499817
884,3,102,0.9439613819122314
885,3,103,0.9532750248908997
886,3,104,0.9784282445907593
887,3,105,1.0644439458847046
888,3,106,0.8808408975601196
889,3,107,1.2170143127441406
890,3,108,1.1216906309127808
891,3,109,1.1750739812850952
892,3,110,0.9646539688110352
893,3,111,0.8824313879013062
894,3,112,0.9887954592704773
895,3,113,1.0734567642211914
896,3,114,0.9350178837776184
897,3,115,0.9695541858673096
898,3,116,0.8912069797515869
899,3,117,1.0146771669387817
900,3,118,1.0182578563690186
901,3,119,1.0735719203948975
902,3,120,1.148268222808838
903,3,121,0.9413692951202393
904,3,122,1.0759596824645996
905,3,123,1.1989291906356812
906,3,124,1.142005443572998
907,3,125,1.1489509344100952
908,3,126,0.9836825728416443
909,3,127,1.3245385885238647
910,3,128,1.099314570426941
911,3,129,0.9612107276916504
912,3,130,1.3086947202682495
913,3,131,1.0718780755996704
914,3,132,1.127323865890503
915,3,133,1.064640760421753
916,3,134,1.1636366844177246
917,3,135,1.052472710609436
918,3,136,0.9498738646507263
919,3,137,0.9444248080253601
920,3,138,1.1094061136245728
921,3,139,0.9656791090965271
922,3,140,1.094565987586975
923,3,141,0.8965463042259216
924,3,142,1.168635606765747
925,3,143,1.0182758569717407
926,3,144,1.0118014812469482
927,3,145,0.986831545829773
928,3,146,0.9044902920722961
929,3,147,1.1529194116592407
930,3,148,0.9629099369049072
931,3,149,1.0710994005203247
932,3,150,1.0379672050476074
933,3,151,0.9287064075469971
934,3,152,0.902917742729187
935,3,153,0.8858103156089783
936,3,154,0.8786174058914185
937,3,155,0.9663081169128418
938,3,156,0.9569897651672363
939,3,157,0.9430654048919678
940,3,158,1.0345484018325806
941,3,159,0.9311634302139282
942,3,160,1.10072922706604
943,3,161,1.046529769897461
944,3,162,0.9186395406723022
945,3,163,0.8927632570266724
946,3,164,1.0795366764068604
947,3,165,0.8691761493682861
948,3,166,1.029652714729309
949,3,167,1.1414841413497925
950,3,168,0.8958675861358643
951,3,169,1.0200175046920776
952,3,170,1.0393950939178467
953,3,171,1.2562832832336426
954,3,172,0.9372190833091736
955,3,173,1.03896963596344
956,3,174,0.9275068044662476
957,3,175,0.997444748878479
958,3,176,1.0147449970245361
959,3,177,1.1614391803741455
960,3,178,0.8252882361412048
961,3,179,0.9447823762893677
962,3,180,1.009816288948059
963,3,181,1.0119558572769165
964,3,182,1.1890778541564941
965,3,183,0.9755948781967163
966,3,184,0.9819234013557434
967,3,185,1.0575610399246216
968,3,186,1.0193742513656616
969,3,187,0.7484958171844482
970,3,188,1.1281858682632446
971,3,189,1.0296878814697266
972,3,190,0.9513984322547913
973,3,191,0.990198016166687
974,3,192,0.8117502927780151
975,3,193,0.992688000202179
976,3,194,0.966668426990509
977,3,195,0.9464595913887024
978,3,196,0.9494243264198303
979,3,197,1.1816742420196533
980,3,198,0.7923367619514465
981,3,199,0.9257014989852905
982,3,200,1.051740288734436
983,3,201,0.9788816571235657
984,3,202,0.8865330219268799
985,3,203,0.9971414804458618
986,3,204,0.7433369159698486
987,3,205,0.9239407181739807
988,3,206,0.9847713708877563
989,3,207,0.8949625492095947
990,3,208,1.0255377292633057
991,3,209,1.094454288482666
992,3,210,0.990580141544342
993,3,211,1.2380859851837158
994,3,212,0.9781662821769714
995,3,213,0.8854814171791077
996,3,214,0.8747881054878235
997,3,215,1.039797306060791
998,3,216,0.9525207281112671
999,3,217,1.1364328861236572
1000,3,218,0.9634943604469299
1001,3,219,0.8113558888435364
1002,3,220,0.9264771342277527
1003,3,221,1.0684436559677124
1004,3,222,0.9343480467796326
1005,3,223,1.027160882949829
1006,3,224,1.0075567960739136
1007,3,225,1.0414721965789795
1008,3,226,0.970986545085907
1009,3,227,1.0537679195404053
1010,3,228,1.0320148468017578
1011,3,229,0.8742291927337646
1012,3,230,1.0016329288482666
1013,3,231,0.9926636815071106
1014,3,232,1.1727020740509033
1015,3,233,1.0496160984039307
1016,3,234,1.009435772895813
1017,3,235,1.0577611923217773
1018,3,236,1.1508815288543701
1019,3,237,1.050258755683899
1020,3,238,0.8766381144523621
1021,3,239,0.9607099890708923
1022,3,240,1.0467230081558228
1023,3,241,0.8430119752883911
1024,3,242,0.8187956213951111
1025,3,243,1.0684226751327515
1026,3,244,0.875298798084259
1027,3,245,0.8968514204025269
1028,3,246,0.9693809747695923
1029,3,247,0.9673528075218201
1030,3,248,0.9362980127334595
1031,3,249,0.9126182198524475
1032,3,250,0.8208240270614624
1033,3,251,0.9164391160011292
1034,3,252,0.7544000148773193
1035,3,253,0.9816961288452148
1036,3,254,1.0015889406204224
1037,3,255,0.9786485433578491
1038,3,256,0.880225658416748
1039,3,257,1.0735318660736084
1040,3,258,1.030044674873352
1041,3,259,0.9731273055076599
1042,3,260,0.9965144991874695
1043,3,261,0.836403489112854
1044,3,262,1.022061824798584
1045,3,263,0.9372149109840393
1046,3,264,0.8623536825180054
1047,3,265,0.868778645992279
1048,3,266,1.1144832372665405
1049,3,267,0.9039226174354553
1050,3,268,0.9426209926605225
1051,3,269,1.0898396968841553
1052,3,270,0.9776444435119629
1053,3,271,0.9495192170143127
1054,3,272,0.9206070303916931
1055,3,273,0.9709084033966064
1056,3,274,0.9002854824066162
1057,3,275,1.1549822092056274
1058,3,276,0.890599250793457
1059,3,277,1.0250734090805054
1060,3,278,0.962512195110321
1061,3,279,0.9819059371948242
1062,3,280,0.991962194442749
1063,3,281,0.9009031653404236
1064,3,282,1.042150616645813
1065,3,283,0.9495236873626709
1066,3,284,0.9524401426315308
1067,3,285,0.901520848274231
1068,3,286,0.9286873936653137
1069,3,287,0.9158995151519775
1070,3,288,0.8943148851394653
1071,3,289,1.1054728031158447
1072,3,290,0.7683883905410767
1073,3,291,1.0329468250274658
1074,3,292,0.9804575443267822
1075,3,293,0.8751943111419678
1076,3,294,0.6721944808959961
1077,3,295,1.0698363780975342
1078,3,296,0.9806103110313416
1079,3,297,0.9276933670043945
1080,3,298,1.1729094982147217
1081,3,299,0.876235842704773
1082,3,300,0.9211344718933105
1083,3,301,1.1496394872665405
1084,3,302,0.8364104628562927
1085,3,303,1.1052271127700806
1086,3,304,0.8718899488449097
1087,3,305,1.0387481451034546
1088,3,306,1.0644094944000244
1089,3,307,1.0767979621887207
1090,3,308,1.0511367321014404
1091,3,309,0.9574422836303711
1092,3,310,0.9379286170005798
1093,3,311,0.87752765417099
1094,3,312,0.9991665482521057
1095,3,313,1.0432296991348267
1096,3,314,0.8392035961151123
1097,3,315,0.887815535068512
1098,3,316,0.952939510345459
1099,3,317,1.0576618909835815
1100,3,318,0.7231295704841614
1101,3,319,1.007218837738037
1102,3,320,1.0717960596084595
1103,3,321,0.9818263053894043
1104,3,322,0.8687130212783813
1105,3,323,0.8213856816291809
1106,3,324,0.8663205504417419
1107,3,325,0.9187823534011841
1108,3,326,0.9685821533203125
1109,3,327,0.9732946157455444
1110,3,328,1.064496636390686
1111,3,329,0.9819347858428955
1112,3,330,1.0519115924835205
1113,3,331,0.8856293559074402
1114,3,332,1.0268886089324951
1115,3,333,0.701231062412262
1116,3,334,0.979433536529541
1117,3,335,0.879170835018158
1118,3,336,0.9221483469009399
1119,3,337,0.791723370552063
1120,3,338,1.001995325088501
1121,3,339,0.8219293355941772
1122,3,340,1.025370717048645
1123,3,341,1.0419374704360962
1124,3,342,0.9740128517150879
1125,3,343,0.9057682156562805
1126,3,344,0.8815542459487915
1127,3,345,0.9062163829803467
1128,3,346,0.9017859101295471
1129,3,347,0.9412559866905212
1130,3,348,1.0695126056671143
1131,3,349,0.8454389572143555
1132,3,350,0.9798168540000916
1133,3,351,0.9873874187469482
1134,3,352,0.8374248147010803
1135,3,353,1.0411027669906616
1136,3,354,0.8859298229217529
1137,3,355,0.9767469763755798
1138,3,356,0.9951205253601074
1139,3,357,0.822459876537323
1140,3,358,1.1772325038909912
1141,3,359,0.8023637533187866
1142,3,360,0.9335067868232727
1143,3,361,0.8781288862228394
1144,3,362,0.892762303352356
1145,3,363,0.8225966691970825
1146,3,364,0.8954779505729675
1147,3,365,0.8136481642723083
1148,3,366,1.06328547000885
1149,3,367,1.0004444122314453
1150,3,368,0.791109561920166
1151,3,369,0.8622836470603943
1152,3,370,0.9811874628067017
1153,3,371,1.0841667652130127
1154,3,372,0.7493966817855835
1155,3,373,0.8768219351768494
1156,3,374,0.8239190578460693
1157,3,375,0.9624780416488647
1158,3,376,1.1137746572494507
1159,3,377,1.0209071636199951
1160,3,378,1.0005266666412354
1161,3,379,0.9357244372367859
1162,3,380,0.6621052622795105
1163,3,381,0.7918900847434998
1164,3,382,1.0078063011169434
1165,3,383,1.0076520442962646
1166,3,384,0.847650408744812
1167,3,385,1.1079137325286865
1168,3,386,0.8289021849632263
1169,3,387,0.9777914881706238
1170,3,388,1.1307584047317505
1171,3,389,0.9508054256439209
1172,3,390,0.7868251800537109
1173,3,391,0.8956838846206665
1174,4,1,0.9131980538368225
1175,4,2,0.8500146865844727
1176,4,3,0.9699451327323914
1177,4,4,0.9724946022033691
1178,4,5,0.7346727848052979
1179,4,6,0.8561241030693054
1180,4,7,0.9001449942588806
1181,4,8,0.8030164837837219
1182,4,9,0.7449142336845398
1183,4,10,0.7844266891479492
1184,4,11,0.8466442823410034
1185,4,12,0.8580912351608276
1186,4,13,0.9290288090705872
1187,4,14,0.5864548683166504
1188,4,15,0.8300521969795227
1189,4,16,0.9222744703292847
1190,4,17,0.9600303173065186
1191,4,18,0.753699004650116
1192,4,19,0.7252260446548462
1193,4,20,0.8192473649978638
1194,4,21,0.7802824378013611
1195,4,22,0.758209764957428
1196,4,23,0.8097107410430908
1197,4,24,0.9480400085449219
1198,4,25,0.6821656227111816
1199,4,26,0.8191660642623901
1200,4,27,0.8274691104888916
1201,4,28,0.9429023861885071
1202,4,29,0.6688172817230225
1203,4,30,0.8206151723861694
1204,4,31,0.8241697549819946
1205,4,32,0.728667676448822
1206,4,33,0.9310363531112671
1207,4,34,0.8765527606010437
1208,4,35,0.7160711288452148
1209,4,36,0.8714742660522461
1210,4,37,0.9261477589607239
1211,4,38,0.7745794057846069
1212,4,39,0.8259994387626648
1213,4,40,0.8018150925636292
1214,4,41,0.8447608351707458
1215,4,42,0.8381804823875427
1216,4,43,0.8617219924926758
1217,4,44,0.7623579502105713
1218,4,45,0.9790068864822388
1219,4,46,0.986789345741272
1220,4,47,0.7886104583740234
1221,4,48,0.6987176537513733
1222,4,49,0.7445321679115295
1223,4,50,0.7469862103462219
1224,4,51,0.8712180256843567
1225,4,52,0.8751181364059448
1226,4,53,0.6625195741653442
1227,4,54,0.7840175628662109
1228,4,55,0.8016027808189392
1229,4,56,0.8875824809074402
1230,4,57,0.827681303024292
1231,4,58,0.8234427571296692
1232,4,59,0.954407274723053
1233,4,60,0.7105555534362793
1234,4,61,0.7958160042762756
1235,4,62,0.8691354393959045
1236,4,63,0.822871744632721
1237,4,64,0.7464100122451782
1238,4,65,0.7226558327674866
1239,4,66,0.8359084725379944
1240,4,67,0.8557854890823364
1241,4,68,1.0099973678588867
1242,4,69,0.8403703570365906
1243,4,70,1.0854675769805908
1244,4,71,0.8778932094573975
1245,4,72,0.8288784623146057
1246,4,73,0.9842861890792847
1247,4,74,0.8677651882171631
1248,4,75,0.8162713646888733
1249,4,76,0.8094912767410278
1250,4,77,0.8578025102615356
1251,4,78,0.9829500317573547
1252,4,79,0.7675192952156067
1253,4,80,0.8147799968719482
1254,4,81,0.9367266297340393
1255,4,82,0.8324333429336548
1256,4,83,0.9964762926101685
1257,4,84,0.7443312406539917
1258,4,85,0.902290403842926
1259,4,86,1.0155439376831055
1260,4,87,0.8393855690956116
1261,4,88,0.8058992028236389
1262,4,89,1.0125513076782227
1263,4,90,0.8947431445121765
1264,4,91,0.7184869647026062
1265,4,92,0.8848125338554382
1266,4,93,0.9205695986747742
1267,4,94,0.7756892442703247
1268,4,95,0.6701842546463013
1269,4,96,0.6933602094650269
1270,4,97,0.7628774642944336
1271,4,98,0.8835801482200623
1272,4,99,0.8810549378395081
1273,4,100,0.7972830533981323
1274,4,101,0.8155667781829834
1275,4,102,0.8731005191802979
1276,4,103,0.7162870764732361
1277,4,104,0.8289423584938049
1278,4,105,0.7559109330177307
1279,4,106,0.7356590032577515
1280,4,107,0.7544050216674805
1281,4,108,0.6709784865379333
1282,4,109,0.6292406916618347
1283,4,110,1.0257805585861206
1284,4,111,0.8815289735794067
1285,4,112,0.6032088994979858
1286,4,113,0.83713698387146
1287,4,114,0.761247992515564
1288,4,115,0.8629724383354187
1289,4,116,0.7913090586662292
1290,4,117,1.021409511566162
1291,4,118,0.8256235122680664
1292,4,119,0.9734296202659607
1293,4,120,0.8585147857666016
1294,4,121,0.9348441958427429
1295,4,122,0.8872957229614258
1296,4,123,0.839648425579071
1297,4,124,0.795653223991394
1298,4,125,0.7711291313171387
1299,4,126,0.770642101764679
1300,4,127,0.9509247541427612
1301,4,128,0.7102998495101929
1302,4,129,0.989303708076477
1303,4,130,0.8383870124816895
1304,4,131,0.7097094655036926
1305,4,132,0.8991491794586182
1306,4,133,1.0337560176849365
1307,4,134,0.7922590970993042
1308,4,135,0.7257156372070312
1309,4,136,0.7810916900634766
1310,4,137,0.882281482219696
1311,4,138,0.9724770784378052
1312,4,139,0.543824315071106
1313,4,140,0.7797207832336426
1314,4,141,0.9172084927558899
1315,4,142,0.8066083788871765
1316,4,143,0.9212952852249146
1317,4,144,0.9328895807266235
1318,4,145,0.7468057870864868
1319,4,146,0.5954472422599792
1320,4,147,0.8716082572937012
1321,4,148,0.926203727722168
1322,4,149,0.99332594871521
1323,4,150,0.7654332518577576
1324,4,151,0.8418232202529907
1325,4,152,0.7960867881774902
1326,4,153,0.6918323040008545
1327,4,154,0.7548477649688721
1328,4,155,0.7308326959609985
1329,4,156,0.7199444770812988
1330,4,157,0.7836233377456665
1331,4,158,0.9736701846122742
1332,4,159,0.8495720624923706
1333,4,160,0.9650987982749939
1334,4,161,0.8700564503669739
1335,4,162,0.8283811807632446
1336,4,163,0.7423535585403442
1337,4,164,1.160059928894043
1338,4,165,0.7635326981544495
1339,4,166,0.9387208819389343
1340,4,167,1.016113519668579
1341,4,168,1.0662864446640015
1342,4,169,0.8427236676216125
1343,4,170,0.7647631168365479
1344,4,171,0.7665635347366333
1345,4,172,0.962758481502533
1346,4,173,0.7690763473510742
1347,4,174,0.8889535665512085
1348,4,175,0.7805002927780151
1349,4,176,0.9035599231719971
1350,4,177,0.9146674275398254
1351,4,178,0.8103830814361572
1352,4,179,0.7894319891929626
1353,4,180,0.6489256024360657
1354,4,181,0.86835777759552
1355,4,182,0.7968523502349854
1356,4,183,0.8732874393463135
1357,4,184,0.8976451754570007
1358,4,185,0.9072988629341125
1359,4,186,0.8487000465393066
1360,4,187,0.7521674633026123
1361,4,188,0.7730449438095093
1362,4,189,0.9984160661697388
1363,4,190,0.8602813482284546
1364,4,191,0.8683513402938843
1365,4,192,0.8305402398109436
1366,4,193,0.8535501956939697
1367,4,194,0.7668595314025879
1368,4,195,0.8530986905097961
1369,4,196,0.891204297542572
1370,4,197,0.8332105278968811
1371,4,198,0.8910043835639954
1372,4,199,0.75481778383255
1373,4,200,0.6584234833717346
1374,4,201,0.7622076869010925
1375,4,202,0.7296193242073059
1376,4,203,0.6162536144256592
1377,4,204,0.6423956155776978
1378,4,205,0.812410295009613
1379,4,206,0.7802989482879639
1380,4,207,0.6960219144821167
1381,4,208,0.9201104044914246
1382,4,209,0.718958854675293
1383,4,210,0.6798503398895264
1384,4,211,0.7388455867767334
1385,4,212,0.8236174583435059
1386,4,213,1.088409185409546
1387,4,214,0.9372294545173645
1388,4,215,0.8746824860572815
1389,4,216,1.0282875299453735
1390,4,217,0.9579784274101257
1391,4,218,0.8709853887557983
1392,4,219,0.7202552556991577
1393,4,220,0.7258715629577637
1394,4,221,0.8768524527549744
1395,4,222,0.8263092041015625
1396,4,223,0.8376328349113464
1397,4,224,0.8058621287345886
1398,4,225,1.0113400220870972
1399,4,226,0.7650526165962219
1400,4,227,0.7884260416030884
1401,4,228,0.9408376812934875
1402,4,229,1.0436127185821533
1403,4,230,0.8574408292770386
1404,4,231,0.9007738828659058
1405,4,232,0.951472282409668
1406,4,233,0.8797268271446228
1407,4,234,0.7061328291893005
1408,4,235,0.9589394330978394
1409,4,236,0.8266943097114563
1410,4,237,0.8303035497665405
1411,4,238,0.8443807363510132
1412,4,239,0.8128119111061096
1413,4,240,0.9648943543434143
1414,4,241,0.9274848103523254
1415,4,242,1.0520195960998535
1416,4,243,0.7580116987228394
1417,4,244,0.8899205327033997
1418,4,245,0.7558255195617676
1419,4,246,0.8506725430488586
1420,4,247,0.8887432217597961
1421,4,248,0.9753559827804565
1422,4,249,0.7278847098350525
1423,4,250,0.7380160093307495
1424,4,251,0.8001646399497986
1425,4,252,0.7248055338859558
1426,4,253,0.8899067640304565
1427,4,254,0.7068296670913696
1428,4,255,0.7225059270858765
1429,4,256,0.6186009645462036
1430,4,257,0.790871798992157
1431,4,258,0.7773084044456482
1432,4,259,0.7812791466712952
1433,4,260,0.6807171106338501
1434,4,261,0.7114983201026917
1435,4,262,0.8594410419464111
1436,4,263,0.6857175230979919
1437,4,264,0.7034558057785034
1438,4,265,0.948193371295929
1439,4,266,0.8921586275100708
1440,4,267,0.8493240475654602
1441,4,268,0.7280120253562927
1442,4,269,0.7081456184387207
1443,4,270,0.7317346334457397
1444,4,271,0.6087805032730103
1445,4,272,0.9203008413314819
1446,4,273,0.7979483008384705
1447,4,274,0.6357512474060059
1448,4,275,0.6896384954452515
1449,4,276,0.7817375659942627
1450,4,277,0.7326826453208923
1451,4,278,0.6833896636962891
1452,4,279,0.7375538349151611
1453,4,280,0.9026712775230408
1454,4,281,1.023087739944458
1455,4,282,0.8610440492630005
1456,4,283,0.9316983819007874
1457,4,284,0.8917897939682007
1458,4,285,0.7054173946380615
1459,4,286,0.7748600244522095
1460,4,287,0.975699245929718
1461,4,288,0.8273580074310303
1462,4,289,0.8931689262390137
1463,4,290,0.8141739368438721
1464,4,291,0.8673315048217773
1465,4,292,0.9275679588317871
1466,4,293,0.7312028408050537
1467,4,294,0.9341904520988464
1468,4,295,0.8970491886138916
1469,4,296,0.826245903968811
1470,4,297,0.7055288553237915
1471,4,298,0.9528372287750244
1472,4,299,0.6614115834236145
1473,4,300,0.7969350218772888
1474,4,301,0.6546951532363892
1475,4,302,0.676971971988678
1476,4,303,0.6721853613853455
1477,4,304,0.8439724445343018
1478,4,305,0.6733072400093079
1479,4,306,0.7770398259162903
1480,4,307,0.6522396802902222
1481,4,308,0.7940798997879028
1482,4,309,0.7622835040092468
1483,4,310,0.9389075636863708
1484,4,311,0.7913419604301453
1485,4,312,0.7847110629081726
1486,4,313,0.7822527289390564
1487,4,314,1.0138351917266846
1488,4,315,0.8951834440231323
1489,4,316,0.8615196347236633
1490,4,317,0.9869858026504517
1491,4,318,0.873058557510376
1492,4,319,0.9398993253707886
1493,4,320,0.8618527054786682
1494,4,321,0.9484759569168091
1495,4,322,0.7824281454086304
1496,4,323,0.6813772916793823
1497,4,324,0.711809515953064
1498,4,325,0.8288097977638245
1499,4,326,0.9704248309135437
1500,4,327,0.7832543849945068
1501,4,328,0.7411032319068909
1502,4,329,0.7462056279182434
1503,4,330,0.7676085233688354
1504,4,331,0.7032344341278076
1505,4,332,0.8261887431144714
1506,4,333,0.782383143901825
1507,4,334,0.9126745462417603
1508,4,335,0.7389795184135437
1509,4,336,0.8018355369567871
1510,4,337,0.62921541929245
1511,4,338,0.745824933052063
1512,4,339,0.7822040915489197
1513,4,340,0.8077936172485352
1514,4,341,0.8459486365318298
1515,4,342,0.6213029623031616
1516,4,343,0.8539656400680542
1517,4,344,0.7963806986808777
1518,4,345,0.7442026734352112
1519,4,346,1.0099525451660156
1520,4,347,0.7806026339530945
1521,4,348,0.8384897708892822
1522,4,349,0.7482520341873169
1523,4,350,0.7907467484474182
1524,4,351,0.7938653826713562
1525,4,352,0.835298478603363
1526,4,353,0.9460185766220093
1527,4,354,0.7241191864013672
1528,4,355,0.9658790230751038
1529,4,356,0.9261167645454407
1530,4,357,0.781700611114502
1531,4,358,0.6629731059074402
1532,4,359,0.9981573224067688
1533,4,360,0.8470344543457031
1534,4,361,0.8522382378578186
1535,4,362,0.7508121728897095
1536,4,363,0.8001819849014282
1537,4,364,0.700374960899353
1538,4,365,0.5560351014137268
1539,4,366,0.6625311374664307
1540,4,367,0.8260982632637024
1541,4,368,0.9351999163627625
1542,4,369,0.7813931703567505
1543,4,370,0.8332886099815369
1544,4,371,1.0491502285003662
1545,4,372,0.7688103318214417
1546,4,373,0.7960193753242493
1547,4,374,0.661504864692688
1548,4,375,0.8144981265068054
1549,4,376,0.6921480298042297
1550,4,377,0.5846946239471436
1551,4,378,0.8183587193489075
1552,4,379,0.7408311367034912
1553,4,380,0.8763924837112427
1554,4,381,0.6767424941062927
1555,4,382,0.8159062266349792
1556,4,383,0.8436293601989746
1557,4,384,0.6927743554115295
1558,4,385,0.851337730884552
1559,4,386,0.7004759907722473
1560,4,387,0.7348755598068237
1561,4,388,0.8044530153274536
1562,4,389,0.7695726752281189
1563,4,390,0.8397685885429382
1564,4,391,1.0518437623977661
1565,5,1,0.6384883522987366
1566,5,2,0.7440124750137329
1567,5,3,0.6957107782363892
1568,5,4,0.6751077175140381
1569,5,5,0.6707189679145813
1570,5,6,0.646550178527832
1571,5,7,0.6117005348205566
1572,5,8,0.6466554999351501
1573,5,9,0.7545713186264038
1574,5,10,0.7557331919670105
1575,5,11,0.7224839925765991
1576,5,12,0.6908099055290222
1577,5,13,0.7049401998519897
1578,5,14,0.7114852070808411
1579,5,15,0.7330090999603271
1580,5,16,0.6834964752197266
1581,5,17,0.6607514023780823
1582,5,18,0.7636577486991882
1583,5,19,0.6206822395324707
1584,5,20,0.6890875101089478
1585,5,21,0.620361328125
1586,5,22,0.5674591660499573
1587,5,23,0.6866001486778259
1588,5,24,0.5961183309555054
1589,5,25,0.7034168243408203
1590,5,26,0.7565034627914429
1591,5,27,0.6240723133087158
1592,5,28,0.7024918794631958
1593,5,29,0.7589455246925354
1594,5,30,0.7809622883796692
1595,5,31,0.6392157077789307
1596,5,32,0.5905864834785461
1597,5,33,0.7140690088272095
1598,5,34,0.9310243725776672
1599,5,35,0.6992023587226868
1600,5,36,0.6531091332435608
1601,5,37,0.6968887448310852
1602,5,38,0.8517425060272217
1603,5,39,0.7924555540084839
1604,5,40,0.7399951815605164
1605,5,41,0.7910560965538025
1606,5,42,0.7635855078697205
1607,5,43,0.7988913059234619
1608,5,44,0.7132814526557922
1609,5,45,0.6936244964599609
1610,5,46,0.7215030789375305
1611,5,47,0.8553265333175659
1612,5,48,0.8855198621749878
1613,5,49,0.9631064534187317
1614,5,50,0.806416392326355
1615,5,51,0.8115407824516296
1616,5,52,0.7459839582443237
1617,5,53,0.7195866703987122
1618,5,54,0.5764611959457397
1619,5,55,0.6679124236106873
1620,5,56,0.8391815423965454
1621,5,57,0.6870211362838745
1622,5,58,0.6933505535125732
1623,5,59,0.645026683807373
1624,5,60,0.6504565477371216
1625,5,61,0.6514583230018616
1626,5,62,0.7241808176040649
1627,5,63,0.7435379028320312
1628,5,64,0.8482442498207092
1629,5,65,0.5217483639717102
1630,5,66,0.6031977534294128
1631,5,67,0.5385051965713501
1632,5,68,0.9034196734428406
1633,5,69,0.8648093342781067
1634,5,70,0.6957355737686157
1635,5,71,0.7735738754272461
1636,5,72,0.6381195187568665
1637,5,73,0.7163777947425842
1638,5,74,0.7004120349884033
1639,5,75,0.738726019859314
1640,5,76,0.6856809258460999
1641,5,77,0.8992976546287537
1642,5,78,0.6705445647239685
1643,5,79,0.7142177820205688
1644,5,80,0.5963475704193115
1645,5,81,0.5687472820281982
1646,5,82,0.6324051022529602
1647,5,83,0.6724342703819275
1648,5,84,0.9671053290367126
1649,5,85,0.7639716267585754
1650,5,86,0.7725769281387329
1651,5,87,0.7900103330612183
1652,5,88,0.593275785446167
1653,5,89,0.8014237284660339
1654,5,90,0.5923224091529846
1655,5,91,0.6200636029243469
1656,5,92,0.6150293350219727
1657,5,93,0.6550559401512146
1658,5,94,0.5801918506622314
1659,5,95,0.7554947733879089
1660,5,96,0.6255806684494019
1661,5,97,0.7120720744132996
1662,5,98,0.7494751811027527
1663,5,99,0.8074153065681458
1664,5,100,0.6147021055221558
1665,5,101,0.7221680879592896
1666,5,102,0.8194996118545532
1667,5,103,0.47289782762527466
1668,5,104,0.5843062996864319
1669,5,105,0.6846023201942444
1670,5,106,0.708479106426239
1671,5,107,0.818372368812561
1672,5,108,0.736958384513855
1673,5,109,0.703847348690033
1674,5,110,0.7453324794769287
1675,5,111,0.763268232345581
1676,5,112,0.7209856510162354
1677,5,113,0.7478911876678467
1678,5,114,0.6541014909744263
1679,5,115,0.6374268531799316
1680,5,116,0.5950611233711243
1681,5,117,0.49164044857025146
1682,5,118,0.7612377405166626
1683,5,119,0.6040218472480774
1684,5,120,0.7025217413902283
1685,5,121,0.648733913898468
1686,5,122,0.8440765142440796
1687,5,123,0.7113787531852722
1688,5,124,0.6614766120910645
1689,5,125,0.7635343074798584
1690,5,126,0.9296414256095886
1691,5,127,0.6669381260871887
1692,5,128,0.7964137196540833
1693,5,129,0.6736021637916565
1694,5,130,0.5209429860115051
1695,5,131,0.7720255851745605
1696,5,132,0.73972487449646
1697,5,133,0.790236234664917
1698,5,134,0.6669983267784119
1699,5,135,0.6119665503501892
1700,5,136,0.6306868195533752
1701,5,137,0.8380568623542786
1702,5,138,0.5256009101867676
1703,5,139,0.7681441307067871
1704,5,140,0.7934512495994568
1705,5,141,0.7213082313537598
1706,5,142,0.779639720916748
1707,5,143,0.5545746684074402
1708,5,144,0.6672418117523193
1709,5,145,0.7422499656677246
1710,5,146,0.5955473780632019
1711,5,147,0.6684600114822388
1712,5,148,0.7111619114875793
1713,5,149,0.7222572565078735
1714,5,150,0.7243866920471191
1715,5,151,0.6526421904563904
1716,5,152,0.6607760190963745
1717,5,153,0.7142806053161621
1718,5,154,0.6623587608337402
1719,5,155,0.6127959489822388
1720,5,156,0.5471391081809998
1721,5,157,0.7549424767494202
1722,5,158,0.5708529949188232
1723,5,159,0.5053495764732361
1724,5,160,0.6749332547187805
1725,5,161,0.6967149376869202
1726,5,162,0.6510770916938782
1727,5,163,0.7319397926330566
1728,5,164,0.8379499316215515
1729,5,165,0.6213473677635193
1730,5,166,0.8059134483337402
1731,5,167,0.7517778277397156
1732,5,168,0.5800365805625916
1733,5,169,0.7967500686645508
1734,5,170,0.6048591732978821
1735,5,171,0.6936013102531433
1736,5,172,0.6151577830314636
1737,5,173,0.6373702883720398
1738,5,174,0.6734381318092346
1739,5,175,0.6442067623138428
1740,5,176,0.7829464077949524
1741,5,177,0.6111539602279663
1742,5,178,0.5399453043937683
1743,5,179,0.5949293375015259
1744,5,180,0.7292230129241943
1745,5,181,0.6392666697502136
1746,5,182,0.7150093913078308
1747,5,183,0.6533817648887634
1748,5,184,0.530491828918457
1749,5,185,0.8428279757499695
1750,5,186,0.5980681777000427
1751,5,187,0.7322525382041931
1752,5,188,0.6354604363441467
1753,5,189,0.5440720319747925
1754,5,190,0.6721609234809875
1755,5,191,0.499958336353302
1756,5,192,0.6900166273117065
1757,5,193,0.6619272232055664
1758,5,194,0.6634082794189453
1759,5,195,0.5954773426055908
1760,5,196,0.7478954792022705
1761,5,197,0.7389190793037415
1762,5,198,0.6452399492263794
1763,5,199,0.750239372253418
1764,5,200,0.7635472416877747
1765,5,201,0.699264645576477
1766,5,202,0.6508089303970337
1767,5,203,0.6771313548088074
1768,5,204,0.6480492949485779
1769,5,205,0.803981602191925
1770,5,206,0.6459292769432068
1771,5,207,0.7076427936553955
1772,5,208,0.7926985025405884
1773,5,209,0.7264310121536255
1774,5,210,0.6458267569541931
1775,5,211,0.7432653307914734
1776,5,212,0.5557378530502319
1777,5,213,0.7580464482307434
1778,5,214,0.8079328536987305
1779,5,215,0.7091095447540283
1780,5,216,0.8450942039489746
1781,5,217,0.7147629857063293
1782,5,218,0.6467767357826233
1783,5,219,0.6415718197822571
1784,5,220,0.8505162596702576
1785,5,221,0.8504666686058044
1786,5,222,0.7230329513549805
1787,5,223,0.8641465306282043
1788,5,224,0.6075295805931091
1789,5,225,0.7146941423416138
1790,5,226,0.6789194345474243
1791,5,227,0.9009472131729126
1792,5,228,0.6126194596290588
1793,5,229,0.6236727833747864
1794,5,230,0.6146379709243774
1795,5,231,0.7439373135566711
1796,5,232,0.7686954736709595
1797,5,233,0.6691331267356873
1798,5,234,0.6568654179573059
1799,5,235,0.6127961874008179
1800,5,236,0.7402447462081909
1801,5,237,0.7752416729927063
1802,5,238,0.7892711162567139
1803,5,239,0.6504470109939575
1804,5,240,0.5433833003044128
1805,5,241,0.7306016087532043
1806,5,242,0.6989881992340088
1807,5,243,0.6302715539932251
1808,5,244,0.5766566395759583
1809,5,245,0.5980374813079834
1810,5,246,0.5818208456039429
1811,5,247,0.6594287157058716
1812,5,248,0.6838634610176086
1813,5,249,0.6602494716644287
1814,5,250,0.7168947458267212
1815,5,251,0.6698230504989624
1816,5,252,0.6168239712715149
1817,5,253,0.6306754946708679
1818,5,254,0.682482123374939
1819,5,255,0.6969504356384277
1820,5,256,0.6576467752456665
1821,5,257,0.5711044669151306
1822,5,258,0.5688849091529846
1823,5,259,0.7595168352127075
1824,5,260,0.6100064516067505
1825,5,261,0.7451115846633911
1826,5,262,0.597065806388855
1827,5,263,0.6504808068275452
1828,5,264,0.7062509655952454
1829,5,265,0.5823625922203064
1830,5,266,0.6852801442146301
1831,5,267,0.7726421356201172
1832,5,268,0.7772830724716187
1833,5,269,0.621676504611969
1834,5,270,0.7674568295478821
1835,5,271,0.7514800429344177
1836,5,272,0.6777496337890625
1837,5,273,0.5882377624511719
1838,5,274,0.721133828163147
1839,5,275,0.7273826599121094
1840,5,276,0.6329936981201172
1841,5,277,0.8348546624183655
1842,5,278,0.8785263895988464
1843,5,279,0.8398662209510803
1844,5,280,0.5950103402137756
1845,5,281,0.606314480304718
1846,5,282,0.6154625415802002
1847,5,283,0.6801694631576538
1848,5,284,0.6879734992980957
1849,5,285,0.7423733472824097
1850,5,286,0.7194728255271912
1851,5,287,0.8098025918006897
1852,5,288,0.7204173803329468
1853,5,289,0.6983604431152344
1854,5,290,0.6780968308448792
1855,5,291,0.9112399220466614
1856,5,292,0.6258537769317627
1857,5,293,0.8778480291366577
1858,5,294,0.6347694396972656
1859,5,295,0.699647843837738
1860,5,296,0.6766664385795593
1861,5,297,0.7131490707397461
1862,5,298,0.8959452509880066
1863,5,299,0.7497879862785339
1864,5,300,0.7817621827125549
1865,5,301,0.7221260666847229
1866,5,302,0.5570130348205566
1867,5,303,0.6965911984443665
1868,5,304,0.5751647353172302
1869,5,305,0.7115249037742615
1870,5,306,0.6132938265800476
1871,5,307,0.658728301525116
1872,5,308,0.5261332392692566
1873,5,309,0.6743759512901306
1874,5,310,0.7986034154891968
1875,5,311,0.8802403211593628
1876,5,312,0.5966992378234863
1877,5,313,0.740854799747467
1878,5,314,0.7387534976005554
1879,5,315,0.7157248854637146
1880,5,316,0.8109664916992188
1881,5,317,0.6054843664169312
1882,5,318,0.6165175437927246
1883,5,319,0.6813148260116577
1884,5,320,0.6310420036315918
1885,5,321,0.5728020668029785
1886,5,322,0.6646592617034912
1887,5,323,0.6332162022590637
1888,5,324,0.6861758828163147
1889,5,325,0.5664746761322021
1890,5,326,0.619781494140625
1891,5,327,0.5842511653900146
1892,5,328,0.5238240361213684
1893,5,329,0.6081967353820801
1894,5,330,0.8662493228912354
1895,5,331,0.6062245965003967
1896,5,332,0.6325340270996094
1897,5,333,0.56490159034729
1898,5,334,0.6990029215812683
1899,5,335,0.6647704839706421
1900,5,336,0.6296958327293396
1901,5,337,0.7828871011734009
1902,5,338,0.681142270565033
1903,5,339,0.694039523601532
1904,5,340,0.8395846486091614
1905,5,341,0.5269999504089355
1906,5,342,0.5901628136634827
1907,5,343,0.6706469655036926
1908,5,344,0.6393535733222961
1909,5,345,0.8419699668884277
1910,5,346,0.5753017663955688
1911,5,347,0.8737508058547974
1912,5,348,0.7008644938468933
1913,5,349,0.7135351300239563
1914,5,350,0.7481014132499695
1915,5,351,0.7693410515785217
1916,5,352,0.6521226763725281
1917,5,353,0.7626005411148071
1918,5,354,0.7567765712738037
1919,5,355,0.6750180125236511
1920,5,356,0.9304884672164917
1921,5,357,0.637881875038147
1922,5,358,0.6913355588912964
1923,5,359,0.8921937942504883
1924,5,360,0.563215970993042
1925,5,361,0.6288931965827942
1926,5,362,0.9132786393165588
1927,5,363,0.7782440185546875
1928,5,364,0.5894591808319092
1929,5,365,0.7764348983764648
1930,5,366,0.6534722447395325
1931,5,367,0.8198596239089966
1932,5,368,0.7766714096069336
1933,5,369,0.7063877582550049
1934,5,370,0.735762894153595
1935,5,371,0.7106558680534363
1936,5,372,0.6901478171348572
1937,5,373,0.5795980095863342
1938,5,374,0.6506199240684509
1939,5,375,0.7295290231704712
1940,5,376,0.6420589685440063
1941,5,377,0.6237972378730774
1942,5,378,0.6457619071006775
1943,5,379,0.7731926441192627
1944,5,380,0.7764590978622437
1945,5,381,0.6785228848457336
1946,5,382,0.5362371802330017
1947,5,383,0.5917726755142212
1948,5,384,0.5641447305679321
1949,5,385,0.6737630367279053
1950,5,386,0.6475846171379089
1951,5,387,0.6502334475517273
1952,5,388,0.6959143280982971
1953,5,389,0.7940427660942078
1954,5,390,0.7213796377182007
1955,5,391,0.6963368654251099
1956,6,1,0.5728673934936523
1957,6,2,0.5412060618400574
1958,6,3,0.59421706199646
1959,6,4,0.5979313850402832
1960,6,5,0.6328945755958557
1961,6,6,0.5463662147521973
1962,6,7,0.5216863751411438
1963,6,8,0.5988969802856445
1964,6,9,0.537097692489624
1965,6,10,0.5697658061981201
1966,6,11,0.7297621965408325
1967,6,12,0.6925268173217773
1968,6,13,0.6651460528373718
1969,6,14,0.6319931745529175
1970,6,15,0.45293211936950684
1971,6,16,0.49669578671455383
1972,6,17,0.6718695759773254
1973,6,18,0.6435757279396057
1974,6,19,0.5090102553367615
1975,6,20,0.4954727590084076
1976,6,21,0.46999144554138184
1977,6,22,0.6004679799079895
1978,6,23,0.48603954911231995
1979,6,24,0.6371294856071472
1980,6,25,0.5594345927238464
1981,6,26,0.4201641082763672
1982,6,27,0.6859598755836487
1983,6,28,0.5484524369239807
1984,6,29,0.6564068794250488
1985,6,30,0.5509053468704224
1986,6,31,0.4556902348995209
1987,6,32,0.5206647515296936
1988,6,33,0.5044591426849365
1989,6,34,0.600657045841217
1990,6,35,0.5580732822418213
1991,6,36,0.5734115839004517
1992,6,37,0.49641770124435425
1993,6,38,0.46535974740982056
1994,6,39,0.6007180213928223
1995,6,40,0.5778406858444214
1996,6,41,0.6568863391876221
1997,6,42,0.7433812618255615
1998,6,43,0.5876030921936035
1999,6,44,0.4096098840236664
2000,6,45,0.5515080094337463
2001,6,46,0.5492115020751953
2002,6,47,0.6504088044166565
2003,6,48,0.6833447813987732
2004,6,49,0.5093514919281006
2005,6,50,0.6344786286354065
2006,6,51,0.5668572187423706
2007,6,52,0.593288779258728
2008,6,53,0.6686677932739258
2009,6,54,0.6706529855728149
2010,6,55,0.5438041687011719
2011,6,56,0.6378778219223022
2012,6,57,0.6254237294197083
2013,6,58,0.7175443768501282
2014,6,59,0.5577530264854431
2015,6,60,0.6437690258026123
2016,6,61,0.484549343585968
2017,6,62,0.5904498100280762
2018,6,63,0.6138017773628235
2019,6,64,0.5829352736473083
2020,6,65,0.6417632102966309
2021,6,66,0.553544819355011
2022,6,67,0.6076774001121521
2023,6,68,0.67514568567276
2024,6,69,0.8511272668838501
2025,6,70,0.43021485209465027
2026,6,71,0.4085661768913269
2027,6,72,0.572788417339325
2028,6,73,0.564572274684906
2029,6,74,0.5840798020362854
2030,6,75,0.6045486330986023
2031,6,76,0.7421084046363831
2032,6,77,0.6368741989135742
2033,6,78,0.48815351724624634
2034,6,79,0.6641185283660889
2035,6,80,0.529647171497345
2036,6,81,0.532293975353241
2037,6,82,0.5575495958328247
2038,6,83,0.485368937253952
2039,6,84,0.7173656821250916
2040,6,85,0.5532036423683167
2041,6,86,0.7047028541564941
2042,6,87,0.5849132537841797
2043,6,88,0.636986255645752
2044,6,89,0.5615610480308533
2045,6,90,0.6067349910736084
2046,6,91,0.7556214928627014
2047,6,92,0.605941891670227
2048,6,93,0.5189518332481384
2049,6,94,0.5201525092124939
2050,6,95,0.622666597366333
2051,6,96,0.6589237451553345
2052,6,97,0.5624815225601196
2053,6,98,0.4757190942764282
2054,6,99,0.6419921517372131
2055,6,100,0.7987045049667358
2056,6,101,0.7441801428794861
2057,6,102,0.8620259761810303
2058,6,103,0.5674166083335876
2059,6,104,0.5914500951766968
2060,6,105,0.5481061935424805
2061,6,106,0.6219812631607056
2062,6,107,0.5847424268722534
2063,6,108,0.5093711018562317
2064,6,109,0.4462757110595703
2065,6,110,0.5151278972625732
2066,6,111,0.6854846477508545
2067,6,112,0.6873408555984497
2068,6,113,0.5379579067230225
2069,6,114,0.6192985773086548
2070,6,115,0.518625795841217
2071,6,116,0.5649393796920776
2072,6,117,0.6808567047119141
2073,6,118,0.6066068410873413
2074,6,119,0.594120442867279
2075,6,120,0.46467095613479614
2076,6,121,0.5713825821876526
2077,6,122,0.6622074842453003
2078,6,123,0.4993746280670166
2079,6,124,0.6567909717559814
2080,6,125,0.5241149663925171
2081,6,126,0.7307853698730469
2082,6,127,0.5902460217475891
2083,6,128,0.5269392728805542
2084,6,129,0.63008713722229
2085,6,130,0.4712512791156769
2086,6,131,0.7275457978248596
2087,6,132,0.5090864300727844
2088,6,133,0.5541653037071228
2089,6,134,0.6198982000350952
2090,6,135,0.6866933107376099
2091,6,136,0.5440368056297302
2092,6,137,0.5705240964889526
2093,6,138,0.5062090158462524
2094,6,139,0.6162716746330261
2095,6,140,0.46048104763031006
2096,6,141,0.733061671257019
2097,6,142,0.5208345055580139
2098,6,143,0.508651077747345
2099,6,144,0.6145600080490112
2100,6,145,0.7450340390205383
2101,6,146,0.6963773965835571
2102,6,147,0.5813716650009155
2103,6,148,0.5907038450241089
2104,6,149,0.5721368193626404
2105,6,150,0.4668560028076172
2106,6,151,0.6374499797821045
2107,6,152,0.5210705995559692
2108,6,153,0.7434104681015015
2109,6,154,0.6223483681678772
2110,6,155,0.609237551689148
2111,6,156,0.6224506497383118
2112,6,157,0.611752986907959
2113,6,158,0.6041278839111328
2114,6,159,0.5533958673477173
2115,6,160,0.5907421708106995
2116,6,161,0.5195302963256836
2117,6,162,0.6218178272247314
2118,6,163,0.6053634285926819
2119,6,164,0.6386115550994873
2120,6,165,0.5972589254379272
2121,6,166,0.8246697783470154
2122,6,167,0.6191205978393555
2123,6,168,0.7390554547309875
2124,6,169,0.49714934825897217
2125,6,170,0.5730270743370056
2126,6,171,0.7193174362182617
2127,6,172,0.5265781879425049
2128,6,173,0.7415580749511719
2129,6,174,0.6771414279937744
2130,6,175,0.5889825820922852
2131,6,176,0.5093510746955872
2132,6,177,0.4866451025009155
2133,6,178,0.5900331139564514
2134,6,179,0.49196693301200867
2135,6,180,0.48916441202163696
2136,6,181,0.7051728963851929
2137,6,182,0.5957167744636536
2138,6,183,0.6090409755706787
2139,6,184,0.5599221587181091
2140,6,185,0.5568025708198547
2141,6,186,0.6326526403427124
2142,6,187,0.4981582760810852
2143,6,188,0.5567688345909119
2144,6,189,0.9398871660232544
2145,6,190,0.6661297678947449
2146,6,191,0.5068572759628296
2147,6,192,0.7637998461723328
2148,6,193,0.5603528618812561
2149,6,194,0.6742739677429199
2150,6,195,0.7308146357536316
2151,6,196,0.6072120666503906
2152,6,197,0.5015844702720642
2153,6,198,0.5530394315719604
2154,6,199,0.5895691514015198
2155,6,200,0.6482880115509033
2156,6,201,0.6303673982620239
2157,6,202,0.6347325444221497
2158,6,203,0.7044371366500854
2159,6,204,0.7296290993690491
2160,6,205,0.8505235314369202
2161,6,206,0.5205366015434265
2162,6,207,0.6117358207702637
2163,6,208,0.7770624160766602
2164,6,209,0.7528026700019836
2165,6,210,0.632079005241394
2166,6,211,0.6611504554748535
2167,6,212,0.590334951877594
2168,6,213,0.7217681407928467
2169,6,214,0.6087374091148376
2170,6,215,0.5847411155700684
2171,6,216,0.5091623067855835
2172,6,217,0.5863575339317322
2173,6,218,0.5068567991256714
2174,6,219,0.5610690712928772
2175,6,220,0.5952338576316833
2176,6,221,0.5189608335494995
2177,6,222,0.5721547603607178
2178,6,223,0.4250665605068207
2179,6,224,0.6687758564949036
2180,6,225,0.36277279257774353
2181,6,226,0.5869799256324768
2182,6,227,0.5093122720718384
2183,6,228,0.49377673864364624
2184,6,229,0.5415862202644348
2185,6,230,0.5348767042160034
2186,6,231,0.6790528893470764
2187,6,232,0.623207151889801
2188,6,233,0.6801316738128662
2189,6,234,0.5278968214988708
2190,6,235,0.609062671661377
2191,6,236,0.5352090001106262
2192,6,237,0.6100993156433105
2193,6,238,0.6596859693527222
2194,6,239,0.6767497062683105
2195,6,240,0.5751356482505798
2196,6,241,0.5835974812507629
2197,6,242,0.6125848293304443
2198,6,243,0.5523534417152405
2199,6,244,0.8205101490020752
2200,6,245,0.5913662314414978
2201,6,246,0.518609344959259
2202,6,247,0.5794114470481873
2203,6,248,0.5995704531669617
2204,6,249,0.5370371341705322
2205,6,250,0.7543160319328308
2206,6,251,0.5918788313865662
2207,6,252,0.7070007920265198
2208,6,253,0.7434271574020386
2209,6,254,0.6098514795303345
2210,6,255,0.668435275554657
2211,6,256,0.6291463971138
2212,6,257,0.5619417428970337
2213,6,258,0.5307375192642212
2214,6,259,0.576026976108551
2215,6,260,0.7210658192634583
2216,6,261,0.6812982559204102
2217,6,262,0.5703117847442627
2218,6,263,0.6449604034423828
2219,6,264,0.5152362585067749
2220,6,265,0.4808027148246765
2221,6,266,0.5707337856292725
2222,6,267,0.5757552981376648
2223,6,268,0.6136022210121155
2224,6,269,0.5196396708488464
2225,6,270,0.6286698579788208
2226,6,271,0.6011199355125427
2227,6,272,0.5208093523979187
2228,6,273,0.6592079401016235
2229,6,274,0.6508142352104187
2230,6,275,0.6141259670257568
2231,6,276,0.6138869524002075
2232,6,277,0.6323909163475037
2233,6,278,0.5061556100845337
2234,6,279,0.7250800132751465
2235,6,280,0.6694644689559937
2236,6,281,0.610495924949646
2237,6,282,0.62321937084198
2238,6,283,0.5737156271934509
2239,6,284,0.600059986114502
2240,6,285,0.6844978332519531
2241,6,286,0.6670325398445129
2242,6,287,0.4848410189151764
2243,6,288,0.4865027964115143
2244,6,289,0.5478108525276184
2245,6,290,0.4525139033794403
2246,6,291,0.6834834218025208
2247,6,292,0.5851048827171326
2248,6,293,0.6991377472877502
2249,6,294,0.6017777919769287
2250,6,295,0.6476139426231384
2251,6,296,0.7294578552246094
2252,6,297,0.6067478060722351
2253,6,298,0.6382015347480774
2254,6,299,0.5918704271316528
2255,6,300,0.5705735683441162
2256,6,301,0.5149054527282715
2257,6,302,0.6121985912322998
2258,6,303,0.5339967608451843
2259,6,304,0.5501503348350525
2260,6,305,0.6491084098815918
2261,6,306,0.6211148500442505
2262,6,307,0.6424847841262817
2263,6,308,0.6246521472930908
2264,6,309,0.5818703770637512
2265,6,310,0.6270854473114014
2266,6,311,0.6911535859107971
2267,6,312,0.7271337509155273
2268,6,313,0.7087164521217346
2269,6,314,0.5667343139648438
2270,6,315,0.7220773696899414
2271,6,316,0.47180983424186707
2272,6,317,0.5634245872497559
2273,6,318,0.5524199604988098
2274,6,319,0.5459290146827698
2275,6,320,0.6183529496192932
2276,6,321,0.6426298022270203
2277,6,322,0.4093492031097412
2278,6,323,0.513583242893219
2279,6,324,0.6151787042617798
2280,6,325,0.678142786026001
2281,6,326,0.6292135715484619
2282,6,327,0.5229046940803528
2283,6,328,0.6078853011131287
2284,6,329,0.5675954818725586
2285,6,330,0.5060399174690247
2286,6,331,0.7303704023361206
2287,6,332,0.5818408727645874
2288,6,333,0.5061587691307068
2289,6,334,0.5124622583389282
2290,6,335,0.4955710172653198
2291,6,336,0.7112876176834106
2292,6,337,0.490529328584671
2293,6,338,0.6849777102470398
2294,6,339,0.599433422088623
2295,6,340,0.40429121255874634
2296,6,341,0.6458256840705872
2297,6,342,0.5028655529022217
2298,6,343,0.5353676080703735
2299,6,344,0.7696558833122253
2300,6,345,0.4539744257926941
2301,6,346,0.5217515230178833
2302,6,347,0.5988360643386841
2303,6,348,0.36093878746032715
2304,6,349,0.5881174802780151
2305,6,350,0.5672394037246704
2306,6,351,0.7512194514274597
2307,6,352,0.5428860783576965
2308,6,353,0.6334003806114197
2309,6,354,0.7346425652503967
2310,6,355,0.5032976865768433
2311,6,356,0.5773834586143494
2312,6,357,0.6681457161903381
2313,6,358,0.5735170245170593
2314,6,359,0.5717989206314087
2315,6,360,0.5736668109893799
2316,6,361,0.7632963061332703
2317,6,362,0.6696199774742126
2318,6,363,0.4919070303440094
2319,6,364,0.63275545835495
2320,6,365,0.5497967600822449
2321,6,366,0.5307424068450928
2322,6,367,0.6223499178886414
2323,6,368,0.6561633348464966
2324,6,369,0.5240031480789185
2325,6,370,0.6118198037147522
2326,6,371,0.559027910232544
2327,6,372,0.630172848701477
2328,6,373,0.5305286645889282
2329,6,374,0.4764636158943176
2330,6,375,0.7487161159515381
2331,6,376,0.6031100749969482
2332,6,377,0.6174482703208923
2333,6,378,0.6289395093917847
2334,6,379,0.6516352891921997
2335,6,380,0.5478093028068542
2336,6,381,0.6620748043060303
2337,6,382,0.7375784516334534
2338,6,383,0.7050284147262573
2339,6,384,0.4038408398628235
2340,6,385,0.6147742867469788
2341,6,386,0.6946671009063721
2342,6,387,0.6415767669677734
2343,6,388,0.6529905200004578
2344,6,389,0.7016615867614746
2345,6,390,0.7257752418518066
2346,6,391,0.7612255811691284
2347,7,1,0.5096960067749023
2348,7,2,0.4338851869106293
2349,7,3,0.5199019908905029
2350,7,4,0.6273465752601624
2351,7,5,0.570057213306427
2352,7,6,0.5354487299919128
2353,7,7,0.5468616485595703
2354,7,8,0.5749253630638123
2355,7,9,0.5336341857910156
2356,7,10,0.4594963788986206
2357,7,11,0.41289085149765015
2358,7,12,0.44781574606895447
2359,7,13,0.5400431156158447
2360,7,14,0.3841836750507355
2361,7,15,0.46999287605285645
2362,7,16,0.45455437898635864
2363,7,17,0.4093949496746063
2364,7,18,0.49531203508377075
2365,7,19,0.5896194577217102
2366,7,20,0.5614557266235352
2367,7,21,0.42311954498291016
2368,7,22,0.3886340260505676
2369,7,23,0.2719193994998932
2370,7,24,0.5374607443809509
2371,7,25,0.514130711555481
2372,7,26,0.6370943784713745
2373,7,27,0.317576140165329
2374,7,28,0.6088572144508362
2375,7,29,0.5312430262565613
2376,7,30,0.4441673755645752
2377,7,31,0.5136181116104126
2378,7,32,0.38751548528671265
2379,7,33,0.43695610761642456
2380,7,34,0.6435747146606445
2381,7,35,0.610040545463562
2382,7,36,0.49233007431030273
2383,7,37,0.5330445170402527
2384,7,38,0.46558213233947754
2385,7,39,0.3422224223613739
2386,7,40,0.7103897929191589
2387,7,41,0.45268169045448303
2388,7,42,0.6205337047576904
2389,7,43,0.5114172697067261
2390,7,44,0.5336626768112183
2391,7,45,0.4763931930065155
2392,7,46,0.43435609340667725
2393,7,47,0.5316717028617859
2394,7,48,0.617472767829895
2395,7,49,0.43217214941978455
2396,7,50,0.38398540019989014
2397,7,51,0.3848640024662018
2398,7,52,0.4821140170097351
2399,7,53,0.39428722858428955
2400,7,54,0.5891069769859314
2401,7,55,0.38472843170166016
2402,7,56,0.4501451551914215
2403,7,57,0.4007404148578644
2404,7,58,0.5265860557556152
2405,7,59,0.44707927107810974
2406,7,60,0.4628326892852783
2407,7,61,0.5977375507354736
2408,7,62,0.5631596446037292
2409,7,63,0.5157204866409302
2410,7,64,0.5656676292419434
2411,7,65,0.6397074460983276
2412,7,66,0.40336960554122925
2413,7,67,0.5037896037101746
2414,7,68,0.5884774327278137
2415,7,69,0.48621517419815063
2416,7,70,0.5511979460716248
2417,7,71,0.4044035077095032
2418,7,72,0.4759293794631958
2419,7,73,0.49235501885414124
2420,7,74,0.5297961831092834
2421,7,75,0.3816796541213989
2422,7,76,0.5026607513427734
2423,7,77,0.41582033038139343
2424,7,78,0.4957243502140045
2425,7,79,0.3916472792625427
2426,7,80,0.44054386019706726
2427,7,81,0.3403238356113434
2428,7,82,0.4191671907901764
2429,7,83,0.42907774448394775
2430,7,84,0.5298852324485779
2431,7,85,0.5140351057052612
2432,7,86,0.4581403434276581
2433,7,87,0.45706963539123535
2434,7,88,0.4607571065425873
2435,7,89,0.5273566246032715
2436,7,90,0.6339700818061829
2437,7,91,0.4781172573566437
2438,7,92,0.5226709246635437
2439,7,93,0.48082536458969116
2440,7,94,0.37446752190589905
2441,7,95,0.3931477963924408
2442,7,96,0.5823733806610107
2443,7,97,0.40419435501098633
2444,7,98,0.4181135892868042
2445,7,99,0.5300646424293518
2446,7,100,0.6269079446792603
2447,7,101,0.5313485860824585
2448,7,102,0.4375985562801361
2449,7,103,0.5093073844909668
2450,7,104,0.481579065322876
2451,7,105,0.36172065138816833
2452,7,106,0.5106091499328613
2453,7,107,0.49227845668792725
2454,7,108,0.4811490774154663
2455,7,109,0.5731021165847778
2456,7,110,0.42763200402259827
2457,7,111,0.49389705061912537
2458,7,112,0.5864953994750977
2459,7,113,0.4620288908481598
2460,7,114,0.40553727746009827
2461,7,115,0.6589742302894592
2462,7,116,0.48245930671691895
2463,7,117,0.5936602354049683
2464,7,118,0.6395981907844543
2465,7,119,0.39404788613319397
2466,7,120,0.4322757124900818
2467,7,121,0.44659602642059326
2468,7,122,0.5190917253494263
2469,7,123,0.45894360542297363
2470,7,124,0.45590096712112427
2471,7,125,0.5796301960945129
2472,7,126,0.6115882992744446
2473,7,127,0.4686397612094879
2474,7,128,0.5274326801300049
2475,7,129,0.4676917791366577
2476,7,130,0.4623135030269623
2477,7,131,0.49239492416381836
2478,7,132,0.5070717334747314
2479,7,133,0.5661984086036682
2480,7,134,0.4627295434474945
2481,7,135,0.5260202288627625
2482,7,136,0.3919815123081207
2483,7,137,0.4428553581237793
2484,7,138,0.5713892579078674
2485,7,139,0.46046778559684753
2486,7,140,0.6881141662597656
2487,7,141,0.5412073731422424
2488,7,142,0.4515623450279236
2489,7,143,0.4839703440666199
2490,7,144,0.6310214400291443
2491,7,145,0.6188622713088989
2492,7,146,0.4736030101776123
2493,7,147,0.5169917941093445
2494,7,148,0.5017397999763489
2495,7,149,0.46796515583992004
2496,7,150,0.5092466473579407
2497,7,151,0.7303426265716553
2498,7,152,0.6741764545440674
2499,7,153,0.48654890060424805
2500,7,154,0.6309556365013123
2501,7,155,0.46905848383903503
2502,7,156,0.5193014740943909
2503,7,157,0.5368236303329468
2504,7,158,0.4887813627719879
2505,7,159,0.610019326210022
2506,7,160,0.5390017032623291
2507,7,161,0.49625837802886963
2508,7,162,0.4630155563354492
2509,7,163,0.49164941906929016
2510,7,164,0.4812099039554596
2511,7,165,0.44454002380371094
2512,7,166,0.5499507188796997
2513,7,167,0.4337220788002014
2514,7,168,0.553553581237793
2515,7,169,0.4601489007472992
2516,7,170,0.3996531069278717
2517,7,171,0.42049992084503174
2518,7,172,0.3480014204978943
2519,7,173,0.39870235323905945
2520,7,174,0.5343210697174072
2521,7,175,0.30887311697006226
2522,7,176,0.5550268292427063
2523,7,177,0.43379998207092285
2524,7,178,0.4714650511741638
2525,7,179,0.561924397945404
2526,7,180,0.48131632804870605
2527,7,181,0.4767874777317047
2528,7,182,0.4856063425540924
2529,7,183,0.5618119835853577
2530,7,184,0.4556191563606262
2531,7,185,0.4960731267929077
2532,7,186,0.5253204703330994
2533,7,187,0.4849841892719269
2534,7,188,0.6024317145347595
2535,7,189,0.47135689854621887
2536,7,190,0.45868974924087524
2537,7,191,0.5078596472740173
2538,7,192,0.3576948642730713
2539,7,193,0.37527287006378174
2540,7,194,0.4813707768917084
2541,7,195,0.6661037802696228
2542,7,196,0.5068372488021851
2543,7,197,0.6349319219589233
2544,7,198,0.5611456036567688
2545,7,199,0.6781676411628723
2546,7,200,0.6382396221160889
2547,7,201,0.6319918632507324
2548,7,202,0.5340948700904846
2549,7,203,0.6178275942802429
2550,7,204,0.5232524871826172
2551,7,205,0.5661360621452332
2552,7,206,0.5325666666030884
2553,7,207,0.4589332342147827
2554,7,208,0.41792166233062744
2555,7,209,0.43578672409057617
2556,7,210,0.48265522718429565
2557,7,211,0.5017607808113098
2558,7,212,0.6248723864555359
2559,7,213,0.581732988357544
2560,7,214,0.45100829005241394
2561,7,215,0.5409511923789978
2562,7,216,0.4295378625392914
2563,7,217,0.484820157289505
2564,7,218,0.5697464346885681
2565,7,219,0.5015189051628113
2566,7,220,0.5237729549407959
2567,7,221,0.43580782413482666
2568,7,222,0.5067184567451477
2569,7,223,0.4326269328594208
2570,7,224,0.5493225455284119
2571,7,225,0.5342544913291931
2572,7,226,0.5405139923095703
2573,7,227,0.5693783760070801
2574,7,228,0.8031740784645081
2575,7,229,0.5820413827896118
2576,7,230,0.4908173680305481
2577,7,231,0.579844057559967
2578,7,232,0.42144644260406494
2579,7,233,0.4711090326309204
2580,7,234,0.3776912987232208
2581,7,235,0.5493443608283997
2582,7,236,0.555586040019989
2583,7,237,0.4966825842857361
2584,7,238,0.6450951099395752
2585,7,239,0.6526748538017273
2586,7,240,0.42477667331695557
2587,7,241,0.6383674740791321
2588,7,242,0.600745439529419
2589,7,243,0.5142847895622253
2590,7,244,0.5700517296791077
2591,7,245,0.5875608325004578
2592,7,246,0.6608296632766724
2593,7,247,0.5565592050552368
2594,7,248,0.54296875
2595,7,249,0.7293265461921692
2596,7,250,0.6453849077224731
2597,7,251,0.4252372980117798
2598,7,252,0.5238253474235535
2599,7,253,0.5150377750396729
2600,7,254,0.5254901647567749
2601,7,255,0.532688319683075
2602,7,256,0.5368276834487915
2603,7,257,0.32428455352783203
2604,7,258,0.5849135518074036
2605,7,259,0.502003014087677
2606,7,260,0.4424648582935333
2607,7,261,0.566351056098938
2608,7,262,0.5726905465126038
2609,7,263,0.48968154191970825
2610,7,264,0.4795863926410675
2611,7,265,0.6858398914337158
2612,7,266,0.5394514203071594
2613,7,267,0.5791695713996887
2614,7,268,0.7715009450912476
2615,7,269,0.39000657200813293
2616,7,270,0.5220369100570679
2617,7,271,0.4904036521911621
2618,7,272,0.5854572057723999
2619,7,273,0.525183379650116
2620,7,274,0.5640578866004944
2621,7,275,0.498542845249176
2622,7,276,0.5255168080329895
2623,7,277,0.5258658528327942
2624,7,278,0.4086361527442932
2625,7,279,0.5131213665008545
2626,7,280,0.40826961398124695
2627,7,281,0.4946115016937256
2628,7,282,0.5378650426864624
2629,7,283,0.45616498589515686
2630,7,284,0.5769160389900208
2631,7,285,0.33066993951797485
2632,7,286,0.4129370152950287
2633,7,287,0.5598538517951965
2634,7,288,0.62701815366745
2635,7,289,0.4083916246891022
2636,7,290,0.524986982345581
2637,7,291,0.5157310366630554
2638,7,292,0.38027042150497437
2639,7,293,0.526124119758606
2640,7,294,0.4971504509449005
2641,7,295,0.6059059500694275
2642,7,296,0.4683372974395752
2643,7,297,0.4352625608444214
2644,7,298,0.3239229619503021
2645,7,299,0.45982488989830017
2646,7,300,0.4441807270050049
2647,7,301,0.59820157289505
2648,7,302,0.4526384472846985
2649,7,303,0.3852069079875946
2650,7,304,0.4880727231502533
2651,7,305,0.7401904463768005
2652,7,306,0.5794225335121155
2653,7,307,0.6090443730354309
2654,7,308,0.4969864785671234
2655,7,309,0.5039704442024231
2656,7,310,0.6303417086601257
2657,7,311,0.5427724123001099
2658,7,312,0.54360032081604
2659,7,313,0.516815185546875
2660,7,314,0.5627795457839966
2661,7,315,0.5366761684417725
2662,7,316,0.35392969846725464
2663,7,317,0.6360757946968079
2664,7,318,0.5003371834754944
2665,7,319,0.5905568599700928
2666,7,320,0.441682904958725
2667,7,321,0.5553233027458191
2668,7,322,0.37284335494041443
2669,7,323,0.6951355934143066
2670,7,324,0.6939843893051147
2671,7,325,0.4347018897533417
2672,7,326,0.513694167137146
2673,7,327,0.5587480664253235
2674,7,328,0.5084102749824524
2675,7,329,0.47135257720947266
2676,7,330,0.42923709750175476
2677,7,331,0.5873472690582275
2678,7,332,0.45429757237434387
2679,7,333,0.5651971697807312
2680,7,334,0.4167118966579437
2681,7,335,0.4108075499534607
2682,7,336,0.37907490134239197
2683,7,337,0.6091892719268799
2684,7,338,0.531494140625
2685,7,339,0.4399183988571167
2686,7,340,0.5570348501205444
2687,7,341,0.4946155250072479
2688,7,342,0.5228189826011658
2689,7,343,0.43663617968559265
2690,7,344,0.4313201904296875
2691,7,345,0.383989155292511
2692,7,346,0.48472946882247925
2693,7,347,0.4353025555610657
2694,7,348,0.6456971764564514
2695,7,349,0.5744568705558777
2696,7,350,0.41132649779319763
2697,7,351,0.4534450173377991
2698,7,352,0.6342777013778687
2699,7,353,0.36319583654403687
2700,7,354,0.5574232935905457
2701,7,355,0.4542006552219391
2702,7,356,0.5272749662399292
2703,7,357,0.4870457053184509
2704,7,358,0.5180123448371887
2705,7,359,0.45508071780204773
2706,7,360,0.5822396278381348
2707,7,361,0.6165878772735596
2708,7,362,0.5390757918357849
2709,7,363,0.3612478971481323
2710,7,364,0.41890305280685425
2711,7,365,0.4059556722640991
2712,7,366,0.3942154347896576
2713,7,367,0.601213276386261
2714,7,368,0.4515783488750458
2715,7,369,0.5012381672859192
2716,7,370,0.36950019001960754
2717,7,371,0.5591614246368408
2718,7,372,0.44260352849960327
2719,7,373,0.3691176176071167
2720,7,374,0.4618707001209259
2721,7,375,0.5470976829528809
2722,7,376,0.49257463216781616
2723,7,377,0.6157742142677307
2724,7,378,0.512577474117279
2725,7,379,0.48877814412117004
2726,7,380,0.6260737776756287
2727,7,381,0.5359474420547485
2728,7,382,0.5209240913391113
2729,7,383,0.4597877264022827
2730,7,384,0.6125277876853943
2731,7,385,0.47651219367980957
2732,7,386,0.6031801700592041
2733,7,387,0.5055249929428101
2734,7,388,0.6650697588920593
2735,7,389,0.336529403924942
2736,7,390,0.5729023814201355
2737,7,391,0.30034783482551575
2738,8,1,0.3360709249973297
2739,8,2,0.30355608463287354
2740,8,3,0.4875732958316803
2741,8,4,0.4430060386657715
2742,8,5,0.3348838686943054
2743,8,6,0.42905452847480774
2744,8,7,0.4313473105430603
2745,8,8,0.30725714564323425
2746,8,9,0.42714664340019226
2747,8,10,0.4131399095058441
2748,8,11,0.3729552626609802
2749,8,12,0.345037043094635
2750,8,13,0.45197272300720215
2751,8,14,0.38807249069213867
2752,8,15,0.3131835162639618
2753,8,16,0.5174189209938049
2754,8,17,0.38736262917518616
2755,8,18,0.46797049045562744
2756,8,19,0.28518733382225037
2757,8,20,0.2291889637708664
2758,8,21,0.2895769774913788
2759,8,22,0.3673169016838074
2760,8,23,0.44413521885871887
2761,8,24,0.4629758596420288
2762,8,25,0.39569997787475586
2763,8,26,0.4316381514072418
2764,8,27,0.5856010913848877
2765,8,28,0.43952757120132446
2766,8,29,0.5504814982414246
2767,8,30,0.6646944880485535
2768,8,31,0.6663413047790527
2769,8,32,0.5101262331008911
2770,8,33,0.3971662223339081
2771,8,34,0.2652125656604767
2772,8,35,0.45106041431427
2773,8,36,0.4025503098964691
2774,8,37,0.38765376806259155
2775,8,38,0.369625985622406
2776,8,39,0.42110762000083923
2777,8,40,0.47530364990234375
2778,8,41,0.4141586124897003
2779,8,42,0.35488200187683105
2780,8,43,0.4207462966442108
2781,8,44,0.4205777943134308
2782,8,45,0.3313550055027008
2783,8,46,0.3993901014328003
2784,8,47,0.3936738967895508
2785,8,48,0.3628350794315338
2786,8,49,0.3808195888996124
2787,8,50,0.38521039485931396
2788,8,51,0.3479495048522949
2789,8,52,0.4858008325099945
2790,8,53,0.3540365993976593
2791,8,54,0.4048677086830139
2792,8,55,0.3140210807323456
2793,8,56,0.45455461740493774
2794,8,57,0.3931806683540344
2795,8,58,0.22314223647117615
2796,8,59,0.4229324758052826
2797,8,60,0.2846795320510864
2798,8,61,0.5930819511413574
2799,8,62,0.34732455015182495
2800,8,63,0.5222485065460205
2801,8,64,0.39465516805648804
2802,8,65,0.38807201385498047
2803,8,66,0.5288839936256409
2804,8,67,0.3356130123138428
2805,8,68,0.4365416169166565
2806,8,69,0.34476810693740845
2807,8,70,0.6375986337661743
2808,8,71,0.31269127130508423
2809,8,72,0.4566003680229187
2810,8,73,0.4957898259162903
2811,8,74,0.35493120551109314
2812,8,75,0.40107324719429016
2813,8,76,0.34409061074256897
2814,8,77,0.49919596314430237
2815,8,78,0.3930523693561554
2816,8,79,0.42107120156288147
2817,8,80,0.3880211114883423
2818,8,81,0.4449709355831146
2819,8,82,0.3138864040374756
2820,8,83,0.46077021956443787
2821,8,84,0.3628583252429962
2822,8,85,0.5315019488334656
2823,8,86,0.3977966606616974
2824,8,87,0.4499419927597046
2825,8,88,0.3970946669578552
2826,8,89,0.3629356324672699
2827,8,90,0.2974414527416229
2828,8,91,0.36757737398147583
2829,8,92,0.3069770634174347
2830,8,93,0.4680563509464264
2831,8,94,0.4750645160675049
2832,8,95,0.40939512848854065
2833,8,96,0.4121619462966919
2834,8,97,0.35272300243377686
2835,8,98,0.3069463074207306
2836,8,99,0.3690117597579956
2837,8,100,0.44688358902931213
2838,8,101,0.5756337642669678
2839,8,102,0.42463597655296326
2840,8,103,0.37269124388694763
2841,8,104,0.3641097843647003
2842,8,105,0.37188705801963806
2843,8,106,0.33160799741744995
2844,8,107,0.38573741912841797
2845,8,108,0.3611723780632019
2846,8,109,0.3417600095272064
2847,8,110,0.4424775540828705
2848,8,111,0.33965733647346497
2849,8,112,0.6076341271400452
2850,8,113,0.4815518260002136
2851,8,114,0.47360682487487793
2852,8,115,0.3310757577419281
2853,8,116,0.30388277769088745
2854,8,117,0.32611939311027527
2855,8,118,0.3825762867927551
2856,8,119,0.46140050888061523
2857,8,120,0.33925747871398926
2858,8,121,0.41452789306640625
2859,8,122,0.48317351937294006
2860,8,123,0.4504988491535187
2861,8,124,0.3145349323749542
2862,8,125,0.3516334295272827
2863,8,126,0.5994324088096619
2864,8,127,0.49946683645248413
2865,8,128,0.49766668677330017
2866,8,129,0.48901933431625366
2867,8,130,0.40017640590667725
2868,8,131,0.409816175699234
2869,8,132,0.45559486746788025
2870,8,133,0.30435699224472046
2871,8,134,0.48925530910491943
2872,8,135,0.46507900953292847
2873,8,136,0.43555375933647156
2874,8,137,0.4437567889690399
2875,8,138,0.47437211871147156
2876,8,139,0.4464690685272217
2877,8,140,0.39621615409851074
2878,8,141,0.40076780319213867
2879,8,142,0.5123735070228577
2880,8,143,0.4819505214691162
2881,8,144,0.3349458873271942
2882,8,145,0.4555383324623108
2883,8,146,0.3772832453250885
2884,8,147,0.48031267523765564
2885,8,148,0.29926300048828125
2886,8,149,0.4479095935821533
2887,8,150,0.40892040729522705
2888,8,151,0.39979228377342224
2889,8,152,0.4210665822029114
2890,8,153,0.4065838158130646
2891,8,154,0.661174476146698
2892,8,155,0.43304890394210815
2893,8,156,0.4018891453742981
2894,8,157,0.5644285082817078
2895,8,158,0.48961198329925537
2896,8,159,0.5225701332092285
2897,8,160,0.46500906348228455
2898,8,161,0.4075353145599365
2899,8,162,0.5072983503341675
2900,8,163,0.35379159450531006
2901,8,164,0.3654730021953583
2902,8,165,0.2803558111190796
2903,8,166,0.3062308728694916
2904,8,167,0.4578263759613037
2905,8,168,0.3958907723426819
2906,8,169,0.419369637966156
2907,8,170,0.5107505321502686
2908,8,171,0.41332998871803284
2909,8,172,0.3374316990375519
2910,8,173,0.32784849405288696
2911,8,174,0.28908777236938477
2912,8,175,0.512273371219635
2913,8,176,0.43351608514785767
2914,8,177,0.47844210267066956
2915,8,178,0.42094776034355164
2916,8,179,0.49084576964378357
2917,8,180,0.4968884587287903
2918,8,181,0.36891037225723267
2919,8,182,0.3987501263618469
2920,8,183,0.3985736668109894
2921,8,184,0.5568670630455017
2922,8,185,0.38202762603759766
2923,8,186,0.36062780022621155
2924,8,187,0.28718000650405884
2925,8,188,0.33563706278800964
2926,8,189,0.6021210551261902
2927,8,190,0.33643215894699097
2928,8,191,0.5000050663948059
2929,8,192,0.4655326008796692
2930,8,193,0.4458124339580536
2931,8,194,0.3610342741012573
2932,8,195,0.5370851159095764
2933,8,196,0.44768664240837097
2934,8,197,0.49208521842956543
2935,8,198,0.3738977313041687
2936,8,199,0.42338743805885315
2937,8,200,0.3211210072040558
2938,8,201,0.5392076373100281
2939,8,202,0.5012974143028259
2940,8,203,0.33042043447494507
2941,8,204,0.5154089331626892
2942,8,205,0.5110472440719604
2943,8,206,0.27804726362228394
2944,8,207,0.4176204800605774
2945,8,208,0.4183538258075714
2946,8,209,0.3570181429386139
2947,8,210,0.48678460717201233
2948,8,211,0.4288046956062317
2949,8,212,0.41959649324417114
2950,8,213,0.46028953790664673
2951,8,214,0.349345326423645
2952,8,215,0.4609028697013855
2953,8,216,0.37218987941741943
2954,8,217,0.4995058476924896
2955,8,218,0.5026713013648987
2956,8,219,0.31273528933525085
2957,8,220,0.5013426542282104
2958,8,221,0.5147442817687988
2959,8,222,0.5237835049629211
2960,8,223,0.4526180028915405
2961,8,224,0.5145814418792725
2962,8,225,0.4835982322692871
2963,8,226,0.6148964166641235
2964,8,227,0.4280494749546051
2965,8,228,0.5225028395652771
2966,8,229,0.39269277453422546
2967,8,230,0.5151922106742859
2968,8,231,0.565179705619812
2969,8,232,0.4778561592102051
2970,8,233,0.4158098101615906
2971,8,234,0.35830873250961304
2972,8,235,0.38639625906944275
2973,8,236,0.5243918299674988
2974,8,237,0.48524266481399536
2975,8,238,0.2358090877532959
2976,8,239,0.3968093693256378
2977,8,240,0.29221540689468384
2978,8,241,0.3873598277568817
2979,8,242,0.3394908308982849
2980,8,243,0.44446805119514465
2981,8,244,0.5417510867118835
2982,8,245,0.4262363612651825
2983,8,246,0.4378964900970459
2984,8,247,0.32918334007263184
2985,8,248,0.41619449853897095
2986,8,249,0.3963971436023712
2987,8,250,0.4417714476585388
2988,8,251,0.4874119162559509
2989,8,252,0.4559304714202881
2990,8,253,0.450958788394928
2991,8,254,0.39695701003074646
2992,8,255,0.45834967494010925
2993,8,256,0.37528911232948303
2994,8,257,0.42463594675064087
2995,8,258,0.2619815170764923
2996,8,259,0.6010564565658569
2997,8,260,0.5341551303863525
2998,8,261,0.532623291015625
2999,8,262,0.49873021245002747
3000,8,263,0.4069598913192749
3001,8,264,0.533414363861084
3002,8,265,0.31804192066192627
3003,8,266,0.3904474377632141
3004,8,267,0.41092824935913086
3005,8,268,0.4150599241256714
3006,8,269,0.4695234000682831
3007,8,270,0.6742384433746338
3008,8,271,0.4903693199157715
3009,8,272,0.417550653219223
3010,8,273,0.48542720079421997
3011,8,274,0.34609997272491455
3012,8,275,0.3082351088523865
3013,8,276,0.4777124524116516
3014,8,277,0.5070345997810364
3015,8,278,0.4088979661464691
3016,8,279,0.45266592502593994
3017,8,280,0.3868412375450134
3018,8,281,0.5245378017425537
3019,8,282,0.57277512550354
3020,8,283,0.52628493309021
3021,8,284,0.31758973002433777
3022,8,285,0.32182222604751587
3023,8,286,0.42832711338996887
3024,8,287,0.4584912657737732
3025,8,288,0.4958016276359558
3026,8,289,0.374428927898407
3027,8,290,0.3288668096065521
3028,8,291,0.46223390102386475
3029,8,292,0.32208913564682007
3030,8,293,0.4308260381221771
3031,8,294,0.4521242082118988
3032,8,295,0.4526948630809784
3033,8,296,0.3517165184020996
3034,8,297,0.3984087109565735
3035,8,298,0.6001011729240417
3036,8,299,0.48261338472366333
3037,8,300,0.43513306975364685
3038,8,301,0.4436250925064087
3039,8,302,0.39843520522117615
3040,8,303,0.6260496973991394
3041,8,304,0.503941535949707
3042,8,305,0.46008312702178955
3043,8,306,0.5681330561637878
3044,8,307,0.5261976718902588
3045,8,308,0.43474647402763367
3046,8,309,0.5195237398147583
3047,8,310,0.5068271160125732
3048,8,311,0.4620893597602844
3049,8,312,0.43637073040008545
3050,8,313,0.4350876808166504
3051,8,314,0.46982476115226746
3052,8,315,0.2746387720108032
3053,8,316,0.49741968512535095
3054,8,317,0.43821269273757935
3055,8,318,0.5144786238670349
3056,8,319,0.3381238877773285
3057,8,320,0.48444417119026184
3058,8,321,0.41639378666877747
3059,8,322,0.47288286685943604
3060,8,323,0.4402354657649994
3061,8,324,0.4832155108451843
3062,8,325,0.3959200084209442
3063,8,326,0.46969395875930786
3064,8,327,0.4149201810359955
3065,8,328,0.4804246723651886
3066,8,329,0.473615825176239
3067,8,330,0.43544089794158936
3068,8,331,0.3546912372112274
3069,8,332,0.3427150845527649
3070,8,333,0.39550289511680603
3071,8,334,0.5765653848648071
3072,8,335,0.37557703256607056
3073,8,336,0.2778093218803406
3074,8,337,0.3591401278972626
3075,8,338,0.5510974526405334
3076,8,339,0.4023705720901489
3077,8,340,0.3254397511482239
3078,8,341,0.2759372889995575
3079,8,342,0.5310645699501038
3080,8,343,0.39840635657310486
3081,8,344,0.5000385642051697
3082,8,345,0.4036159813404083
3083,8,346,0.3443593978881836
3084,8,347,0.36511915922164917
3085,8,348,0.3000365197658539
3086,8,349,0.5073205828666687
3087,8,350,0.5800809860229492
3088,8,351,0.2849087715148926
3089,8,352,0.35964375734329224
3090,8,353,0.44833722710609436
3091,8,354,0.38013485074043274
3092,8,355,0.5152240991592407
3093,8,356,0.4965474307537079
3094,8,357,0.5566490888595581
3095,8,358,0.38361504673957825
3096,8,359,0.4391571283340454
3097,8,360,0.5974165201187134
3098,8,361,0.48607391119003296
3099,8,362,0.5060638785362244
3100,8,363,0.4396316707134247
3101,8,364,0.47701600193977356
3102,8,365,0.4769752323627472
3103,8,366,0.31377092003822327
3104,8,367,0.4483090043067932
3105,8,368,0.5419991612434387
3106,8,369,0.40715205669403076
3107,8,370,0.5524970889091492
3108,8,371,0.5871902108192444
3109,8,372,0.4456048011779785
3110,8,373,0.2914511561393738
3111,8,374,0.47105684876441956
3112,8,375,0.6103982925415039
3113,8,376,0.3677717447280884
3114,8,377,0.5499026775360107
3115,8,378,0.5406173467636108
3116,8,379,0.5382237434387207
3117,8,380,0.4570459723472595
3118,8,381,0.5282609462738037
3119,8,382,0.4386324882507324
3120,8,383,0.5660580992698669
3121,8,384,0.3805234730243683
3122,8,385,0.5299118161201477
3123,8,386,0.4276045560836792
3124,8,387,0.40966445207595825
3125,8,388,0.48934313654899597
3126,8,389,0.4167221784591675
3127,8,390,0.44891083240509033
3128,8,391,0.37693241238594055
3129,9,1,0.3796921968460083
3130,9,2,0.321989506483078
3131,9,3,0.40711650252342224
3132,9,4,0.3962288498878479
3133,9,5,0.2492353916168213
3134,9,6,0.3422008156776428
3135,9,7,0.2673773169517517
3136,9,8,0.24127671122550964
3137,9,9,0.292012095451355
3138,9,10,0.29170963168144226
3139,9,11,0.2879900336265564
3140,9,12,0.2791663706302643
3141,9,13,0.329776793718338
3142,9,14,0.3431731164455414
3143,9,15,0.25467392802238464
3144,9,16,0.2290535867214203
3145,9,17,0.389377236366272
3146,9,18,0.21542660892009735
3147,9,19,0.38811227679252625
3148,9,20,0.36612457036972046
3149,9,21,0.29250553250312805
3150,9,22,0.27496108412742615
3151,9,23,0.45978859066963196
3152,9,24,0.3428955674171448
3153,9,25,0.26798519492149353
3154,9,26,0.36560776829719543
3155,9,27,0.21690614521503448
3156,9,28,0.29223647713661194
3157,9,29,0.2791246175765991
3158,9,30,0.35573554039001465
3159,9,31,0.2679808437824249
3160,9,32,0.27574440836906433
3161,9,33,0.3255005478858948
3162,9,34,0.3721185326576233
3163,9,35,0.38049593567848206
3164,9,36,0.39848005771636963
3165,9,37,0.27694767713546753
3166,9,38,0.2524622678756714
3167,9,39,0.2981652617454529
3168,9,40,0.46423912048339844
3169,9,41,0.32906073331832886
3170,9,42,0.2757633328437805
3171,9,43,0.18728923797607422
3172,9,44,0.21361298859119415
3173,9,45,0.2728659510612488
3174,9,46,0.3001542091369629
3175,9,47,0.22732119262218475
3176,9,48,0.210088312625885
3177,9,49,0.42061084508895874
3178,9,50,0.38439634442329407
3179,9,51,0.29126790165901184
3180,9,52,0.3812097907066345
3181,9,53,0.3911517858505249
3182,9,54,0.30028036236763
3183,9,55,0.2697363495826721
3184,9,56,0.2643253803253174
3185,9,57,0.3156792223453522
3186,9,58,0.22332075238227844
3187,9,59,0.2809440493583679
3188,9,60,0.3278110921382904
3189,9,61,0.26611676812171936
3190,9,62,0.4400285482406616
3191,9,63,0.2802821695804596
3192,9,64,0.3126421570777893
3193,9,65,0.31345316767692566
3194,9,66,0.3204384744167328
3195,9,67,0.3688245117664337
3196,9,68,0.4061233103275299
3197,9,69,0.2887927293777466
3198,9,70,0.2935669720172882
3199,9,71,0.2623220980167389
3200,9,72,0.23635323345661163
3201,9,73,0.48889750242233276
3202,9,74,0.21489182114601135
3203,9,75,0.40285423398017883
3204,9,76,0.3203185796737671
3205,9,77,0.29966920614242554
3206,9,78,0.37716394662857056
3207,9,79,0.4107661545276642
3208,9,80,0.32330620288848877
3209,9,81,0.2360994964838028
3210,9,82,0.16509416699409485
3211,9,83,0.34733888506889343
3212,9,84,0.272968590259552
3213,9,85,0.34024661779403687
3214,9,86,0.21636992692947388
3215,9,87,0.26627057790756226
3216,9,88,0.41645681858062744
3217,9,89,0.2582971751689911
3218,9,90,0.25223642587661743
3219,9,91,0.36652398109436035
3220,9,92,0.2878393232822418
3221,9,93,0.3432321548461914
3222,9,94,0.41180163621902466
3223,9,95,0.3191247880458832
3224,9,96,0.2561376690864563
3225,9,97,0.2524028718471527
3226,9,98,0.31222936511039734
3227,9,99,0.363089919090271
3228,9,100,0.31037238240242004
3229,9,101,0.31878337264060974
3230,9,102,0.3550526797771454
3231,9,103,0.3983105719089508
3232,9,104,0.41888612508773804
3233,9,105,0.40926411747932434
3234,9,106,0.3173426389694214
3235,9,107,0.30133748054504395
3236,9,108,0.41680335998535156
3237,9,109,0.3711870610713959
3238,9,110,0.38208115100860596
3239,9,111,0.2121717482805252
3240,9,112,0.39531412720680237
3241,9,113,0.5142992734909058
3242,9,114,0.4079638421535492
3243,9,115,0.3267830014228821
3244,9,116,0.31604012846946716
3245,9,117,0.3744858205318451
3246,9,118,0.31181952357292175
3247,9,119,0.25178027153015137
3248,9,120,0.3221251368522644
3249,9,121,0.4138088524341583
3250,9,122,0.3299497365951538
3251,9,123,0.4232312738895416
3252,9,124,0.36191487312316895
3253,9,125,0.2912774682044983
3254,9,126,0.3016720712184906
3255,9,127,0.3755630552768707
3256,9,128,0.3889288604259491
3257,9,129,0.3730640113353729
3258,9,130,0.274900883436203
3259,9,131,0.4087402820587158
3260,9,132,0.3478304147720337
3261,9,133,0.2756863236427307
3262,9,134,0.327598512172699
3263,9,135,0.43739885091781616
3264,9,136,0.4191329777240753
3265,9,137,0.3259745240211487
3266,9,138,0.43578261137008667
3267,9,139,0.18474644422531128
3268,9,140,0.4303605854511261
3269,9,141,0.3658452332019806
3270,9,142,0.38523927330970764
3271,9,143,0.48314863443374634
3272,9,144,0.35269272327423096
3273,9,145,0.31009727716445923
3274,9,146,0.32728832960128784
3275,9,147,0.3274533748626709
3276,9,148,0.30667316913604736
3277,9,149,0.33183127641677856
3278,9,150,0.35310301184654236
3279,9,151,0.38257351517677307
3280,9,152,0.2454177290201187
3281,9,153,0.39441725611686707
3282,9,154,0.2679244875907898
3283,9,155,0.2785876393318176
3284,9,156,0.21449114382266998
3285,9,157,0.3093637526035309
3286,9,158,0.2915463447570801
3287,9,159,0.34708723425865173
3288,9,160,0.3376728892326355
3289,9,161,0.3289443850517273
3290,9,162,0.43589505553245544
3291,9,163,0.2588092088699341
3292,9,164,0.29943785071372986
3293,9,165,0.3241979479789734
3294,9,166,0.3999279737472534
3295,9,167,0.5632995367050171
3296,9,168,0.4229579567909241
3297,9,169,0.49708691239356995
3298,9,170,0.5510228276252747
3299,9,171,0.42147448658943176
3300,9,172,0.3206484913825989
3301,9,173,0.31122255325317383
3302,9,174,0.38666966557502747
3303,9,175,0.36705008149147034
3304,9,176,0.4154861569404602
3305,9,177,0.44161537289619446
3306,9,178,0.47453632950782776
3307,9,179,0.31174930930137634
3308,9,180,0.4059067964553833
3309,9,181,0.33296871185302734
3310,9,182,0.36229878664016724
3311,9,183,0.5157130360603333
3312,9,184,0.3594101071357727
3313,9,185,0.2933286428451538
3314,9,186,0.2615598440170288
3315,9,187,0.36558714509010315
3316,9,188,0.4720282554626465
3317,9,189,0.24935200810432434
3318,9,190,0.26334866881370544
3319,9,191,0.4505698084831238
3320,9,192,0.3437754213809967
3321,9,193,0.4385230243206024
3322,9,194,0.36344411969184875
3323,9,195,0.4531198740005493
3324,9,196,0.3536883592605591
3325,9,197,0.3183596432209015
3326,9,198,0.2473258674144745
3327,9,199,0.41784438490867615
3328,9,200,0.2644731104373932
3329,9,201,0.3736145794391632
3330,9,202,0.349931001663208
3331,9,203,0.40375539660453796
3332,9,204,0.45791444182395935
3333,9,205,0.285887748003006
3334,9,206,0.3275352418422699
3335,9,207,0.24617528915405273
3336,9,208,0.3089246451854706
3337,9,209,0.36732837557792664
3338,9,210,0.4561482071876526
3339,9,211,0.43750298023223877
3340,9,212,0.3748154044151306
3341,9,213,0.39411965012550354
3342,9,214,0.33552834391593933
3343,9,215,0.31068068742752075
3344,9,216,0.32956016063690186
3345,9,217,0.31557920575141907
3346,9,218,0.37273523211479187
3347,9,219,0.4225408732891083
3348,9,220,0.27009180188179016
3349,9,221,0.2723124921321869
3350,9,222,0.46064746379852295
3351,9,223,0.3938406705856323
3352,9,224,0.42276573181152344
3353,9,225,0.2640272080898285
3354,9,226,0.33106788992881775
3355,9,227,0.2742442488670349
3356,9,228,0.26402169466018677
3357,9,229,0.267257958650589
3358,9,230,0.27709370851516724
3359,9,231,0.4647310972213745
3360,9,232,0.4428580105304718
3361,9,233,0.2596355080604553
3362,9,234,0.3064688444137573
3363,9,235,0.3752651512622833
3364,9,236,0.37238872051239014
3365,9,237,0.3680865168571472
3366,9,238,0.4497104287147522
3367,9,239,0.33574333786964417
3368,9,240,0.3421505093574524
3369,9,241,0.5057362914085388
3370,9,242,0.37586817145347595
3371,9,243,0.43077966570854187
3372,9,244,0.5336951613426208
3373,9,245,0.4033597409725189
3374,9,246,0.3729253113269806
3375,9,247,0.3968982696533203
3376,9,248,0.3538079261779785
3377,9,249,0.32800862193107605
3378,9,250,0.4890826642513275
3379,9,251,0.33978506922721863
3380,9,252,0.4863916039466858
3381,9,253,0.3315819799900055
3382,9,254,0.30205827951431274
3383,9,255,0.2991897463798523
3384,9,256,0.38237717747688293
3385,9,257,0.30505940318107605
3386,9,258,0.4064577519893646
3387,9,259,0.271479070186615
3388,9,260,0.3347132205963135
3389,9,261,0.38043662905693054
3390,9,262,0.3839631676673889
3391,9,263,0.4418902099132538
3392,9,264,0.33441290259361267
3393,9,265,0.418549120426178
3394,9,266,0.3908575177192688
3395,9,267,0.571546733379364
3396,9,268,0.450557678937912
3397,9,269,0.3259536325931549
3398,9,270,0.36242932081222534
3399,9,271,0.31560343503952026
3400,9,272,0.29777079820632935
3401,9,273,0.36135390400886536
3402,9,274,0.4635874330997467
3403,9,275,0.44862833619117737
3404,9,276,0.3502595126628876
3405,9,277,0.45510178804397583
3406,9,278,0.31858524680137634
3407,9,279,0.5453487634658813
3408,9,280,0.38446760177612305
3409,9,281,0.3547890782356262
3410,9,282,0.36381086707115173
3411,9,283,0.2669997215270996
3412,9,284,0.4435175955295563
3413,9,285,0.33067622780799866
3414,9,286,0.3544953465461731
3415,9,287,0.42920246720314026
3416,9,288,0.48041731119155884
3417,9,289,0.3331786096096039
3418,9,290,0.4645090401172638
3419,9,291,0.44478529691696167
3420,9,292,0.463360458612442
3421,9,293,0.4110070765018463
3422,9,294,0.3681758940219879
3423,9,295,0.3135855495929718
3424,9,296,0.32360848784446716
3425,9,297,0.32271331548690796
3426,9,298,0.3678707778453827
3427,9,299,0.40172237157821655
3428,9,300,0.3562913239002228
3429,9,301,0.4306880235671997
3430,9,302,0.4208212196826935
3431,9,303,0.3024730682373047
3432,9,304,0.3523423373699188
3433,9,305,0.3386528491973877
3434,9,306,0.392239511013031
3435,9,307,0.3974951207637787
3436,9,308,0.33860573172569275
3437,9,309,0.3196823298931122
3438,9,310,0.47875356674194336
3439,9,311,0.44621196389198303
3440,9,312,0.5122689008712769
3441,9,313,0.39079639315605164
3442,9,314,0.43373656272888184
3443,9,315,0.46365854144096375
3444,9,316,0.4031253159046173
3445,9,317,0.4735938310623169
3446,9,318,0.28880611062049866
3447,9,319,0.3162711560726166
3448,9,320,0.48094213008880615
3449,9,321,0.46300530433654785
3450,9,322,0.37798604369163513
3451,9,323,0.36799415946006775
3452,9,324,0.39920857548713684
3453,9,325,0.6053131222724915
3454,9,326,0.41310399770736694
3455,9,327,0.369687557220459
3456,9,328,0.43626677989959717
3457,9,329,0.4061115086078644
3458,9,330,0.3889380395412445
3459,9,331,0.3291529417037964
3460,9,332,0.4269936680793762
3461,9,333,0.4316556751728058
3462,9,334,0.46078476309776306
3463,9,335,0.4191400706768036
3464,9,336,0.3455771207809448
3465,9,337,0.34009024500846863
3466,9,338,0.3334694802761078
3467,9,339,0.35251492261886597
3468,9,340,0.3394833505153656
3469,9,341,0.3286324739456177
3470,9,342,0.4921739399433136
3471,9,343,0.43666672706604004
3472,9,344,0.4893011450767517
3473,9,345,0.4742816686630249
3474,9,346,0.40041518211364746
3475,9,347,0.4054250717163086
3476,9,348,0.3782058358192444
3477,9,349,0.500602126121521
3478,9,350,0.3580223321914673
3479,9,351,0.42083966732025146
3480,9,352,0.3257012665271759
3481,9,353,0.4456237852573395
3482,9,354,0.26276490092277527
3483,9,355,0.2797008454799652
3484,9,356,0.3941713571548462
3485,9,357,0.2718961238861084
3486,9,358,0.3598257005214691
3487,9,359,0.39316266775131226
3488,9,360,0.38112762570381165
3489,9,361,0.44929540157318115
3490,9,362,0.3788873553276062
3491,9,363,0.35645437240600586
3492,9,364,0.37129780650138855
3493,9,365,0.3045271337032318
3494,9,366,0.38877764344215393
3495,9,367,0.3047861158847809
3496,9,368,0.35825979709625244
3497,9,369,0.4723982512950897
3498,9,370,0.3288053274154663
3499,9,371,0.35185950994491577
3500,9,372,0.37412360310554504
3501,9,373,0.3024637997150421
3502,9,374,0.3552180826663971
3503,9,375,0.3172464370727539
3504,9,376,0.4806768596172333
3505,9,377,0.4465879499912262
3506,9,378,0.3678940236568451
3507,9,379,0.3367260694503784
3508,9,380,0.3641987442970276
3509,9,381,0.39200830459594727
3510,9,382,0.3717552125453949
3511,9,383,0.3661670982837677
3512,9,384,0.30785778164863586
3513,9,385,0.3732852041721344
3514,9,386,0.3772057890892029
3515,9,387,0.3822004795074463
3516,9,388,0.28465956449508667
3517,9,389,0.39276042580604553
3518,9,390,0.35546812415122986
3519,9,391,0.4500967562198639
3520,10,1,0.20278573036193848
3521,10,2,0.20924317836761475
3522,10,3,0.21482881903648376
3523,10,4,0.24330945312976837
3524,10,5,0.31333085894584656
3525,10,6,0.12890002131462097
3526,10,7,0.254578560590744
3527,10,8,0.25357985496520996
3528,10,9,0.2186533659696579
3529,10,10,0.41242027282714844
3530,10,11,0.29191675782203674
3531,10,12,0.22614355385303497
3532,10,13,0.2999100387096405
3533,10,14,0.26495811343193054
3534,10,15,0.31110307574272156
3535,10,16,0.2722543478012085
3536,10,17,0.31620389223098755
3537,10,18,0.2625201940536499
3538,10,19,0.30630582571029663
3539,10,20,0.27608782052993774
3540,10,21,0.21536357700824738
3541,10,22,0.35240301489830017
3542,10,23,0.34706273674964905
3543,10,24,0.2804918885231018
3544,10,25,0.1838308572769165
3545,10,26,0.18057690560817719
3546,10,27,0.38251495361328125
3547,10,28,0.2274409830570221
3548,10,29,0.18940922617912292
3549,10,30,0.31125408411026
3550,10,31,0.2534262537956238
3551,10,32,0.282560795545578
3552,10,33,0.14386701583862305
3553,10,34,0.2425784319639206
3554,10,35,0.33372920751571655
3555,10,36,0.2546914219856262
3556,10,37,0.2686680853366852
3557,10,38,0.22413751482963562
3558,10,39,0.31583452224731445
3559,10,40,0.3103332221508026
3560,10,41,0.3400443494319916
3561,10,42,0.21009215712547302
3562,10,43,0.41284307837486267
3563,10,44,0.31991973519325256
3564,10,45,0.2838858962059021
3565,10,46,0.21861901879310608
3566,10,47,0.22817669808864594
3567,10,48,0.27651217579841614
3568,10,49,0.28248903155326843
3569,10,50,0.2512073814868927
3570,10,51,0.3139810562133789
3571,10,52,0.3090275228023529
3572,10,53,0.27140504121780396
3573,10,54,0.31329649686813354
3574,10,55,0.295071542263031
3575,10,56,0.24318034946918488
3576,10,57,0.27446186542510986
3577,10,58,0.1429222971200943
3578,10,59,0.23657387495040894
3579,10,60,0.3295223116874695
3580,10,61,0.3350100815296173
3581,10,62,0.2537442147731781
3582,10,63,0.28216737508773804
3583,10,64,0.23844948410987854
3584,10,65,0.2708996534347534
3585,10,66,0.3086893856525421
3586,10,67,0.1970006376504898
3587,10,68,0.29748213291168213
3588,10,69,0.14576955139636993
3589,10,70,0.17185604572296143
3590,10,71,0.3485552966594696
3591,10,72,0.4726818799972534
3592,10,73,0.2703362703323364
3593,10,74,0.231617271900177
3594,10,75,0.31915807723999023
3595,10,76,0.2849852442741394
3596,10,77,0.32153457403182983
3597,10,78,0.2532609701156616
3598,10,79,0.32535800337791443
3599,10,80,0.2585422992706299
3600,10,81,0.2020464688539505
3601,10,82,0.3533150553703308
3602,10,83,0.3086692988872528
3603,10,84,0.2952321767807007
3604,10,85,0.30609220266342163
3605,10,86,0.1893543303012848
3606,10,87,0.2586762309074402
3607,10,88,0.2879186272621155
3608,10,89,0.34951353073120117
3609,10,90,0.19838958978652954
3610,10,91,0.3777048587799072
3611,10,92,0.3228166997432709
3612,10,93,0.18377816677093506
3613,10,94,0.2348291575908661
3614,10,95,0.2717316448688507
3615,10,96,0.36723601818084717
3616,10,97,0.33327364921569824
3617,10,98,0.24734751880168915
3618,10,99,0.18875527381896973
3619,10,100,0.22080887854099274
3620,10,101,0.2927936017513275
3621,10,102,0.12852172553539276
3622,10,103,0.2782418727874756
3623,10,104,0.4454059600830078
3624,10,105,0.213687002658844
3625,10,106,0.18600201606750488
3626,10,107,0.2125156819820404
3627,10,108,0.19980455935001373
3628,10,109,0.3096579313278198
3629,10,110,0.254131555557251
3630,10,111,0.45779046416282654
3631,10,112,0.4400499165058136
3632,10,113,0.2595372796058655
3633,10,114,0.2295541912317276
3634,10,115,0.340761661529541
3635,10,116,0.29184624552726746
3636,10,117,0.286845862865448
3637,10,118,0.1692991703748703
3638,10,119,0.3516061007976532
3639,10,120,0.24459365010261536
3640,10,121,0.2701665461063385
3641,10,122,0.4318816661834717
3642,10,123,0.3099997341632843
3643,10,124,0.24881066381931305
3644,10,125,0.2607119381427765
3645,10,126,0.3906131088733673
3646,10,127,0.25685834884643555
3647,10,128,0.31260186433792114
3648,10,129,0.36992505192756653
3649,10,130,0.2832082509994507
3650,10,131,0.47228899598121643
3651,10,132,0.31266748905181885
3652,10,133,0.3216525614261627
3653,10,134,0.44002556800842285
3654,10,135,0.24592214822769165
3655,10,136,0.21713314950466156
3656,10,137,0.3658091127872467
3657,10,138,0.25671035051345825
3658,10,139,0.3765024244785309
3659,10,140,0.25651419162750244
3660,10,141,0.4465012550354004
3661,10,142,0.18937525153160095
3662,10,143,0.35798946022987366
3663,10,144,0.33353033661842346
3664,10,145,0.3060055375099182
3665,10,146,0.296877920627594
3666,10,147,0.24421924352645874
3667,10,148,0.34629958868026733
3668,10,149,0.18856820464134216
3669,10,150,0.27069005370140076
3670,10,151,0.39052945375442505
3671,10,152,0.23974519968032837
3672,10,153,0.293087363243103
3673,10,154,0.1848505288362503
3674,10,155,0.34361571073532104
3675,10,156,0.34019163250923157
3676,10,157,0.2841370403766632
3677,10,158,0.35299891233444214
3678,10,159,0.5012466311454773
3679,10,160,0.22857311367988586
3680,10,161,0.319607675075531
3681,10,162,0.36926308274269104
3682,10,163,0.35372814536094666
3683,10,164,0.35781219601631165
3684,10,165,0.2912590801715851
3685,10,166,0.3424852788448334
3686,10,167,0.2833162248134613
3687,10,168,0.2668604850769043
3688,10,169,0.37446314096450806
3689,10,170,0.37405478954315186
3690,10,171,0.2843286395072937
3691,10,172,0.22410230338573456
3692,10,173,0.370293527841568
3693,10,174,0.2441830188035965
3694,10,175,0.3377215266227722
3695,10,176,0.41373905539512634
3696,10,177,0.3431742191314697
3697,10,178,0.34312543272972107
3698,10,179,0.2904163897037506
3699,10,180,0.2874414920806885
3700,10,181,0.26885488629341125
3701,10,182,0.3793226480484009
3702,10,183,0.437579482793808
3703,10,184,0.29359665513038635
3704,10,185,0.27326759696006775
3705,10,186,0.30571427941322327
3706,10,187,0.42250484228134155
3707,10,188,0.36749380826950073
3708,10,189,0.2919524013996124
3709,10,190,0.33262741565704346
3710,10,191,0.2866821587085724
3711,10,192,0.3350681960582733
3712,10,193,0.21735027432441711
3713,10,194,0.22301916778087616
3714,10,195,0.27509886026382446
3715,10,196,0.2784724235534668
3716,10,197,0.2591210603713989
3717,10,198,0.26759862899780273
3718,10,199,0.2541849613189697
3719,10,200,0.33706143498420715
3720,10,201,0.34614136815071106
3721,10,202,0.36888033151626587
3722,10,203,0.311742901802063
3723,10,204,0.4539904296398163
3724,10,205,0.2103767693042755
3725,10,206,0.25953754782676697
3726,10,207,0.17137286067008972
3727,10,208,0.31013771891593933
3728,10,209,0.30948367714881897
3729,10,210,0.45656582713127136
3730,10,211,0.1419796198606491
3731,10,212,0.2896867096424103
3732,10,213,0.35242775082588196
3733,10,214,0.3347214460372925
3734,10,215,0.20750384032726288
3735,10,216,0.37886106967926025
3736,10,217,0.43452683091163635
3737,10,218,0.2738535702228546
3738,10,219,0.22449201345443726
3739,10,220,0.22651657462120056
3740,10,221,0.3700120151042938
3741,10,222,0.17361147701740265
3742,10,223,0.4043980836868286
3743,10,224,0.2860012948513031
3744,10,225,0.3557533621788025
3745,10,226,0.3276517987251282
3746,10,227,0.33343151211738586
3747,10,228,0.2891075611114502
3748,10,229,0.2856771647930145
3749,10,230,0.24711687862873077
3750,10,231,0.2162238210439682
3751,10,232,0.33136117458343506
3752,10,233,0.3545267879962921
3753,10,234,0.258563756942749
3754,10,235,0.26550376415252686
3755,10,236,0.2999008595943451
3756,10,237,0.26016080379486084
3757,10,238,0.32119402289390564
3758,10,239,0.302330881357193
3759,10,240,0.17812445759773254
3760,10,241,0.21923641860485077
3761,10,242,0.1944132149219513
3762,10,243,0.27557843923568726
3763,10,244,0.29699888825416565
3764,10,245,0.2315637469291687
3765,10,246,0.32040172815322876
3766,10,247,0.236179918050766
3767,10,248,0.31267961859703064
3768,10,249,0.33628734946250916
3769,10,250,0.2688440680503845
3770,10,251,0.45073211193084717
3771,10,252,0.4388241767883301
3772,10,253,0.3494362235069275
3773,10,254,0.3729722499847412
3774,10,255,0.2564500570297241
3775,10,256,0.341992050409317
3776,10,257,0.2952800393104553
3777,10,258,0.16990987956523895
3778,10,259,0.29897263646125793
3779,10,260,0.3890756368637085
3780,10,261,0.3209517002105713
3781,10,262,0.2533700466156006
3782,10,263,0.35960617661476135
3783,10,264,0.443632036447525
3784,10,265,0.4055321216583252
3785,10,266,0.38238534331321716
3786,10,267,0.19828304648399353
3787,10,268,0.43919047713279724
3788,10,269,0.3484671115875244
3789,10,270,0.3312607705593109
3790,10,271,0.3304467797279358
3791,10,272,0.4026876389980316
3792,10,273,0.39404579997062683
3793,10,274,0.4762626886367798
3794,10,275,0.3074176609516144
3795,10,276,0.360384076833725
3796,10,277,0.3770999610424042
3797,10,278,0.20356790721416473
3798,10,279,0.2506965398788452
3799,10,280,0.2705860435962677
3800,10,281,0.33164742588996887
3801,10,282,0.3915020227432251
3802,10,283,0.35141563415527344
3803,10,284,0.41849371790885925
3804,10,285,0.36804866790771484
3805,10,286,0.34881752729415894
3806,10,287,0.42435556650161743
3807,10,288,0.4196558892726898
3808,10,289,0.39180541038513184
3809,10,290,0.3955634534358978
3810,10,291,0.3420114815235138
3811,10,292,0.3851109743118286
3812,10,293,0.4423796534538269
3813,10,294,0.3286838233470917
3814,10,295,0.33219414949417114
3815,10,296,0.42123183608055115
3816,10,297,0.353573203086853
3817,10,298,0.2912978529930115
3818,10,299,0.3681802749633789
3819,10,300,0.2853084206581116
3820,10,301,0.34409505128860474
3821,10,302,0.2686695456504822
3822,10,303,0.21476708352565765
3823,10,304,0.30568796396255493
3824,10,305,0.4728066027164459
3825,10,306,0.4872189462184906
3826,10,307,0.19976618885993958
3827,10,308,0.3563297986984253
3828,10,309,0.3293773829936981
3829,10,310,0.3031163513660431
3830,10,311,0.3245869278907776
3831,10,312,0.35508793592453003
3832,10,313,0.24025669693946838
3833,10,314,0.3899857699871063
3834,10,315,0.3721642792224884
3835,10,316,0.3508899211883545
3836,10,317,0.3237030804157257
3837,10,318,0.3755958676338196
3838,10,319,0.2401469498872757
3839,10,320,0.2783689498901367
3840,10,321,0.33598974347114563
3841,10,322,0.2897445857524872
3842,10,323,0.4028876721858978
3843,10,324,0.16157077252864838
3844,10,325,0.27057725191116333
3845,10,326,0.25448086857795715
3846,10,327,0.31450513005256653
3847,10,328,0.3112708330154419
3848,10,329,0.198591947555542
3849,10,330,0.4158741235733032
3850,10,331,0.28434547781944275
3851,10,332,0.3692812919616699
3852,10,333,0.31414833664894104
3853,10,334,0.21688216924667358
3854,10,335,0.29227060079574585
3855,10,336,0.3403005301952362
3856,10,337,0.4046712815761566
3857,10,338,0.40956026315689087
3858,10,339,0.1949477195739746
3859,10,340,0.3803583085536957
3860,10,341,0.34388983249664307
3861,10,342,0.34168779850006104
3862,10,343,0.32267796993255615
3863,10,344,0.23172570765018463
3864,10,345,0.3697415590286255
3865,10,346,0.28694868087768555
3866,10,347,0.4268852174282074
3867,10,348,0.38011378049850464
3868,10,349,0.24190932512283325
3869,10,350,0.2622717618942261
3870,10,351,0.37818434834480286
3871,10,352,0.39627549052238464
3872,10,353,0.24109095335006714
3873,10,354,0.3160514533519745
3874,10,355,0.3361440598964691
3875,10,356,0.5010442733764648
3876,10,357,0.30858421325683594
3877,10,358,0.31597068905830383
3878,10,359,0.35039645433425903
3879,10,360,0.35347047448158264
3880,10,361,0.3090527653694153
3881,10,362,0.34956151247024536
3882,10,363,0.44787052273750305
3883,10,364,0.37624409794807434
3884,10,365,0.40258970856666565
3885,10,366,0.4074077308177948
3886,10,367,0.37270858883857727
3887,10,368,0.40543004870414734
3888,10,369,0.27264297008514404
3889,10,370,0.4632260799407959
3890,10,371,0.5427314639091492
3891,10,372,0.32363346219062805
3892,10,373,0.27672943472862244
3893,10,374,0.35236018896102905
3894,10,375,0.3397345542907715
3895,10,376,0.35630348324775696
3896,10,377,0.3483729660511017
3897,10,378,0.3590235412120819
3898,10,379,0.3700997233390808
3899,10,380,0.3197680413722992
3900,10,381,0.3437189757823944
3901,10,382,0.35255002975463867
3902,10,383,0.5102681517601013
3903,10,384,0.3432828187942505
3904,10,385,0.3089492917060852
3905,10,386,0.38548070192337036
3906,10,387,0.5023773312568665
3907,10,388,0.4512482285499573
3908,10,389,0.2335345596075058
3909,10,390,0.3330681025981903
3910,10,391,0.32493290305137634
3911,11,1,0.18326647579669952
3912,11,2,0.3562043309211731
3913,11,3,0.33267900347709656
3914,11,4,0.28404363989830017
3915,11,5,0.21277491748332977
3916,11,6,0.1810145229101181
3917,11,7,0.2440708726644516
3918,11,8,0.1611897200345993
3919,11,9,0.28288668394088745
3920,11,10,0.2871866226196289
3921,11,11,0.2731705904006958
3922,11,12,0.14496710896492004
3923,11,13,0.15541623532772064
3924,11,14,0.16634885966777802
3925,11,15,0.2535019516944885
3926,11,16,0.27270734310150146
3927,11,17,0.13091810047626495
3928,11,18,0.15303769707679749
3929,11,19,0.2046278417110443
3930,11,20,0.1801275908946991
3931,11,21,0.1903713196516037
3932,11,22,0.22964218258857727
3933,11,23,0.1820654571056366
3934,11,24,0.25430285930633545
3935,11,25,0.1518227905035019
3936,11,26,0.21499095857143402
3937,11,27,0.16587792336940765
3938,11,28,0.26209649443626404
3939,11,29,0.21808576583862305
3940,11,30,0.2409871220588684
3941,11,31,0.32627400755882263
3942,11,32,0.32009246945381165
3943,11,33,0.25427770614624023
3944,11,34,0.16936270892620087
3945,11,35,0.23572297394275665
3946,11,36,0.27663859724998474
3947,11,37,0.18391692638397217
3948,11,38,0.2512497901916504
3949,11,39,0.23476475477218628
3950,11,40,0.21071510016918182
3951,11,41,0.19175857305526733
3952,11,42,0.3354339003562927
3953,11,43,0.16773001849651337
3954,11,44,0.26131612062454224
3955,11,45,0.13086764514446259
3956,11,46,0.1604665368795395
3957,11,47,0.3410778343677521
3958,11,48,0.232923686504364
3959,11,49,0.19840006530284882
3960,11,50,0.16732804477214813
3961,11,51,0.2492869794368744
3962,11,52,0.32420358061790466
3963,11,53,0.23294080793857574
3964,11,54,0.213705912232399
3965,11,55,0.33518099784851074
3966,11,56,0.17936719954013824
3967,11,57,0.23142746090888977
3968,11,58,0.07870463281869888
3969,11,59,0.34341543912887573
3970,11,60,0.2218601256608963
3971,11,61,0.17693431675434113
3972,11,62,0.23798975348472595
3973,11,63,0.2941516041755676
3974,11,64,0.23101706802845
3975,11,65,0.22095826268196106
3976,11,66,0.20862829685211182
3977,11,67,0.2320971041917801
3978,11,68,0.1684327870607376
3979,11,69,0.17353986203670502
3980,11,70,0.31054574251174927
3981,11,71,0.28724023699760437
3982,11,72,0.1680443435907364
3983,11,73,0.2559551000595093
3984,11,74,0.1128312423825264
3985,11,75,0.26116910576820374
3986,11,76,0.22266264259815216
3987,11,77,0.26933953166007996
3988,11,78,0.23739390075206757
3989,11,79,0.33460333943367004
3990,11,80,0.3922991454601288
3991,11,81,0.3979418873786926
3992,11,82,0.31479477882385254
3993,11,83,0.2925835847854614
3994,11,84,0.34092971682548523
3995,11,85,0.20854756236076355
3996,11,86,0.3371944725513458
3997,11,87,0.31742507219314575
3998,11,88,0.2731858789920807
3999,11,89,0.2640365958213806
4000,11,90,0.20209263265132904
4001,11,91,0.2529448866844177
4002,11,92,0.22095003724098206
4003,11,93,0.22065617144107819
4004,11,94,0.29046010971069336
4005,11,95,0.32441583275794983
4006,11,96,0.22964300215244293
4007,11,97,0.30272021889686584
4008,11,98,0.2543382942676544
4009,11,99,0.337946355342865
4010,11,100,0.21163968741893768
4011,11,101,0.1927257478237152
4012,11,102,0.2810766398906708
4013,11,103,0.16839827597141266
4014,11,104,0.2868402302265167
4015,11,105,0.25074851512908936
4016,11,106,0.20211538672447205
4017,11,107,0.23984915018081665
4018,11,108,0.21469397842884064
4019,11,109,0.23600228130817413
4020,11,110,0.28373464941978455
4021,11,111,0.27009686827659607
4022,11,112,0.24910686910152435
4023,11,113,0.23700104653835297
4024,11,114,0.2021692842245102
4025,11,115,0.28494369983673096
4026,11,116,0.22477909922599792
4027,11,117,0.18293215334415436
4028,11,118,0.20876911282539368
4029,11,119,0.24079668521881104
4030,11,120,0.31631526350975037
4031,11,121,0.17820043861865997
4032,11,122,0.24152600765228271
4033,11,123,0.2621968984603882
4034,11,124,0.15037915110588074
4035,11,125,0.2182438224554062
4036,11,126,0.23420307040214539
4037,11,127,0.32071366906166077
4038,11,128,0.24319186806678772
4039,11,129,0.3094772398471832
4040,11,130,0.4429606795310974
4041,11,131,0.19382831454277039
4042,11,132,0.2193833440542221
4043,11,133,0.22759614884853363
4044,11,134,0.2685122489929199
4045,11,135,0.36135226488113403
4046,11,136,0.2523626983165741
4047,11,137,0.23022261261940002
4048,11,138,0.2605839669704437
4049,11,139,0.22696544229984283
4050,11,140,0.3383472263813019
4051,11,141,0.21233803033828735
4052,11,142,0.27815529704093933
4053,11,143,0.30834516882896423
4054,11,144,0.20983074605464935
4055,11,145,0.2546972930431366
4056,11,146,0.28396087884902954
4057,11,147,0.23680518567562103
4058,11,148,0.223860964179039
4059,11,149,0.4168652892112732
4060,11,150,0.23983266949653625
4061,11,151,0.23150217533111572
4062,11,152,0.29203659296035767
4063,11,153,0.24395248293876648
4064,11,154,0.21006152033805847
4065,11,155,0.27154555916786194
4066,11,156,0.2855651080608368
4067,11,157,0.21310099959373474
4068,11,158,0.31422868371009827
4069,11,159,0.2356632500886917
4070,11,160,0.30369919538497925
4071,11,161,0.28896310925483704
4072,11,162,0.20666174590587616
4073,11,163,0.1946139633655548
4074,11,164,0.3817891478538513
4075,11,165,0.26346293091773987
4076,11,166,0.3162388205528259
4077,11,167,0.2676708400249481
4078,11,168,0.28180450201034546
4079,11,169,0.2094699889421463
4080,11,170,0.17609620094299316
4081,11,171,0.33188509941101074
4082,11,172,0.26434609293937683
4083,11,173,0.27851226925849915
4084,11,174,0.3283846080303192
4085,11,175,0.21600161492824554
4086,11,176,0.3019486665725708
4087,11,177,0.30735087394714355
4088,11,178,0.21848155558109283
4089,11,179,0.20133282244205475
4090,11,180,0.2837859094142914
4091,11,181,0.29588964581489563
4092,11,182,0.22146771848201752
4093,11,183,0.2502298057079315
4094,11,184,0.1922743022441864
4095,11,185,0.35153862833976746
4096,11,186,0.1907045543193817
4097,11,187,0.203471377491951
4098,11,188,0.21210581064224243
4099,11,189,0.27642622590065
4100,11,190,0.24894006550312042
4101,11,191,0.23941592872142792
4102,11,192,0.19963885843753815
4103,11,193,0.330473929643631
4104,11,194,0.30711719393730164
4105,11,195,0.300742506980896
4106,11,196,0.2832501232624054
4107,11,197,0.27298587560653687
4108,11,198,0.2586555778980255
4109,11,199,0.21737317740917206
4110,11,200,0.4579315781593323
4111,11,201,0.23571059107780457
4112,11,202,0.3824251890182495
4113,11,203,0.4571447968482971
4114,11,204,0.3277810215950012
4115,11,205,0.29541146755218506
4116,11,206,0.2370183914899826
4117,11,207,0.2809065282344818
4118,11,208,0.18672165274620056
4119,11,209,0.21455970406532288
4120,11,210,0.5195189118385315
4121,11,211,0.2631922662258148
4122,11,212,0.22623209655284882
4123,11,213,0.20813913643360138
4124,11,214,0.3973783254623413
4125,11,215,0.25388801097869873
4126,11,216,0.2537654638290405
4127,11,217,0.3377959430217743
4128,11,218,0.27103620767593384
4129,11,219,0.12054948508739471
4130,11,220,0.17629103362560272
4131,11,221,0.17062391340732574
4132,11,222,0.2768336236476898
4133,11,223,0.21363019943237305
4134,11,224,0.3189491033554077
4135,11,225,0.24117720127105713
4136,11,226,0.23684167861938477
4137,11,227,0.16535821557044983
4138,11,228,0.3319820761680603
4139,11,229,0.17891091108322144
4140,11,230,0.26947519183158875
4141,11,231,0.22459805011749268
4142,11,232,0.32321372628211975
4143,11,233,0.26079389452934265
4144,11,234,0.21681790053844452
4145,11,235,0.2980252802371979
4146,11,236,0.2701277434825897
4147,11,237,0.28165102005004883
4148,11,238,0.24839578568935394
4149,11,239,0.224708691239357
4150,11,240,0.1789909452199936
4151,11,241,0.3247567117214203
4152,11,242,0.2897523045539856
4153,11,243,0.15846401453018188
4154,11,244,0.307174950838089
4155,11,245,0.3016238808631897
4156,11,246,0.14250467717647552
4157,11,247,0.3236699402332306
4158,11,248,0.19059178233146667
4159,11,249,0.23136946558952332
4160,11,250,0.16573591530323029
4161,11,251,0.2454376220703125
4162,11,252,0.28974649310112
4163,11,253,0.4123460352420807
4164,11,254,0.3451765477657318
4165,11,255,0.3922549784183502
4166,11,256,0.398120641708374
4167,11,257,0.294677734375
4168,11,258,0.17906489968299866
4169,11,259,0.27808091044425964
4170,11,260,0.3237978219985962
4171,11,261,0.2546345889568329
4172,11,262,0.2153783142566681
4173,11,263,0.20700107514858246
4174,11,264,0.2429617941379547
4175,11,265,0.221930131316185
4176,11,266,0.28031912446022034
4177,11,267,0.3262801468372345
4178,11,268,0.40736886858940125
4179,11,269,0.2106696516275406
4180,11,270,0.32335591316223145
4181,11,271,0.33236923813819885
4182,11,272,0.28955042362213135
4183,11,273,0.2243455946445465
4184,11,274,0.31165510416030884
4185,11,275,0.40979886054992676
4186,11,276,0.23449692130088806
4187,11,277,0.27013930678367615
4188,11,278,0.4166185259819031
4189,11,279,0.31025171279907227
4190,11,280,0.2272668480873108
4191,11,281,0.1890779286623001
4192,11,282,0.3060932755470276
4193,11,283,0.2596341669559479
4194,11,284,0.32874488830566406
4195,11,285,0.20636561512947083
4196,11,286,0.18835723400115967
4197,11,287,0.19008362293243408
4198,11,288,0.3352207541465759
4199,11,289,0.17725151777267456
4200,11,290,0.30376482009887695
4201,11,291,0.2948119342327118
4202,11,292,0.30593231320381165
4203,11,293,0.34806495904922485
4204,11,294,0.22321778535842896
4205,11,295,0.2010958343744278
4206,11,296,0.29044464230537415
4207,11,297,0.2521522641181946
4208,11,298,0.257055401802063
4209,11,299,0.29108864068984985
4210,11,300,0.18960261344909668
4211,11,301,0.22586411237716675
4212,11,302,0.42437297105789185
4213,11,303,0.2504750192165375
4214,11,304,0.2839072644710541
4215,11,305,0.29025307297706604
4216,11,306,0.2144625335931778
4217,11,307,0.2673300504684448
4218,11,308,0.32158082723617554
4219,11,309,0.30075588822364807
4220,11,310,0.25508153438568115
4221,11,311,0.3424191176891327
4222,11,312,0.4218377470970154
4223,11,313,0.2922954559326172
4224,11,314,0.46108493208885193
4225,11,315,0.3067763149738312
4226,11,316,0.35666409134864807
4227,11,317,0.3430667817592621
4228,11,318,0.4242013096809387
4229,11,319,0.43426960706710815
4230,11,320,0.4800191819667816
4231,11,321,0.31588852405548096
4232,11,322,0.37966838479042053
4233,11,323,0.47625628113746643
4234,11,324,0.3223705291748047
4235,11,325,0.47856011986732483
4236,11,326,0.26787278056144714
4237,11,327,0.33727946877479553
4238,11,328,0.27149781584739685
4239,11,329,0.16290636360645294
4240,11,330,0.2622968852519989
4241,11,331,0.4393417537212372
4242,11,332,0.33314624428749084
4243,11,333,0.22277727723121643
4244,11,334,0.27167636156082153
4245,11,335,0.3016398251056671
4246,11,336,0.40108197927474976
4247,11,337,0.261690616607666
4248,11,338,0.3329627811908722
4249,11,339,0.28159964084625244
4250,11,340,0.24357537925243378
4251,11,341,0.267966628074646
4252,11,342,0.2503211200237274
4253,11,343,0.2912079691886902
4254,11,344,0.1496003270149231
4255,11,345,0.35761335492134094
4256,11,346,0.26232871413230896
4257,11,347,0.29003316164016724
4258,11,348,0.25865402817726135
4259,11,349,0.28025439381599426
4260,11,350,0.2643575668334961
4261,11,351,0.28024083375930786
4262,11,352,0.18422795832157135
4263,11,353,0.29188138246536255
4264,11,354,0.24078074097633362
4265,11,355,0.31388819217681885
4266,11,356,0.2808924913406372
4267,11,357,0.3189936876296997
4268,11,358,0.3125700056552887
4269,11,359,0.30197760462760925
4270,11,360,0.3088579773902893
4271,11,361,0.31593382358551025
4272,11,362,0.3352434039115906
4273,11,363,0.16924992203712463
4274,11,364,0.3608379662036896
4275,11,365,0.19435539841651917
4276,11,366,0.19255800545215607
4277,11,367,0.36790013313293457
4278,11,368,0.2753809988498688
4279,11,369,0.4023510217666626
4280,11,370,0.22606660425662994
4281,11,371,0.3951245844364166
4282,11,372,0.27589908242225647
4283,11,373,0.4422875642776489
4284,11,374,0.2640223503112793
4285,11,375,0.2615966200828552
4286,11,376,0.1966116577386856
4287,11,377,0.22441141307353973
4288,11,378,0.20952239632606506
4289,11,379,0.27806568145751953
4290,11,380,0.27726009488105774
4291,11,381,0.19589683413505554
4292,11,382,0.1866617053747177
4293,11,383,0.2918950021266937
4294,11,384,0.2515048682689667
4295,11,385,0.35489219427108765
4296,11,386,0.2315172553062439
4297,11,387,0.3103337585926056
4298,11,388,0.1476374864578247
4299,11,389,0.22106072306632996
4300,11,390,0.3621607720851898
4301,11,391,0.17932479083538055
4302,12,1,0.23256561160087585
4303,12,2,0.17804363369941711
4304,12,3,0.17263147234916687
4305,12,4,0.11609610915184021
4306,12,5,0.195221945643425
4307,12,6,0.15228545665740967
4308,12,7,0.23432284593582153
4309,12,8,0.22185583412647247
4310,12,9,0.22487439215183258
4311,12,10,0.15395334362983704
4312,12,11,0.16455499827861786
4313,12,12,0.2000909000635147
4314,12,13,0.20018042623996735
4315,12,14,0.28903114795684814
4316,12,15,0.17346017062664032
4317,12,16,0.11541128903627396
4318,12,17,0.17941130697727203
4319,12,18,0.3433791995048523
4320,12,19,0.17011691629886627
4321,12,20,0.31154489517211914
4322,12,21,0.20688295364379883
4323,12,22,0.25504636764526367
4324,12,23,0.2011544108390808
4325,12,24,0.12371063977479935
4326,12,25,0.11613908410072327
4327,12,26,0.25882530212402344
4328,12,27,0.1630203276872635
4329,12,28,0.2219131588935852
4330,12,29,0.19725599884986877
4331,12,30,0.10764610022306442
4332,12,31,0.1307661384344101
4333,12,32,0.18975909054279327
4334,12,33,0.17359070479869843
4335,12,34,0.21937452256679535
4336,12,35,0.1656516045331955
4337,12,36,0.16023515164852142
4338,12,37,0.21580491960048676
4339,12,38,0.23494641482830048
4340,12,39,0.22383421659469604
4341,12,40,0.18068672716617584
4342,12,41,0.18773724138736725
4343,12,42,0.16797828674316406
4344,12,43,0.1963941901922226
4345,12,44,0.1839822679758072
4346,12,45,0.13693398237228394
4347,12,46,0.10318911820650101
4348,12,47,0.19940783083438873
4349,12,48,0.27135926485061646
4350,12,49,0.2301960587501526
4351,12,50,0.11625687032938004
4352,12,51,0.23390443623065948
4353,12,52,0.26441553235054016
4354,12,53,0.1819118708372116
4355,12,54,0.3208337426185608
4356,12,55,0.21696285903453827
4357,12,56,0.11974349617958069
4358,12,57,0.14740829169750214
4359,12,58,0.24959757924079895
4360,12,59,0.18301992118358612
4361,12,60,0.2374810427427292
4362,12,61,0.28953447937965393
4363,12,62,0.15988412499427795
4364,12,63,0.18381500244140625
4365,12,64,0.27332428097724915
4366,12,65,0.16018761694431305
4367,12,66,0.14597339928150177
4368,12,67,0.2534617483615875
4369,12,68,0.2583532929420471
4370,12,69,0.1596592366695404
4371,12,70,0.15692025423049927
4372,12,71,0.21878187358379364
4373,12,72,0.16296100616455078
4374,12,73,0.10449856519699097
4375,12,74,0.1911689192056656
4376,12,75,0.16134700179100037
4377,12,76,0.23717619478702545
4378,12,77,0.20554232597351074
4379,12,78,0.2641831636428833
4380,12,79,0.2321452647447586
4381,12,80,0.14717990159988403
4382,12,81,0.1656387746334076
4383,12,82,0.11042097955942154
4384,12,83,0.11242910474538803
4385,12,84,0.18954458832740784
4386,12,85,0.21621105074882507
4387,12,86,0.24565023183822632
4388,12,87,0.1987093985080719
4389,12,88,0.18903860449790955
4390,12,89,0.1059952974319458
4391,12,90,0.3463318943977356
4392,12,91,0.32346850633621216
4393,12,92,0.1813485324382782
4394,12,93,0.15144148468971252
4395,12,94,0.2045261561870575
4396,12,95,0.22429777681827545
4397,12,96,0.12452509254217148
4398,12,97,0.19033153355121613
4399,12,98,0.17637662589550018
4400,12,99,0.2536073923110962
4401,12,100,0.203346386551857
4402,12,101,0.17184816300868988
4403,12,102,0.24672286212444305
4404,12,103,0.19787690043449402
4405,12,104,0.16754958033561707
4406,12,105,0.17370916903018951
4407,12,106,0.21331270039081573
4408,12,107,0.2975054979324341
4409,12,108,0.28087013959884644
4410,12,109,0.257185697555542
4411,12,110,0.23288273811340332
4412,12,111,0.18346482515335083
4413,12,112,0.20238779485225677
4414,12,113,0.1866658478975296
4415,12,114,0.20261551439762115
4416,12,115,0.21492265164852142
4417,12,116,0.2822446823120117
4418,12,117,0.21171581745147705
4419,12,118,0.19101420044898987
4420,12,119,0.22957436740398407
4421,12,120,0.1964404582977295
4422,12,121,0.10907075554132462
4423,12,122,0.13186611235141754
4424,12,123,0.23564712703227997
4425,12,124,0.23625420033931732
4426,12,125,0.1582781821489334
4427,12,126,0.15436208248138428
4428,12,127,0.2584514617919922
4429,12,128,0.1923181265592575
4430,12,129,0.2703424096107483
4431,12,130,0.13125666975975037
4432,12,131,0.2919887602329254
4433,12,132,0.23944182693958282
4434,12,133,0.30172407627105713
4435,12,134,0.3192046284675598
4436,12,135,0.16071490943431854
4437,12,136,0.1995668262243271
4438,12,137,0.2801002264022827
4439,12,138,0.31089213490486145
4440,12,139,0.31566154956817627
4441,12,140,0.20366819202899933
4442,12,141,0.14626054465770721
4443,12,142,0.22106069326400757
4444,12,143,0.3238139748573303
4445,12,144,0.18404541909694672
4446,12,145,0.24260905385017395
4447,12,146,0.1330922394990921
4448,12,147,0.14271485805511475
4449,12,148,0.2504619359970093
4450,12,149,0.23181766271591187
4451,12,150,0.3180984854698181
4452,12,151,0.2018299251794815
4453,12,152,0.33408626914024353
4454,12,153,0.15607087314128876
4455,12,154,0.1275220513343811
4456,12,155,0.15037450194358826
4457,12,156,0.2433324158191681
4458,12,157,0.21730005741119385
4459,12,158,0.25043028593063354
4460,12,159,0.1928388476371765
4461,12,160,0.27423691749572754
4462,12,161,0.3265812397003174
4463,12,162,0.19226063787937164
4464,12,163,0.2169526070356369
4465,12,164,0.19432902336120605
4466,12,165,0.1709117591381073
4467,12,166,0.26233360171318054
4468,12,167,0.2091749608516693
4469,12,168,0.30672404170036316
4470,12,169,0.2376452386379242
4471,12,170,0.20397573709487915
4472,12,171,0.15177355706691742
4473,12,172,0.28124329447746277
4474,12,173,0.2912026345729828
4475,12,174,0.2716865837574005
4476,12,175,0.2292802929878235
4477,12,176,0.25433507561683655
4478,12,177,0.2321481853723526
4479,12,178,0.1324656456708908
4480,12,179,0.254278302192688
4481,12,180,0.32863548398017883
4482,12,181,0.3160761892795563
4483,12,182,0.1484074592590332
4484,12,183,0.2560001611709595
4485,12,184,0.2325783520936966
4486,12,185,0.2618199586868286
4487,12,186,0.2575448751449585
4488,12,187,0.31552785634994507
4489,12,188,0.25854048132896423
4490,12,189,0.18246681988239288
4491,12,190,0.305958092212677
4492,12,191,0.22725532948970795
4493,12,192,0.24658440053462982
4494,12,193,0.22999179363250732
4495,12,194,0.2714352011680603
4496,12,195,0.16634540259838104
4497,12,196,0.20730379223823547
4498,12,197,0.22357362508773804
4499,12,198,0.3018631041049957
4500,12,199,0.23383042216300964
4501,12,200,0.22024929523468018
4502,12,201,0.20926858484745026
4503,12,202,0.22763414680957794
4504,12,203,0.24498790502548218
4505,12,204,0.24728266894817352
4506,12,205,0.258870929479599
4507,12,206,0.1980011910200119
4508,12,207,0.25913500785827637
4509,12,208,0.22301606833934784
4510,12,209,0.29674288630485535
4511,12,210,0.32306891679763794
4512,12,211,0.26777195930480957
4513,12,212,0.2330613136291504
4514,12,213,0.3079347312450409
4515,12,214,0.4401039779186249
4516,12,215,0.15237978100776672
4517,12,216,0.1718648374080658
4518,12,217,0.11566022038459778
4519,12,218,0.24832075834274292
4520,12,219,0.3245469927787781
4521,12,220,0.2717911899089813
4522,12,221,0.21451781690120697
4523,12,222,0.21556344628334045
4524,12,223,0.23909465968608856
4525,12,224,0.3451906144618988
4526,12,225,0.25394338369369507
4527,12,226,0.2860029935836792
4528,12,227,0.1446222960948944
4529,12,228,0.29209640622138977
4530,12,229,0.18333779275417328
4531,12,230,0.29131531715393066
4532,12,231,0.1528070718050003
4533,12,232,0.23936797678470612
4534,12,233,0.18574927747249603
4535,12,234,0.28087374567985535
4536,12,235,0.18706829845905304
4537,12,236,0.33692097663879395
4538,12,237,0.18331140279769897
4539,12,238,0.1682661473751068
4540,12,239,0.23039336502552032
4541,12,240,0.20669935643672943
4542,12,241,0.20511338114738464
4543,12,242,0.2705542743206024
4544,12,243,0.23135177791118622
4545,12,244,0.17610901594161987
4546,12,245,0.18816743791103363
4547,12,246,0.12431970238685608
4548,12,247,0.1351514756679535
4549,12,248,0.25176846981048584
4550,12,249,0.2819426655769348
4551,12,250,0.24038811028003693
4552,12,251,0.33833515644073486
4553,12,252,0.421064555644989
4554,12,253,0.2130897343158722
4555,12,254,0.205166757106781
4556,12,255,0.128025084733963
4557,12,256,0.18941421806812286
4558,12,257,0.25481244921684265
4559,12,258,0.26362305879592896
4560,12,259,0.2196759432554245
4561,12,260,0.16781499981880188
4562,12,261,0.16242212057113647
4563,12,262,0.15917468070983887
4564,12,263,0.2105346918106079
4565,12,264,0.25293537974357605
4566,12,265,0.18248194456100464
4567,12,266,0.25108805298805237
4568,12,267,0.19382379949092865
4569,12,268,0.2067490667104721
4570,12,269,0.2432449460029602
4571,12,270,0.1876494586467743
4572,12,271,0.1420143097639084
4573,12,272,0.24261893332004547
4574,12,273,0.15254966914653778
4575,12,274,0.2172064334154129
4576,12,275,0.19120913743972778
4577,12,276,0.1556767225265503
4578,12,277,0.22534355521202087
4579,12,278,0.20018930733203888
4580,12,279,0.2763872444629669
4581,12,280,0.26418378949165344
4582,12,281,0.2682630121707916
4583,12,282,0.32554730772972107
4584,12,283,0.1724025160074234
4585,12,284,0.25960445404052734
4586,12,285,0.20824965834617615
4587,12,286,0.19980691373348236
4588,12,287,0.2349521666765213
4589,12,288,0.3388265371322632
4590,12,289,0.23674021661281586
4591,12,290,0.2540193498134613
4592,12,291,0.33708953857421875
4593,12,292,0.2976280152797699
4594,12,293,0.23920463025569916
4595,12,294,0.21699559688568115
4596,12,295,0.2631840407848358
4597,12,296,0.25916561484336853
4598,12,297,0.2298363745212555
4599,12,298,0.26231053471565247
4600,12,299,0.2571841776371002
4601,12,300,0.2545829713344574
4602,12,301,0.1661294549703598
4603,12,302,0.18107400834560394
4604,12,303,0.2705116868019104
4605,12,304,0.21825917065143585
4606,12,305,0.2968096137046814
4607,12,306,0.23491215705871582
4608,12,307,0.2109566628932953
4609,12,308,0.2180989533662796
4610,12,309,0.28744983673095703
4611,12,310,0.1883356273174286
4612,12,311,0.18883129954338074
4613,12,312,0.23839294910430908
4614,12,313,0.20562073588371277
4615,12,314,0.28702279925346375
4616,12,315,0.32611849904060364
4617,12,316,0.25354474782943726
4618,12,317,0.22769750654697418
4619,12,318,0.2162550985813141
4620,12,319,0.26007774472236633
4621,12,320,0.23466777801513672
4622,12,321,0.17748215794563293
4623,12,322,0.2078482061624527
4624,12,323,0.13673102855682373
4625,12,324,0.2477794587612152
4626,12,325,0.19760723412036896
4627,12,326,0.31318673491477966
4628,12,327,0.2771795988082886
4629,12,328,0.26697155833244324
4630,12,329,0.19913166761398315
4631,12,330,0.2540401220321655
4632,12,331,0.22104457020759583
4633,12,332,0.18960416316986084
4634,12,333,0.27715152502059937
4635,12,334,0.2756590247154236
4636,12,335,0.16840839385986328
4637,12,336,0.3162379562854767
4638,12,337,0.20256061851978302
4639,12,338,0.2743152678012848
4640,12,339,0.3910234570503235
4641,12,340,0.30289238691329956
4642,12,341,0.32780003547668457
4643,12,342,0.2671903073787689
4644,12,343,0.18878738582134247
4645,12,344,0.2670096457004547
4646,12,345,0.19068005681037903
4647,12,346,0.3617987334728241
4648,12,347,0.30180808901786804
4649,12,348,0.19884659349918365
4650,12,349,0.18584220111370087
4651,12,350,0.22927968204021454
4652,12,351,0.17727670073509216
4653,12,352,0.11226433515548706
4654,12,353,0.19720299541950226
4655,12,354,0.2500627338886261
4656,12,355,0.28686967492103577
4657,12,356,0.24979308247566223
4658,12,357,0.23170366883277893
4659,12,358,0.20704281330108643
4660,12,359,0.2070794701576233
4661,12,360,0.1972993165254593
4662,12,361,0.35989126563072205
4663,12,362,0.24710795283317566
4664,12,363,0.241540789604187
4665,12,364,0.1760954111814499
4666,12,365,0.1633281260728836
4667,12,366,0.41334885358810425
4668,12,367,0.225453719496727
4669,12,368,0.18045759201049805
4670,12,369,0.16860921680927277
4671,12,370,0.23521322011947632
4672,12,371,0.15495096147060394
4673,12,372,0.4573686122894287
4674,12,373,0.20986086130142212
4675,12,374,0.15136222541332245
4676,12,375,0.23991820216178894
4677,12,376,0.1711713820695877
4678,12,377,0.2660776972770691
4679,12,378,0.43515875935554504
4680,12,379,0.2621833384037018
4681,12,380,0.20828470587730408
4682,12,381,0.2953926920890808
4683,12,382,0.2388974130153656
4684,12,383,0.41836607456207275
4685,12,384,0.3146137595176697
4686,12,385,0.21240687370300293
4687,12,386,0.18385685980319977
4688,12,387,0.18992845714092255
4689,12,388,0.22718830406665802
4690,12,389,0.2037724107503891
4691,12,390,0.34157824516296387
4692,12,391,0.3147096633911133
4693,13,1,0.227307990193367
4694,13,2,0.16895724833011627
4695,13,3,0.1602933555841446
4696,13,4,0.1361059844493866
4697,13,5,0.12064904719591141
4698,13,6,0.21655142307281494
4699,13,7,0.18622104823589325
4700,13,8,0.18290725350379944
4701,13,9,0.08767040073871613
4702,13,10,0.17653527855873108
4703,13,11,0.1794636994600296
4704,13,12,0.20986618101596832
4705,13,13,0.22319915890693665
4706,13,14,0.10325340181589127
4707,13,15,0.1973087191581726
4708,13,16,0.11420106887817383
4709,13,17,0.15467555820941925
4710,13,18,0.13759496808052063
4711,13,19,0.2105914205312729
4712,13,20,0.2462635487318039
4713,13,21,0.14109677076339722
4714,13,22,0.1459987610578537
4715,13,23,0.15021081268787384
4716,13,24,0.10926753282546997
4717,13,25,0.19894951581954956
4718,13,26,0.10033170878887177
4719,13,27,0.16106383502483368
4720,13,28,0.13881246745586395
4721,13,29,0.13221514225006104
4722,13,30,0.14658744633197784
4723,13,31,0.08628933876752853
4724,13,32,0.12468189001083374
4725,13,33,0.10764487832784653
4726,13,34,0.10088726878166199
4727,13,35,0.09984218329191208
4728,13,36,0.10297999531030655
4729,13,37,0.12650497257709503
4730,13,38,0.2104586958885193
4731,13,39,0.08500289171934128
4732,13,40,0.10241064429283142
4733,13,41,0.14217038452625275
4734,13,42,0.14340773224830627
4735,13,43,0.04518610239028931
4736,13,44,0.09390301257371902
4737,13,45,0.21391594409942627
4738,13,46,0.15645809471607208
4739,13,47,0.12376025319099426
4740,13,48,0.07740423083305359
4741,13,49,0.2000630795955658
4742,13,50,0.15360690653324127
4743,13,51,0.13611780107021332
4744,13,52,0.06884083151817322
4745,13,53,0.13501912355422974
4746,13,54,0.1114705353975296
4747,13,55,0.2626116871833801
4748,13,56,0.08655943721532822
4749,13,57,0.1858624517917633
4750,13,58,0.07933349907398224
4751,13,59,0.1988292634487152
4752,13,60,0.1123039722442627
4753,13,61,0.15960945188999176
4754,13,62,0.17228351533412933
4755,13,63,0.17567843198776245
4756,13,64,0.18757516145706177
4757,13,65,0.1970779299736023
4758,13,66,0.2010394036769867
4759,13,67,0.11874178797006607
4760,13,68,0.1420796662569046
4761,13,69,0.11424043774604797
4762,13,70,0.273717999458313
4763,13,71,0.19147996604442596
4764,13,72,0.12438835948705673
4765,13,73,0.16166770458221436
4766,13,74,0.19062203168869019
4767,13,75,0.15211567282676697
4768,13,76,0.1887415498495102
4769,13,77,0.2878430187702179
4770,13,78,0.15028896927833557
4771,13,79,0.1651732325553894
4772,13,80,0.23947812616825104
4773,13,81,0.09490028023719788
4774,13,82,0.19503597915172577
4775,13,83,0.16246740520000458
4776,13,84,0.2912929654121399
4777,13,85,0.1668691635131836
4778,13,86,0.20833082497119904
4779,13,87,0.20816360414028168
4780,13,88,0.16776154935359955
4781,13,89,0.1938486546278
4782,13,90,0.19217893481254578
4783,13,91,0.2043652981519699
4784,13,92,0.18005414307117462
4785,13,93,0.12371228635311127
4786,13,94,0.19603855907917023
4787,13,95,0.13036814332008362
4788,13,96,0.1934327483177185
4789,13,97,0.16215652227401733
4790,13,98,0.2269144207239151
4791,13,99,0.1571056842803955
4792,13,100,0.1435171514749527
4793,13,101,0.10560997575521469
4794,13,102,0.17308244109153748
4795,13,103,0.11542416363954544
4796,13,104,0.1479969620704651
4797,13,105,0.19876940548419952
4798,13,106,0.20681358873844147
4799,13,107,0.23491349816322327
4800,13,108,0.1846725344657898
4801,13,109,0.15205860137939453
4802,13,110,0.21139366924762726
4803,13,111,0.1365421861410141
4804,13,112,0.30379658937454224
4805,13,113,0.18725727498531342
4806,13,114,0.1772332489490509
4807,13,115,0.10322252660989761
4808,13,116,0.11580068618059158
4809,13,117,0.19984643161296844
4810,13,118,0.2082476019859314
4811,13,119,0.18982349336147308
4812,13,120,0.2675083875656128
4813,13,121,0.1413545161485672
4814,13,122,0.20060664415359497
4815,13,123,0.14797091484069824
4816,13,124,0.17552293837070465
4817,13,125,0.21143361926078796
4818,13,126,0.19213038682937622
4819,13,127,0.2329302430152893
4820,13,128,0.17486412823200226
4821,13,129,0.14278513193130493
4822,13,130,0.22277195751667023
4823,13,131,0.1976318657398224
4824,13,132,0.16875694692134857
4825,13,133,0.2591836154460907
4826,13,134,0.20903638005256653
4827,13,135,0.20469094812870026
4828,13,136,0.17692293226718903
4829,13,137,0.2067030817270279
4830,13,138,0.2178587168455124
4831,13,139,0.09586692601442337
4832,13,140,0.23556962609291077
4833,13,141,0.21526223421096802
4834,13,142,0.2268037647008896
4835,13,143,0.09606911242008209
4836,13,144,0.22632375359535217
4837,13,145,0.41090184450149536
4838,13,146,0.23219235241413116
4839,13,147,0.1980629563331604
4840,13,148,0.16264259815216064
4841,13,149,0.2347467690706253
4842,13,150,0.3026672899723053
4843,13,151,0.23384664952754974
4844,13,152,0.25340574979782104
4845,13,153,0.1406038999557495
4846,13,154,0.11824008077383041
4847,13,155,0.25768694281578064
4848,13,156,0.24507354199886322
4849,13,157,0.24382558465003967
4850,13,158,0.2318604737520218
4851,13,159,0.13968901336193085
4852,13,160,0.2734467089176178
4853,13,161,0.41724085807800293
4854,13,162,0.2734028398990631
4855,13,163,0.21283866465091705
4856,13,164,0.18283095955848694
4857,13,165,0.29198628664016724
4858,13,166,0.2707977294921875
4859,13,167,0.1634429544210434
4860,13,168,0.22159479558467865
4861,13,169,0.19327828288078308
4862,13,170,0.1685332953929901
4863,13,171,0.19449672102928162
4864,13,172,0.10393397510051727
4865,13,173,0.19198106229305267
4866,13,174,0.12511774897575378
4867,13,175,0.16463887691497803
4868,13,176,0.21583744883537292
4869,13,177,0.3337608277797699
4870,13,178,0.16034699976444244
4871,13,179,0.2960546910762787
4872,13,180,0.2014617770910263
4873,13,181,0.20034794509410858
4874,13,182,0.22401534020900726
4875,13,183,0.13458773493766785
4876,13,184,0.2544463872909546
4877,13,185,0.20982863008975983
4878,13,186,0.1687307506799698
4879,13,187,0.169495090842247
4880,13,188,0.17831048369407654
4881,13,189,0.14837074279785156
4882,13,190,0.09392967075109482
4883,13,191,0.22596368193626404
4884,13,192,0.14009946584701538
4885,13,193,0.11561843007802963
4886,13,194,0.14740943908691406
4887,13,195,0.08369401097297668
4888,13,196,0.2378564178943634
4889,13,197,0.24444261193275452
4890,13,198,0.18943922221660614
4891,13,199,0.2742001712322235
4892,13,200,0.20322056114673615
4893,13,201,0.20128780603408813
4894,13,202,0.2908056080341339
4895,13,203,0.18141114711761475
4896,13,204,0.15429212152957916
4897,13,205,0.21664533019065857
4898,13,206,0.17756590247154236
4899,13,207,0.365418404340744
4900,13,208,0.1087941899895668
4901,13,209,0.20568065345287323
4902,13,210,0.22516582906246185
4903,13,211,0.12773668766021729
4904,13,212,0.17808346450328827
4905,13,213,0.18422061204910278
4906,13,214,0.14519073069095612
4907,13,215,0.2827478051185608
4908,13,216,0.2189958095550537
4909,13,217,0.21462851762771606
4910,13,218,0.1511600762605667
4911,13,219,0.15982119739055634
4912,13,220,0.11286026984453201
4913,13,221,0.23799262940883636
4914,13,222,0.32145851850509644
4915,13,223,0.13647551834583282
4916,13,224,0.04869598150253296
4917,13,225,0.12503239512443542
4918,13,226,0.26457569003105164
4919,13,227,0.2291901558637619
4920,13,228,0.18029198050498962
4921,13,229,0.12132912874221802
4922,13,230,0.23082008957862854
4923,13,231,0.19628220796585083
4924,13,232,0.13049769401550293
4925,13,233,0.1701810359954834
4926,13,234,0.19504114985466003
4927,13,235,0.18345601856708527
4928,13,236,0.22390905022621155
4929,13,237,0.19785821437835693
4930,13,238,0.2552143633365631
4931,13,239,0.1967475861310959
4932,13,240,0.09412617981433868
4933,13,241,0.2080032378435135
4934,13,242,0.310224711894989
4935,13,243,0.20101389288902283
4936,13,244,0.18991905450820923
4937,13,245,0.14348243176937103
4938,13,246,0.0982089638710022
4939,13,247,0.23747733235359192
4940,13,248,0.19376057386398315
4941,13,249,0.24877630174160004
4942,13,250,0.2183375209569931
4943,13,251,0.2521904706954956
4944,13,252,0.2541111409664154
4945,13,253,0.2397569715976715
4946,13,254,0.16844837367534637
4947,13,255,0.349933922290802
4948,13,256,0.24682532250881195
4949,13,257,0.25416702032089233
4950,13,258,0.21952706575393677
4951,13,259,0.1473548263311386
4952,13,260,0.1989494264125824
4953,13,261,0.1706133335828781
4954,13,262,0.09302757680416107
4955,13,263,0.10625724494457245
4956,13,264,0.18439412117004395
4957,13,265,0.20687317848205566
4958,13,266,0.11248317360877991
4959,13,267,0.1500309705734253
4960,13,268,0.17907609045505524
4961,13,269,0.2527293264865875
4962,13,270,0.14846564829349518
4963,13,271,0.1503123939037323
4964,13,272,0.2419387698173523
4965,13,273,0.10830108076334
4966,13,274,0.15027889609336853
4967,13,275,0.19327913224697113
4968,13,276,0.2323741912841797
4969,13,277,0.2922947406768799
4970,13,278,0.30055585503578186
4971,13,279,0.14897678792476654
4972,13,280,0.21036966145038605
4973,13,281,0.23089829087257385
4974,13,282,0.10687875002622604
4975,13,283,0.1537434309720993
4976,13,284,0.1312182992696762
4977,13,285,0.2944929003715515
4978,13,286,0.19998890161514282
4979,13,287,0.1634257435798645
4980,13,288,0.10312775522470474
4981,13,289,0.1645437479019165
4982,13,290,0.14338034391403198
4983,13,291,0.1915108859539032
4984,13,292,0.12829281389713287
4985,13,293,0.30193477869033813
4986,13,294,0.18082298338413239
4987,13,295,0.29757988452911377
4988,13,296,0.2248648703098297
4989,13,297,0.19290955364704132
4990,13,298,0.12995652854442596
4991,13,299,0.17459750175476074
4992,13,300,0.19551557302474976
4993,13,301,0.14174075424671173
4994,13,302,0.09420377016067505
4995,13,303,0.22425565123558044
4996,13,304,0.2747285068035126
4997,13,305,0.12282824516296387
4998,13,306,0.1433502733707428
4999,13,307,0.08738478273153305
5000,13,308,0.13324348628520966
5001,13,309,0.12500543892383575
5002,13,310,0.16970176994800568
5003,13,311,0.2326163500547409
5004,13,312,0.2841288447380066
5005,13,313,0.14687193930149078
5006,13,314,0.26196253299713135
5007,13,315,0.3030185103416443
5008,13,316,0.17512577772140503
5009,13,317,0.26432159543037415
5010,13,318,0.19176460802555084
5011,13,319,0.17931754887104034
5012,13,320,0.2615336775779724
5013,13,321,0.17126674950122833
5014,13,322,0.24803932011127472
5015,13,323,0.21915316581726074
5016,13,324,0.14826878905296326
5017,13,325,0.25567108392715454
5018,13,326,0.12293191999197006
5019,13,327,0.22473205626010895
5020,13,328,0.15785865485668182
5021,13,329,0.31614765524864197
5022,13,330,0.11417633295059204
5023,13,331,0.2518038749694824
5024,13,332,0.1984904259443283
5025,13,333,0.14957521855831146
5026,13,334,0.18902762234210968
5027,13,335,0.21896810829639435
5028,13,336,0.15593670308589935
5029,13,337,0.2686992883682251
5030,13,338,0.2430318295955658
5031,13,339,0.32066965103149414
5032,13,340,0.11975831538438797
5033,13,341,0.20508071780204773
5034,13,342,0.28715839982032776
5035,13,343,0.18676234781742096
5036,13,344,0.20724624395370483
5037,13,345,0.2904452681541443
5038,13,346,0.21912670135498047
5039,13,347,0.3015870153903961
5040,13,348,0.31360337138175964
5041,13,349,0.14794747531414032
5042,13,350,0.18703454732894897
5043,13,351,0.2335815280675888
5044,13,352,0.2604752779006958
5045,13,353,0.15381155908107758
5046,13,354,0.2567351758480072
5047,13,355,0.1932879537343979
5048,13,356,0.16876055300235748
5049,13,357,0.24426068365573883
5050,13,358,0.18439678847789764
5051,13,359,0.2940033972263336
5052,13,360,0.23924873769283295
5053,13,361,0.23351173102855682
5054,13,362,0.20855441689491272
5055,13,363,0.19344072043895721
5056,13,364,0.2893742024898529
5057,13,365,0.28090059757232666
5058,13,366,0.1401759386062622
5059,13,367,0.2876646816730499
5060,13,368,0.27143263816833496
5061,13,369,0.20461462438106537
5062,13,370,0.3200084865093231
5063,13,371,0.19849419593811035
5064,13,372,0.31007635593414307
5065,13,373,0.22119520604610443
5066,13,374,0.22059696912765503
5067,13,375,0.2372201532125473
5068,13,376,0.25239646434783936
5069,13,377,0.20385314524173737
5070,13,378,0.19048382341861725
5071,13,379,0.19891749322414398
5072,13,380,0.16420026123523712
5073,13,381,0.1134607344865799
5074,13,382,0.30479711294174194
5075,13,383,0.19996966421604156
5076,13,384,0.2183947116136551
5077,13,385,0.2103884220123291
5078,13,386,0.2432641237974167
5079,13,387,0.1991361379623413
5080,13,388,0.354073703289032
5081,13,389,0.2117580771446228
5082,13,390,0.39162319898605347
5083,13,391,0.3308611512184143
5084,14,1,0.16678769886493683
5085,14,2,0.2149345725774765
5086,14,3,0.15043537318706512
5087,14,4,0.17975544929504395
5088,14,5,0.07372178882360458
5089,14,6,0.09985852241516113
5090,14,7,0.11510904133319855
5091,14,8,0.17697998881340027
5092,14,9,0.16144058108329773
5093,14,10,0.07459738105535507
5094,14,11,0.1419232338666916
5095,14,12,0.05266086012125015
5096,14,13,0.15248575806617737
5097,14,14,0.1099952757358551
5098,14,15,0.04920298978686333
5099,14,16,0.12646320462226868
5100,14,17,0.06343773007392883
5101,14,18,0.10131551325321198
5102,14,19,0.3149282932281494
5103,14,20,0.10111440718173981
5104,14,21,0.08474358171224594
5105,14,22,0.1012534350156784
5106,14,23,0.23489658534526825
5107,14,24,0.16059748828411102
5108,14,25,0.15184205770492554
5109,14,26,0.10935766249895096
5110,14,27,0.09415938705205917
5111,14,28,0.1018093153834343
5112,14,29,0.20883049070835114
5113,14,30,0.11129211634397507
5114,14,31,0.15567350387573242
5115,14,32,0.15879406034946442
5116,14,33,0.1868773251771927
5117,14,34,0.15029722452163696
5118,14,35,0.16605067253112793
5119,14,36,0.056588396430015564
5120,14,37,0.07626153528690338
5121,14,38,0.12061198800802231
5122,14,39,0.04260081797838211
5123,14,40,0.07187943905591965
5124,14,41,0.17765824496746063
5125,14,42,0.10211385786533356
5126,14,43,0.1296931952238083
5127,14,44,0.137672558426857
5128,14,45,0.06973530352115631
5129,14,46,0.14673060178756714
5130,14,47,0.1334473341703415
5131,14,48,0.2023227959871292
5132,14,49,0.21234950423240662
5133,14,50,0.10128447413444519
5134,14,51,0.13496264815330505
5135,14,52,0.2339116632938385
5136,14,53,0.16811618208885193
5137,14,54,0.16181591153144836
5138,14,55,0.1687507927417755
5139,14,56,0.1878548115491867
5140,14,57,0.1528102606534958
5141,14,58,0.1152060329914093
5142,14,59,0.06502678245306015
5143,14,60,0.1129802018404007
5144,14,61,0.05872649699449539
5145,14,62,0.12639962136745453
5146,14,63,0.13183316588401794
5147,14,64,0.1514991819858551
5148,14,65,0.12653562426567078
5149,14,66,0.1348496377468109
5150,14,67,0.10322690010070801
5151,14,68,0.07434401661157608
5152,14,69,0.13087907433509827
5153,14,70,0.13484539091587067
5154,14,71,0.11913233995437622
5155,14,72,0.10582266747951508
5156,14,73,0.13562063872814178
5157,14,74,0.24003852903842926
5158,14,75,0.11350123584270477
5159,14,76,0.17841005325317383
5160,14,77,0.1860424131155014
5161,14,78,0.10966359823942184
5162,14,79,0.15295298397541046
5163,14,80,0.16980741918087006
5164,14,81,0.23054122924804688
5165,14,82,0.0409519262611866
5166,14,83,0.13427643477916718
5167,14,84,0.17630133032798767
5168,14,85,0.20185357332229614
5169,14,86,0.19799606502056122
5170,14,87,0.07534387707710266
5171,14,88,0.16934402287006378
5172,14,89,0.1704716682434082
5173,14,90,0.17251011729240417
5174,14,91,0.08325798064470291
5175,14,92,0.14846943318843842
5176,14,93,0.10335735976696014
5177,14,94,0.24663493037223816
5178,14,95,0.23601162433624268
5179,14,96,0.19406528770923615
5180,14,97,0.1723870187997818
5181,14,98,0.16763655841350555
5182,14,99,0.23795562982559204
5183,14,100,0.1549941748380661
5184,14,101,0.13645681738853455
5185,14,102,0.13599228858947754
5186,14,103,0.25013217329978943
5187,14,104,0.09777194261550903
5188,14,105,0.18887659907341003
5189,14,106,0.08877409249544144
5190,14,107,0.14000317454338074
5191,14,108,0.23084095120429993
5192,14,109,0.2294187694787979
5193,14,110,0.2153482884168625
5194,14,111,0.16609585285186768
5195,14,112,0.16901075839996338
5196,14,113,0.16652214527130127
5197,14,114,0.09141130745410919
5198,14,115,0.2013368159532547
5199,14,116,0.08771621435880661
5200,14,117,0.19166018068790436
5201,14,118,0.21612140536308289
5202,14,119,0.153006449341774
5203,14,120,0.2231532335281372
5204,14,121,0.2269027978181839
5205,14,122,0.16171927750110626
5206,14,123,0.09980633854866028
5207,14,124,0.1293860226869583
5208,14,125,0.1656961888074875
5209,14,126,0.11296176165342331
5210,14,127,0.28099367022514343
5211,14,128,0.19806525111198425
5212,14,129,0.12269017845392227
5213,14,130,0.1681809276342392
5214,14,131,0.1223243847489357
5215,14,132,0.11336227506399155
5216,14,133,0.14897282421588898
5217,14,134,0.19568759202957153
5218,14,135,0.23699794709682465
5219,14,136,0.2626492381095886
5220,14,137,0.1046883761882782
5221,14,138,0.13495945930480957
5222,14,139,0.15352168679237366
5223,14,140,0.2257971316576004
5224,14,141,0.2809041738510132
5225,14,142,0.19430822134017944
5226,14,143,0.186107337474823
5227,14,144,0.11618047952651978
5228,14,145,0.1486319899559021
5229,14,146,0.23157605528831482
5230,14,147,0.24266313016414642
5231,14,148,0.13571447134017944
5232,14,149,0.14979533851146698
5233,14,150,0.1980336457490921
5234,14,151,0.13945704698562622
5235,14,152,0.17278136312961578
5236,14,153,0.07194860279560089
5237,14,154,0.1459939330816269
5238,14,155,0.19971375167369843
5239,14,156,0.16109269857406616
5240,14,157,0.10773470252752304
5241,14,158,0.21656236052513123
5242,14,159,0.12203320860862732
5243,14,160,0.11425873637199402
5244,14,161,0.17209991812705994
5245,14,162,0.0720488652586937
5246,14,163,0.07846822589635849
5247,14,164,0.1453319936990738
5248,14,165,0.19377501308918
5249,14,166,0.18798264861106873
5250,14,167,0.12549163401126862
5251,14,168,0.14603325724601746
5252,14,169,0.19056321680545807
5253,14,170,0.23154138028621674
5254,14,171,0.10627549886703491
5255,14,172,0.14709536731243134
5256,14,173,0.07697680592536926
5257,14,174,0.1828296035528183
5258,14,175,0.12828429043293
5259,14,176,0.06793174147605896
5260,14,177,0.18214502930641174
5261,14,178,0.11177953332662582
5262,14,179,0.1534031182527542
5263,14,180,0.23459768295288086
5264,14,181,0.07347384840250015
5265,14,182,0.19111600518226624
5266,14,183,0.12711894512176514
5267,14,184,0.20455403625965118
5268,14,185,0.16690927743911743
5269,14,186,0.16940292716026306
5270,14,187,0.5641966462135315
5271,14,188,0.12789703905582428
5272,14,189,0.13053029775619507
5273,14,190,0.467096745967865
5274,14,191,0.12260313332080841
5275,14,192,0.33494240045547485
5276,14,193,0.24227187037467957
5277,14,194,0.22102399170398712
5278,14,195,0.2535998225212097
5279,14,196,0.2131670117378235
5280,14,197,0.25630420446395874
5281,14,198,0.15465107560157776
5282,14,199,0.13854824006557465
5283,14,200,0.144866481423378
5284,14,201,0.21825917065143585
5285,14,202,0.15294373035430908
5286,14,203,0.2966030240058899
5287,14,204,0.26550427079200745
5288,14,205,0.4209483861923218
5289,14,206,0.1555323600769043
5290,14,207,0.35018518567085266
5291,14,208,0.2660742998123169
5292,14,209,0.2806585431098938
5293,14,210,0.19851920008659363
5294,14,211,0.19954341650009155
5295,14,212,0.1776123344898224
5296,14,213,0.1706186681985855
5297,14,214,0.1537899374961853
5298,14,215,0.10253673046827316
5299,14,216,0.15945976972579956
5300,14,217,0.17294269800186157
5301,14,218,0.09922757744789124
5302,14,219,0.07228085398674011
5303,14,220,0.18981383740901947
5304,14,221,0.14317883551120758
5305,14,222,0.1355786919593811
5306,14,223,0.09801287949085236
5307,14,224,0.23969592154026031
5308,14,225,0.15217313170433044
5309,14,226,0.1438656747341156
5310,14,227,0.189710795879364
5311,14,228,0.1460941731929779
5312,14,229,0.16448883712291718
5313,14,230,0.1470767706632614
5314,14,231,0.09787075966596603
5315,14,232,0.09958361834287643
5316,14,233,0.18950797617435455
5317,14,234,0.14101339876651764
5318,14,235,0.09947189688682556
5319,14,236,0.25637295842170715
5320,14,237,0.08365228027105331
5321,14,238,0.23632703721523285
5322,14,239,0.12385299056768417
5323,14,240,0.19446147978305817
5324,14,241,0.3071746826171875
5325,14,242,0.12866954505443573
5326,14,243,0.2242860198020935
5327,14,244,0.14502327144145966
5328,14,245,0.2334023416042328
5329,14,246,0.2394825667142868
5330,14,247,0.1660623848438263
5331,14,248,0.20106297731399536
5332,14,249,0.1759517937898636
5333,14,250,0.15703043341636658
5334,14,251,0.28544384241104126
5335,14,252,0.20017287135124207
5336,14,253,0.19922855496406555
5337,14,254,0.17664793133735657
5338,14,255,0.1412755846977234
5339,14,256,0.21071581542491913
5340,14,257,0.14868579804897308
5341,14,258,0.28682470321655273
5342,14,259,0.24498431384563446
5343,14,260,0.17068545520305634
5344,14,261,0.16373200714588165
5345,14,262,0.14674760401248932
5346,14,263,0.21426434814929962
5347,14,264,0.14566375315189362
5348,14,265,0.15757042169570923
5349,14,266,0.26344794034957886
5350,14,267,0.13117626309394836
5351,14,268,0.11908075213432312
5352,14,269,0.1925589144229889
5353,14,270,0.14759744703769684
5354,14,271,0.09509584307670593
5355,14,272,0.1334153264760971
5356,14,273,0.18462726473808289
5357,14,274,0.15074750781059265
5358,14,275,0.18566648662090302
5359,14,276,0.11673050373792648
5360,14,277,0.15322989225387573
5361,14,278,0.29783639311790466
5362,14,279,0.1753358244895935
5363,14,280,0.1551978439092636
5364,14,281,0.2388850599527359
5365,14,282,0.14574357867240906
5366,14,283,0.04800178483128548
5367,14,284,0.23469795286655426
5368,14,285,0.16518335044384003
5369,14,286,0.18474991619586945
5370,14,287,0.14436136186122894
5371,14,288,0.2671167254447937
5372,14,289,0.23433014750480652
5373,14,290,0.15019483864307404
5374,14,291,0.15972493588924408
5375,14,292,0.17750109732151031
5376,14,293,0.22936022281646729
5377,14,294,0.22914215922355652
5378,14,295,0.15855588018894196
5379,14,296,0.1829359084367752
5380,14,297,0.13309629261493683
5381,14,298,0.1648804247379303
5382,14,299,0.260324090719223
5383,14,300,0.17615269124507904
5384,14,301,0.12895402312278748
5385,14,302,0.22531573474407196
5386,14,303,0.24199889600276947
5387,14,304,0.2238512635231018
5388,14,305,0.14991973340511322
5389,14,306,0.13345833122730255
5390,14,307,0.16798226535320282
5391,14,308,0.11870228499174118
5392,14,309,0.2801315188407898
5393,14,310,0.16470450162887573
5394,14,311,0.1421896517276764
5395,14,312,0.18825124204158783
5396,14,313,0.16504551470279694
5397,14,314,0.1751890480518341
5398,14,315,0.3120632767677307
5399,14,316,0.22968417406082153
5400,14,317,0.17831704020500183
5401,14,318,0.20015406608581543
5402,14,319,0.22479067742824554
5403,14,320,0.1460578590631485
5404,14,321,0.10975516587495804
5405,14,322,0.08977317810058594
5406,14,323,0.1941172182559967
5407,14,324,0.19752605259418488
5408,14,325,0.129183828830719
5409,14,326,0.2179468721151352
5410,14,327,0.24104507267475128
5411,14,328,0.14226581156253815
5412,14,329,0.18667015433311462
5413,14,330,0.12614992260932922
5414,14,331,0.26431789994239807
5415,14,332,0.1889243721961975
5416,14,333,0.10896329581737518
5417,14,334,0.21472309529781342
5418,14,335,0.2020460069179535
5419,14,336,0.10820844769477844
5420,14,337,0.1499396115541458
5421,14,338,0.17793884873390198
5422,14,339,0.16922983527183533
5423,14,340,0.11306300014257431
5424,14,341,0.15703830122947693
5425,14,342,0.15546847879886627
5426,14,343,0.2493087202310562
5427,14,344,0.20217177271842957
5428,14,345,0.19274793565273285
5429,14,346,0.08872748911380768
5430,14,347,0.10605913400650024
5431,14,348,0.23093830049037933
5432,14,349,0.15247505903244019
5433,14,350,0.1332637369632721
5434,14,351,0.15063653886318207
5435,14,352,0.2561566233634949
5436,14,353,0.18328040838241577
5437,14,354,0.20466217398643494
5438,14,355,0.0929889976978302
5439,14,356,0.2356235533952713
5440,14,357,0.17179635167121887
5441,14,358,0.15370219945907593
5442,14,359,0.15922662615776062
5443,14,360,0.1967807412147522
5444,14,361,0.1356242150068283
5445,14,362,0.20222337543964386
5446,14,363,0.22712457180023193
5447,14,364,0.24701470136642456
5448,14,365,0.10890015959739685
5449,14,366,0.16120438277721405
5450,14,367,0.14521141350269318
5451,14,368,0.16653189063072205
5452,14,369,0.14688228070735931
5453,14,370,0.1546620875597
5454,14,371,0.11374901235103607
5455,14,372,0.13882727921009064
5456,14,373,0.12685757875442505
5457,14,374,0.34206897020339966
5458,14,375,0.13991308212280273
5459,14,376,0.2955307960510254
5460,14,377,0.21145689487457275
5461,14,378,0.26220688223838806
5462,14,379,0.35190534591674805
5463,14,380,0.2983354926109314
5464,14,381,0.23464229702949524
5465,14,382,0.07755183428525925
5466,14,383,0.1540645807981491
5467,14,384,0.17744164168834686
5468,14,385,0.26439419388771057
5469,14,386,0.21106873452663422
5470,14,387,0.2782958447933197
5471,14,388,0.24282307922840118
5472,14,389,0.2851085066795349
5473,14,390,0.24279868602752686
5474,14,391,0.16277968883514404
5475,15,1,0.13976949453353882
5476,15,2,0.1171051561832428
5477,15,3,0.1274726241827011
5478,15,4,0.12238103151321411
5479,15,5,0.25002747774124146
5480,15,6,0.09761601686477661
5481,15,7,0.1675521284341812
5482,15,8,0.1493414044380188
5483,15,9,0.14099392294883728
5484,15,10,0.10608088225126266
5485,15,11,0.0890825092792511
5486,15,12,0.09422474354505539
5487,15,13,0.11386499553918839
5488,15,14,0.09116390347480774
5489,15,15,0.14177218079566956
5490,15,16,0.1462121605873108
5491,15,17,0.16809691488742828
5492,15,18,0.1415361911058426
5493,15,19,0.112847238779068
5494,15,20,0.2654228210449219
5495,15,21,0.06428463011980057
5496,15,22,0.13474667072296143
5497,15,23,0.051731742918491364
5498,15,24,0.1776469498872757
5499,15,25,0.18889112770557404
5500,15,26,0.06932397931814194
5501,15,27,0.17411808669567108
5502,15,28,0.09067028015851974
5503,15,29,0.10516909509897232
5504,15,30,0.09594379365444183
5505,15,31,0.17836938798427582
5506,15,32,0.09806478023529053
5507,15,33,0.3409051299095154
5508,15,34,0.09715770184993744
5509,15,35,0.10556437075138092
5510,15,36,0.051512107253074646
5511,15,37,0.1473975032567978
5512,15,38,0.14243921637535095
5513,15,39,0.1366918534040451
5514,15,40,0.13217481970787048
5515,15,41,0.12709608674049377
5516,15,42,0.08819522708654404
5517,15,43,0.10666792094707489
5518,15,44,0.08863788098096848
5519,15,45,0.08149391412734985
5520,15,46,0.10281791538000107
5521,15,47,0.07472352683544159
5522,15,48,0.20984086394309998
5523,15,49,0.1613391786813736
5524,15,50,0.15048480033874512
5525,15,51,0.19881708920001984
5526,15,52,0.10799802839756012
5527,15,53,0.0856807604432106
5528,15,54,0.07635246962308884
5529,15,55,0.18218876421451569
5530,15,56,0.2316001057624817
5531,15,57,0.07454494386911392
5532,15,58,0.10716862976551056
5533,15,59,0.17800956964492798
5534,15,60,0.12543803453445435
5535,15,61,0.0984918549656868
5536,15,62,0.21610844135284424
5537,15,63,0.11648885160684586
5538,15,64,0.11642724275588989
5539,15,65,0.0776909813284874
5540,15,66,0.12989026308059692
5541,15,67,0.141953244805336
5542,15,68,0.0558786503970623
5543,15,69,0.13082702457904816
5544,15,70,0.20114931464195251
5545,15,71,0.12535139918327332
5546,15,72,0.14324727654457092
5547,15,73,0.06767459958791733
5548,15,74,0.07632941007614136
5549,15,75,0.1910320669412613
5550,15,76,0.20212101936340332
5551,15,77,0.15157702565193176
5552,15,78,0.09356114268302917
5553,15,79,0.16198651492595673
5554,15,80,0.24049940705299377
5555,15,81,0.11873789876699448
5556,15,82,0.11082372814416885
5557,15,83,0.0946161225438118
5558,15,84,0.18682964146137238
5559,15,85,0.11289878189563751
5560,15,86,0.10984189063310623
5561,15,87,0.1506909728050232
5562,15,88,0.10742322355508804
5563,15,89,0.16034939885139465
5564,15,90,0.10536052286624908
5565,15,91,0.04761839285492897
5566,15,92,0.10811302065849304
5567,15,93,0.11665418744087219
5568,15,94,0.08668941259384155
5569,15,95,0.07374954223632812
5570,15,96,0.08132269978523254
5571,15,97,0.17830827832221985
5572,15,98,0.167357936501503
5573,15,99,0.13152457773685455
5574,15,100,0.0697970762848854
5575,15,101,0.1459856629371643
5576,15,102,0.11198659241199493
5577,15,103,0.10708169639110565
5578,15,104,0.09659218043088913
5579,15,105,0.02134416252374649
5580,15,106,0.14792659878730774
5581,15,107,0.09888474643230438
5582,15,108,0.23393838107585907
5583,15,109,0.14370885491371155
5584,15,110,0.12463465332984924
5585,15,111,0.15274591743946075
5586,15,112,0.16152672469615936
5587,15,113,0.20203743875026703
5588,15,114,0.029459059238433838
5589,15,115,0.20701046288013458
5590,15,116,0.09108380228281021
5591,15,117,0.09434160590171814
5592,15,118,0.09484931081533432
5593,15,119,0.13850323855876923
5594,15,120,0.22646839916706085
5595,15,121,0.18757635354995728
5596,15,122,0.09287809580564499
5597,15,123,0.18726642429828644
5598,15,124,0.14214299619197845
5599,15,125,0.09115775674581528
5600,15,126,0.15666526556015015
5601,15,127,0.07706277072429657
5602,15,128,0.0779331848025322
5603,15,129,0.09197704493999481
5604,15,130,0.1433854103088379
5605,15,131,0.04171016067266464
5606,15,132,0.07106515765190125
5607,15,133,0.04493102431297302
5608,15,134,0.15076233446598053
5609,15,135,0.14153537154197693
5610,15,136,0.15310031175613403
5611,15,137,0.12849748134613037
5612,15,138,0.1146615743637085
5613,15,139,0.17949266731739044
5614,15,140,0.09752053022384644
5615,15,141,0.11106227338314056
5616,15,142,0.06431519240140915
5617,15,143,0.16378584504127502
5618,15,144,0.1418212354183197
5619,15,145,0.12170438468456268
5620,15,146,0.09634735435247421
5621,15,147,0.1990320384502411
5622,15,148,0.16667041182518005
5623,15,149,0.11643309146165848
5624,15,150,0.11226150393486023
5625,15,151,0.13053680956363678
5626,15,152,0.12106359750032425
5627,15,153,0.08325963467359543
5628,15,154,0.0790010467171669
5629,15,155,0.10294510424137115
5630,15,156,0.07201401144266129
5631,15,157,0.1313634216785431
5632,15,158,0.06535564363002777
5633,15,159,0.14411786198616028
5634,15,160,0.08984483033418655
5635,15,161,0.18098071217536926
5636,15,162,0.10787151753902435
5637,15,163,0.11295744776725769
5638,15,164,0.0975598692893982
5639,15,165,0.10933565348386765
5640,15,166,0.082987941801548
5641,15,167,0.14098653197288513
5642,15,168,0.1382322460412979
5643,15,169,0.11272730678319931
5644,15,170,0.11084763705730438
5645,15,171,0.0810089111328125
5646,15,172,0.18783725798130035
5647,15,173,0.1667744666337967
5648,15,174,0.0746002122759819
5649,15,175,0.20167915523052216
5650,15,176,0.10402026772499084
5651,15,177,0.13477535545825958
5652,15,178,0.18871065974235535
5653,15,179,0.15436339378356934
5654,15,180,0.10705139487981796
5655,15,181,0.171167254447937
5656,15,182,0.11327268183231354
5657,15,183,0.308245986700058
5658,15,184,0.18241256475448608
5659,15,185,0.08687503635883331
5660,15,186,0.03928661718964577
5661,15,187,0.2227206528186798
5662,15,188,0.19763301312923431
5663,15,189,0.2291841208934784
5664,15,190,0.16531619429588318
5665,15,191,0.07757844030857086
5666,15,192,0.1260211318731308
5667,15,193,0.09425179660320282
5668,15,194,0.17624206840991974
5669,15,195,0.2785109877586365
5670,15,196,0.16523389518260956
5671,15,197,0.10602130740880966
5672,15,198,0.10008147358894348
5673,15,199,0.11185567080974579
5674,15,200,0.12869633734226227
5675,15,201,0.13145288825035095
5676,15,202,0.1623241901397705
5677,15,203,0.1057623103260994
5678,15,204,0.1430712640285492
5679,15,205,0.17275011539459229
5680,15,206,0.12089937925338745
5681,15,207,0.18590006232261658
5682,15,208,0.09083505719900131
5683,15,209,0.2168525904417038
5684,15,210,0.09193040430545807
5685,15,211,0.11094149947166443
5686,15,212,0.12987546622753143
5687,15,213,0.238644078373909
5688,15,214,0.1681879162788391
5689,15,215,0.05972892791032791
5690,15,216,0.0941537469625473
5691,15,217,0.09790171682834625
5692,15,218,0.1978452205657959
5693,15,219,0.139590322971344
5694,15,220,0.14405551552772522
5695,15,221,0.14872001111507416
5696,15,222,0.13133126497268677
5697,15,223,0.1788291186094284
5698,15,224,0.17500975728034973
5699,15,225,0.18053898215293884
5700,15,226,0.280216246843338
5701,15,227,0.14781323075294495
5702,15,228,0.155228391289711
5703,15,229,0.2151244878768921
5704,15,230,0.08344217389822006
5705,15,231,0.21196477115154266
5706,15,232,0.15815341472625732
5707,15,233,0.1660899519920349
5708,15,234,0.1603921353816986
5709,15,235,0.19903619587421417
5710,15,236,0.09488165378570557
5711,15,237,0.10153408348560333
5712,15,238,0.09750527888536453
5713,15,239,0.18749168515205383
5714,15,240,0.1461012214422226
5715,15,241,0.14649251103401184
5716,15,242,0.2259846031665802
5717,15,243,0.15912120044231415
5718,15,244,0.18212059140205383
5719,15,245,0.13377055525779724
5720,15,246,0.12922856211662292
5721,15,247,0.15431815385818481
5722,15,248,0.1321372538805008
5723,15,249,0.09437916427850723
5724,15,250,0.19275318086147308
5725,15,251,0.19729234278202057
5726,15,252,0.18544214963912964
5727,15,253,0.14284034073352814
5728,15,254,0.12460476160049438
5729,15,255,0.1958528608083725
5730,15,256,0.20455971360206604
5731,15,257,0.1713811159133911
5732,15,258,0.14570601284503937
5733,15,259,0.15726813673973083
5734,15,260,0.16525951027870178
5735,15,261,0.15431952476501465
5736,15,262,0.25140276551246643
5737,15,263,0.2380792200565338
5738,15,264,0.20203247666358948
5739,15,265,0.1667960286140442
5740,15,266,0.19799938797950745
5741,15,267,0.2404116839170456
5742,15,268,0.14076952636241913
5743,15,269,0.225071981549263
5744,15,270,0.24998286366462708
5745,15,271,0.18832775950431824
5746,15,272,0.1219976469874382
5747,15,273,0.26400139927864075
5748,15,274,0.134278804063797
5749,15,275,0.17170898616313934
5750,15,276,0.1474287062883377
5751,15,277,0.17140324413776398
5752,15,278,0.33903181552886963
5753,15,279,0.12746693193912506
5754,15,280,0.11687403172254562
5755,15,281,0.22143864631652832
5756,15,282,0.2738410234451294
5757,15,283,0.19357746839523315
5758,15,284,0.2037086933851242
5759,15,285,0.22083719074726105
5760,15,286,0.13538840413093567
5761,15,287,0.19235771894454956
5762,15,288,0.1564192771911621
5763,15,289,0.10756679624319077
5764,15,290,0.1593567281961441
5765,15,291,0.21584664285182953
5766,15,292,0.1584334820508957
5767,15,293,0.10656851530075073
5768,15,294,0.14995494484901428
5769,15,295,0.22326011955738068
5770,15,296,0.250667005777359
5771,15,297,0.14054183661937714
5772,15,298,0.12237045168876648
5773,15,299,0.16336600482463837
5774,15,300,0.10447075217962265
5775,15,301,0.14728891849517822
5776,15,302,0.21109409630298615
5777,15,303,0.21077410876750946
5778,15,304,0.13679441809654236
5779,15,305,0.12153567373752594
5780,15,306,0.2506398558616638
5781,15,307,0.12823201715946198
5782,15,308,0.17456814646720886
5783,15,309,0.17190460860729218
5784,15,310,0.36518362164497375
5785,15,311,0.1990644931793213
5786,15,312,0.08980013430118561
5787,15,313,0.24989201128482819
5788,15,314,0.14988094568252563
5789,15,315,0.2303195595741272
5790,15,316,0.15573664009571075
5791,15,317,0.13946397602558136
5792,15,318,0.16939395666122437
5793,15,319,0.22740313410758972
5794,15,320,0.13438020646572113
5795,15,321,0.14954006671905518
5796,15,322,0.18472789227962494
5797,15,323,0.20607323944568634
5798,15,324,0.16557952761650085
5799,15,325,0.16933923959732056
5800,15,326,0.15577751398086548
5801,15,327,0.33004695177078247
5802,15,328,0.24846051633358002
5803,15,329,0.19366271793842316
5804,15,330,0.12307838350534439
5805,15,331,0.22916169464588165
5806,15,332,0.2148703634738922
5807,15,333,0.12484017759561539
5808,15,334,0.215410515666008
5809,15,335,0.10813644528388977
5810,15,336,0.20870396494865417
5811,15,337,0.18581239879131317
5812,15,338,0.13575126230716705
5813,15,339,0.18672405183315277
5814,15,340,0.09584682434797287
5815,15,341,0.11058610677719116
5816,15,342,0.1770433485507965
5817,15,343,0.2261202484369278
5818,15,344,0.17195957899093628
5819,15,345,0.15842629969120026
5820,15,346,0.12283938378095627
5821,15,347,0.12468261271715164
5822,15,348,0.1660039722919464
5823,15,349,0.17066648602485657
5824,15,350,0.30023956298828125
5825,15,351,0.1128874123096466
5826,15,352,0.1786922812461853
5827,15,353,0.27377939224243164
5828,15,354,0.12498574703931808
5829,15,355,0.19968800246715546
5830,15,356,0.09654323011636734
5831,15,357,0.14643968641757965
5832,15,358,0.08556003123521805
5833,15,359,0.19056783616542816
5834,15,360,0.11729585379362106
5835,15,361,0.06162869185209274
5836,15,362,0.16375131905078888
5837,15,363,0.13957858085632324
5838,15,364,0.25237876176834106
5839,15,365,0.10919970273971558
5840,15,366,0.05740590766072273
5841,15,367,0.09980298578739166
5842,15,368,0.11429359763860703
5843,15,369,0.20628122985363007
5844,15,370,0.16218888759613037
5845,15,371,0.28294670581817627
5846,15,372,0.12172531336545944
5847,15,373,0.3407210409641266
5848,15,374,0.184607595205307
5849,15,375,0.17705439031124115
5850,15,376,0.1554946005344391
5851,15,377,0.14157497882843018
5852,15,378,0.14513492584228516
5853,15,379,0.26313361525535583
5854,15,380,0.15102025866508484
5855,15,381,0.21482639014720917
5856,15,382,0.2422872930765152
5857,15,383,0.18725472688674927
5858,15,384,0.18664121627807617
5859,15,385,0.13222013413906097
5860,15,386,0.2538539469242096
5861,15,387,0.1629255712032318
5862,15,388,0.2520662248134613
5863,15,389,0.20106294751167297
5864,15,390,0.12770694494247437
5865,15,391,0.15632662177085876
5866,16,1,0.10564342141151428
5867,16,2,0.19661293923854828
5868,16,3,0.09649323672056198
5869,16,4,0.09076551347970963
5870,16,5,0.18099965155124664
5871,16,6,0.08496201038360596
5872,16,7,0.14480173587799072
5873,16,8,0.1113995686173439
5874,16,9,0.1366540789604187
5875,16,10,0.1272358000278473
5876,16,11,0.16848969459533691
5877,16,12,0.10475865006446838
5878,16,13,0.17057345807552338
5879,16,14,0.17155487835407257
5880,16,15,0.1078784167766571
5881,16,16,0.11529803276062012
5882,16,17,0.05476543679833412
5883,16,18,0.07755672186613083
5884,16,19,0.13495701551437378
5885,16,20,0.2136770635843277
5886,16,21,0.09036154299974442
5887,16,22,0.097878597676754
5888,16,23,0.10903790593147278
5889,16,24,0.06741171330213547
5890,16,25,0.09510359168052673
5891,16,26,0.06639548391103745
5892,16,27,0.0796966552734375
5893,16,28,0.13741077482700348
5894,16,29,0.08080178499221802
5895,16,30,0.2014523446559906
5896,16,31,0.0817963182926178
5897,16,32,0.09294309467077255
5898,16,33,0.174630805850029
5899,16,34,0.09162131696939468
5900,16,35,0.09830327332019806
5901,16,36,0.19503815472126007
5902,16,37,0.15681235492229462
5903,16,38,0.13037246465682983
5904,16,39,0.091006338596344
5905,16,40,0.0891522467136383
5906,16,41,0.08586587011814117
5907,16,42,0.10922086238861084
5908,16,43,0.07025708258152008
5909,16,44,0.08933278173208237
5910,16,45,0.1011616513133049
5911,16,46,0.13098590075969696
5912,16,47,0.1196049153804779
5913,16,48,0.22449584305286407
5914,16,49,0.1352333277463913
5915,16,50,0.10793881863355637
5916,16,51,0.056615736335515976
5917,16,52,0.08328337967395782
5918,16,53,0.05018966272473335
5919,16,54,0.1316300630569458
5920,16,55,0.08854188770055771
5921,16,56,0.15465658903121948
5922,16,57,0.06213930994272232
5923,16,58,0.066876120865345
5924,16,59,0.07278740406036377
5925,16,60,0.12217479944229126
5926,16,61,0.13292112946510315
5927,16,62,0.15441706776618958
5928,16,63,0.07087294012308121
5929,16,64,0.11629362404346466
5930,16,65,0.06256242096424103
5931,16,66,0.13958857953548431
5932,16,67,0.1578117311000824
5933,16,68,0.07264617830514908
5934,16,69,0.13488025963306427
5935,16,70,0.05858573317527771
5936,16,71,0.09310643374919891
5937,16,72,0.05795006826519966
5938,16,73,0.08272704482078552
5939,16,74,0.11406293511390686
5940,16,75,0.1599343717098236
5941,16,76,0.1355464607477188
5942,16,77,0.1953379362821579
5943,16,78,0.10902740061283112
5944,16,79,0.14729295670986176
5945,16,80,0.14800836145877838
5946,16,81,0.1486874520778656
5947,16,82,0.1041347086429596
5948,16,83,0.09898976981639862
5949,16,84,0.14402900636196136
5950,16,85,0.17931339144706726
5951,16,86,0.10658957064151764
5952,16,87,0.09396809339523315
5953,16,88,0.04712981358170509
5954,16,89,0.16262763738632202
5955,16,90,0.10815215110778809
5956,16,91,0.06535553187131882
5957,16,92,0.08916033059358597
5958,16,93,0.04551411792635918
5959,16,94,0.15420334041118622
5960,16,95,0.08449249714612961
5961,16,96,0.11481748521327972
5962,16,97,0.11583001911640167
5963,16,98,0.07896710932254791
5964,16,99,0.12340214103460312
5965,16,100,0.18149623274803162
5966,16,101,0.13636115193367004
5967,16,102,0.07195711135864258
5968,16,103,0.07914875447750092
5969,16,104,0.12174338102340698
5970,16,105,0.14234206080436707
5971,16,106,0.12225025147199631
5972,16,107,0.0987120270729065
5973,16,108,0.09811031073331833
5974,16,109,0.11137153208255768
5975,16,110,0.06557418406009674
5976,16,111,0.06776750832796097
5977,16,112,0.11607887595891953
5978,16,113,0.15847481787204742
5979,16,114,0.16560889780521393
5980,16,115,0.10015864670276642
5981,16,116,0.1412302404642105
5982,16,117,0.1191573515534401
5983,16,118,0.1112387403845787
5984,16,119,0.20685836672782898
5985,16,120,0.17587994039058685
5986,16,121,0.09869988262653351
5987,16,122,0.189127117395401
5988,16,123,0.056785158812999725
5989,16,124,0.19746676087379456
5990,16,125,0.1765122264623642
5991,16,126,0.1647959053516388
5992,16,127,0.06229938939213753
5993,16,128,0.13935092091560364
5994,16,129,0.08390312641859055
5995,16,130,0.17035256326198578
5996,16,131,0.16623704135417938
5997,16,132,0.1681080162525177
5998,16,133,0.10766826570034027
5999,16,134,0.15052394568920135
6000,16,135,0.16245537996292114
6001,16,136,0.15055277943611145
6002,16,137,0.1735648661851883
6003,16,138,0.20854896306991577
6004,16,139,0.11638598144054413
6005,16,140,0.24295669794082642
6006,16,141,0.16687868535518646
6007,16,142,0.17373576760292053
6008,16,143,0.10226214677095413
6009,16,144,0.25984200835227966
6010,16,145,0.11331810057163239
6011,16,146,0.20777100324630737
6012,16,147,0.27112868428230286
6013,16,148,0.057566478848457336
6014,16,149,0.1455133706331253
6015,16,150,0.1439763605594635
6016,16,151,0.09080763906240463
6017,16,152,0.13330300152301788
6018,16,153,0.13988856971263885
6019,16,154,0.10180023312568665
6020,16,155,0.15619023144245148
6021,16,156,0.2611391246318817
6022,16,157,0.12451203167438507
6023,16,158,0.0555398091673851
6024,16,159,0.18534381687641144
6025,16,160,0.14546804130077362
6026,16,161,0.1918059140443802
6027,16,162,0.1972021609544754
6028,16,163,0.04932045191526413
6029,16,164,0.1443924754858017
6030,16,165,0.12671472132205963
6031,16,166,0.1274803876876831
6032,16,167,0.07766316831111908
6033,16,168,0.1773652732372284
6034,16,169,0.22237227857112885
6035,16,170,0.2102430760860443
6036,16,171,0.13004125654697418
6037,16,172,0.12292330712080002
6038,16,173,0.18569177389144897
6039,16,174,0.15989436209201813
6040,16,175,0.15298132598400116
6041,16,176,0.17212292551994324
6042,16,177,0.13469064235687256
6043,16,178,0.12729758024215698
6044,16,179,0.26064130663871765
6045,16,180,0.16131483018398285
6046,16,181,0.09842871874570847
6047,16,182,0.11198899149894714
6048,16,183,0.16551372408866882
6049,16,184,0.06412665545940399
6050,16,185,0.1905471682548523
6051,16,186,0.08584591001272202
6052,16,187,0.14456385374069214
6053,16,188,0.08475343883037567
6054,16,189,0.2396070957183838
6055,16,190,0.035750843584537506
6056,16,191,0.06801838427782059
6057,16,192,0.15439680218696594
6058,16,193,0.13418735563755035
6059,16,194,0.13547228276729584
6060,16,195,0.11858165264129639
6061,16,196,0.1263861209154129
6062,16,197,0.10357026010751724
6063,16,198,0.1351400464773178
6064,16,199,0.18479572236537933
6065,16,200,0.16579487919807434
6066,16,201,0.11826170980930328
6067,16,202,0.11689453572034836
6068,16,203,0.17797811329364777
6069,16,204,0.15567535161972046
6070,16,205,0.11786087602376938
6071,16,206,0.19318713247776031
6072,16,207,0.1458652764558792
6073,16,208,0.15152175724506378
6074,16,209,0.08428633958101273
6075,16,210,0.17509283125400543
6076,16,211,0.12976710498332977
6077,16,212,0.2026655673980713
6078,16,213,0.12533678114414215
6079,16,214,0.102555051445961
6080,16,215,0.06653030961751938
6081,16,216,0.08041524887084961
6082,16,217,0.18261843919754028
6083,16,218,0.0868949368596077
6084,16,219,0.12187589704990387
6085,16,220,0.1186475157737732
6086,16,221,0.14756804704666138
6087,16,222,0.05326433479785919
6088,16,223,0.09655989706516266
6089,16,224,0.1374407708644867
6090,16,225,0.12933525443077087
6091,16,226,0.18860146403312683
6092,16,227,0.1142573282122612
6093,16,228,0.09462787955999374
6094,16,229,0.16519644856452942
6095,16,230,0.13127203285694122
6096,16,231,0.13555437326431274
6097,16,232,0.11623634397983551
6098,16,233,0.1135299876332283
6099,16,234,0.1565176248550415
6100,16,235,0.2026674449443817
6101,16,236,0.05747823789715767
6102,16,237,0.04594682902097702
6103,16,238,0.08380856364965439
6104,16,239,0.11267311125993729
6105,16,240,0.14548595249652863
6106,16,241,0.05478987470269203
6107,16,242,0.0796746164560318
6108,16,243,0.0887138843536377
6109,16,244,0.05499405413866043
6110,16,245,0.16755029559135437
6111,16,246,0.10922589153051376
6112,16,247,0.2965983748435974
6113,16,248,0.12968513369560242
6114,16,249,0.0808742418885231
6115,16,250,0.1271834373474121
6116,16,251,0.23374466598033905
6117,16,252,0.09761641919612885
6118,16,253,0.0668303370475769
6119,16,254,0.07786662876605988
6120,16,255,0.19929048418998718
6121,16,256,0.1191008985042572
6122,16,257,0.13403940200805664
6123,16,258,0.14321650564670563
6124,16,259,0.13560239970684052
6125,16,260,0.11883141100406647
6126,16,261,0.04417244717478752
6127,16,262,0.12031364440917969
6128,16,263,0.10998556762933731
6129,16,264,0.16945283114910126
6130,16,265,0.13461503386497498
6131,16,266,0.09021230041980743
6132,16,267,0.09639012068510056
6133,16,268,0.10880055278539658
6134,16,269,0.11172047257423401
6135,16,270,0.19461168348789215
6136,16,271,0.1416698694229126
6137,16,272,0.06309130042791367
6138,16,273,0.21491152048110962
6139,16,274,0.1598931849002838
6140,16,275,0.09924726188182831
6141,16,276,0.11103653162717819
6142,16,277,0.08434513211250305
6143,16,278,0.19354787468910217
6144,16,279,0.13214579224586487
6145,16,280,0.12070101499557495
6146,16,281,0.04971633106470108
6147,16,282,0.1678813099861145
6148,16,283,0.1060088723897934
6149,16,284,0.10279733687639236
6150,16,285,0.10863087326288223
6151,16,286,0.15388163924217224
6152,16,287,0.1444694995880127
6153,16,288,0.12701337039470673
6154,16,289,0.088153176009655
6155,16,290,0.09521660953760147
6156,16,291,0.05156782269477844
6157,16,292,0.0847502201795578
6158,16,293,0.18832525610923767
6159,16,294,0.10110381990671158
6160,16,295,0.11583465337753296
6161,16,296,0.1617535650730133
6162,16,297,0.20978190004825592
6163,16,298,0.10177290439605713
6164,16,299,0.061318282037973404
6165,16,300,0.10525073856115341
6166,16,301,0.12464789301156998
6167,16,302,0.11470158398151398
6168,16,303,0.13431906700134277
6169,16,304,0.10375317931175232
6170,16,305,0.1385115683078766
6171,16,306,0.11539755761623383
6172,16,307,0.0873226523399353
6173,16,308,0.06653935462236404
6174,16,309,0.05808665230870247
6175,16,310,0.09983187913894653
6176,16,311,0.14543341100215912
6177,16,312,0.18535368144512177
6178,16,313,0.1233137995004654
6179,16,314,0.2268780767917633
6180,16,315,0.10065148025751114
6181,16,316,0.08582843095064163
6182,16,317,0.1766088306903839
6183,16,318,0.10220135003328323
6184,16,319,0.07197066396474838
6185,16,320,0.14684462547302246
6186,16,321,0.11787507683038712
6187,16,322,0.07118359208106995
6188,16,323,0.20667076110839844
6189,16,324,0.12191803008317947
6190,16,325,0.11838778853416443
6191,16,326,0.1770988404750824
6192,16,327,0.12736469507217407
6193,16,328,0.09395638853311539
6194,16,329,0.11838779598474503
6195,16,330,0.10333462059497833
6196,16,331,0.21351121366024017
6197,16,332,0.1452159881591797
6198,16,333,0.1460735946893692
6199,16,334,0.0857514962553978
6200,16,335,0.1484796702861786
6201,16,336,0.10179639607667923
6202,16,337,0.14765959978103638
6203,16,338,0.15338903665542603
6204,16,339,0.11347441375255585
6205,16,340,0.07620079815387726
6206,16,341,0.1723511815071106
6207,16,342,0.11197004467248917
6208,16,343,0.07680002599954605
6209,16,344,0.14684420824050903
6210,16,345,0.11637820303440094
6211,16,346,0.14820170402526855
6212,16,347,0.18419352173805237
6213,16,348,0.1695307493209839
6214,16,349,0.26648619771003723
6215,16,350,0.09666719287633896
6216,16,351,0.19775380194187164
6217,16,352,0.06411903351545334
6218,16,353,0.12323595583438873
6219,16,354,0.24787510931491852
6220,16,355,0.09257953613996506
6221,16,356,0.15389126539230347
6222,16,357,0.18020299077033997
6223,16,358,0.12135498225688934
6224,16,359,0.11412809789180756
6225,16,360,0.12284424155950546
6226,16,361,0.0898616760969162
6227,16,362,0.0768052414059639
6228,16,363,0.12745824456214905
6229,16,364,0.15412211418151855
6230,16,365,0.16466915607452393
6231,16,366,0.20977246761322021
6232,16,367,0.14268392324447632
6233,16,368,0.1553460955619812
6234,16,369,0.18660873174667358
6235,16,370,0.15134474635124207
6236,16,371,0.05575580894947052
6237,16,372,0.18885599076747894
6238,16,373,0.2772601246833801
6239,16,374,0.16727182269096375
6240,16,375,0.061980318278074265
6241,16,376,0.28154683113098145
6242,16,377,0.25578176975250244
6243,16,378,0.24841278791427612
6244,16,379,0.11801594495773315
6245,16,380,0.06297887116670609
6246,16,381,0.1486005187034607
6247,16,382,0.17881320416927338
6248,16,383,0.14892590045928955
6249,16,384,0.1924210637807846
6250,16,385,0.20628604292869568
6251,16,386,0.12810416519641876
6252,16,387,0.10405135899782181
6253,16,388,0.09912228584289551
6254,16,389,0.15675781667232513
6255,16,390,0.1295222043991089
6256,16,391,0.12228803336620331
6257,17,1,0.04245424270629883
6258,17,2,0.06414848566055298
6259,17,3,0.1243748813867569
6260,17,4,0.05098645016551018
6261,17,5,0.1523588001728058
6262,17,6,0.1401778757572174
6263,17,7,0.12472929805517197
6264,17,8,0.03189307823777199
6265,17,9,0.09338931739330292
6266,17,10,0.059370748698711395
6267,17,11,0.06756719946861267
6268,17,12,0.029375312849879265
6269,17,13,0.038274217396974564
6270,17,14,0.1701565533876419
6271,17,15,0.08367856591939926
6272,17,16,0.03746383637189865
6273,17,17,0.20104576647281647
6274,17,18,0.06352005898952484
6275,17,19,0.09554782509803772
6276,17,20,0.04945499822497368
6277,17,21,0.0959305614233017
6278,17,22,0.22257834672927856
6279,17,23,0.060088928788900375
6280,17,24,0.07728659361600876
6281,17,25,0.10042603313922882
6282,17,26,0.07878495007753372
6283,17,27,0.08164873719215393
6284,17,28,0.05608724057674408
6285,17,29,0.13889972865581512
6286,17,30,0.08467487245798111
6287,17,31,0.1699295938014984
6288,17,32,0.0916009470820427
6289,17,33,0.0219313632696867
6290,17,34,0.13861775398254395
6291,17,35,0.02589714713394642
6292,17,36,0.06256694346666336
6293,17,37,0.07916128635406494
6294,17,38,0.06797224283218384
6295,17,39,0.02813914231956005
6296,17,40,0.06789952516555786
6297,17,41,0.08304999023675919
6298,17,42,0.10837052017450333
6299,17,43,0.026893198490142822
6300,17,44,0.08136790245771408
6301,17,45,0.03260757401585579
6302,17,46,0.15105582773685455
6303,17,47,0.04830488562583923
6304,17,48,0.17147080600261688
6305,17,49,0.05159369111061096
6306,17,50,0.03893265128135681
6307,17,51,0.036196205765008926
6308,17,52,0.1114383265376091
6309,17,53,0.06742306053638458
6310,17,54,0.0561935156583786
6311,17,55,0.07422994077205658
6312,17,56,0.03598988056182861
6313,17,57,0.042159728705883026
6314,17,58,0.08481522649526596
6315,17,59,0.07935821264982224
6316,17,60,0.09332636743783951
6317,17,61,0.18636448681354523
6318,17,62,0.13584642112255096
6319,17,63,0.1715763509273529
6320,17,64,0.06026746705174446
6321,17,65,0.15560151636600494
6322,17,66,0.08137288689613342
6323,17,67,0.0656023770570755
6324,17,68,0.05246315896511078
6325,17,69,0.032951440662145615
6326,17,70,0.08342915028333664
6327,17,71,0.14048312604427338
6328,17,72,0.0512295626103878
6329,17,73,0.08804786205291748
6330,17,74,0.03294997662305832
6331,17,75,0.08607572317123413
6332,17,76,0.09337631613016129
6333,17,77,0.0499604307115078
6334,17,78,0.08951447159051895
6335,17,79,0.14670580625534058
6336,17,80,0.033156413584947586
6337,17,81,0.0636877715587616
6338,17,82,0.14989449083805084
6339,17,83,0.06325218081474304
6340,17,84,0.12452641129493713
6341,17,85,0.17086489498615265
6342,17,86,0.16330945491790771
6343,17,87,0.2042202353477478
6344,17,88,0.11590337753295898
6345,17,89,0.11021625995635986
6346,17,90,0.2183837592601776
6347,17,91,0.11606656759977341
6348,17,92,0.12056569010019302
6349,17,93,0.13216190040111542
6350,17,94,0.05856616050004959
6351,17,95,0.1300899088382721
6352,17,96,0.0965196043252945
6353,17,97,0.08177035301923752
6354,17,98,0.07999452203512192
6355,17,99,0.09005215018987656
6356,17,100,0.141013503074646
6357,17,101,0.09688585251569748
6358,17,102,0.08144579082727432
6359,17,103,0.17646414041519165
6360,17,104,0.08364586532115936
6361,17,105,0.06861719489097595
6362,17,106,0.09778431802988052
6363,17,107,0.08039015531539917
6364,17,108,0.10574297606945038
6365,17,109,0.04869610071182251
6366,17,110,0.07715005427598953
6367,17,111,0.14242425560951233
6368,17,112,0.06561841070652008
6369,17,113,0.17138853669166565
6370,17,114,0.12669895589351654
6371,17,115,0.09101958572864532
6372,17,116,0.026002725586295128
6373,17,117,0.140115424990654
6374,17,118,0.05692126601934433
6375,17,119,0.12032905220985413
6376,17,120,0.18630929291248322
6377,17,121,0.05813760682940483
6378,17,122,0.21210066974163055
6379,17,123,0.08743251860141754
6380,17,124,0.036656055599451065
6381,17,125,0.045527249574661255
6382,17,126,0.09467142075300217
6383,17,127,0.05830054357647896
6384,17,128,0.16678814589977264
6385,17,129,0.09689506888389587
6386,17,130,0.12285861372947693
6387,17,131,0.10415741801261902
6388,17,132,0.10503405332565308
6389,17,133,0.0974271148443222
6390,17,134,0.07148677110671997
6391,17,135,0.17440147697925568
6392,17,136,0.18867063522338867
6393,17,137,0.07567892223596573
6394,17,138,0.0921473279595375
6395,17,139,0.1295299082994461
6396,17,140,0.13431158661842346
6397,17,141,0.07521655410528183
6398,17,142,0.06707469373941422
6399,17,143,0.15094523131847382
6400,17,144,0.08762309700250626
6401,17,145,0.08503638207912445
6402,17,146,0.16900373995304108
6403,17,147,0.10356054455041885
6404,17,148,0.16086609661579132
6405,17,149,0.08022680878639221
6406,17,150,0.09318193793296814
6407,17,151,0.1533869355916977
6408,17,152,0.15467563271522522
6409,17,153,0.09608858078718185
6410,17,154,0.09436388313770294
6411,17,155,0.12529191374778748
6412,17,156,0.17136690020561218
6413,17,157,0.15507382154464722
6414,17,158,0.0664362832903862
6415,17,159,0.11824574321508408
6416,17,160,0.10962991416454315
6417,17,161,0.21300455927848816
6418,17,162,0.2017170637845993
6419,17,163,0.23028668761253357
6420,17,164,0.10821729898452759
6421,17,165,0.2147933840751648
6422,17,166,0.11173567175865173
6423,17,167,0.1456393152475357
6424,17,168,0.0678289383649826
6425,17,169,0.13191118836402893
6426,17,170,0.1418507695198059
6427,17,171,0.09709063172340393
6428,17,172,0.15600188076496124
6429,17,173,0.2204795628786087
6430,17,174,0.1676747351884842
6431,17,175,0.18145672976970673
6432,17,176,0.1704472005367279
6433,17,177,0.122005395591259
6434,17,178,0.12006320059299469
6435,17,179,0.23780477046966553
6436,17,180,0.21139392256736755
6437,17,181,0.20589175820350647
6438,17,182,0.07640660554170609
6439,17,183,0.107082299888134
6440,17,184,0.13001233339309692
6441,17,185,0.21206863224506378
6442,17,186,0.1821579784154892
6443,17,187,0.12730863690376282
6444,17,188,0.18636921048164368
6445,17,189,0.16519787907600403
6446,17,190,0.13587570190429688
6447,17,191,0.08678553253412247
6448,17,192,0.10924500226974487
6449,17,193,0.14650274813175201
6450,17,194,0.1057625263929367
6451,17,195,0.0648069679737091
6452,17,196,0.1640980988740921
6453,17,197,0.35123953223228455
6454,17,198,0.18952006101608276
6455,17,199,0.16730183362960815
6456,17,200,0.11174875497817993
6457,17,201,0.17722760140895844
6458,17,202,0.20173467695713043
6459,17,203,0.15364184975624084
6460,17,204,0.12370355427265167
6461,17,205,0.11487501114606857
6462,17,206,0.12632858753204346
6463,17,207,0.22349876165390015
6464,17,208,0.21976804733276367
6465,17,209,0.13656693696975708
6466,17,210,0.12429700046777725
6467,17,211,0.05853211134672165
6468,17,212,0.1308397501707077
6469,17,213,0.11086574196815491
6470,17,214,0.12945501506328583
6471,17,215,0.1027805283665657
6472,17,216,0.0678209736943245
6473,17,217,0.07719945907592773
6474,17,218,0.1603689342737198
6475,17,219,0.09101643413305283
6476,17,220,0.06661224365234375
6477,17,221,0.0820501521229744
6478,17,222,0.11456868797540665
6479,17,223,0.11230763792991638
6480,17,224,0.06585526466369629
6481,17,225,0.11280357092618942
6482,17,226,0.1488673835992813
6483,17,227,0.2733629047870636
6484,17,228,0.13663044571876526
6485,17,229,0.046399474143981934
6486,17,230,0.15366396307945251
6487,17,231,0.03893449530005455
6488,17,232,0.1143501028418541
6489,17,233,0.284000426530838
6490,17,234,0.10557498782873154
6491,17,235,0.34023919701576233
6492,17,236,0.10556772351264954
6493,17,237,0.042547356337308884
6494,17,238,0.1241515725851059
6495,17,239,0.2305172234773636
6496,17,240,0.12222778052091599
6497,17,241,0.11687628924846649
6498,17,242,0.1578672081232071
6499,17,243,0.1903005838394165
6500,17,244,0.23180826008319855
6501,17,245,0.08703138679265976
6502,17,246,0.19220781326293945
6503,17,247,0.10914143174886703
6504,17,248,0.10072080045938492
6505,17,249,0.15031249821186066
6506,17,250,0.16538691520690918
6507,17,251,0.1161041408777237
6508,17,252,0.12815898656845093
6509,17,253,0.17588596045970917
6510,17,254,0.16902005672454834
6511,17,255,0.15052913129329681
6512,17,256,0.09294408559799194
6513,17,257,0.14280427992343903
6514,17,258,0.0904003456234932
6515,17,259,0.11622899770736694
6516,17,260,0.08777172863483429
6517,17,261,0.12702803313732147
6518,17,262,0.10856924951076508
6519,17,263,0.22531643509864807
6520,17,264,0.12905023992061615
6521,17,265,0.12571753561496735
6522,17,266,0.12636716663837433
6523,17,267,0.06318020075559616
6524,17,268,0.09918041527271271
6525,17,269,0.09378764033317566
6526,17,270,0.06452863663434982
6527,17,271,0.05876750871539116
6528,17,272,0.11534897238016129
6529,17,273,0.10724610090255737
6530,17,274,0.0695481076836586
6531,17,275,0.08854915201663971
6532,17,276,0.13103456795215607
6533,17,277,0.08365713804960251
6534,17,278,0.1618192493915558
6535,17,279,0.06703529506921768
6536,17,280,0.18402080237865448
6537,17,281,0.10243862122297287
6538,17,282,0.12217260897159576
6539,17,283,0.1505132019519806
6540,17,284,0.1079225018620491
6541,17,285,0.09831801056861877
6542,17,286,0.21695849299430847
6543,17,287,0.1691250205039978
6544,17,288,0.3485357165336609
6545,17,289,0.1605650782585144
6546,17,290,0.16385425627231598
6547,17,291,0.2339174896478653
6548,17,292,0.23216360807418823
6549,17,293,0.14457033574581146
6550,17,294,0.200072780251503
6551,17,295,0.1044376865029335
6552,17,296,0.15306371450424194
6553,17,297,0.14328475296497345
6554,17,298,0.11115068942308426
6555,17,299,0.13359335064888
6556,17,300,0.15505528450012207
6557,17,301,0.11217250674962997
6558,17,302,0.1870085746049881
6559,17,303,0.060080938041210175
6560,17,304,0.18330344557762146
6561,17,305,0.23481030762195587
6562,17,306,0.0677843689918518
6563,17,307,0.09735988080501556
6564,17,308,0.10832879692316055
6565,17,309,0.12677673995494843
6566,17,310,0.1622602939605713
6567,17,311,0.19529414176940918
6568,17,312,0.08170726150274277
6569,17,313,0.12143054604530334
6570,17,314,0.08029837161302567
6571,17,315,0.09150104224681854
6572,17,316,0.05928746610879898
6573,17,317,0.11063524335622787
6574,17,318,0.1029251366853714
6575,17,319,0.1079171895980835
6576,17,320,0.1535545438528061
6577,17,321,0.13839375972747803
6578,17,322,0.12769311666488647
6579,17,323,0.1358163207769394
6580,17,324,0.06718508154153824
6581,17,325,0.09915012866258621
6582,17,326,0.027564741671085358
6583,17,327,0.09364601969718933
6584,17,328,0.1412065178155899
6585,17,329,0.09750930964946747
6586,17,330,0.210103839635849
6587,17,331,0.0435917042195797
6588,17,332,0.09271190315485
6589,17,333,0.07301685959100723
6590,17,334,0.1228053942322731
6591,17,335,0.11502714455127716
6592,17,336,0.11436282098293304
6593,17,337,0.16123728454113007
6594,17,338,0.040614232420921326
6595,17,339,0.14120572805404663
6596,17,340,0.16935306787490845
6597,17,341,0.09469012916088104
6598,17,342,0.12230923771858215
6599,17,343,0.17983347177505493
6600,17,344,0.052137333899736404
6601,17,345,0.04803873598575592
6602,17,346,0.12369798868894577
6603,17,347,0.10164414346218109
6604,17,348,0.2014489471912384
6605,17,349,0.24180257320404053
6606,17,350,0.07257356494665146
6607,17,351,0.21035313606262207
6608,17,352,0.18185043334960938
6609,17,353,0.24972595274448395
6610,17,354,0.1653209924697876
6611,17,355,0.09200191497802734
6612,17,356,0.09562204033136368
6613,17,357,0.09087521582841873
6614,17,358,0.24525001645088196
6615,17,359,0.15969276428222656
6616,17,360,0.155350461602211
6617,17,361,0.18283440172672272
6618,17,362,0.12898382544517517
6619,17,363,0.15771853923797607
6620,17,364,0.09276176989078522
6621,17,365,0.14365389943122864
6622,17,366,0.1341225802898407
6623,17,367,0.16517329216003418
6624,17,368,0.1930290311574936
6625,17,369,0.17547746002674103
6626,17,370,0.12148529291152954
6627,17,371,0.13889195024967194
6628,17,372,0.18484631180763245
6629,17,373,0.07018104195594788
6630,17,374,0.11139848828315735
6631,17,375,0.09542752057313919
6632,17,376,0.09414569288492203
6633,17,377,0.11532760411500931
6634,17,378,0.11625571548938751
6635,17,379,0.21101967990398407
6636,17,380,0.15146121382713318
6637,17,381,0.05886644497513771
6638,17,382,0.17255061864852905
6639,17,383,0.12743449211120605
6640,17,384,0.20931629836559296
6641,17,385,0.10258006304502487
6642,17,386,0.14376990497112274
6643,17,387,0.17929017543792725
6644,17,388,0.14891168475151062
6645,17,389,0.23445643484592438
6646,17,390,0.17544063925743103
6647,17,391,0.13185380399227142
6648,18,1,0.07180304825305939
6649,18,2,0.09629887342453003
6650,18,3,0.09638582170009613
6651,18,4,0.16088756918907166
6652,18,5,0.12120966613292694
6653,18,6,0.11592891812324524
6654,18,7,0.06443062424659729
6655,18,8,0.11545231193304062
6656,18,9,0.08573144674301147
6657,18,10,0.09601594507694244
6658,18,11,0.06198345497250557
6659,18,12,0.059201858937740326
6660,18,13,0.08626622706651688
6661,18,14,0.0855589359998703
6662,18,15,0.07797891646623611
6663,18,16,0.13043124973773956
6664,18,17,0.05861348658800125
6665,18,18,0.04071606695652008
6666,18,19,0.036648377776145935
6667,18,20,0.11297342926263809
6668,18,21,0.0809149369597435
6669,18,22,0.07290492951869965
6670,18,23,0.057142920792102814
6671,18,24,0.0493607223033905
6672,18,25,0.03215734288096428
6673,18,26,0.14171479642391205
6674,18,27,0.05093987658619881
6675,18,28,0.14218656718730927
6676,18,29,0.08307504653930664
6677,18,30,0.09863424301147461
6678,18,31,0.10510005056858063
6679,18,32,0.0840321034193039
6680,18,33,0.09578552842140198
6681,18,34,0.049754977226257324
6682,18,35,0.08199808746576309
6683,18,36,0.163871631026268
6684,18,37,0.06281640380620956
6685,18,38,0.0949922576546669
6686,18,39,0.04413922131061554
6687,18,40,0.03522862493991852
6688,18,41,0.08510670810937881
6689,18,42,0.058595459908246994
6690,18,43,0.028017695993185043
6691,18,44,0.07409720867872238
6692,18,45,0.054961197078228
6693,18,46,0.04233759641647339
6694,18,47,0.0379771925508976
6695,18,48,0.08680083602666855
6696,18,49,0.0313042476773262
6697,18,50,0.0765882059931755
6698,18,51,0.1792442947626114
6699,18,52,0.0210171677172184
6700,18,53,0.08503503352403641
6701,18,54,0.05744752287864685
6702,18,55,0.07070358842611313
6703,18,56,0.19779610633850098
6704,18,57,0.06643987447023392
6705,18,58,0.029352381825447083
6706,18,59,0.020604396238923073
6707,18,60,0.05849987268447876
6708,18,61,0.18462511897087097
6709,18,62,0.10866494476795197
6710,18,63,0.03759143501520157
6711,18,64,0.05144601687788963
6712,18,65,0.03388185799121857
6713,18,66,0.06610587239265442
6714,18,67,0.13154755532741547
6715,18,68,0.13814586400985718
6716,18,69,0.09536831080913544
6717,18,70,0.04978504776954651
6718,18,71,0.012936783954501152
6719,18,72,0.040689703077077866
6720,18,73,0.04042203351855278
6721,18,74,0.26597121357917786
6722,18,75,0.1099063977599144
6723,18,76,0.28194916248321533
6724,18,77,0.11668886989355087
6725,18,78,0.12508566677570343
6726,18,79,0.1374543011188507
6727,18,80,0.06822112947702408
6728,18,81,0.2163858711719513
6729,18,82,0.13695335388183594
6730,18,83,0.1997833549976349
6731,18,84,0.08825072646141052
6732,18,85,0.06903830915689468
6733,18,86,0.13675791025161743
6734,18,87,0.234519362449646
6735,18,88,0.16052088141441345
6736,18,89,0.06981876492500305
6737,18,90,0.13664239645004272
6738,18,91,0.06660496443510056
6739,18,92,0.1692046970129013
6740,18,93,0.2393510639667511
6741,18,94,0.16151660680770874
6742,18,95,0.08428891748189926
6743,18,96,0.15104636549949646
6744,18,97,0.08180233091115952
6745,18,98,0.11970987170934677
6746,18,99,0.06951658427715302
6747,18,100,0.09210905432701111
6748,18,101,0.10765501111745834
6749,18,102,0.10758499801158905
6750,18,103,0.08265133202075958
6751,18,104,0.08087454736232758
6752,18,105,0.14941589534282684
6753,18,106,0.07175116240978241
6754,18,107,0.05767769739031792
6755,18,108,0.0587446503341198
6756,18,109,0.035858433693647385
6757,18,110,0.054193127900362015
6758,18,111,0.09868776798248291
6759,18,112,0.103768490254879
6760,18,113,0.037824440747499466
6761,18,114,0.048843786120414734
6762,18,115,0.06762601435184479
6763,18,116,0.0986141785979271
6764,18,117,0.04544075205922127
6765,18,118,0.04241934046149254
6766,18,119,0.08901041001081467
6767,18,120,0.13861355185508728
6768,18,121,0.0897497907280922
6769,18,122,0.1315775066614151
6770,18,123,0.1385316550731659
6771,18,124,0.09469404071569443
6772,18,125,0.05789542570710182
6773,18,126,0.1046314686536789
6774,18,127,0.07694405317306519
6775,18,128,0.10946125537157059
6776,18,129,0.06944260001182556
6777,18,130,0.08637961000204086
6778,18,131,0.1075405552983284
6779,18,132,0.07458954304456711
6780,18,133,0.02659011073410511
6781,18,134,0.06306497007608414
6782,18,135,0.029440520331263542
6783,18,136,0.10063394159078598
6784,18,137,0.16838820278644562
6785,18,138,0.1443764865398407
6786,18,139,0.1154223307967186
6787,18,140,0.09115178883075714
6788,18,141,0.13621588051319122
6789,18,142,0.04784827306866646
6790,18,143,0.11503095924854279
6791,18,144,0.15422099828720093
6792,18,145,0.04390383139252663
6793,18,146,0.0389285571873188
6794,18,147,0.08152355998754501
6795,18,148,0.0460641086101532
6796,18,149,0.04771199822425842
6797,18,150,0.08578894287347794
6798,18,151,0.21697676181793213
6799,18,152,0.12440241873264313
6800,18,153,0.061029672622680664
6801,18,154,0.11436207592487335
6802,18,155,0.0944618284702301
6803,18,156,0.12460001558065414
6804,18,157,0.06134224310517311
6805,18,158,0.09824108332395554
6806,18,159,0.10728012025356293
6807,18,160,0.10863403975963593
6808,18,161,0.08449332416057587
6809,18,162,0.05843697860836983
6810,18,163,0.12860018014907837
6811,18,164,0.20705807209014893
6812,18,165,0.06678275018930435
6813,18,166,0.09501343220472336
6814,18,167,0.019809549674391747
6815,18,168,0.062147438526153564
6816,18,169,0.16422903537750244
6817,18,170,0.10552790015935898
6818,18,171,0.03961064666509628
6819,18,172,0.0711778923869133
6820,18,173,0.1881684511899948
6821,18,174,0.11723372340202332
6822,18,175,0.0501994788646698
6823,18,176,0.05329087749123573
6824,18,177,0.10558103024959564
6825,18,178,0.08250191807746887
6826,18,179,0.06389302760362625
6827,18,180,0.17539076507091522
6828,18,181,0.08937513083219528
6829,18,182,0.12227050960063934
6830,18,183,0.1003766879439354
6831,18,184,0.11047922819852829
6832,18,185,0.1272030472755432
6833,18,186,0.12481068074703217
6834,18,187,0.13243500888347626
6835,18,188,0.1273668259382248
6836,18,189,0.07019500434398651
6837,18,190,0.09334426373243332
6838,18,191,0.14839760959148407
6839,18,192,0.09188725799322128
6840,18,193,0.13487812876701355
6841,18,194,0.10514862090349197
6842,18,195,0.12056633830070496
6843,18,196,0.057685136795043945
6844,18,197,0.11772861331701279
6845,18,198,0.08919554203748703
6846,18,199,0.06329140067100525
6847,18,200,0.026602771133184433
6848,18,201,0.07813891023397446
6849,18,202,0.1207757219672203
6850,18,203,0.1581379920244217
6851,18,204,0.1751430481672287
6852,18,205,0.1517341434955597
6853,18,206,0.10708069056272507
6854,18,207,0.06927251070737839
6855,18,208,0.08017481118440628
6856,18,209,0.09066841751337051
6857,18,210,0.11945176124572754
6858,18,211,0.12823674082756042
6859,18,212,0.09147441387176514
6860,18,213,0.21157775819301605
6861,18,214,0.08224021643400192
6862,18,215,0.07762248814105988
6863,18,216,0.13379783928394318
6864,18,217,0.11606426537036896
6865,18,218,0.06951472908258438
6866,18,219,0.14315876364707947
6867,18,220,0.052222561091184616
6868,18,221,0.1213763877749443
6869,18,222,0.0595485083758831
6870,18,223,0.15034592151641846
6871,18,224,0.09509578347206116
6872,18,225,0.09338896721601486
6873,18,226,0.14629438519477844
6874,18,227,0.16055309772491455
6875,18,228,0.07731495052576065
6876,18,229,0.11655372381210327
6877,18,230,0.055572450160980225
6878,18,231,0.0553763285279274
6879,18,232,0.0679432824254036
6880,18,233,0.08021283894777298
6881,18,234,0.13322106003761292
6882,18,235,0.08878707140684128
6883,18,236,0.10527726262807846
6884,18,237,0.175970196723938
6885,18,238,0.04271841421723366
6886,18,239,0.07646650820970535
6887,18,240,0.10326124727725983
6888,18,241,0.05017530173063278
6889,18,242,0.08363599330186844
6890,18,243,0.05911026522517204
6891,18,244,0.12766824662685394
6892,18,245,0.12200739234685898
6893,18,246,0.1206161379814148
6894,18,247,0.134563148021698
6895,18,248,0.09856821596622467
6896,18,249,0.10292929410934448
6897,18,250,0.07225864380598068
6898,18,251,0.15978188812732697
6899,18,252,0.0920788049697876
6900,18,253,0.12090222537517548
6901,18,254,0.049024827778339386
6902,18,255,0.06030695512890816
6903,18,256,0.08379603922367096
6904,18,257,0.09647703915834427
6905,18,258,0.09729716181755066
6906,18,259,0.07552226632833481
6907,18,260,0.03373029828071594
6908,18,261,0.084681935608387
6909,18,262,0.10979793220758438
6910,18,263,0.17925167083740234
6911,18,264,0.1341707706451416
6912,18,265,0.1151496171951294
6913,18,266,0.12309394776821136
6914,18,267,0.08647244423627853
6915,18,268,0.05047651380300522
6916,18,269,0.0503741130232811
6917,18,270,0.06867792457342148
6918,18,271,0.055516041815280914
6919,18,272,0.08060284703969955
6920,18,273,0.09728328138589859
6921,18,274,0.12171865999698639
6922,18,275,0.10294805467128754
6923,18,276,0.09437642991542816
6924,18,277,0.07053203135728836
6925,18,278,0.10724560916423798
6926,18,279,0.0664871335029602
6927,18,280,0.018306784331798553
6928,18,281,0.09600991755723953
6929,18,282,0.14985114336013794
6930,18,283,0.19134463369846344
6931,18,284,0.050830889493227005
6932,18,285,0.11325378715991974
6933,18,286,0.08467604964971542
6934,18,287,0.14346517622470856
6935,18,288,0.24213102459907532
6936,18,289,0.09031908214092255
6937,18,290,0.08327813446521759
6938,18,291,0.13011358678340912
6939,18,292,0.1000528410077095
6940,18,293,0.12234492599964142
6941,18,294,0.11081011593341827
6942,18,295,0.10800810158252716
6943,18,296,0.032830797135829926
6944,18,297,0.05478180572390556
6945,18,298,0.01449829526245594
6946,18,299,0.0510065034031868
6947,18,300,0.06759575754404068
6948,18,301,0.16014014184474945
6949,18,302,0.12046108394861221
6950,18,303,0.04661283269524574
6951,18,304,0.08918993920087814
6952,18,305,0.14279471337795258
6953,18,306,0.08787340670824051
6954,18,307,0.0691254734992981
6955,18,308,0.14544036984443665
6956,18,309,0.09373550117015839
6957,18,310,0.06059718504548073
6958,18,311,0.0914711058139801
6959,18,312,0.10110610723495483
6960,18,313,0.05810333788394928
6961,18,314,0.13119255006313324
6962,18,315,0.07275152951478958
6963,18,316,0.09359156340360641
6964,18,317,0.03084181249141693
6965,18,318,0.12077450752258301
6966,18,319,0.04640546441078186
6967,18,320,0.12085133045911789
6968,18,321,0.1016804426908493
6969,18,322,0.08226420730352402
6970,18,323,0.14619164168834686
6971,18,324,0.10358358174562454
6972,18,325,0.14315901696681976
6973,18,326,0.06062542647123337
6974,18,327,0.18977460265159607
6975,18,328,0.0901617482304573
6976,18,329,0.08375153690576553
6977,18,330,0.06345454603433609
6978,18,331,0.03515709191560745
6979,18,332,0.17459644377231598
6980,18,333,0.17611637711524963
6981,18,334,0.12855404615402222
6982,18,335,0.18353453278541565
6983,18,336,0.12680628895759583
6984,18,337,0.14797908067703247
6985,18,338,0.1324988305568695
6986,18,339,0.09278268367052078
6987,18,340,0.11241856962442398
6988,18,341,0.13180862367153168
6989,18,342,0.13628141582012177
6990,18,343,0.11812204122543335
6991,18,344,0.1565554141998291
6992,18,345,0.2074396014213562
6993,18,346,0.10471820831298828
6994,18,347,0.15327274799346924
6995,18,348,0.08392644673585892
6996,18,349,0.1525733321905136
6997,18,350,0.1615830510854721
6998,18,351,0.12049850076436996
6999,18,352,0.14394992589950562
7000,18,353,0.12162903696298599
7001,18,354,0.07907894253730774
7002,18,355,0.14539353549480438
7003,18,356,0.11771409213542938
7004,18,357,0.10225489735603333
7005,18,358,0.11383221298456192
7006,18,359,0.10371746122837067
7007,18,360,0.1503290832042694
7008,18,361,0.2104978859424591
7009,18,362,0.11874701082706451
7010,18,363,0.10591331124305725
7011,18,364,0.07852131128311157
7012,18,365,0.1425703465938568
7013,18,366,0.07734720408916473
7014,18,367,0.16829922795295715
7015,18,368,0.10497911274433136
7016,18,369,0.14916552603244781
7017,18,370,0.14985033869743347
7018,18,371,0.08183557540178299
7019,18,372,0.12011108547449112
7020,18,373,0.11076409369707108
7021,18,374,0.0752856582403183
7022,18,375,0.14853690564632416
7023,18,376,0.09951692819595337
7024,18,377,0.13286875188350677
7025,18,378,0.048470064997673035
7026,18,379,0.10626775771379471
7027,18,380,0.11019501835107803
7028,18,381,0.27752262353897095
7029,18,382,0.08005550503730774
7030,18,383,0.11599806696176529
7031,18,384,0.06902384757995605
7032,18,385,0.10143380612134933
7033,18,386,0.18425291776657104
7034,18,387,0.0644075945019722
7035,18,388,0.04894973337650299
7036,18,389,0.05608619749546051
7037,18,390,0.09587226063013077
7038,18,391,0.06116028502583504
7039,19,1,0.09104707837104797
7040,19,2,0.07205583900213242
7041,19,3,0.06714200973510742
7042,19,4,0.029454851523041725
7043,19,5,0.09103786200284958
7044,19,6,0.04021042212843895
7045,19,7,0.1215096116065979
7046,19,8,0.08976708352565765
7047,19,9,0.0550774522125721
7048,19,10,0.03579765558242798
7049,19,11,0.05651101842522621
7050,19,12,0.08985957503318787
7051,19,13,0.16242998838424683
7052,19,14,0.04233013466000557
7053,19,15,0.053241681307554245
7054,19,16,0.0367133654654026
7055,19,17,0.06046633794903755
7056,19,18,0.14958882331848145
7057,19,19,0.09483291208744049
7058,19,20,0.04290211200714111
7059,19,21,0.1516062319278717
7060,19,22,0.08000773936510086
7061,19,23,0.10326750576496124
7062,19,24,0.10424571484327316
7063,19,25,0.16755187511444092
7064,19,26,0.12444697320461273
7065,19,27,0.04365469515323639
7066,19,28,0.09022285044193268
7067,19,29,0.0911463126540184
7068,19,30,0.08330030739307404
7069,19,31,0.07459720969200134
7070,19,32,0.047953102737665176
7071,19,33,0.06862200796604156
7072,19,34,0.08021653443574905
7073,19,35,0.09664590656757355
7074,19,36,0.09699434787034988
7075,19,37,0.09559337794780731
7076,19,38,0.03621276468038559
7077,19,39,0.03629610687494278
7078,19,40,0.04170173406600952
7079,19,41,0.08464224636554718
7080,19,42,0.050725918263196945
7081,19,43,0.03943844884634018
7082,19,44,0.11264655739068985
7083,19,45,0.04400632902979851
7084,19,46,0.07258573919534683
7085,19,47,0.10681867599487305
7086,19,48,0.08995724469423294
7087,19,49,0.08980315923690796
7088,19,50,0.04643801972270012
7089,19,51,0.10645212978124619
7090,19,52,0.10400666296482086
7091,19,53,0.09722250699996948
7092,19,54,0.09247461706399918
7093,19,55,0.1476994901895523
7094,19,56,0.128248929977417
7095,19,57,0.06296920031309128
7096,19,58,0.051543813198804855
7097,19,59,0.13679064810276031
7098,19,60,0.04859233275055885
7099,19,61,0.04988761618733406
7100,19,62,0.07891186326742172
7101,19,63,0.0432809554040432
7102,19,64,0.1565706431865692
7103,19,65,0.11148058623075485
7104,19,66,0.06497412174940109
7105,19,67,0.10901667177677155
7106,19,68,0.057561974972486496
7107,19,69,0.09605669975280762
7108,19,70,0.03620300814509392
7109,19,71,0.04961439222097397
7110,19,72,0.1261073797941208
7111,19,73,0.15309418737888336
7112,19,74,0.08212631940841675
7113,19,75,0.06625398993492126
7114,19,76,0.10556624084711075
7115,19,77,0.08759507536888123
7116,19,78,0.04542836919426918
7117,19,79,0.11079583317041397
7118,19,80,0.12013532221317291
7119,19,81,0.3132454752922058
7120,19,82,0.11277292668819427
7121,19,83,0.1605832725763321
7122,19,84,0.05105745047330856
7123,19,85,0.07752332836389542
7124,19,86,0.06709911674261093
7125,19,87,0.09291784465312958
7126,19,88,0.22524012625217438
7127,19,89,0.10068832337856293
7128,19,90,0.1136552169919014
7129,19,91,0.09883622080087662
7130,19,92,0.13962385058403015
7131,19,93,0.16327445209026337
7132,19,94,0.09553535282611847
7133,19,95,0.15154768526554108
7134,19,96,0.08487854897975922
7135,19,97,0.04488121718168259
7136,19,98,0.07292014360427856
7137,19,99,0.184256449341774
7138,19,100,0.18051385879516602
7139,19,101,0.11721772700548172
7140,19,102,0.06738945841789246
7141,19,103,0.06470520794391632
7142,19,104,0.09240158647298813
7143,19,105,0.13670614361763
7144,19,106,0.03725947067141533
7145,19,107,0.06731929630041122
7146,19,108,0.09471239149570465
7147,19,109,0.1231481060385704
7148,19,110,0.07502908259630203
7149,19,111,0.08993738889694214
7150,19,112,0.1406468003988266
7151,19,113,0.21971583366394043
7152,19,114,0.011332849971950054
7153,19,115,0.06877978891134262
7154,19,116,0.15962721407413483
7155,19,117,0.1453259140253067
7156,19,118,0.061575453728437424
7157,19,119,0.1247001513838768
7158,19,120,0.07463497668504715
7159,19,121,0.13979898393154144
7160,19,122,0.11972728371620178
7161,19,123,0.11106035113334656
7162,19,124,0.09228035807609558
7163,19,125,0.08501438051462173
7164,19,126,0.14338882267475128
7165,19,127,0.09684519469738007
7166,19,128,0.06318352371454239
7167,19,129,0.16217806935310364
7168,19,130,0.03051607683300972
7169,19,131,0.03371633589267731
7170,19,132,0.046396106481552124
7171,19,133,0.062137190252542496
7172,19,134,0.052650026977062225
7173,19,135,0.11460229009389877
7174,19,136,0.10752709209918976
7175,19,137,0.14415088295936584
7176,19,138,0.1103210300207138
7177,19,139,0.10819734632968903
7178,19,140,0.2487906813621521
7179,19,141,0.07921964675188065
7180,19,142,0.13230212032794952
7181,19,143,0.12829849123954773
7182,19,144,0.09954768419265747
7183,19,145,0.12898817658424377
7184,19,146,0.09225847572088242
7185,19,147,0.22839544713497162
7186,19,148,0.2710030972957611
7187,19,149,0.31123894453048706
7188,19,150,0.14549610018730164
7189,19,151,0.18029747903347015
7190,19,152,0.08611967414617538
7191,19,153,0.11539192497730255
7192,19,154,0.23422212898731232
7193,19,155,0.16626600921154022
7194,19,156,0.13423116505146027
7195,19,157,0.15356257557868958
7196,19,158,0.16186799108982086
7197,19,159,0.1411961317062378
7198,19,160,0.08549065887928009
7199,19,161,0.08948084712028503
7200,19,162,0.17586323618888855
7201,19,163,0.13455641269683838
7202,19,164,0.12840034067630768
7203,19,165,0.16189135611057281
7204,19,166,0.1521913856267929
7205,19,167,0.12306547164916992
7206,19,168,0.04726371169090271
7207,19,169,0.0712331160902977
7208,19,170,0.07492797076702118
7209,19,171,0.10759495198726654
7210,19,172,0.20384395122528076
7211,19,173,0.07713529467582703
7212,19,174,0.0346856564283371
7213,19,175,0.11113031953573227
7214,19,176,0.09249666333198547
7215,19,177,0.12493825703859329
7216,19,178,0.028522152453660965
7217,19,179,0.08864237368106842
7218,19,180,0.04139005392789841
7219,19,181,0.03253425657749176
7220,19,182,0.11665021628141403
7221,19,183,0.05301147326827049
7222,19,184,0.13367970287799835
7223,19,185,0.06439730525016785
7224,19,186,0.1090451180934906
7225,19,187,0.08384192734956741
7226,19,188,0.10578443109989166
7227,19,189,0.20444409549236298
7228,19,190,0.1578024923801422
7229,19,191,0.10552423447370529
7230,19,192,0.06651221215724945
7231,19,193,0.0923825278878212
7232,19,194,0.048725955188274384
7233,19,195,0.0462474524974823
7234,19,196,0.11731063574552536
7235,19,197,0.12230991572141647
7236,19,198,0.0282621830701828
7237,19,199,0.06201792508363724
7238,19,200,0.023317119106650352
7239,19,201,0.12382803857326508
7240,19,202,0.14650148153305054
7241,19,203,0.10594428330659866
7242,19,204,0.05534715577960014
7243,19,205,0.13046479225158691
7244,19,206,0.23826304078102112
7245,19,207,0.043968819081783295
7246,19,208,0.2152141034603119
7247,19,209,0.06644783914089203
7248,19,210,0.13742996752262115
7249,19,211,0.09522002935409546
7250,19,212,0.04354412481188774
7251,19,213,0.10934873670339584
7252,19,214,0.08626727759838104
7253,19,215,0.13924764096736908
7254,19,216,0.17969581484794617
7255,19,217,0.3150080144405365
7256,19,218,0.09287381172180176
7257,19,219,0.08787580579519272
7258,19,220,0.3355691730976105
7259,19,221,0.035764917731285095
7260,19,222,0.06730516254901886
7261,19,223,0.15455450117588043
7262,19,224,0.09503897279500961
7263,19,225,0.056297607719898224
7264,19,226,0.13238121569156647
7265,19,227,0.08101751655340195
7266,19,228,0.14316426217556
7267,19,229,0.0776350200176239
7268,19,230,0.07444855570793152
7269,19,231,0.06305312365293503
7270,19,232,0.14566287398338318
7271,19,233,0.10362636297941208
7272,19,234,0.16615550220012665
7273,19,235,0.25793784856796265
7274,19,236,0.1749286949634552
7275,19,237,0.13169944286346436
7276,19,238,0.1584671437740326
7277,19,239,0.108444944024086
7278,19,240,0.1595812737941742
7279,19,241,0.11121520400047302
7280,19,242,0.06054174527525902
7281,19,243,0.06881994754076004
7282,19,244,0.1719093769788742
7283,19,245,0.14991120994091034
7284,19,246,0.17183424532413483
7285,19,247,0.2201995700597763
7286,19,248,0.0855388194322586
7287,19,249,0.10856495797634125
7288,19,250,0.12052319943904877
7289,19,251,0.15845727920532227
7290,19,252,0.09947381168603897
7291,19,253,0.13266010582447052
7292,19,254,0.08100979775190353
7293,19,255,0.056288693100214005
7294,19,256,0.08347165584564209
7295,19,257,0.1288747787475586
7296,19,258,0.07284600287675858
7297,19,259,0.08077122271060944
7298,19,260,0.06761129945516586
7299,19,261,0.058740634471178055
7300,19,262,0.059802163392305374
7301,19,263,0.1590222418308258
7302,19,264,0.05233900249004364
7303,19,265,0.14663875102996826
7304,19,266,0.04478458687663078
7305,19,267,0.09560099989175797
7306,19,268,0.098673976957798
7307,19,269,0.029587967321276665
7308,19,270,0.08474830538034439
7309,19,271,0.07335168123245239
7310,19,272,0.10038654506206512
7311,19,273,0.16116370260715485
7312,19,274,0.12730766832828522
7313,19,275,0.06475125253200531
7314,19,276,0.0995699018239975
7315,19,277,0.18800707161426544
7316,19,278,0.15641342103481293
7317,19,279,0.19704921543598175
7318,19,280,0.21152636408805847
7319,19,281,0.17166678607463837
7320,19,282,0.10530932992696762
7321,19,283,0.2918950319290161
7322,19,284,0.0937919169664383
7323,19,285,0.05671875923871994
7324,19,286,0.2204274982213974
7325,19,287,0.11332697421312332
7326,19,288,0.26644763350486755
7327,19,289,0.08475357294082642
7328,19,290,0.139633908867836
7329,19,291,0.242097869515419
7330,19,292,0.11345087736845016
7331,19,293,0.10872135311365128
7332,19,294,0.08938704431056976
7333,19,295,0.05404705926775932
7334,19,296,0.11295546591281891
7335,19,297,0.10124464333057404
7336,19,298,0.10088784992694855
7337,19,299,0.09502770006656647
7338,19,300,0.26503002643585205
7339,19,301,0.10659182071685791
7340,19,302,0.21307799220085144
7341,19,303,0.06563131511211395
7342,19,304,0.18252085149288177
7343,19,305,0.12406215071678162
7344,19,306,0.14441321790218353
7345,19,307,0.10240395367145538
7346,19,308,0.12335558980703354
7347,19,309,0.17643515765666962
7348,19,310,0.07038205116987228
7349,19,311,0.12057167291641235
7350,19,312,0.10480955988168716
7351,19,313,0.09299057722091675
7352,19,314,0.1064639464020729
7353,19,315,0.10271044075489044
7354,19,316,0.05986151471734047
7355,19,317,0.11660981178283691
7356,19,318,0.11223337054252625
7357,19,319,0.15272027254104614
7358,19,320,0.06130240112543106
7359,19,321,0.158638134598732
7360,19,322,0.06084824725985527
7361,19,323,0.122060127556324
7362,19,324,0.0765252485871315
7363,19,325,0.10940049588680267
7364,19,326,0.10660888999700546
7365,19,327,0.09243802726268768
7366,19,328,0.13872066140174866
7367,19,329,0.13581742346286774
7368,19,330,0.11599015444517136
7369,19,331,0.0694415345788002
7370,19,332,0.025840478017926216
7371,19,333,0.08970443159341812
7372,19,334,0.2315700799226761
7373,19,335,0.2283898890018463
7374,19,336,0.1408354789018631
7375,19,337,0.11245866864919662
7376,19,338,0.08352340012788773
7377,19,339,0.11297381669282913
7378,19,340,0.10175885260105133
7379,19,341,0.06269413232803345
7380,19,342,0.09434780478477478
7381,19,343,0.07803183794021606
7382,19,344,0.2927035987377167
7383,19,345,0.14610491693019867
7384,19,346,0.12734059989452362
7385,19,347,0.16762091219425201
7386,19,348,0.1340920776128769
7387,19,349,0.08819557726383209
7388,19,350,0.1042591780424118
7389,19,351,0.19125525653362274
7390,19,352,0.15365812182426453
7391,19,353,0.10731033235788345
7392,19,354,0.12969280779361725
7393,19,355,0.15526752173900604
7394,19,356,0.11300992965698242
7395,19,357,0.10824168473482132
7396,19,358,0.25284725427627563
7397,19,359,0.08615917712450027
7398,19,360,0.14576758444309235
7399,19,361,0.21979057788848877
7400,19,362,0.07493964582681656
7401,19,363,0.12079452723264694
7402,19,364,0.13050490617752075
7403,19,365,0.1121937483549118
7404,19,366,0.10760252177715302
7405,19,367,0.14532242715358734
7406,19,368,0.11984484642744064
7407,19,369,0.05789303779602051
7408,19,370,0.12013504654169083
7409,19,371,0.09692981839179993
7410,19,372,0.08048605173826218
7411,19,373,0.07365300506353378
7412,19,374,0.05609584227204323
7413,19,375,0.08789275586605072
7414,19,376,0.07919751107692719
7415,19,377,0.10579303652048111
7416,19,378,0.11971227079629898
7417,19,379,0.10034362226724625
7418,19,380,0.043220154941082
7419,19,381,0.12576797604560852
7420,19,382,0.08350254595279694
7421,19,383,0.06665155291557312
7422,19,384,0.0585654117166996
7423,19,385,0.05818143114447594
7424,19,386,0.03286284953355789
7425,19,387,0.052350420504808426
7426,19,388,0.1784251481294632
7427,19,389,0.1094629317522049
7428,19,390,0.04443869739770889
7429,19,391,0.10177447646856308
7430,20,1,0.11041487008333206
7431,20,2,0.04333238676190376
7432,20,3,0.11786442995071411
7433,20,4,0.06575842201709747
7434,20,5,0.14209873974323273
7435,20,6,0.05261954292654991
7436,20,7,0.07959316670894623
7437,20,8,0.1238696277141571
7438,20,9,0.09225940704345703
7439,20,10,0.05656680837273598
7440,20,11,0.03803761303424835
7441,20,12,0.03612428158521652
7442,20,13,0.03796782344579697
7443,20,14,0.06484238803386688
7444,20,15,0.08572221547365189
7445,20,16,0.05408984050154686
7446,20,17,0.09503278881311417
7447,20,18,0.0621052049100399
7448,20,19,0.06994113326072693
7449,20,20,0.04574581980705261
7450,20,21,0.040091466158628464
7451,20,22,0.11416761577129364
7452,20,23,0.11956610530614853
7453,20,24,0.06605947017669678
7454,20,25,0.08669685572385788
7455,20,26,0.02492603473365307
7456,20,27,0.06870761513710022
7457,20,28,0.08936857432126999
7458,20,29,0.07931622117757797
7459,20,30,0.025922663509845734
7460,20,31,0.10170070081949234
7461,20,32,0.0795929878950119
7462,20,33,0.18022745847702026
7463,20,34,0.049827851355075836
7464,20,35,0.11291291564702988
7465,20,36,0.056974880397319794
7466,20,37,0.02834128402173519
7467,20,38,0.04779445007443428
7468,20,39,0.05139646306633949
7469,20,40,0.10957000404596329
7470,20,41,0.06385694444179535
7471,20,42,0.09433461725711823
7472,20,43,0.06381683051586151
7473,20,44,0.069820336997509
7474,20,45,0.05721805989742279
7475,20,46,0.06545218080282211
7476,20,47,0.04090100899338722
7477,20,48,0.08030112832784653
7478,20,49,0.029939673840999603
7479,20,50,0.027873288840055466
7480,20,51,0.05150848627090454
7481,20,52,0.11530791223049164
7482,20,53,0.10933444648981094
7483,20,54,0.05684448406100273
7484,20,55,0.025510640814900398
7485,20,56,0.10888861119747162
7486,20,57,0.022007260471582413
7487,20,58,0.12622198462486267
7488,20,59,0.04487994685769081
7489,20,60,0.025939416140317917
7490,20,61,0.08794606477022171
7491,20,62,0.06855877488851547
7492,20,63,0.15756544470787048
7493,20,64,0.09591976553201675
7494,20,65,0.07143782079219818
7495,20,66,0.0539327934384346
7496,20,67,0.22089944779872894
7497,20,68,0.05020708590745926
7498,20,69,0.05375148355960846
7499,20,70,0.016145605593919754
7500,20,71,0.1971956193447113
7501,20,72,0.1563066840171814
7502,20,73,0.13042126595973969
7503,20,74,0.15980789065361023
7504,20,75,0.03392607346177101
7505,20,76,0.10503925383090973
7506,20,77,0.060567136853933334
7507,20,78,0.04964389652013779
7508,20,79,0.04724755510687828
7509,20,80,0.17877277731895447
7510,20,81,0.045925240963697433
7511,20,82,0.13672643899917603
7512,20,83,0.11950749903917313
7513,20,84,0.030387483537197113
7514,20,85,0.17991216480731964
7515,20,86,0.09996343404054642
7516,20,87,0.04431217908859253
7517,20,88,0.11216185241937637
7518,20,89,0.07445191591978073
7519,20,90,0.1617349535226822
7520,20,91,0.12497150897979736
7521,20,92,0.18386679887771606
7522,20,93,0.04760098457336426
7523,20,94,0.19308272004127502
7524,20,95,0.07570775598287582
7525,20,96,0.09981179982423782
7526,20,97,0.10118832439184189
7527,20,98,0.09835366159677505
7528,20,99,0.20208512246608734
7529,20,100,0.09648631513118744
7530,20,101,0.0833713561296463
7531,20,102,0.11217773705720901
7532,20,103,0.1511792242527008
7533,20,104,0.1235894188284874
7534,20,105,0.12733176350593567
7535,20,106,0.11583682149648666
7536,20,107,0.13304398953914642
7537,20,108,0.09091257303953171
7538,20,109,0.0971144586801529
7539,20,110,0.11351001262664795
7540,20,111,0.11575034260749817
7541,20,112,0.17662844061851501
7542,20,113,0.11579875648021698
7543,20,114,0.07507278770208359
7544,20,115,0.13815763592720032
7545,20,116,0.06092876195907593
7546,20,117,0.07681994885206223
7547,20,118,0.1729011833667755
7548,20,119,0.09815458953380585
7549,20,120,0.04621107876300812
7550,20,121,0.06363658607006073
7551,20,122,0.13301540911197662
7552,20,123,0.09127763658761978
7553,20,124,0.07992956042289734
7554,20,125,0.06509994715452194
7555,20,126,0.10390938818454742
7556,20,127,0.1115327700972557
7557,20,128,0.09569171071052551
7558,20,129,0.12055231630802155
7559,20,130,0.07603941857814789
7560,20,131,0.14465945959091187
7561,20,132,0.1728888899087906
7562,20,133,0.12337475270032883
7563,20,134,0.10704862326383591
7564,20,135,0.04817620664834976
7565,20,136,0.11453592032194138
7566,20,137,0.11907684057950974
7567,20,138,0.03506987914443016
7568,20,139,0.15189124643802643
7569,20,140,0.2047809213399887
7570,20,141,0.127554789185524
7571,20,142,0.06631989777088165
7572,20,143,0.14644832909107208
7573,20,144,0.2393420785665512
7574,20,145,0.052032385021448135
7575,20,146,0.11500398814678192
7576,20,147,0.12267208844423294
7577,20,148,0.09478122740983963
7578,20,149,0.10170794278383255
7579,20,150,0.06435122340917587
7580,20,151,0.15306472778320312
7581,20,152,0.15551568567752838
7582,20,153,0.05592519789934158
7583,20,154,0.0907234400510788
7584,20,155,0.04463040083646774
7585,20,156,0.1616542786359787
7586,20,157,0.08117180317640305
7587,20,158,0.13196180760860443
7588,20,159,0.09785167127847672
7589,20,160,0.06843554973602295
7590,20,161,0.06906553357839584
7591,20,162,0.1422155499458313
7592,20,163,0.0674361139535904
7593,20,164,0.05909080430865288
7594,20,165,0.12468381971120834
7595,20,166,0.06619325280189514
7596,20,167,0.07212001830339432
7597,20,168,0.14132671058177948
7598,20,169,0.11591560393571854
7599,20,170,0.11685921251773834
7600,20,171,0.15217462182044983
7601,20,172,0.11043736338615417
7602,20,173,0.08534753322601318
7603,20,174,0.30378469824790955
7604,20,175,0.17266584932804108
7605,20,176,0.1175868958234787
7606,20,177,0.05584966763854027
7607,20,178,0.07590987533330917
7608,20,179,0.0572856143116951
7609,20,180,0.11321796476840973
7610,20,181,0.08249013125896454
7611,20,182,0.16983336210250854
7612,20,183,0.08902336657047272
7613,20,184,0.04160017520189285
7614,20,185,0.05603989213705063
7615,20,186,0.039905741810798645
7616,20,187,0.03833071142435074
7617,20,188,0.13470348715782166
7618,20,189,0.06650707870721817
7619,20,190,0.16756124794483185
7620,20,191,0.2062131017446518
7621,20,192,0.07905057817697525
7622,20,193,0.06995491683483124
7623,20,194,0.03726772218942642
7624,20,195,0.07578916102647781
7625,20,196,0.14403828978538513
7626,20,197,0.06210462749004364
7627,20,198,0.1472996473312378
7628,20,199,0.1486813873052597
7629,20,200,0.03935117647051811
7630,20,201,0.09117034077644348
7631,20,202,0.0715208351612091
7632,20,203,0.08636555820703506
7633,20,204,0.13132986426353455
7634,20,205,0.04595423862338066
7635,20,206,0.0752311646938324
7636,20,207,0.11247297376394272
7637,20,208,0.05175159126520157
7638,20,209,0.06610047072172165
7639,20,210,0.046494510024785995
7640,20,211,0.10344105213880539
7641,20,212,0.07913128286600113
7642,20,213,0.023208927363157272
7643,20,214,0.1085827425122261
7644,20,215,0.06803060322999954
7645,20,216,0.10387540608644485
7646,20,217,0.06940817832946777
7647,20,218,0.01831391640007496
7648,20,219,0.05049940571188927
7649,20,220,0.12058018147945404
7650,20,221,0.025558779016137123
7651,20,222,0.06675401329994202
7652,20,223,0.07246612012386322
7653,20,224,0.09983169287443161
7654,20,225,0.12491343915462494
7655,20,226,0.12819404900074005
7656,20,227,0.03817697614431381
7657,20,228,0.09039077907800674
7658,20,229,0.024284034967422485
7659,20,230,0.0949525311589241
7660,20,231,0.06147925183176994
7661,20,232,0.09181706607341766
7662,20,233,0.0840933546423912
7663,20,234,0.09197086840867996
7664,20,235,0.15630799531936646
7665,20,236,0.048173289746046066
7666,20,237,0.16288131475448608
7667,20,238,0.04378221184015274
7668,20,239,0.2068142294883728
7669,20,240,0.04890928044915199
7670,20,241,0.045387931168079376
7671,20,242,0.215879887342453
7672,20,243,0.11456456780433655
7673,20,244,0.11524160951375961
7674,20,245,0.12656930088996887
7675,20,246,0.09940207004547119
7676,20,247,0.11863291263580322
7677,20,248,0.09420111775398254
7678,20,249,0.07089056819677353
7679,20,250,0.17593538761138916
7680,20,251,0.08223216235637665
7681,20,252,0.10573887825012207
7682,20,253,0.07057792693376541
7683,20,254,0.14033493399620056
7684,20,255,0.22730959951877594
7685,20,256,0.16542302072048187
7686,20,257,0.259458065032959
7687,20,258,0.10669515281915665
7688,20,259,0.06369239836931229
7689,20,260,0.1617288738489151
7690,20,261,0.11588376760482788
7691,20,262,0.22292646765708923
7692,20,263,0.15730342268943787
7693,20,264,0.14083313941955566
7694,20,265,0.12904368340969086
7695,20,266,0.13250042498111725
7696,20,267,0.07417473942041397
7697,20,268,0.06091931834816933
7698,20,269,0.08773849904537201
7699,20,270,0.09581594169139862
7700,20,271,0.1155286431312561
7701,20,272,0.08870457112789154
7702,20,273,0.12173942476511002
7703,20,274,0.08700800687074661
7704,20,275,0.1442531794309616
7705,20,276,0.10242851823568344
7706,20,277,0.038532912731170654
7707,20,278,0.11662386357784271
7708,20,279,0.06625603884458542
7709,20,280,0.16769000887870789
7710,20,281,0.05373946204781532
7711,20,282,0.08391761034727097
7712,20,283,0.027395952492952347
7713,20,284,0.13711175322532654
7714,20,285,0.13647809624671936
7715,20,286,0.05650296062231064
7716,20,287,0.08737438917160034
7717,20,288,0.07363620400428772
7718,20,289,0.12408862262964249
7719,20,290,0.0624254010617733
7720,20,291,0.055275026708841324
7721,20,292,0.048691414296627045
7722,20,293,0.05175270885229111
7723,20,294,0.10930722206830978
7724,20,295,0.07494919747114182
7725,20,296,0.21418042480945587
7726,20,297,0.08788440376520157
7727,20,298,0.06578449159860611
7728,20,299,0.15823444724082947
7729,20,300,0.1217595785856247
7730,20,301,0.1352352350950241
7731,20,302,0.08137612789869308
7732,20,303,0.017045728862285614
7733,20,304,0.08475138247013092
7734,20,305,0.07591196149587631
7735,20,306,0.1023062989115715
7736,20,307,0.10899346321821213
7737,20,308,0.11101347208023071
7738,20,309,0.20306754112243652
7739,20,310,0.13727967441082
7740,20,311,0.07490764558315277
7741,20,312,0.1622195988893509
7742,20,313,0.07626118510961533
7743,20,314,0.0717310979962349
7744,20,315,0.10529986023902893
7745,20,316,0.0740697830915451
7746,20,317,0.16263319551944733
7747,20,318,0.0617745965719223
7748,20,319,0.07565416395664215
7749,20,320,0.13910946249961853
7750,20,321,0.09241727739572525
7751,20,322,0.08720991760492325
7752,20,323,0.07071954011917114
7753,20,324,0.06893542408943176
7754,20,325,0.15043771266937256
7755,20,326,0.16750772297382355
7756,20,327,0.10411052405834198
7757,20,328,0.11449608951807022
7758,20,329,0.12545379996299744
7759,20,330,0.11090986430644989
7760,20,331,0.042957790195941925
7761,20,332,0.11287602037191391
7762,20,333,0.043547794222831726
7763,20,334,0.049203094094991684
7764,20,335,0.07555525749921799
7765,20,336,0.10098123550415039
7766,20,337,0.12351725995540619
7767,20,338,0.09083223342895508
7768,20,339,0.06555400788784027
7769,20,340,0.10284760594367981
7770,20,341,0.12756787240505219
7771,20,342,0.11857546120882034
7772,20,343,0.06862173229455948
7773,20,344,0.08817606419324875
7774,20,345,0.05404510721564293
7775,20,346,0.11763455718755722
7776,20,347,0.12208452820777893
7777,20,348,0.09651988744735718
7778,20,349,0.12598009407520294
7779,20,350,0.09868693351745605
7780,20,351,0.1016915813088417
7781,20,352,0.03139437362551689
7782,20,353,0.11765560507774353
7783,20,354,0.11934167891740799
7784,20,355,0.051316242665052414
7785,20,356,0.019436990842223167
7786,20,357,0.07252371311187744
7787,20,358,0.04722020775079727
7788,20,359,0.09829697757959366
7789,20,360,0.2550736665725708
7790,20,361,0.12070669233798981
7791,20,362,0.08297277987003326
7792,20,363,0.07034704089164734
7793,20,364,0.13106772303581238
7794,20,365,0.12125309556722641
7795,20,366,0.04970788210630417
7796,20,367,0.15708966553211212
7797,20,368,0.06544790416955948
7798,20,369,0.08806507289409637
7799,20,370,0.12985067069530487
7800,20,371,0.1635066121816635
7801,20,372,0.12452983856201172
7802,20,373,0.11604247987270355
7803,20,374,0.20767565071582794
7804,20,375,0.049731362611055374
7805,20,376,0.10149642825126648
7806,20,377,0.09416574239730835
7807,20,378,0.0846778154373169
7808,20,379,0.1282169073820114
7809,20,380,0.12253990024328232
7810,20,381,0.09526904672384262
7811,20,382,0.1331530660390854
7812,20,383,0.045339979231357574
7813,20,384,0.08380203694105148
7814,20,385,0.19212450087070465
7815,20,386,0.11656767129898071
7816,20,387,0.058830417692661285
7817,20,388,0.06952062249183655
7818,20,389,0.05320532247424126
7819,20,390,0.054381221532821655
7820,20,391,0.06507556140422821
