step,epoch,batch,train_loss
1,1,1,2.476846694946289
2,1,2,2.2793219089508057
3,1,3,2.171369791030884
4,1,4,2.0696046352386475
5,1,5,2.061225175857544
6,1,6,2.0175094604492188
7,1,7,1.978709101676941
8,1,8,1.9254539012908936
9,1,9,1.830183506011963
10,1,10,1.7935036420822144
11,1,11,1.7554150819778442
12,1,12,1.7674248218536377
13,1,13,1.85161292552948
14,1,14,1.6885051727294922
15,1,15,1.7975407838821411
16,1,16,1.8137452602386475
17,1,17,1.7075649499893188
18,1,18,1.6714792251586914
19,1,19,1.7552167177200317
20,1,20,1.6732350587844849
21,1,21,1.5904431343078613
22,1,22,1.7440168857574463
23,1,23,1.5153663158416748
24,1,24,1.651106595993042
25,1,25,1.4998191595077515
26,1,26,1.8290218114852905
27,1,27,1.600084662437439
28,1,28,1.5443733930587769
29,1,29,1.7147806882858276
30,1,30,1.61186945438385
31,1,31,1.6706639528274536
32,1,32,1.6538317203521729
33,1,33,1.6530048847198486
34,1,34,1.5421223640441895
35,1,35,1.505351185798645
36,1,36,1.5678634643554688
37,1,37,1.4147025346755981
38,1,38,1.5889222621917725
39,1,39,1.6605676412582397
40,1,40,1.4733405113220215
41,1,41,1.4005475044250488
42,1,42,1.3309602737426758
43,1,43,1.3184144496917725
44,1,44,1.5915963649749756
45,1,45,1.597393274307251
46,1,46,1.446418285369873
47,1,47,1.5360431671142578
48,1,48,1.6742390394210815
49,1,49,1.4863499402999878
50,1,50,1.3006658554077148
51,1,51,1.4886189699172974
52,1,52,1.469622254371643
53,1,53,1.4216492176055908
54,1,54,1.5931425094604492
55,1,55,1.3861815929412842
56,1,56,1.3946551084518433
57,1,57,1.4619985818862915
58,1,58,1.4330557584762573
59,1,59,1.2357860803604126
60,1,60,1.3480687141418457
61,1,61,1.3211132287979126
62,1,62,1.427820086479187
63,1,63,1.3743425607681274
64,1,64,1.3108329772949219
65,1,65,1.445556402206421
66,1,66,1.479675531387329
67,1,67,1.1915743350982666
68,1,68,1.4778589010238647
69,1,69,1.4805176258087158
70,1,70,1.4350676536560059
71,1,71,1.483530879020691
72,1,72,1.3919203281402588
73,1,73,1.555033802986145
74,1,74,1.427110195159912
75,1,75,1.3973290920257568
76,1,76,1.375357747077942
77,1,77,1.4247244596481323
78,1,78,1.3179930448532104
79,1,79,1.398705244064331
80,1,80,1.356436848640442
81,1,81,1.3733205795288086
82,1,82,1.4184011220932007
83,1,83,1.366184115409851
84,1,84,1.2427821159362793
85,1,85,1.29440438747406
86,1,86,1.3857250213623047
87,1,87,1.427091121673584
88,1,88,1.4512690305709839
89,1,89,1.4273440837860107
90,1,90,1.1814860105514526
91,1,91,1.5693674087524414
92,1,92,1.2966399192810059
93,1,93,1.3853185176849365
94,1,94,1.3354169130325317
95,1,95,1.3216477632522583
96,1,96,1.1562036275863647
97,1,97,1.2767022848129272
98,1,98,1.219143033027649
99,1,99,1.3484200239181519
100,1,100,1.2172101736068726
101,1,101,1.4082379341125488
102,1,102,1.1914197206497192
103,1,103,1.4110816717147827
104,1,104,1.3914343118667603
105,1,105,1.3686739206314087
106,1,106,1.4340245723724365
107,1,107,1.314394474029541
108,1,108,1.3962064981460571
109,1,109,1.3464356660842896
110,1,110,1.196695327758789
111,1,111,1.3847936391830444
112,1,112,1.3997375965118408
113,1,113,1.3137447834014893
114,1,114,1.2571616172790527
115,1,115,1.2596627473831177
116,1,116,1.2685651779174805
117,1,117,1.2600624561309814
118,1,118,1.380204200744629
119,1,119,1.294405221939087
120,1,120,1.203862190246582
121,1,121,1.176451563835144
122,1,122,1.3026682138442993
123,1,123,1.5421751737594604
124,1,124,1.2385985851287842
125,1,125,1.3541055917739868
126,1,126,1.1362624168395996
127,1,127,1.2688997983932495
128,1,128,1.3289718627929688
129,1,129,1.28007173538208
130,1,130,1.3286030292510986
131,1,131,1.3252043724060059
132,1,132,1.2879832983016968
133,1,133,1.3090035915374756
134,1,134,1.2165584564208984
135,1,135,1.1930001974105835
136,1,136,1.1882225275039673
137,1,137,1.384514331817627
138,1,138,1.3256443738937378
139,1,139,1.3957264423370361
140,1,140,1.4048466682434082
141,1,141,1.023059368133545
142,1,142,1.176004409790039
143,1,143,1.1473610401153564
144,1,144,1.157537579536438
145,1,145,1.1875301599502563
146,1,146,1.2712206840515137
147,1,147,1.2797640562057495
148,1,148,1.1698938608169556
149,1,149,1.2643635272979736
150,1,150,1.1632627248764038
151,1,151,1.3519010543823242
152,1,152,1.2073915004730225
153,1,153,1.1241716146469116
154,1,154,1.052526593208313
155,1,155,1.3279938697814941
156,1,156,1.178239345550537
157,1,157,1.3166717290878296
158,1,158,1.1428998708724976
159,1,159,1.317137360572815
160,1,160,1.2790076732635498
161,1,161,1.1627203226089478
162,1,162,1.2417516708374023
163,1,163,1.232845664024353
164,1,164,1.1804022789001465
165,1,165,1.1696529388427734
166,1,166,1.1542164087295532
167,1,167,1.1644041538238525
168,1,168,1.1447535753250122
169,1,169,1.0244678258895874
170,1,170,1.1559587717056274
171,1,171,1.1124284267425537
172,1,172,1.205726146697998
173,1,173,1.100442886352539
174,1,174,1.0311634540557861
175,1,175,1.1687946319580078
176,1,176,1.2032489776611328
177,1,177,1.1605879068374634
178,1,178,1.0890378952026367
179,1,179,1.0776841640472412
180,1,180,1.017099142074585
181,1,181,1.1128160953521729
182,1,182,1.2309563159942627
183,1,183,1.167024850845337
184,1,184,1.2766040563583374
185,1,185,1.0306168794631958
186,1,186,1.3288971185684204
187,1,187,1.2097426652908325
188,1,188,1.1610578298568726
189,1,189,1.0475704669952393
190,1,190,1.1344285011291504
191,1,191,1.1278574466705322
192,1,192,1.2260559797286987
193,1,193,1.2703590393066406
194,1,194,1.1664901971817017
195,1,195,1.0665271282196045
196,1,196,1.1736345291137695
197,1,197,0.9636940956115723
198,1,198,1.13605797290802
199,1,199,1.1508067846298218
200,1,200,1.0956193208694458
201,1,201,1.1863086223602295
202,1,202,1.2864471673965454
203,1,203,1.227828860282898
204,1,204,1.3426278829574585
205,1,205,1.0042768716812134
206,1,206,1.263548731803894
207,1,207,1.1008065938949585
208,1,208,1.219241976737976
209,1,209,1.2891875505447388
210,1,210,1.023766279220581
211,1,211,1.1843922138214111
212,1,212,0.9997609257698059
213,1,213,1.067574381828308
214,1,214,1.1543529033660889
215,1,215,1.1168382167816162
216,1,216,1.1864529848098755
217,1,217,1.3013739585876465
218,1,218,1.1300685405731201
219,1,219,1.085319995880127
220,1,220,1.1580138206481934
221,1,221,1.05442476272583
222,1,222,1.0103728771209717
223,1,223,0.9943609237670898
224,1,224,1.083065390586853
225,1,225,1.1662795543670654
226,1,226,1.2761741876602173
227,1,227,1.0824143886566162
228,1,228,1.024189829826355
229,1,229,1.1957331895828247
230,1,230,1.0318602323532104
231,1,231,1.0175228118896484
232,1,232,1.1415990591049194
233,1,233,1.086093783378601
234,1,234,1.1693958044052124
235,1,235,0.9406884908676147
236,1,236,1.0734059810638428
237,1,237,0.9062362909317017
238,1,238,1.1092489957809448
239,1,239,1.216334342956543
240,1,240,1.0507246255874634
241,1,241,0.9555376768112183
242,1,242,1.0312403440475464
243,1,243,0.9185152649879456
244,1,244,1.1415984630584717
245,1,245,1.0472370386123657
246,1,246,0.8899059295654297
247,1,247,1.0845272541046143
248,1,248,1.1040980815887451
249,1,249,1.0775699615478516
250,1,250,1.2505335807800293
251,1,251,0.9413237571716309
252,1,252,1.1563923358917236
253,1,253,1.2129164934158325
254,1,254,0.9488767981529236
255,1,255,1.289148211479187
256,1,256,1.0395511388778687
257,1,257,1.0300538539886475
258,1,258,1.1377593278884888
259,1,259,1.0585788488388062
260,1,260,1.1326313018798828
261,1,261,1.1100672483444214
262,1,262,1.1323310136795044
263,1,263,1.0485039949417114
264,1,264,0.9630504846572876
265,1,265,0.9629446864128113
266,1,266,1.2721716165542603
267,1,267,1.1068798303604126
268,1,268,0.9932717084884644
269,1,269,1.1493690013885498
270,1,270,1.2619589567184448
271,1,271,1.0728578567504883
272,1,272,1.1396292448043823
273,1,273,1.1646322011947632
274,1,274,1.0270893573760986
275,1,275,1.2074683904647827
276,1,276,1.1049623489379883
277,1,277,1.1240460872650146
278,1,278,1.0917723178863525
279,1,279,1.077903389930725
280,1,280,1.0376369953155518
281,1,281,1.0767743587493896
282,1,282,1.1218643188476562
283,1,283,1.2591969966888428
284,1,284,1.1423143148422241
285,1,285,0.9741791486740112
286,1,286,1.029585599899292
287,1,287,1.1817325353622437
288,1,288,1.1490809917449951
289,1,289,1.1869080066680908
290,1,290,1.0474191904067993
291,1,291,1.0113204717636108
292,1,292,1.153012990951538
293,1,293,1.0283130407333374
294,1,294,1.0949541330337524
295,1,295,1.0162996053695679
296,1,296,1.0702649354934692
297,1,297,1.149594783782959
298,1,298,1.0216374397277832
299,1,299,1.1948561668395996
300,1,300,1.1931357383728027
301,1,301,1.1772547960281372
302,1,302,1.0223772525787354
303,1,303,1.152518391609192
304,1,304,0.9874340295791626
305,1,305,1.2413396835327148
306,1,306,1.0028653144836426
307,1,307,1.035935878753662
308,1,308,1.035445213317871
309,1,309,1.1967990398406982
310,1,310,0.9943546056747437
311,1,311,1.0223637819290161
312,1,312,0.9887414574623108
313,1,313,1.0912312269210815
314,1,314,1.0162311792373657
315,1,315,1.0416849851608276
316,1,316,0.8576478958129883
317,1,317,1.0834749937057495
318,1,318,1.0662075281143188
319,1,319,1.0747356414794922
320,1,320,1.163009762763977
321,1,321,1.299434781074524
322,1,322,1.329878807067871
323,1,323,0.998996913433075
324,1,324,0.9147099256515503
325,1,325,1.0519788265228271
326,1,326,1.115368366241455
327,1,327,1.1021023988723755
328,1,328,0.9680221080780029
329,1,329,1.0599088668823242
330,1,330,1.0438522100448608
331,1,331,1.0389662981033325
332,1,332,1.1236112117767334
333,1,333,0.9168698787689209
334,1,334,1.190831184387207
335,1,335,1.0821096897125244
336,1,336,1.1000412702560425
337,1,337,0.9005382657051086
338,1,338,1.1992812156677246
339,1,339,1.1539947986602783
340,1,340,1.0071685314178467
341,1,341,1.0500388145446777
342,1,342,0.9750872850418091
343,1,343,1.1206345558166504
344,1,344,0.9283484220504761
345,1,345,1.0884532928466797
346,1,346,1.1125175952911377
347,1,347,1.059647560119629
348,1,348,1.0369958877563477
349,1,349,1.048417568206787
350,1,350,0.9806591272354126
351,1,351,0.9951320886611938
352,1,352,1.0945885181427002
353,1,353,1.1596813201904297
354,1,354,1.0916236639022827
355,1,355,1.1941745281219482
356,1,356,1.2543747425079346
357,1,357,1.0598393678665161
358,1,358,0.9643945693969727
359,1,359,1.023913025856018
360,1,360,1.0330393314361572
361,1,361,1.0793988704681396
362,1,362,1.0535013675689697
363,1,363,0.9321562647819519
364,1,364,1.0137563943862915
365,1,365,1.0456042289733887
366,1,366,0.9473258256912231
367,1,367,1.0176177024841309
368,1,368,0.9228068590164185
369,1,369,1.040535569190979
370,1,370,0.9530694484710693
371,1,371,0.9621695280075073
372,1,372,1.0827112197875977
373,1,373,0.9173241257667542
374,1,374,0.9695891737937927
375,1,375,1.0015254020690918
376,1,376,1.003960371017456
377,1,377,1.0796178579330444
378,1,378,1.0537360906600952
379,1,379,1.1005370616912842
380,1,380,0.9371851086616516
381,1,381,1.1720963716506958
382,1,382,1.0058366060256958
383,1,383,0.7293317317962646
384,1,384,0.9238334894180298
385,1,385,1.1598423719406128
386,1,386,1.0690762996673584
387,1,387,0.9284237027168274
388,1,388,0.9851635694503784
389,1,389,0.9999736547470093
390,1,390,1.1045962572097778
391,1,391,0.9725351333618164
392,2,1,0.7636018395423889
393,2,2,0.7486580014228821
394,2,3,0.7664986848831177
395,2,4,0.8096935749053955
396,2,5,0.7354758977890015
397,2,6,0.7076774835586548
398,2,7,0.8727914690971375
399,2,8,0.8587802648544312
400,2,9,0.875779390335083
401,2,10,0.9283207058906555
402,2,11,0.943712055683136
403,2,12,1.089748740196228
404,2,13,0.8717876076698303
405,2,14,1.0116336345672607
406,2,15,0.8038175702095032
407,2,16,0.9584168791770935
408,2,17,0.669815719127655
409,2,18,0.6330713629722595
410,2,19,0.7404002547264099
411,2,20,0.6748253107070923
412,2,21,0.8818511962890625
413,2,22,0.8700316548347473
414,2,23,0.7629545331001282
415,2,24,0.7052258253097534
416,2,25,0.8330769538879395
417,2,26,0.7848913073539734
418,2,27,0.8749734163284302
419,2,28,0.8912105560302734
420,2,29,0.8979675769805908
421,2,30,0.7383666634559631
422,2,31,0.8410660028457642
423,2,32,0.8165960311889648
424,2,33,0.9569123983383179
425,2,34,0.8034437894821167
426,2,35,1.002805471420288
427,2,36,0.8168690204620361
428,2,37,0.7602152824401855
429,2,38,0.757980465888977
430,2,39,0.8434997797012329
431,2,40,0.848314642906189
432,2,41,0.8671815395355225
433,2,42,0.7948431372642517
434,2,43,0.7724955677986145
435,2,44,0.918091356754303
436,2,45,1.0139857530593872
437,2,46,0.8567088842391968
438,2,47,0.8541565537452698
439,2,48,0.8605415225028992
440,2,49,0.8498203158378601
441,2,50,0.9300734400749207
442,2,51,0.8597210645675659
443,2,52,0.7442213892936707
444,2,53,0.9293806552886963
445,2,54,0.7769082188606262
446,2,55,0.7821891903877258
447,2,56,0.8557166457176208
448,2,57,0.8570184707641602
449,2,58,0.7763820290565491
450,2,59,0.9361773729324341
451,2,60,0.9703578948974609
452,2,61,0.6387431621551514
453,2,62,0.9573103189468384
454,2,63,0.8440998792648315
455,2,64,0.7686891555786133
456,2,65,0.8957103490829468
457,2,66,0.7847754955291748
458,2,67,0.9097081422805786
459,2,68,0.7123429775238037
460,2,69,0.7887577414512634
461,2,70,0.8364992141723633
462,2,71,0.8194723129272461
463,2,72,0.814525842666626
464,2,73,0.9385136365890503
465,2,74,0.8538869023323059
466,2,75,0.8846820592880249
467,2,76,1.0578722953796387
468,2,77,0.7469988465309143
469,2,78,0.8483039140701294
470,2,79,0.8868011236190796
471,2,80,0.9239450693130493
472,2,81,0.9262333512306213
473,2,82,0.9286164045333862
474,2,83,1.037755012512207
475,2,84,0.7690726518630981
476,2,85,0.8837266564369202
477,2,86,1.0408105850219727
478,2,87,0.7887234687805176
479,2,88,0.7343725562095642
480,2,89,0.7815658450126648
481,2,90,0.7186641693115234
482,2,91,0.7935392260551453
483,2,92,0.9061515927314758
484,2,93,0.7641298770904541
485,2,94,0.9168092012405396
486,2,95,1.005935788154602
487,2,96,0.8487629890441895
488,2,97,1.0076777935028076
489,2,98,0.8244238495826721
490,2,99,0.8467998504638672
491,2,100,0.8425775766372681
492,2,101,0.9784157872200012
493,2,102,0.8695953488349915
494,2,103,0.8978835940361023
495,2,104,0.8508957028388977
496,2,105,0.9298061728477478
497,2,106,0.9976271986961365
498,2,107,0.8944829106330872
499,2,108,0.82902991771698
500,2,109,0.8349957466125488
501,2,110,0.7317547798156738
502,2,111,0.7544912695884705
503,2,112,0.7004377245903015
504,2,113,0.9222856760025024
505,2,114,0.8940973877906799
506,2,115,0.8780612945556641
507,2,116,0.7483141422271729
508,2,117,0.7843999862670898
509,2,118,0.9210677146911621
510,2,119,0.7086606025695801
511,2,120,0.8439027070999146
512,2,121,0.7740551829338074
513,2,122,0.8113815784454346
514,2,123,0.868190586566925
515,2,124,0.849005401134491
516,2,125,0.9308908581733704
517,2,126,0.7667726278305054
518,2,127,0.8494674563407898
519,2,128,0.91004478931427
520,2,129,0.8670598864555359
521,2,130,0.8314213156700134
522,2,131,0.8522581458091736
523,2,132,0.7633194327354431
524,2,133,0.8651977181434631
525,2,134,0.7611484527587891
526,2,135,0.7350941896438599
527,2,136,0.8493118286132812
528,2,137,0.811418354511261
529,2,138,0.7049194574356079
530,2,139,0.9187259674072266
531,2,140,0.6482996344566345
532,2,141,0.8194875717163086
533,2,142,0.7921494245529175
534,2,143,0.689509391784668
535,2,144,0.8581821918487549
536,2,145,0.909098207950592
537,2,146,0.7942661643028259
538,2,147,0.7495754957199097
539,2,148,0.7076458930969238
540,2,149,0.8297588229179382
541,2,150,0.7272141575813293
542,2,151,0.8211936950683594
543,2,152,0.6097061038017273
544,2,153,0.8259298801422119
545,2,154,0.9755846858024597
546,2,155,0.7024683952331543
547,2,156,0.6215825080871582
548,2,157,0.7103452086448669
549,2,158,0.7923095226287842
550,2,159,0.8817298412322998
551,2,160,0.8207842707633972
552,2,161,1.0384973287582397
553,2,162,0.703809916973114
554,2,163,0.8751105666160583
555,2,164,0.77133709192276
556,2,165,0.7047106027603149
557,2,166,0.9218639135360718
558,2,167,0.7968317270278931
559,2,168,0.7413323521614075
560,2,169,0.8674408793449402
561,2,170,0.8639175891876221
562,2,171,0.8689290285110474
563,2,172,0.8001264333724976
564,2,173,0.7599667906761169
565,2,174,0.8543674945831299
566,2,175,0.7184536457061768
567,2,176,0.8099210858345032
568,2,177,0.7306622266769409
569,2,178,0.6936284303665161
570,2,179,0.7882663011550903
571,2,180,0.7950772643089294
572,2,181,0.6885812282562256
573,2,182,0.7158533930778503
574,2,183,0.7246208190917969
575,2,184,0.8285358548164368
576,2,185,0.68106609582901
577,2,186,0.8420006632804871
578,2,187,0.802381157875061
579,2,188,0.8204460144042969
580,2,189,0.7699323892593384
581,2,190,0.75653076171875
582,2,191,0.6832936406135559
583,2,192,0.7268242239952087
584,2,193,0.8845812082290649
585,2,194,0.9104925394058228
586,2,195,0.7780614495277405
587,2,196,0.7979711890220642
588,2,197,0.752291202545166
589,2,198,0.7597956657409668
590,2,199,0.7396029829978943
591,2,200,0.8998720645904541
592,2,201,0.767716646194458
593,2,202,0.7542068958282471
594,2,203,1.0047926902770996
595,2,204,0.8094133138656616
596,2,205,0.9236596822738647
597,2,206,1.0118873119354248
598,2,207,0.7216217517852783
599,2,208,0.8655315041542053
600,2,209,0.7441366910934448
601,2,210,0.909295916557312
602,2,211,0.6518785357475281
603,2,212,0.8169500827789307
604,2,213,0.8101456761360168
605,2,214,0.6848950386047363
606,2,215,0.7839478850364685
607,2,216,0.798786997795105
608,2,217,0.8299858570098877
609,2,218,0.7476174235343933
610,2,219,0.8237223625183105
611,2,220,0.7561085224151611
612,2,221,0.7678274512290955
613,2,222,0.7792415022850037
614,2,223,0.6728047132492065
615,2,224,0.7499961853027344
616,2,225,0.6602993011474609
617,2,226,0.7147300839424133
618,2,227,0.6073567867279053
619,2,228,0.6759933829307556
620,2,229,0.789093017578125
621,2,230,0.7762063145637512
622,2,231,0.9763622283935547
623,2,232,0.8172087073326111
624,2,233,0.8809097409248352
625,2,234,0.7747352719306946
626,2,235,0.7701738476753235
627,2,236,0.8447172045707703
628,2,237,0.7855073809623718
629,2,238,0.8017154335975647
630,2,239,0.8689879775047302
631,2,240,0.8775143623352051
632,2,241,0.7717393636703491
633,2,242,0.6884810328483582
634,2,243,0.9590888023376465
635,2,244,0.7647236585617065
636,2,245,0.9524875283241272
637,2,246,0.7489315271377563
638,2,247,0.8279210329055786
639,2,248,0.7787403464317322
640,2,249,0.8293126821517944
641,2,250,0.8371338844299316
642,2,251,0.9263650178909302
643,2,252,0.9343467950820923
644,2,253,0.6835620999336243
645,2,254,0.7964980602264404
646,2,255,0.7991160154342651
647,2,256,0.7990841865539551
648,2,257,0.7235926389694214
649,2,258,0.8655638694763184
650,2,259,1.0021733045578003
651,2,260,0.723555326461792
652,2,261,0.8928275108337402
653,2,262,0.7583112716674805
654,2,263,0.6730977892875671
655,2,264,0.9147124290466309
656,2,265,0.7108184099197388
657,2,266,0.6526395678520203
658,2,267,0.7864540815353394
659,2,268,0.7683826684951782
660,2,269,0.9048119187355042
661,2,270,0.80224609375
662,2,271,0.8490226864814758
663,2,272,0.699130117893219
664,2,273,0.5487394332885742
665,2,274,0.9064571857452393
666,2,275,0.8261928558349609
667,2,276,0.8708778619766235
668,2,277,0.722360372543335
669,2,278,0.8441937565803528
670,2,279,0.6779823899269104
671,2,280,0.6846582293510437
672,2,281,0.6783608198165894
673,2,282,0.6225227117538452
674,2,283,0.6919302344322205
675,2,284,0.685299813747406
676,2,285,0.8386108875274658
677,2,286,0.7785171270370483
678,2,287,0.7832575440406799
679,2,288,0.6727023720741272
680,2,289,0.7847349643707275
681,2,290,0.6539737582206726
682,2,291,0.783210277557373
683,2,292,0.738935112953186
684,2,293,0.8105013966560364
685,2,294,1.039805293083191
686,2,295,0.6666750907897949
687,2,296,0.7760931253433228
688,2,297,0.6374166011810303
689,2,298,0.8188172578811646
690,2,299,0.9202397465705872
691,2,300,0.7057913541793823
692,2,301,0.6112430691719055
693,2,302,0.8775673508644104
694,2,303,0.7717791795730591
695,2,304,0.7612001299858093
696,2,305,0.6692118048667908
697,2,306,0.7606421113014221
698,2,307,0.7846087217330933
699,2,308,0.722033679485321
700,2,309,0.8763517141342163
701,2,310,0.9267755746841431
702,2,311,0.6433196067810059
703,2,312,0.683749258518219
704,2,313,0.8479581475257874
705,2,314,0.9129734635353088
706,2,315,0.8732661604881287
707,2,316,0.7106494903564453
708,2,317,0.7891165018081665
709,2,318,0.8155249357223511
710,2,319,0.7661464810371399
711,2,320,0.7769534587860107
712,2,321,0.7834097743034363
713,2,322,0.6338017582893372
714,2,323,1.062599539756775
715,2,324,0.9281845092773438
716,2,325,0.775553286075592
717,2,326,0.6292339563369751
718,2,327,0.9004887938499451
719,2,328,0.7292922139167786
720,2,329,0.793510377407074
721,2,330,0.8216865658760071
722,2,331,0.9448667168617249
723,2,332,0.7713594436645508
724,2,333,0.7696958780288696
725,2,334,0.7291529178619385
726,2,335,0.7046521902084351
727,2,336,0.8364741802215576
728,2,337,0.7898388504981995
729,2,338,0.8320722579956055
730,2,339,0.8551702499389648
731,2,340,0.7169710397720337
732,2,341,0.8641369342803955
733,2,342,0.7824258208274841
734,2,343,0.7024098038673401
735,2,344,0.7464525699615479
736,2,345,0.9678412079811096
737,2,346,0.7042692303657532
738,2,347,0.7410392761230469
739,2,348,0.7599683403968811
740,2,349,0.9377626776695251
741,2,350,0.7938694357872009
742,2,351,0.6198878884315491
743,2,352,0.9244028925895691
744,2,353,0.730664074420929
745,2,354,0.7786251306533813
746,2,355,0.7476704716682434
747,2,356,0.7808277010917664
748,2,357,0.6241869330406189
749,2,358,0.7009732127189636
750,2,359,0.623679518699646
751,2,360,0.7482860684394836
752,2,361,0.8953908681869507
753,2,362,0.8513582944869995
754,2,363,0.64491868019104
755,2,364,0.7535860538482666
756,2,365,0.7438384890556335
757,2,366,0.839877188205719
758,2,367,0.719946563243866
759,2,368,0.5674746632575989
760,2,369,0.635101854801178
761,2,370,0.870754599571228
762,2,371,0.7149975299835205
763,2,372,0.8638990521430969
764,2,373,0.8178766965866089
765,2,374,0.7971585988998413
766,2,375,0.8216573596000671
767,2,376,0.7157276272773743
768,2,377,0.9845565557479858
769,2,378,0.7106486558914185
770,2,379,0.8493052124977112
771,2,380,0.720307469367981
772,2,381,0.7216507196426392
773,2,382,0.7727501392364502
774,2,383,0.8271699547767639
775,2,384,0.8458168506622314
776,2,385,0.7127026915550232
777,2,386,0.7329921722412109
778,2,387,0.8350414037704468
779,2,388,0.6938689947128296
780,2,389,0.7583805918693542
781,2,390,0.9088428020477295
782,2,391,0.9487107992172241
783,3,1,0.5392726063728333
784,3,2,0.47345006465911865
785,3,3,0.6053094267845154
786,3,4,0.6421743631362915
787,3,5,0.5980833768844604
788,3,6,0.46634775400161743
789,3,7,0.4925922453403473
790,3,8,0.5237537622451782
791,3,9,0.6155681014060974
792,3,10,0.6828661561012268
793,3,11,0.6601191759109497
794,3,12,0.4519166350364685
795,3,13,0.587844967842102
796,3,14,0.6057378649711609
797,3,15,0.5625191926956177
798,3,16,0.5014839768409729
799,3,17,0.6090384125709534
800,3,18,0.5641177296638489
801,3,19,0.5561037659645081
802,3,20,0.5526145100593567
803,3,21,0.4254681468009949
804,3,22,0.43722954392433167
805,3,23,0.664811372756958
806,3,24,0.6196872591972351
807,3,25,0.5357041358947754
808,3,26,0.5776954293251038
809,3,27,0.6181933879852295
810,3,28,0.4087970554828644
811,3,29,0.5576467514038086
812,3,30,0.5940424203872681
813,3,31,0.397796630859375
814,3,32,0.5180777907371521
815,3,33,0.6269004940986633
816,3,34,0.38024353981018066
817,3,35,0.5354257225990295
818,3,36,0.5070644617080688
819,3,37,0.5632215738296509
820,3,38,0.5903312563896179
821,3,39,0.4643062353134155
822,3,40,0.6556584239006042
823,3,41,0.5249974131584167
824,3,42,0.504177451133728
825,3,43,0.6283791065216064
826,3,44,0.5962120294570923
827,3,45,0.5784570574760437
828,3,46,0.5305747985839844
829,3,47,0.486741840839386
830,3,48,0.5971385836601257
831,3,49,0.495116263628006
832,3,50,0.5890633463859558
833,3,51,0.42557716369628906
834,3,52,0.8135067224502563
835,3,53,0.5308589935302734
836,3,54,0.6296387910842896
837,3,55,0.57176274061203
838,3,56,0.5298474431037903
839,3,57,0.588318407535553
840,3,58,0.6112664937973022
841,3,59,0.6792670488357544
842,3,60,0.440305233001709
843,3,61,0.5839859247207642
844,3,62,0.51039057970047
845,3,63,0.584426760673523
846,3,64,0.5561569333076477
847,3,65,0.5882295370101929
848,3,66,0.4798026978969574
849,3,67,0.5368286371231079
850,3,68,0.5760881900787354
851,3,69,0.5807700157165527
852,3,70,0.6081100106239319
853,3,71,0.5656748414039612
854,3,72,0.480393648147583
855,3,73,0.5814728736877441
856,3,74,0.3859746754169464
857,3,75,0.49265584349632263
858,3,76,0.5103305578231812
859,3,77,0.6202042698860168
860,3,78,0.614454448223114
861,3,79,0.5990802645683289
862,3,80,0.5139431953430176
863,3,81,0.597942054271698
864,3,82,0.5843215584754944
865,3,83,0.5397887825965881
866,3,84,0.5285053253173828
867,3,85,0.5391265749931335
868,3,86,0.6791957020759583
869,3,87,0.7364952564239502
870,3,88,0.6617119908332825
871,3,89,0.6105028986930847
872,3,90,0.5279596447944641
873,3,91,0.6638234257698059
874,3,92,0.5624408721923828
875,3,93,0.7951107025146484
876,3,94,0.6403778195381165
877,3,95,0.507978081703186
878,3,96,0.5231351256370544
879,3,97,0.5406336784362793
880,3,98,0.5968940854072571
881,3,99,0.569604218006134
882,3,100,0.5749778151512146
883,3,101,0.6396286487579346
884,3,102,0.5244963765144348
885,3,103,0.5500919222831726
886,3,104,0.4842544496059418
887,3,105,0.49070847034454346
888,3,106,0.5821493864059448
889,3,107,0.6487846970558167
890,3,108,0.6217688322067261
891,3,109,0.652280867099762
892,3,110,0.46870341897010803
893,3,111,0.47619062662124634
894,3,112,0.5465700626373291
895,3,113,0.5898729562759399
896,3,114,0.4500788748264313
897,3,115,0.5329544544219971
898,3,116,0.507638156414032
899,3,117,0.5752829909324646
900,3,118,0.4316914975643158
901,3,119,0.48267272114753723
902,3,120,0.5563573837280273
903,3,121,0.5294397473335266
904,3,122,0.4955773651599884
905,3,123,0.6967942714691162
906,3,124,0.6721495389938354
907,3,125,0.6022543907165527
908,3,126,0.6036337018013
909,3,127,0.6631249785423279
910,3,128,0.6180371642112732
911,3,129,0.5506352186203003
912,3,130,0.6145374178886414
913,3,131,0.6300951838493347
914,3,132,0.555337131023407
915,3,133,0.4190451204776764
916,3,134,0.5336529612541199
917,3,135,0.5421888828277588
918,3,136,0.42646127939224243
919,3,137,0.5251888632774353
920,3,138,0.5297819375991821
921,3,139,0.6324207782745361
922,3,140,0.7009130120277405
923,3,141,0.6161677837371826
924,3,142,0.7508814930915833
925,3,143,0.6662041544914246
926,3,144,0.52266925573349
927,3,145,0.5448288321495056
928,3,146,0.45291048288345337
929,3,147,0.6182222366333008
930,3,148,0.4058033227920532
931,3,149,0.5855391025543213
932,3,150,0.5783576965332031
933,3,151,0.6365100145339966
934,3,152,0.596552312374115
935,3,153,0.6651389598846436
936,3,154,0.5072935223579407
937,3,155,0.5653179287910461
938,3,156,0.4876701533794403
939,3,157,0.6478080153465271
940,3,158,0.6564093232154846
941,3,159,0.534189760684967
942,3,160,0.705215334892273
943,3,161,0.561132550239563
944,3,162,0.495104044675827
945,3,163,0.4289834201335907
946,3,164,0.6033654808998108
947,3,165,0.5649808049201965
948,3,166,0.721981406211853
949,3,167,0.6035979986190796
950,3,168,0.46211785078048706
951,3,169,0.47386378049850464
952,3,170,0.49182966351509094
953,3,171,0.6007732152938843
954,3,172,0.6506690979003906
955,3,173,0.654316782951355
956,3,174,0.5988736748695374
957,3,175,0.7394092679023743
958,3,176,0.6198096871376038
959,3,177,0.732369601726532
960,3,178,0.41845500469207764
961,3,179,0.5577179193496704
962,3,180,0.5891138315200806
963,3,181,0.610765814781189
964,3,182,0.7773733139038086
965,3,183,0.5967386960983276
966,3,184,0.6243442296981812
967,3,185,0.5030485391616821
968,3,186,0.5961702466011047
969,3,187,0.3947506844997406
970,3,188,0.716426432132721
971,3,189,0.7108485102653503
972,3,190,0.5065698623657227
973,3,191,0.6688467264175415
974,3,192,0.458339661359787
975,3,193,0.5596169829368591
976,3,194,0.45995935797691345
977,3,195,0.5888296961784363
978,3,196,0.5486155152320862
979,3,197,0.6084542274475098
980,3,198,0.4337884783744812
981,3,199,0.6272397041320801
982,3,200,0.6481382250785828
983,3,201,0.5437150597572327
984,3,202,0.5829147696495056
985,3,203,0.6270814538002014
986,3,204,0.5010069012641907
987,3,205,0.6007056832313538
988,3,206,0.6045086979866028
989,3,207,0.6014094948768616
990,3,208,0.6970596313476562
991,3,209,0.6110431551933289
992,3,210,0.4552851617336273
993,3,211,0.6267344951629639
994,3,212,0.45470818877220154
995,3,213,0.47049787640571594
996,3,214,0.5998954176902771
997,3,215,0.5460458397865295
998,3,216,0.5242503881454468
999,3,217,0.6480847001075745
1000,3,218,0.6007773876190186
1001,3,219,0.3393385708332062
1002,3,220,0.7089843153953552
1003,3,221,0.615544319152832
1004,3,222,0.524432361125946
1005,3,223,0.699033796787262
1006,3,224,0.5861620903015137
1007,3,225,0.6801341772079468
1008,3,226,0.5417392253875732
1009,3,227,0.5544998049736023
1010,3,228,0.7262063026428223
1011,3,229,0.45047929883003235
1012,3,230,0.5105323195457458
1013,3,231,0.6793200969696045
1014,3,232,0.5597461462020874
1015,3,233,0.5439220666885376
1016,3,234,0.6507682204246521
1017,3,235,0.5289052128791809
1018,3,236,0.6507670283317566
1019,3,237,0.6587231755256653
1020,3,238,0.48697105050086975
1021,3,239,0.47615429759025574
1022,3,240,0.5520949363708496
1023,3,241,0.5999913215637207
1024,3,242,0.4476622939109802
1025,3,243,0.6780060529708862
1026,3,244,0.6375792026519775
1027,3,245,0.7664531469345093
1028,3,246,0.5547306537628174
1029,3,247,0.5534182190895081
1030,3,248,0.5700927376747131
1031,3,249,0.5669729709625244
1032,3,250,0.45721983909606934
1033,3,251,0.48621952533721924
1034,3,252,0.38561347126960754
1035,3,253,0.8136117458343506
1036,3,254,0.5497807860374451
1037,3,255,0.6161723136901855
1038,3,256,0.5182217955589294
1039,3,257,0.6338018774986267
1040,3,258,0.4645034670829773
1041,3,259,0.5899172425270081
1042,3,260,0.34296441078186035
1043,3,261,0.5442162752151489
1044,3,262,0.720020055770874
1045,3,263,0.6436793804168701
1046,3,264,0.5147289037704468
1047,3,265,0.5571870803833008
1048,3,266,0.592965304851532
1049,3,267,0.5205239057540894
1050,3,268,0.6764857769012451
1051,3,269,0.798912763595581
1052,3,270,0.5903032422065735
1053,3,271,0.6093009114265442
1054,3,272,0.6752573847770691
1055,3,273,0.6158086657524109
1056,3,274,0.5162189602851868
1057,3,275,0.6018476486206055
1058,3,276,0.5088627338409424
1059,3,277,0.49668818712234497
1060,3,278,0.5835199356079102
1061,3,279,0.5541054606437683
1062,3,280,0.6572327613830566
1063,3,281,0.6838118433952332
1064,3,282,0.724680483341217
1065,3,283,0.5668177008628845
1066,3,284,0.5057076811790466
1067,3,285,0.49804943799972534
1068,3,286,0.6023581027984619
1069,3,287,0.46335369348526
1070,3,288,0.5310088396072388
1071,3,289,0.6990504860877991
1072,3,290,0.4677450954914093
1073,3,291,0.5808541774749756
1074,3,292,0.6270761489868164
1075,3,293,0.610645055770874
1076,3,294,0.48508507013320923
1077,3,295,0.6600123643875122
1078,3,296,0.5921925902366638
1079,3,297,0.5062611699104309
1080,3,298,0.6112892031669617
1081,3,299,0.567534863948822
1082,3,300,0.495775043964386
1083,3,301,0.6263280510902405
1084,3,302,0.5294029116630554
1085,3,303,0.7533257007598877
1086,3,304,0.555037260055542
1087,3,305,0.6592792272567749
1088,3,306,0.5912227630615234
1089,3,307,0.6232050657272339
1090,3,308,0.5647460222244263
1091,3,309,0.5070523619651794
1092,3,310,0.5745235681533813
1093,3,311,0.4782741665840149
1094,3,312,0.5702212452888489
1095,3,313,0.5178617835044861
1096,3,314,0.5086051821708679
1097,3,315,0.6107487678527832
1098,3,316,0.6032382845878601
1099,3,317,0.4936172068119049
1100,3,318,0.4730859696865082
1101,3,319,0.660190761089325
1102,3,320,0.5594617128372192
1103,3,321,0.6010513305664062
1104,3,322,0.477647602558136
1105,3,323,0.5071122646331787
1106,3,324,0.5311672687530518
1107,3,325,0.44386786222457886
1108,3,326,0.6279762983322144
1109,3,327,0.47271284461021423
1110,3,328,0.5416301488876343
1111,3,329,0.5775882005691528
1112,3,330,0.6020898818969727
1113,3,331,0.5142462849617004
1114,3,332,0.5994535088539124
1115,3,333,0.41536444425582886
1116,3,334,0.5601303577423096
1117,3,335,0.5447743535041809
1118,3,336,0.6493785381317139
1119,3,337,0.5269643664360046
1120,3,338,0.6755703687667847
1121,3,339,0.5568861961364746
1122,3,340,0.6286396384239197
1123,3,341,0.8191390037536621
1124,3,342,0.6809687614440918
1125,3,343,0.495380163192749
1126,3,344,0.5616410374641418
1127,3,345,0.5410753488540649
1128,3,346,0.538691520690918
1129,3,347,0.5735467076301575
1130,3,348,0.5861687660217285
1131,3,349,0.4931345582008362
1132,3,350,0.6726377010345459
1133,3,351,0.5887852907180786
1134,3,352,0.3959173858165741
1135,3,353,0.48505309224128723
1136,3,354,0.6470310091972351
1137,3,355,0.5946537256240845
1138,3,356,0.6469090580940247
1139,3,357,0.6055915355682373
1140,3,358,0.7940110564231873
1141,3,359,0.5602210760116577
1142,3,360,0.6001141667366028
1143,3,361,0.6071011424064636
1144,3,362,0.5928854942321777
1145,3,363,0.5600194334983826
1146,3,364,0.5362160205841064
1147,3,365,0.5974871516227722
1148,3,366,0.7667639255523682
1149,3,367,0.6607604622840881
1150,3,368,0.5870182514190674
1151,3,369,0.4599134027957916
1152,3,370,0.5334210395812988
1153,3,371,0.7680531740188599
1154,3,372,0.4953952729701996
1155,3,373,0.6400144696235657
1156,3,374,0.586109459400177
1157,3,375,0.7127949595451355
1158,3,376,0.7507396340370178
1159,3,377,0.5431255102157593
1160,3,378,0.6957396268844604
1161,3,379,0.5060365796089172
1162,3,380,0.5432354807853699
1163,3,381,0.43552500009536743
1164,3,382,0.5031539797782898
1165,3,383,0.6734176874160767
1166,3,384,0.5829218626022339
1167,3,385,0.6749424934387207
1168,3,386,0.6543970108032227
1169,3,387,0.6627865433692932
1170,3,388,0.7817771434783936
1171,3,389,0.6274536848068237
1172,3,390,0.482677698135376
1173,3,391,0.6703610420227051
1174,4,1,0.3108479380607605
1175,4,2,0.32078659534454346
1176,4,3,0.4479452967643738
1177,4,4,0.47941163182258606
1178,4,5,0.30376309156417847
1179,4,6,0.45724040269851685
1180,4,7,0.5735233426094055
1181,4,8,0.3618123233318329
1182,4,9,0.4363629221916199
1183,4,10,0.4182162284851074
1184,4,11,0.31906527280807495
1185,4,12,0.32117027044296265
1186,4,13,0.3576817810535431
1187,4,14,0.2935514450073242
1188,4,15,0.45845386385917664
1189,4,16,0.3734389841556549
1190,4,17,0.4140826165676117
1191,4,18,0.29691627621650696
1192,4,19,0.23955270648002625
1193,4,20,0.32023096084594727
1194,4,21,0.22941218316555023
1195,4,22,0.3135674297809601
1196,4,23,0.2281079888343811
1197,4,24,0.2905392348766327
1198,4,25,0.3220177888870239
1199,4,26,0.26332855224609375
1200,4,27,0.3839414417743683
1201,4,28,0.3512131869792938
1202,4,29,0.3088969886302948
1203,4,30,0.2506543695926666
1204,4,31,0.32072022557258606
1205,4,32,0.28411707282066345
1206,4,33,0.3222600221633911
1207,4,34,0.374651163816452
1208,4,35,0.3378986418247223
1209,4,36,0.30552786588668823
1210,4,37,0.308036208152771
1211,4,38,0.3931224048137665
1212,4,39,0.2612472176551819
1213,4,40,0.31283053755760193
1214,4,41,0.26654139161109924
1215,4,42,0.2994699776172638
1216,4,43,0.48625659942626953
1217,4,44,0.21491530537605286
1218,4,45,0.4398115873336792
1219,4,46,0.4904547333717346
1220,4,47,0.3003382384777069
1221,4,48,0.21816927194595337
1222,4,49,0.27432119846343994
1223,4,50,0.30379900336265564
1224,4,51,0.26559802889823914
1225,4,52,0.35268434882164
1226,4,53,0.24330823123455048
1227,4,54,0.30156975984573364
1228,4,55,0.3958324193954468
1229,4,56,0.41537368297576904
1230,4,57,0.2852780818939209
1231,4,58,0.33554744720458984
1232,4,59,0.42070531845092773
1233,4,60,0.33076220750808716
1234,4,61,0.4553234577178955
1235,4,62,0.37923017144203186
1236,4,63,0.35054293274879456
1237,4,64,0.2507735788822174
1238,4,65,0.2488671839237213
1239,4,66,0.1888902187347412
1240,4,67,0.41006025671958923
1241,4,68,0.4522363245487213
1242,4,69,0.33406975865364075
1243,4,70,0.3774799108505249
1244,4,71,0.31113401055336
1245,4,72,0.3473185896873474
1246,4,73,0.3370552957057953
1247,4,74,0.43136319518089294
1248,4,75,0.2650165855884552
1249,4,76,0.2832784354686737
1250,4,77,0.3948496878147125
1251,4,78,0.42104029655456543
1252,4,79,0.2453710436820984
1253,4,80,0.32829752564430237
1254,4,81,0.49445101618766785
1255,4,82,0.2869870662689209
1256,4,83,0.315211683511734
1257,4,84,0.406307190656662
1258,4,85,0.46061527729034424
1259,4,86,0.49517810344696045
1260,4,87,0.47687938809394836
1261,4,88,0.3775406777858734
1262,4,89,0.43348708748817444
1263,4,90,0.4683246612548828
1264,4,91,0.3795706629753113
1265,4,92,0.45468881726264954
1266,4,93,0.42232340574264526
1267,4,94,0.4792289733886719
1268,4,95,0.3086124062538147
1269,4,96,0.4091368615627289
1270,4,97,0.2784525752067566
1271,4,98,0.40485680103302
1272,4,99,0.4570936858654022
1273,4,100,0.3258856236934662
1274,4,101,0.3613399863243103
1275,4,102,0.4376210868358612
1276,4,103,0.29790258407592773
1277,4,104,0.22114990651607513
1278,4,105,0.2753112018108368
1279,4,106,0.2712613344192505
1280,4,107,0.4150974154472351
1281,4,108,0.33624473214149475
1282,4,109,0.1937268078327179
1283,4,110,0.5641788244247437
1284,4,111,0.26802629232406616
1285,4,112,0.2833639979362488
1286,4,113,0.2981853783130646
1287,4,114,0.3620876967906952
1288,4,115,0.4511707127094269
1289,4,116,0.3879433572292328
1290,4,117,0.31704819202423096
1291,4,118,0.3429710865020752
1292,4,119,0.5247427821159363
1293,4,120,0.3685552477836609
1294,4,121,0.3831586539745331
1295,4,122,0.41742658615112305
1296,4,123,0.5407440066337585
1297,4,124,0.34639972448349
1298,4,125,0.4086495339870453
1299,4,126,0.5540076494216919
1300,4,127,0.4049675166606903
1301,4,128,0.2848130762577057
1302,4,129,0.4855509400367737
1303,4,130,0.26616477966308594
1304,4,131,0.4260028898715973
1305,4,132,0.3843874931335449
1306,4,133,0.5074208974838257
1307,4,134,0.4542218744754791
1308,4,135,0.4030654728412628
1309,4,136,0.36792588233947754
1310,4,137,0.2862023711204529
1311,4,138,0.3981245458126068
1312,4,139,0.28620874881744385
1313,4,140,0.35510340332984924
1314,4,141,0.5475804805755615
1315,4,142,0.3703472912311554
1316,4,143,0.4056740999221802
1317,4,144,0.49009576439857483
1318,4,145,0.38824692368507385
1319,4,146,0.293501615524292
1320,4,147,0.3759957253932953
1321,4,148,0.45679759979248047
1322,4,149,0.44959756731987
1323,4,150,0.25926923751831055
1324,4,151,0.3244287967681885
1325,4,152,0.4335222840309143
1326,4,153,0.3114626705646515
1327,4,154,0.45645812153816223
1328,4,155,0.4329301714897156
1329,4,156,0.3674018085002899
1330,4,157,0.3732315003871918
1331,4,158,0.3110799491405487
1332,4,159,0.47244885563850403
1333,4,160,0.5175000429153442
1334,4,161,0.35762137174606323
1335,4,162,0.37688973546028137
1336,4,163,0.28828951716423035
1337,4,164,0.38705557584762573
1338,4,165,0.4321226179599762
1339,4,166,0.3596808612346649
1340,4,167,0.34172406792640686
1341,4,168,0.46904677152633667
1342,4,169,0.3785441219806671
1343,4,170,0.4314817786216736
1344,4,171,0.3242942988872528
1345,4,172,0.3867613971233368
1346,4,173,0.41783756017684937
1347,4,174,0.3679918944835663
1348,4,175,0.28433123230934143
1349,4,176,0.3492792844772339
1350,4,177,0.3756610155105591
1351,4,178,0.33903253078460693
1352,4,179,0.4639788568019867
1353,4,180,0.32392600178718567
1354,4,181,0.42760521173477173
1355,4,182,0.5327538847923279
1356,4,183,0.309307724237442
1357,4,184,0.4010077714920044
1358,4,185,0.4292703866958618
1359,4,186,0.48006391525268555
1360,4,187,0.3174707591533661
1361,4,188,0.36485615372657776
1362,4,189,0.43433278799057007
1363,4,190,0.31083789467811584
1364,4,191,0.4890548884868622
1365,4,192,0.4802260994911194
1366,4,193,0.3771892786026001
1367,4,194,0.3358992636203766
1368,4,195,0.3793063163757324
1369,4,196,0.40571078658103943
1370,4,197,0.29773199558258057
1371,4,198,0.4142812490463257
1372,4,199,0.36586397886276245
1373,4,200,0.29312628507614136
1374,4,201,0.3074842095375061
1375,4,202,0.4355815351009369
1376,4,203,0.35072407126426697
1377,4,204,0.3070622682571411
1378,4,205,0.37628012895584106
1379,4,206,0.3296810984611511
1380,4,207,0.30748286843299866
1381,4,208,0.4695589542388916
1382,4,209,0.4174152612686157
1383,4,210,0.36713844537734985
1384,4,211,0.3497124910354614
1385,4,212,0.3758794665336609
1386,4,213,0.6091159582138062
1387,4,214,0.47435635328292847
1388,4,215,0.33073723316192627
1389,4,216,0.5083515048027039
1390,4,217,0.39551758766174316
1391,4,218,0.45371830463409424
1392,4,219,0.3901354968547821
1393,4,220,0.4030894339084625
1394,4,221,0.3038862347602844
1395,4,222,0.3802723288536072
1396,4,223,0.5450249314308167
1397,4,224,0.322462260723114
1398,4,225,0.5200933814048767
1399,4,226,0.3647337555885315
1400,4,227,0.41875267028808594
1401,4,228,0.2513013482093811
1402,4,229,0.46199870109558105
1403,4,230,0.6007665395736694
1404,4,231,0.37011831998825073
1405,4,232,0.40132105350494385
1406,4,233,0.4388899505138397
1407,4,234,0.44209611415863037
1408,4,235,0.498904287815094
1409,4,236,0.43429064750671387
1410,4,237,0.5055204629898071
1411,4,238,0.4399603605270386
1412,4,239,0.3753775954246521
1413,4,240,0.5001490116119385
1414,4,241,0.41345977783203125
1415,4,242,0.45225754380226135
1416,4,243,0.4021812677383423
1417,4,244,0.40798068046569824
1418,4,245,0.3816230893135071
1419,4,246,0.29569193720817566
1420,4,247,0.4786655008792877
1421,4,248,0.5610453486442566
1422,4,249,0.39535990357398987
1423,4,250,0.4451349079608917
1424,4,251,0.5041547417640686
1425,4,252,0.5024524927139282
1426,4,253,0.4267471730709076
1427,4,254,0.4293535053730011
1428,4,255,0.3645477294921875
1429,4,256,0.3086240887641907
1430,4,257,0.4420091509819031
1431,4,258,0.3790946900844574
1432,4,259,0.4192059636116028
1433,4,260,0.34606167674064636
1434,4,261,0.43296781182289124
1435,4,262,0.4163230061531067
1436,4,263,0.37219730019569397
1437,4,264,0.560073733329773
1438,4,265,0.46962395310401917
1439,4,266,0.42709457874298096
1440,4,267,0.5049402713775635
1441,4,268,0.3827735185623169
1442,4,269,0.35121950507164
1443,4,270,0.4133829176425934
1444,4,271,0.38707077503204346
1445,4,272,0.41250914335250854
1446,4,273,0.3922504484653473
1447,4,274,0.4042852520942688
1448,4,275,0.34219738841056824
1449,4,276,0.3493388593196869
1450,4,277,0.36554473638534546
1451,4,278,0.3271638751029968
1452,4,279,0.5057652592658997
1453,4,280,0.466957688331604
1454,4,281,0.5916689038276672
1455,4,282,0.37060248851776123
1456,4,283,0.5983994603157043
1457,4,284,0.36681264638900757
1458,4,285,0.32854539155960083
1459,4,286,0.26322704553604126
1460,4,287,0.464659184217453
1461,4,288,0.5531894564628601
1462,4,289,0.4965023696422577
1463,4,290,0.40538546442985535
1464,4,291,0.4378683865070343
1465,4,292,0.40259993076324463
1466,4,293,0.3771911561489105
1467,4,294,0.5175142288208008
1468,4,295,0.4749200642108917
1469,4,296,0.3666766285896301
1470,4,297,0.34246012568473816
1471,4,298,0.4763546884059906
1472,4,299,0.37666764855384827
1473,4,300,0.28747856616973877
1474,4,301,0.34473711252212524
1475,4,302,0.4303220212459564
1476,4,303,0.26928606629371643
1477,4,304,0.41184717416763306
1478,4,305,0.32839831709861755
1479,4,306,0.4152319133281708
1480,4,307,0.3448917865753174
1481,4,308,0.39196744561195374
1482,4,309,0.2735981345176697
1483,4,310,0.3812430500984192
1484,4,311,0.3867090344429016
1485,4,312,0.2801210880279541
1486,4,313,0.4464379847049713
1487,4,314,0.43686574697494507
1488,4,315,0.5859701633453369
1489,4,316,0.3650285601615906
1490,4,317,0.36041268706321716
1491,4,318,0.34727951884269714
1492,4,319,0.3929698169231415
1493,4,320,0.26832643151283264
1494,4,321,0.5769119262695312
1495,4,322,0.478250116109848
1496,4,323,0.42031151056289673
1497,4,324,0.5196852087974548
1498,4,325,0.48326587677001953
1499,4,326,0.829985499382019
1500,4,327,0.38269078731536865
1501,4,328,0.4718456268310547
1502,4,329,0.3692750930786133
1503,4,330,0.3503366708755493
1504,4,331,0.35524782538414
1505,4,332,0.49158352613449097
1506,4,333,0.4151429831981659
1507,4,334,0.5543337464332581
1508,4,335,0.4260503053665161
1509,4,336,0.377511203289032
1510,4,337,0.26101961731910706
1511,4,338,0.33395588397979736
1512,4,339,0.48286375403404236
1513,4,340,0.4223630428314209
1514,4,341,0.47738364338874817
1515,4,342,0.572299063205719
1516,4,343,0.47538653016090393
1517,4,344,0.4284897446632385
1518,4,345,0.4407995045185089
1519,4,346,0.5777841806411743
1520,4,347,0.3861229121685028
1521,4,348,0.4020479917526245
1522,4,349,0.4001862108707428
1523,4,350,0.49127328395843506
1524,4,351,0.3862624168395996
1525,4,352,0.4990594685077667
1526,4,353,0.38752731680870056
1527,4,354,0.37509626150131226
1528,4,355,0.6345326900482178
1529,4,356,0.47060826420783997
1530,4,357,0.4393083453178406
1531,4,358,0.2979106903076172
1532,4,359,0.47506973147392273
1533,4,360,0.5875611901283264
1534,4,361,0.45990875363349915
1535,4,362,0.4052848815917969
1536,4,363,0.3811188042163849
1537,4,364,0.31920289993286133
1538,4,365,0.2967022657394409
1539,4,366,0.49233052134513855
1540,4,367,0.31624820828437805
1541,4,368,0.36796751618385315
1542,4,369,0.3439843952655792
1543,4,370,0.33787012100219727
1544,4,371,0.5013889074325562
1545,4,372,0.4744773209095001
1546,4,373,0.5221099853515625
1547,4,374,0.29424548149108887
1548,4,375,0.46972063183784485
1549,4,376,0.34997349977493286
1550,4,377,0.37350788712501526
1551,4,378,0.48848679661750793
1552,4,379,0.46774086356163025
1553,4,380,0.5112122893333435
1554,4,381,0.47800296545028687
1555,4,382,0.31060341000556946
1556,4,383,0.37495794892311096
1557,4,384,0.3117867112159729
1558,4,385,0.6403200626373291
1559,4,386,0.45317062735557556
1560,4,387,0.320160448551178
1561,4,388,0.29138633608818054
1562,4,389,0.39026060700416565
1563,4,390,0.3289368450641632
1564,4,391,0.5479626655578613
1565,5,1,0.19493000209331512
1566,5,2,0.24683837592601776
1567,5,3,0.27642717957496643
1568,5,4,0.35247278213500977
1569,5,5,0.24963150918483734
1570,5,6,0.2287682294845581
1571,5,7,0.2444399744272232
1572,5,8,0.24663960933685303
1573,5,9,0.1771082878112793
1574,5,10,0.3047972321510315
1575,5,11,0.26055315136909485
1576,5,12,0.3550504148006439
1577,5,13,0.21550731360912323
1578,5,14,0.23859205842018127
1579,5,15,0.2243220955133438
1580,5,16,0.19151999056339264
1581,5,17,0.23218479752540588
1582,5,18,0.32080793380737305
1583,5,19,0.12167174369096756
1584,5,20,0.24309664964675903
1585,5,21,0.1782837212085724
1586,5,22,0.20084001123905182
1587,5,23,0.1821402758359909
1588,5,24,0.17434392869472504
1589,5,25,0.21988283097743988
1590,5,26,0.20798061788082123
1591,5,27,0.2303611934185028
1592,5,28,0.205693781375885
1593,5,29,0.1772296130657196
1594,5,30,0.2984960377216339
1595,5,31,0.24454227089881897
1596,5,32,0.11313753575086594
1597,5,33,0.25753849744796753
1598,5,34,0.2179635912179947
1599,5,35,0.28914180397987366
1600,5,36,0.18713326752185822
1601,5,37,0.18535567820072174
1602,5,38,0.2117966264486313
1603,5,39,0.24610143899917603
1604,5,40,0.23845048248767853
1605,5,41,0.23813050985336304
1606,5,42,0.11553438007831573
1607,5,43,0.20270606875419617
1608,5,44,0.11731043457984924
1609,5,45,0.16998854279518127
1610,5,46,0.20249195396900177
1611,5,47,0.15001584589481354
1612,5,48,0.16429266333580017
1613,5,49,0.22199058532714844
1614,5,50,0.24303384125232697
1615,5,51,0.2201273888349533
1616,5,52,0.23996907472610474
1617,5,53,0.13161250948905945
1618,5,54,0.088853619992733
1619,5,55,0.26131922006607056
1620,5,56,0.23877297341823578
1621,5,57,0.20469924807548523
1622,5,58,0.2037692666053772
1623,5,59,0.1698657125234604
1624,5,60,0.12182309478521347
1625,5,61,0.19028469920158386
1626,5,62,0.14757931232452393
1627,5,63,0.24326089024543762
1628,5,64,0.19113008677959442
1629,5,65,0.17311914265155792
1630,5,66,0.23175877332687378
1631,5,67,0.16584421694278717
1632,5,68,0.39894768595695496
1633,5,69,0.28813961148262024
1634,5,70,0.2018355280160904
1635,5,71,0.3368944525718689
1636,5,72,0.19406487047672272
1637,5,73,0.1500476449728012
1638,5,74,0.20328134298324585
1639,5,75,0.15317359566688538
1640,5,76,0.11586832255125046
1641,5,77,0.28545358777046204
1642,5,78,0.20858979225158691
1643,5,79,0.27971234917640686
1644,5,80,0.17332307994365692
1645,5,81,0.12624157965183258
1646,5,82,0.2238772213459015
1647,5,83,0.19764946401119232
1648,5,84,0.4087792932987213
1649,5,85,0.21538712084293365
1650,5,86,0.26789984107017517
1651,5,87,0.39476197957992554
1652,5,88,0.12739762663841248
1653,5,89,0.21106590330600739
1654,5,90,0.1654239445924759
1655,5,91,0.22873370349407196
1656,5,92,0.22503939270973206
1657,5,93,0.1981404721736908
1658,5,94,0.21200929582118988
1659,5,95,0.16904807090759277
1660,5,96,0.1306626945734024
1661,5,97,0.19314908981323242
1662,5,98,0.223594069480896
1663,5,99,0.20334549248218536
1664,5,100,0.2002999633550644
1665,5,101,0.2175643891096115
1666,5,102,0.17899984121322632
1667,5,103,0.22414784133434296
1668,5,104,0.18080444633960724
1669,5,105,0.21160736680030823
1670,5,106,0.20972289144992828
1671,5,107,0.30229809880256653
1672,5,108,0.15287712216377258
1673,5,109,0.2000143676996231
1674,5,110,0.28972959518432617
1675,5,111,0.19189828634262085
1676,5,112,0.24137212336063385
1677,5,113,0.21677368879318237
1678,5,114,0.222298726439476
1679,5,115,0.16132135689258575
1680,5,116,0.2978711426258087
1681,5,117,0.20600242912769318
1682,5,118,0.17928777635097504
1683,5,119,0.15665940940380096
1684,5,120,0.1816028356552124
1685,5,121,0.2423534244298935
1686,5,122,0.19821299612522125
1687,5,123,0.16458706557750702
1688,5,124,0.21199989318847656
1689,5,125,0.12931512296199799
1690,5,126,0.22092922031879425
1691,5,127,0.15588095784187317
1692,5,128,0.18562860786914825
1693,5,129,0.2325132042169571
1694,5,130,0.22137941420078278
1695,5,131,0.4387127459049225
1696,5,132,0.18462832272052765
1697,5,133,0.2667295038700104
1698,5,134,0.25959861278533936
1699,5,135,0.2441553771495819
1700,5,136,0.21596354246139526
1701,5,137,0.3055204153060913
1702,5,138,0.24194777011871338
1703,5,139,0.24033473432064056
1704,5,140,0.3576255738735199
1705,5,141,0.27599361538887024
1706,5,142,0.25559186935424805
1707,5,143,0.14646200835704803
1708,5,144,0.317697137594223
1709,5,145,0.27917271852493286
1710,5,146,0.24726828932762146
1711,5,147,0.25157344341278076
1712,5,148,0.30461761355400085
1713,5,149,0.324481725692749
1714,5,150,0.2868881821632385
1715,5,151,0.22141146659851074
1716,5,152,0.21578571200370789
1717,5,153,0.3073631227016449
1718,5,154,0.16479912400245667
1719,5,155,0.235168918967247
1720,5,156,0.26059412956237793
1721,5,157,0.23161937296390533
1722,5,158,0.29904311895370483
1723,5,159,0.2755897641181946
1724,5,160,0.21939772367477417
1725,5,161,0.2998996376991272
1726,5,162,0.11188875138759613
1727,5,163,0.21124732494354248
1728,5,164,0.2872905433177948
1729,5,165,0.1265036165714264
1730,5,166,0.3344408869743347
1731,5,167,0.3165305256843567
1732,5,168,0.32034924626350403
1733,5,169,0.2811812460422516
1734,5,170,0.22339406609535217
1735,5,171,0.3035942614078522
1736,5,172,0.19554226100444794
1737,5,173,0.18579602241516113
1738,5,174,0.2738870680332184
1739,5,175,0.2989661693572998
1740,5,176,0.2257544845342636
1741,5,177,0.2493928223848343
1742,5,178,0.23146212100982666
1743,5,179,0.22790291905403137
1744,5,180,0.36138564348220825
1745,5,181,0.2775086462497711
1746,5,182,0.2612093687057495
1747,5,183,0.27187392115592957
1748,5,184,0.21810437738895416
1749,5,185,0.3493120074272156
1750,5,186,0.24119117856025696
1751,5,187,0.24500851333141327
1752,5,188,0.19133220613002777
1753,5,189,0.18648353219032288
1754,5,190,0.20809361338615417
1755,5,191,0.14404885470867157
1756,5,192,0.25032925605773926
1757,5,193,0.15691564977169037
1758,5,194,0.2324478179216385
1759,5,195,0.20535171031951904
1760,5,196,0.25437188148498535
1761,5,197,0.20289316773414612
1762,5,198,0.1659385710954666
1763,5,199,0.19600585103034973
1764,5,200,0.24367129802703857
1765,5,201,0.17673784494400024
1766,5,202,0.26032575964927673
1767,5,203,0.24928680062294006
1768,5,204,0.21728003025054932
1769,5,205,0.3163967430591583
1770,5,206,0.14116421341896057
1771,5,207,0.33923059701919556
1772,5,208,0.20255146920681
1773,5,209,0.15754681825637817
1774,5,210,0.3037092685699463
1775,5,211,0.36362817883491516
1776,5,212,0.24714945256710052
1777,5,213,0.2056807577610016
1778,5,214,0.16479918360710144
1779,5,215,0.3602851629257202
1780,5,216,0.36210909485816956
1781,5,217,0.2672273814678192
1782,5,218,0.20493632555007935
1783,5,219,0.22935302555561066
1784,5,220,0.24821963906288147
1785,5,221,0.46436184644699097
1786,5,222,0.25521963834762573
1787,5,223,0.38563641905784607
1788,5,224,0.3409208059310913
1789,5,225,0.21385164558887482
1790,5,226,0.39051148295402527
1791,5,227,0.3749794363975525
1792,5,228,0.20738764107227325
1793,5,229,0.2771885395050049
1794,5,230,0.257297158241272
1795,5,231,0.23049654066562653
1796,5,232,0.30177202820777893
1797,5,233,0.2532990574836731
1798,5,234,0.348229318857193
1799,5,235,0.2954903244972229
1800,5,236,0.27640998363494873
1801,5,237,0.333526074886322
1802,5,238,0.26708468794822693
1803,5,239,0.2869504690170288
1804,5,240,0.20273219048976898
1805,5,241,0.2657450735569
1806,5,242,0.29891034960746765
1807,5,243,0.2564859688282013
1808,5,244,0.21997588872909546
1809,5,245,0.22921182215213776
1810,5,246,0.32654380798339844
1811,5,247,0.26315078139305115
1812,5,248,0.22939027845859528
1813,5,249,0.2813440263271332
1814,5,250,0.33980417251586914
1815,5,251,0.2625035047531128
1816,5,252,0.2758450210094452
1817,5,253,0.192288339138031
1818,5,254,0.28457894921302795
1819,5,255,0.3316575586795807
1820,5,256,0.18829135596752167
1821,5,257,0.18624866008758545
1822,5,258,0.2271278351545334
1823,5,259,0.21395757794380188
1824,5,260,0.21729788184165955
1825,5,261,0.1888238936662674
1826,5,262,0.21575458347797394
1827,5,263,0.19700567424297333
1828,5,264,0.25855889916419983
1829,5,265,0.20055805146694183
1830,5,266,0.2157062590122223
1831,5,267,0.32476213574409485
1832,5,268,0.23097482323646545
1833,5,269,0.2093745321035385
1834,5,270,0.1685577780008316
1835,5,271,0.2500315308570862
1836,5,272,0.23898932337760925
1837,5,273,0.20214053988456726
1838,5,274,0.26308661699295044
1839,5,275,0.26968106627464294
1840,5,276,0.2681090831756592
1841,5,277,0.3467227816581726
1842,5,278,0.2771746814250946
1843,5,279,0.2960999011993408
1844,5,280,0.1816902607679367
1845,5,281,0.2207164764404297
1846,5,282,0.18515141308307648
1847,5,283,0.212162584066391
1848,5,284,0.2678283452987671
1849,5,285,0.3174629509449005
1850,5,286,0.3012024164199829
1851,5,287,0.3042450249195099
1852,5,288,0.18661247193813324
1853,5,289,0.2271491140127182
1854,5,290,0.29567980766296387
1855,5,291,0.33021724224090576
1856,5,292,0.33082225918769836
1857,5,293,0.4639948904514313
1858,5,294,0.2814556956291199
1859,5,295,0.28268009424209595
1860,5,296,0.20451310276985168
1861,5,297,0.3144477605819702
1862,5,298,0.3850713074207306
1863,5,299,0.44007790088653564
1864,5,300,0.2601647973060608
1865,5,301,0.18912066519260406
1866,5,302,0.21772854030132294
1867,5,303,0.3679996430873871
1868,5,304,0.22428500652313232
1869,5,305,0.2594580352306366
1870,5,306,0.35649779438972473
1871,5,307,0.3510069251060486
1872,5,308,0.2335205227136612
1873,5,309,0.3996434807777405
1874,5,310,0.379488080739975
1875,5,311,0.4600811302661896
1876,5,312,0.2666013538837433
1877,5,313,0.3241463303565979
1878,5,314,0.31230151653289795
1879,5,315,0.35549888014793396
1880,5,316,0.21880966424942017
1881,5,317,0.2300674021244049
1882,5,318,0.3479818105697632
1883,5,319,0.2728714346885681
1884,5,320,0.3273983895778656
1885,5,321,0.2814009487628937
1886,5,322,0.19043217599391937
1887,5,323,0.27263808250427246
1888,5,324,0.35833364725112915
1889,5,325,0.2376701980829239
1890,5,326,0.3145466446876526
1891,5,327,0.2567765414714813
1892,5,328,0.2469632625579834
1893,5,329,0.19156429171562195
1894,5,330,0.2904881536960602
1895,5,331,0.18821239471435547
1896,5,332,0.3715994656085968
1897,5,333,0.1495753675699234
1898,5,334,0.24894385039806366
1899,5,335,0.2527484595775604
1900,5,336,0.2281806468963623
1901,5,337,0.32004544138908386
1902,5,338,0.21148093044757843
1903,5,339,0.24912869930267334
1904,5,340,0.2742692530155182
1905,5,341,0.3599420487880707
1906,5,342,0.23430979251861572
1907,5,343,0.28853851556777954
1908,5,344,0.2732802927494049
1909,5,345,0.2225998193025589
1910,5,346,0.2761814594268799
1911,5,347,0.30567505955696106
1912,5,348,0.37221071124076843
1913,5,349,0.21079763770103455
1914,5,350,0.3534005284309387
1915,5,351,0.2662558853626251
1916,5,352,0.22052216529846191
1917,5,353,0.28696149587631226
1918,5,354,0.2895355522632599
1919,5,355,0.26974913477897644
1920,5,356,0.2519013285636902
1921,5,357,0.20224472880363464
1922,5,358,0.2545890212059021
1923,5,359,0.4040789306163788
1924,5,360,0.22616924345493317
1925,5,361,0.3020714223384857
1926,5,362,0.4531729221343994
1927,5,363,0.3404516279697418
1928,5,364,0.146442711353302
1929,5,365,0.303691029548645
1930,5,366,0.24557721614837646
1931,5,367,0.34673991799354553
1932,5,368,0.281704843044281
1933,5,369,0.30634620785713196
1934,5,370,0.32267245650291443
1935,5,371,0.3205397129058838
1936,5,372,0.3757527470588684
1937,5,373,0.2138073742389679
1938,5,374,0.3199004530906677
1939,5,375,0.24344336986541748
1940,5,376,0.4152027666568756
1941,5,377,0.21877045929431915
1942,5,378,0.3189058005809784
1943,5,379,0.24118025600910187
1944,5,380,0.19854991137981415
1945,5,381,0.35149696469306946
1946,5,382,0.2995111644268036
1947,5,383,0.23292922973632812
1948,5,384,0.31875431537628174
1949,5,385,0.3132782280445099
1950,5,386,0.29039236903190613
1951,5,387,0.34006521105766296
1952,5,388,0.24979348480701447
1953,5,389,0.32440662384033203
1954,5,390,0.33788594603538513
1955,5,391,0.346316933631897
1956,6,1,0.14913639426231384
1957,6,2,0.18176302313804626
1958,6,3,0.12085983157157898
1959,6,4,0.15492136776447296
1960,6,5,0.25999215245246887
1961,6,6,0.12824703752994537
1962,6,7,0.16562943160533905
1963,6,8,0.21239525079727173
1964,6,9,0.11897113919258118
1965,6,10,0.12549887597560883
1966,6,11,0.15061959624290466
1967,6,12,0.11706526577472687
1968,6,13,0.14154665172100067
1969,6,14,0.11490297317504883
1970,6,15,0.12213689833879471
1971,6,16,0.13623720407485962
1972,6,17,0.16057583689689636
1973,6,18,0.19491370022296906
1974,6,19,0.10896873474121094
1975,6,20,0.14991889894008636
1976,6,21,0.12281881272792816
1977,6,22,0.12630784511566162
1978,6,23,0.15686237812042236
1979,6,24,0.09814213961362839
1980,6,25,0.1578007936477661
1981,6,26,0.12264982610940933
1982,6,27,0.09551770985126495
1983,6,28,0.11007100343704224
1984,6,29,0.20347662270069122
1985,6,30,0.09884674102067947
1986,6,31,0.16705463826656342
1987,6,32,0.16181999444961548
1988,6,33,0.059191007167100906
1989,6,34,0.08189619332551956
1990,6,35,0.1484498381614685
1991,6,36,0.10698404163122177
1992,6,37,0.07141333073377609
1993,6,38,0.078574039041996
1994,6,39,0.06641383469104767
1995,6,40,0.06977850943803787
1996,6,41,0.10979248583316803
1997,6,42,0.17846043407917023
1998,6,43,0.10935865342617035
1999,6,44,0.0801212415099144
2000,6,45,0.1040455624461174
2001,6,46,0.12334410846233368
2002,6,47,0.07645345479249954
2003,6,48,0.10882655531167984
2004,6,49,0.06520768254995346
2005,6,50,0.11746534705162048
2006,6,51,0.1208595484495163
2007,6,52,0.09385097026824951
2008,6,53,0.10080735385417938
2009,6,54,0.06753253936767578
2010,6,55,0.13956624269485474
2011,6,56,0.11533895134925842
2012,6,57,0.16077128052711487
2013,6,58,0.12196201086044312
2014,6,59,0.115509532392025
2015,6,60,0.13693639636039734
2016,6,61,0.09455031156539917
2017,6,62,0.19251994788646698
2018,6,63,0.11566287279129028
2019,6,64,0.09428060054779053
2020,6,65,0.08732004463672638
2021,6,66,0.10893059521913528
2022,6,67,0.12090963125228882
2023,6,68,0.11135868728160858
2024,6,69,0.0978752002120018
2025,6,70,0.06849269568920135
2026,6,71,0.14190322160720825
2027,6,72,0.18509523570537567
2028,6,73,0.18831497430801392
2029,6,74,0.1870754212141037
2030,6,75,0.15822546184062958
2031,6,76,0.19062834978103638
2032,6,77,0.13536620140075684
2033,6,78,0.16421020030975342
2034,6,79,0.08539969474077225
2035,6,80,0.03856412693858147
2036,6,81,0.12168918550014496
2037,6,82,0.09169472754001617
2038,6,83,0.19009990990161896
2039,6,84,0.14418278634548187
2040,6,85,0.08992847055196762
2041,6,86,0.16309939324855804
2042,6,87,0.197322279214859
2043,6,88,0.14913201332092285
2044,6,89,0.16846254467964172
2045,6,90,0.152594655752182
2046,6,91,0.13590757548809052
2047,6,92,0.09786704927682877
2048,6,93,0.17258404195308685
2049,6,94,0.1857510358095169
2050,6,95,0.08698215335607529
2051,6,96,0.21509228646755219
2052,6,97,0.15276020765304565
2053,6,98,0.1350063979625702
2054,6,99,0.15570656955242157
2055,6,100,0.20885057747364044
2056,6,101,0.2588021159172058
2057,6,102,0.25096505880355835
2058,6,103,0.14377015829086304
2059,6,104,0.09444034099578857
2060,6,105,0.17949655652046204
2061,6,106,0.17493358254432678
2062,6,107,0.106028713285923
2063,6,108,0.15889713168144226
2064,6,109,0.17886874079704285
2065,6,110,0.1055392175912857
2066,6,111,0.17502743005752563
2067,6,112,0.17928099632263184
2068,6,113,0.11935596913099289
2069,6,114,0.20576225221157074
2070,6,115,0.10413851588964462
2071,6,116,0.15428027510643005
2072,6,117,0.2597796320915222
2073,6,118,0.09148155897855759
2074,6,119,0.11539844423532486
2075,6,120,0.11548901349306107
2076,6,121,0.2651212215423584
2077,6,122,0.14189858734607697
2078,6,123,0.1584853231906891
2079,6,124,0.05568632110953331
2080,6,125,0.11080510914325714
2081,6,126,0.16224287450313568
2082,6,127,0.1676374077796936
2083,6,128,0.06535793840885162
2084,6,129,0.17786335945129395
2085,6,130,0.12347954511642456
2086,6,131,0.1544283777475357
2087,6,132,0.07002221792936325
2088,6,133,0.06193167716264725
2089,6,134,0.09232074022293091
2090,6,135,0.1320854276418686
2091,6,136,0.07988699525594711
2092,6,137,0.10362593829631805
2093,6,138,0.16243065893650055
2094,6,139,0.1582901030778885
2095,6,140,0.1330430805683136
2096,6,141,0.1171254813671112
2097,6,142,0.15922772884368896
2098,6,143,0.19092980027198792
2099,6,144,0.12908732891082764
2100,6,145,0.15547379851341248
2101,6,146,0.1601041853427887
2102,6,147,0.09612032771110535
2103,6,148,0.04696015268564224
2104,6,149,0.20855163037776947
2105,6,150,0.07809176295995712
2106,6,151,0.16654333472251892
2107,6,152,0.11287257820367813
2108,6,153,0.12532787024974823
2109,6,154,0.13277116417884827
2110,6,155,0.1836407482624054
2111,6,156,0.10826002061367035
2112,6,157,0.19160054624080658
2113,6,158,0.16787056624889374
2114,6,159,0.13728806376457214
2115,6,160,0.17338420450687408
2116,6,161,0.25543132424354553
2117,6,162,0.1473144143819809
2118,6,163,0.1505683958530426
2119,6,164,0.17978663742542267
2120,6,165,0.12435165047645569
2121,6,166,0.20288698375225067
2122,6,167,0.19728833436965942
2123,6,168,0.15395165979862213
2124,6,169,0.11255165934562683
2125,6,170,0.18902605772018433
2126,6,171,0.17656247317790985
2127,6,172,0.21531030535697937
2128,6,173,0.12904539704322815
2129,6,174,0.11622442305088043
2130,6,175,0.18000280857086182
2131,6,176,0.19802558422088623
2132,6,177,0.08723831176757812
2133,6,178,0.19798864424228668
2134,6,179,0.1419888287782669
2135,6,180,0.19564737379550934
2136,6,181,0.17749616503715515
2137,6,182,0.18637403845787048
2138,6,183,0.2519785761833191
2139,6,184,0.1951735019683838
2140,6,185,0.2018432468175888
2141,6,186,0.20051172375679016
2142,6,187,0.0772407203912735
2143,6,188,0.15684546530246735
2144,6,189,0.158615380525589
2145,6,190,0.23433595895767212
2146,6,191,0.2047806680202484
2147,6,192,0.19862580299377441
2148,6,193,0.21995505690574646
2149,6,194,0.13749028742313385
2150,6,195,0.11366240680217743
2151,6,196,0.16724622249603271
2152,6,197,0.20293782651424408
2153,6,198,0.13769595324993134
2154,6,199,0.35845747590065
2155,6,200,0.22154438495635986
2156,6,201,0.13081391155719757
2157,6,202,0.27881500124931335
2158,6,203,0.18955598771572113
2159,6,204,0.20512078702449799
2160,6,205,0.19750453531742096
2161,6,206,0.22508969902992249
2162,6,207,0.13210487365722656
2163,6,208,0.1888820230960846
2164,6,209,0.1879281997680664
2165,6,210,0.24281702935695648
2166,6,211,0.2501301169395447
2167,6,212,0.10739052295684814
2168,6,213,0.22755657136440277
2169,6,214,0.1617250293493271
2170,6,215,0.11493872106075287
2171,6,216,0.13327382504940033
2172,6,217,0.15744927525520325
2173,6,218,0.20152871310710907
2174,6,219,0.2570798695087433
2175,6,220,0.10238074511289597
2176,6,221,0.1761608123779297
2177,6,222,0.1652904599905014
2178,6,223,0.10867094248533249
2179,6,224,0.21063874661922455
2180,6,225,0.07934334129095078
2181,6,226,0.2622811794281006
2182,6,227,0.10158190131187439
2183,6,228,0.14675597846508026
2184,6,229,0.11328244209289551
2185,6,230,0.17747466266155243
2186,6,231,0.2930532395839691
2187,6,232,0.15293234586715698
2188,6,233,0.11526867002248764
2189,6,234,0.18390202522277832
2190,6,235,0.24145784974098206
2191,6,236,0.12931694090366364
2192,6,237,0.07556203007698059
2193,6,238,0.16043685376644135
2194,6,239,0.22598257660865784
2195,6,240,0.19933734834194183
2196,6,241,0.18737590312957764
2197,6,242,0.3043261468410492
2198,6,243,0.1751064956188202
2199,6,244,0.14372384548187256
2200,6,245,0.15253639221191406
2201,6,246,0.21591901779174805
2202,6,247,0.1697273999452591
2203,6,248,0.26139068603515625
2204,6,249,0.2196647971868515
2205,6,250,0.22077380120754242
2206,6,251,0.1777569204568863
2207,6,252,0.2557481527328491
2208,6,253,0.17060521245002747
2209,6,254,0.17175693809986115
2210,6,255,0.14409035444259644
2211,6,256,0.1300942301750183
2212,6,257,0.2377486228942871
2213,6,258,0.11424203217029572
2214,6,259,0.15108807384967804
2215,6,260,0.24173730611801147
2216,6,261,0.2202145904302597
2217,6,262,0.14728382229804993
2218,6,263,0.20515091717243195
2219,6,264,0.24161066114902496
2220,6,265,0.21771615743637085
2221,6,266,0.3765926659107208
2222,6,267,0.29985904693603516
2223,6,268,0.14573684334754944
2224,6,269,0.13105203211307526
2225,6,270,0.3253191113471985
2226,6,271,0.20594216883182526
2227,6,272,0.1935083270072937
2228,6,273,0.1945900321006775
2229,6,274,0.1495153307914734
2230,6,275,0.14093726873397827
2231,6,276,0.2583964765071869
2232,6,277,0.21143995225429535
2233,6,278,0.11257890611886978
2234,6,279,0.24909014999866486
2235,6,280,0.14055120944976807
2236,6,281,0.26652464270591736
2237,6,282,0.1424025148153305
2238,6,283,0.1206766664981842
2239,6,284,0.14413155615329742
2240,6,285,0.21591635048389435
2241,6,286,0.1846769154071808
2242,6,287,0.1594187468290329
2243,6,288,0.20150281488895416
2244,6,289,0.14726519584655762
2245,6,290,0.11793133616447449
2246,6,291,0.19448135793209076
2247,6,292,0.16315753757953644
2248,6,293,0.16158835589885712
2249,6,294,0.17884163558483124
2250,6,295,0.22300025820732117
2251,6,296,0.1353159099817276
2252,6,297,0.11350550502538681
2253,6,298,0.2356482595205307
2254,6,299,0.15331323444843292
2255,6,300,0.14459815621376038
2256,6,301,0.20698539912700653
2257,6,302,0.17376960813999176
2258,6,303,0.12301760911941528
2259,6,304,0.11241630464792252
2260,6,305,0.20766189694404602
2261,6,306,0.1689864993095398
2262,6,307,0.19357062876224518
2263,6,308,0.11094502359628677
2264,6,309,0.10534339398145676
2265,6,310,0.20649945735931396
2266,6,311,0.2325834333896637
2267,6,312,0.2630355656147003
2268,6,313,0.11025810241699219
2269,6,314,0.16635751724243164
2270,6,315,0.21369345486164093
2271,6,316,0.15765772759914398
2272,6,317,0.10252735763788223
2273,6,318,0.09661133587360382
2274,6,319,0.2875822186470032
2275,6,320,0.15004755556583405
2276,6,321,0.19465413689613342
2277,6,322,0.10512172430753708
2278,6,323,0.1982211470603943
2279,6,324,0.19224587082862854
2280,6,325,0.20335868000984192
2281,6,326,0.16744792461395264
2282,6,327,0.1616039276123047
2283,6,328,0.17966100573539734
2284,6,329,0.2083827406167984
2285,6,330,0.2168140560388565
2286,6,331,0.2062515765428543
2287,6,332,0.15246036648750305
2288,6,333,0.20595958828926086
2289,6,334,0.16698195040225983
2290,6,335,0.15605370700359344
2291,6,336,0.22974616289138794
2292,6,337,0.20541013777256012
2293,6,338,0.24014607071876526
2294,6,339,0.16002823412418365
2295,6,340,0.1877032369375229
2296,6,341,0.1589692085981369
2297,6,342,0.2212843894958496
2298,6,343,0.18578854203224182
2299,6,344,0.19344492256641388
2300,6,345,0.2097063958644867
2301,6,346,0.29359176754951477
2302,6,347,0.13899341225624084
2303,6,348,0.0849190503358841
2304,6,349,0.12782278656959534
2305,6,350,0.12312044948339462
2306,6,351,0.1979762464761734
2307,6,352,0.14639651775360107
2308,6,353,0.16520966589450836
2309,6,354,0.18746677041053772
2310,6,355,0.24500182271003723
2311,6,356,0.2240583747625351
2312,6,357,0.3229683041572571
2313,6,358,0.21386529505252838
2314,6,359,0.2112538069486618
2315,6,360,0.2500912845134735
2316,6,361,0.1773819625377655
2317,6,362,0.18937218189239502
2318,6,363,0.24162748456001282
2319,6,364,0.2898006737232208
2320,6,365,0.2223522663116455
2321,6,366,0.17464467883110046
2322,6,367,0.2424740344285965
2323,6,368,0.1910342127084732
2324,6,369,0.21230889856815338
2325,6,370,0.1671714037656784
2326,6,371,0.17006152868270874
2327,6,372,0.1336270570755005
2328,6,373,0.12217627465724945
2329,6,374,0.23994819819927216
2330,6,375,0.2368956059217453
2331,6,376,0.18837153911590576
2332,6,377,0.30355948209762573
2333,6,378,0.17463360726833344
2334,6,379,0.2858232259750366
2335,6,380,0.2127016931772232
2336,6,381,0.23739513754844666
2337,6,382,0.17832060158252716
2338,6,383,0.18365177512168884
2339,6,384,0.11105293035507202
2340,6,385,0.21446454524993896
2341,6,386,0.247969388961792
2342,6,387,0.33390578627586365
2343,6,388,0.18117766082286835
2344,6,389,0.24002143740653992
2345,6,390,0.265377014875412
2346,6,391,0.28026092052459717
2347,7,1,0.05120321363210678
2348,7,2,0.09780019521713257
2349,7,3,0.16318033635616302
2350,7,4,0.11354786902666092
2351,7,5,0.09922810643911362
2352,7,6,0.06803236156702042
2353,7,7,0.16209697723388672
2354,7,8,0.20525285601615906
2355,7,9,0.11108991503715515
2356,7,10,0.0729488730430603
2357,7,11,0.09091147035360336
2358,7,12,0.0645061507821083
2359,7,13,0.22220668196678162
2360,7,14,0.07045406103134155
2361,7,15,0.07557068765163422
2362,7,16,0.07653868198394775
2363,7,17,0.0747600570321083
2364,7,18,0.15654802322387695
2365,7,19,0.08414315432310104
2366,7,20,0.147450253367424
2367,7,21,0.06785422563552856
2368,7,22,0.05811537429690361
2369,7,23,0.04974910989403725
2370,7,24,0.07896068692207336
2371,7,25,0.06491299718618393
2372,7,26,0.13153588771820068
2373,7,27,0.07911103963851929
2374,7,28,0.0953020453453064
2375,7,29,0.14207471907138824
2376,7,30,0.11202336102724075
2377,7,31,0.09100732207298279
2378,7,32,0.1018008142709732
2379,7,33,0.1269940286874771
2380,7,34,0.11285395175218582
2381,7,35,0.15055646002292633
2382,7,36,0.10395975410938263
2383,7,37,0.05748792737722397
2384,7,38,0.1278775930404663
2385,7,39,0.11442667245864868
2386,7,40,0.08541331440210342
2387,7,41,0.07617861032485962
2388,7,42,0.07443427294492722
2389,7,43,0.04232528805732727
2390,7,44,0.12275443971157074
2391,7,45,0.09822434931993484
2392,7,46,0.12794068455696106
2393,7,47,0.08252354711294174
2394,7,48,0.057270120829343796
2395,7,49,0.09462253004312515
2396,7,50,0.05853844806551933
2397,7,51,0.04423518106341362
2398,7,52,0.04960812255740166
2399,7,53,0.09684985131025314
2400,7,54,0.0766056627035141
2401,7,55,0.11126331984996796
2402,7,56,0.14560778439044952
2403,7,57,0.10373443365097046
2404,7,58,0.06013588607311249
2405,7,59,0.05152612552046776
2406,7,60,0.14567959308624268
2407,7,61,0.10237637907266617
2408,7,62,0.12402340024709702
2409,7,63,0.1899702548980713
2410,7,64,0.08590362966060638
2411,7,65,0.10546514391899109
2412,7,66,0.041266292333602905
2413,7,67,0.10902293771505356
2414,7,68,0.11851827800273895
2415,7,69,0.1500658392906189
2416,7,70,0.09306248277425766
2417,7,71,0.09577430039644241
2418,7,72,0.0964030995965004
2419,7,73,0.08452451974153519
2420,7,74,0.097313791513443
2421,7,75,0.051331374794244766
2422,7,76,0.06068083271384239
2423,7,77,0.066567063331604
2424,7,78,0.0598435215651989
2425,7,79,0.07743602991104126
2426,7,80,0.07106449455022812
2427,7,81,0.05282394215464592
2428,7,82,0.042119983583688736
2429,7,83,0.0756927877664566
2430,7,84,0.13686545193195343
2431,7,85,0.05576203018426895
2432,7,86,0.04096723347902298
2433,7,87,0.061263956129550934
2434,7,88,0.10939439386129379
2435,7,89,0.06031922996044159
2436,7,90,0.1950313150882721
2437,7,91,0.1087556853890419
2438,7,92,0.036709975451231
2439,7,93,0.09787008911371231
2440,7,94,0.12214331328868866
2441,7,95,0.06411200016736984
2442,7,96,0.05373232811689377
2443,7,97,0.1021990031003952
2444,7,98,0.04494562745094299
2445,7,99,0.07138919830322266
2446,7,100,0.07579363137483597
2447,7,101,0.10955554246902466
2448,7,102,0.11456149071455002
2449,7,103,0.13326868414878845
2450,7,104,0.08192526549100876
2451,7,105,0.028320088982582092
2452,7,106,0.13250885903835297
2453,7,107,0.09452664852142334
2454,7,108,0.1653410792350769
2455,7,109,0.09732070565223694
2456,7,110,0.043617986142635345
2457,7,111,0.06155470013618469
2458,7,112,0.12997137010097504
2459,7,113,0.09695803374052048
2460,7,114,0.10752604156732559
2461,7,115,0.11636605858802795
2462,7,116,0.08150964230298996
2463,7,117,0.08032484352588654
2464,7,118,0.08019746840000153
2465,7,119,0.05518173426389694
2466,7,120,0.09497159719467163
2467,7,121,0.13186800479888916
2468,7,122,0.05992811545729637
2469,7,123,0.09126605093479156
2470,7,124,0.07178115099668503
2471,7,125,0.1307743638753891
2472,7,126,0.12998095154762268
2473,7,127,0.09327942132949829
2474,7,128,0.1555216759443283
2475,7,129,0.10703854262828827
2476,7,130,0.07879272103309631
2477,7,131,0.06179613620042801
2478,7,132,0.07376977801322937
2479,7,133,0.07723463326692581
2480,7,134,0.20089133083820343
2481,7,135,0.10708749294281006
2482,7,136,0.10724761337041855
2483,7,137,0.05658026039600372
2484,7,138,0.0990263968706131
2485,7,139,0.17204859852790833
2486,7,140,0.131151482462883
2487,7,141,0.13901178538799286
2488,7,142,0.12059707939624786
2489,7,143,0.12628231942653656
2490,7,144,0.08252701163291931
2491,7,145,0.29270943999290466
2492,7,146,0.09842535108327866
2493,7,147,0.08042262494564056
2494,7,148,0.07225386798381805
2495,7,149,0.06202550604939461
2496,7,150,0.05309925228357315
2497,7,151,0.22941279411315918
2498,7,152,0.06603651493787766
2499,7,153,0.0967215746641159
2500,7,154,0.21601805090904236
2501,7,155,0.042028628289699554
2502,7,156,0.11736765503883362
2503,7,157,0.08355658501386642
2504,7,158,0.07902280986309052
2505,7,159,0.1342059224843979
2506,7,160,0.08543108403682709
2507,7,161,0.051477644592523575
2508,7,162,0.052130576223134995
2509,7,163,0.1714843362569809
2510,7,164,0.10409791022539139
2511,7,165,0.030274685472249985
2512,7,166,0.1510453224182129
2513,7,167,0.09482952207326889
2514,7,168,0.09898309409618378
2515,7,169,0.11919449269771576
2516,7,170,0.08501780033111572
2517,7,171,0.07089328020811081
2518,7,172,0.08676254749298096
2519,7,173,0.10134028643369675
2520,7,174,0.08324754238128662
2521,7,175,0.08583171665668488
2522,7,176,0.10108375549316406
2523,7,177,0.09061581641435623
2524,7,178,0.06399022787809372
2525,7,179,0.12147457897663116
2526,7,180,0.05208023637533188
2527,7,181,0.1273505538702011
2528,7,182,0.0742662325501442
2529,7,183,0.10987376421689987
2530,7,184,0.1638522446155548
2531,7,185,0.06028924137353897
2532,7,186,0.13954401016235352
2533,7,187,0.09449455887079239
2534,7,188,0.13698144257068634
2535,7,189,0.08178185671567917
2536,7,190,0.18711477518081665
2537,7,191,0.15641316771507263
2538,7,192,0.04423011094331741
2539,7,193,0.06828125566244125
2540,7,194,0.10107976198196411
2541,7,195,0.13114438951015472
2542,7,196,0.2250746637582779
2543,7,197,0.2380046248435974
2544,7,198,0.15418803691864014
2545,7,199,0.1514366716146469
2546,7,200,0.1410868763923645
2547,7,201,0.22673378884792328
2548,7,202,0.10972791910171509
2549,7,203,0.15920399129390717
2550,7,204,0.14574791491031647
2551,7,205,0.05417163670063019
2552,7,206,0.24858543276786804
2553,7,207,0.14963233470916748
2554,7,208,0.10647308826446533
2555,7,209,0.2261495143175125
2556,7,210,0.16906672716140747
2557,7,211,0.08812816441059113
2558,7,212,0.09473400563001633
2559,7,213,0.22286303341388702
2560,7,214,0.0878932997584343
2561,7,215,0.19071052968502045
2562,7,216,0.12349408864974976
2563,7,217,0.1371353715658188
2564,7,218,0.1673538237810135
2565,7,219,0.1518225073814392
2566,7,220,0.1224847137928009
2567,7,221,0.20685513317584991
2568,7,222,0.15729956328868866
2569,7,223,0.1817653924226761
2570,7,224,0.3142496347427368
2571,7,225,0.09370539337396622
2572,7,226,0.11812493950128555
2573,7,227,0.1090225800871849
2574,7,228,0.1796128898859024
2575,7,229,0.23254315555095673
2576,7,230,0.09747987240552902
2577,7,231,0.24891553819179535
2578,7,232,0.10843189060688019
2579,7,233,0.14184711873531342
2580,7,234,0.20696508884429932
2581,7,235,0.09561169892549515
2582,7,236,0.20055820047855377
2583,7,237,0.12210924178361893
2584,7,238,0.1468084305524826
2585,7,239,0.18293821811676025
2586,7,240,0.25235715508461
2587,7,241,0.24057196080684662
2588,7,242,0.11269044876098633
2589,7,243,0.1647295206785202
2590,7,244,0.20558196306228638
2591,7,245,0.14391547441482544
2592,7,246,0.1679295152425766
2593,7,247,0.14878268539905548
2594,7,248,0.11784723401069641
2595,7,249,0.1885741800069809
2596,7,250,0.06915057450532913
2597,7,251,0.08129077404737473
2598,7,252,0.1639803647994995
2599,7,253,0.16945257782936096
2600,7,254,0.19582517445087433
2601,7,255,0.1671862155199051
2602,7,256,0.15396368503570557
2603,7,257,0.07013965398073196
2604,7,258,0.08195281773805618
2605,7,259,0.10972267389297485
2606,7,260,0.21284571290016174
2607,7,261,0.17513442039489746
2608,7,262,0.24583539366722107
2609,7,263,0.2611587345600128
2610,7,264,0.18889333307743073
2611,7,265,0.15306830406188965
2612,7,266,0.18356972932815552
2613,7,267,0.11534570157527924
2614,7,268,0.17480340600013733
2615,7,269,0.1621323525905609
2616,7,270,0.14592963457107544
2617,7,271,0.2842714786529541
2618,7,272,0.18097254633903503
2619,7,273,0.17991159856319427
2620,7,274,0.1933012753725052
2621,7,275,0.09232643246650696
2622,7,276,0.12346699088811874
2623,7,277,0.12501667439937592
2624,7,278,0.19230331480503082
2625,7,279,0.1753353327512741
2626,7,280,0.22911575436592102
2627,7,281,0.24438752233982086
2628,7,282,0.10717786103487015
2629,7,283,0.18560604751110077
2630,7,284,0.16721706092357635
2631,7,285,0.12096595764160156
2632,7,286,0.07405593991279602
2633,7,287,0.1342628449201584
2634,7,288,0.20315346121788025
2635,7,289,0.1550723761320114
2636,7,290,0.1813449263572693
2637,7,291,0.17886486649513245
2638,7,292,0.09339528530836105
2639,7,293,0.13917246460914612
2640,7,294,0.17136307060718536
2641,7,295,0.1398676335811615
2642,7,296,0.16315457224845886
2643,7,297,0.13418608903884888
2644,7,298,0.09024584293365479
2645,7,299,0.1775728315114975
2646,7,300,0.12317229807376862
2647,7,301,0.1462283730506897
2648,7,302,0.11917988955974579
2649,7,303,0.22040434181690216
2650,7,304,0.18983212113380432
2651,7,305,0.2715950608253479
2652,7,306,0.1883157342672348
2653,7,307,0.17706523835659027
2654,7,308,0.16887761652469635
2655,7,309,0.13663694262504578
2656,7,310,0.1358618289232254
2657,7,311,0.22876839339733124
2658,7,312,0.18019002676010132
2659,7,313,0.17029157280921936
2660,7,314,0.1660720258951187
2661,7,315,0.10969806462526321
2662,7,316,0.13854752480983734
2663,7,317,0.14393217861652374
2664,7,318,0.1027955487370491
2665,7,319,0.16486577689647675
2666,7,320,0.12762504816055298
2667,7,321,0.09487095475196838
2668,7,322,0.19959062337875366
2669,7,323,0.17201390862464905
2670,7,324,0.07643652707338333
2671,7,325,0.1643366515636444
2672,7,326,0.13638828694820404
2673,7,327,0.11259660869836807
2674,7,328,0.22894643247127533
2675,7,329,0.18756651878356934
2676,7,330,0.1416836977005005
2677,7,331,0.06724309176206589
2678,7,332,0.1659187376499176
2679,7,333,0.18032945692539215
2680,7,334,0.08946879208087921
2681,7,335,0.16690543293952942
2682,7,336,0.16233274340629578
2683,7,337,0.20746929943561554
2684,7,338,0.13087843358516693
2685,7,339,0.2548413574695587
2686,7,340,0.2142821103334427
2687,7,341,0.16931936144828796
2688,7,342,0.17029079794883728
2689,7,343,0.1249435618519783
2690,7,344,0.18550562858581543
2691,7,345,0.10177861154079437
2692,7,346,0.21178565919399261
2693,7,347,0.18185852468013763
2694,7,348,0.20822152495384216
2695,7,349,0.12337298691272736
2696,7,350,0.09024287760257721
2697,7,351,0.18352101743221283
2698,7,352,0.18744689226150513
2699,7,353,0.17586423456668854
2700,7,354,0.22203199565410614
2701,7,355,0.16480648517608643
2702,7,356,0.16632209718227386
2703,7,357,0.25416770577430725
2704,7,358,0.20392641425132751
2705,7,359,0.17182904481887817
2706,7,360,0.2575831115245819
2707,7,361,0.19102998077869415
2708,7,362,0.20103305578231812
2709,7,363,0.15673674643039703
2710,7,364,0.16115280985832214
2711,7,365,0.08694849908351898
2712,7,366,0.16491025686264038
2713,7,367,0.1691821664571762
2714,7,368,0.128326416015625
2715,7,369,0.16433501243591309
2716,7,370,0.14671386778354645
2717,7,371,0.28727951645851135
2718,7,372,0.17850232124328613
2719,7,373,0.18268276751041412
2720,7,374,0.19156792759895325
2721,7,375,0.3029199242591858
2722,7,376,0.2276129126548767
2723,7,377,0.17182126641273499
2724,7,378,0.1736321896314621
2725,7,379,0.1656920164823532
2726,7,380,0.21848167479038239
2727,7,381,0.13260775804519653
2728,7,382,0.2096499651670456
2729,7,383,0.09714256227016449
2730,7,384,0.10441960394382477
2731,7,385,0.11394146084785461
2732,7,386,0.1750585436820984
2733,7,387,0.27185946702957153
2734,7,388,0.15803676843643188
2735,7,389,0.11144575476646423
2736,7,390,0.24446634948253632
2737,7,391,0.07900302112102509
2738,8,1,0.09200730174779892
2739,8,2,0.08015824854373932
2740,8,3,0.0795135349035263
2741,8,4,0.1072162315249443
2742,8,5,0.08788400143384933
2743,8,6,0.08029317110776901
2744,8,7,0.08260349929332733
2745,8,8,0.10631632059812546
2746,8,9,0.07868947088718414
2747,8,10,0.08184865862131119
2748,8,11,0.06995284557342529
2749,8,12,0.12871703505516052
2750,8,13,0.07180813699960709
2751,8,14,0.11822701245546341
2752,8,15,0.04796232655644417
2753,8,16,0.05657653510570526
2754,8,17,0.1333591490983963
2755,8,18,0.071175716817379
2756,8,19,0.03986731916666031
2757,8,20,0.01909555122256279
2758,8,21,0.06239442154765129
2759,8,22,0.09422454982995987
2760,8,23,0.07905343919992447
2761,8,24,0.16738279163837433
2762,8,25,0.07820542901754379
2763,8,26,0.08565682917833328
2764,8,27,0.0658816322684288
2765,8,28,0.041532471776008606
2766,8,29,0.07934059202671051
2767,8,30,0.09441110491752625
2768,8,31,0.05015972629189491
2769,8,32,0.040747884660959244
2770,8,33,0.0643099993467331
2771,8,34,0.06727560609579086
2772,8,35,0.08855562657117844
2773,8,36,0.06285547465085983
2774,8,37,0.12360760569572449
2775,8,38,0.10281667113304138
2776,8,39,0.03824488818645477
2777,8,40,0.053821709007024765
2778,8,41,0.053485024720430374
2779,8,42,0.11539845913648605
2780,8,43,0.1371932029724121
2781,8,44,0.06994643062353134
2782,8,45,0.044296812266111374
2783,8,46,0.06046690419316292
2784,8,47,0.028065592050552368
2785,8,48,0.087531678378582
2786,8,49,0.04948389530181885
2787,8,50,0.03845086321234703
2788,8,51,0.09376052767038345
2789,8,52,0.04761571064591408
2790,8,53,0.03228132054209709
2791,8,54,0.043105874210596085
2792,8,55,0.028295090422034264
2793,8,56,0.05320410802960396
2794,8,57,0.02019437588751316
2795,8,58,0.07080778479576111
2796,8,59,0.063417948782444
2797,8,60,0.03396870940923691
2798,8,61,0.05489785969257355
2799,8,62,0.0708458423614502
2800,8,63,0.06970785558223724
2801,8,64,0.06661870330572128
2802,8,65,0.05743488296866417
2803,8,66,0.061160676181316376
2804,8,67,0.10218369960784912
2805,8,68,0.05701955407857895
2806,8,69,0.04400061070919037
2807,8,70,0.034062787890434265
2808,8,71,0.014572793617844582
2809,8,72,0.04254266619682312
2810,8,73,0.04508918151259422
2811,8,74,0.07685600966215134
2812,8,75,0.11278831958770752
2813,8,76,0.03954882547259331
2814,8,77,0.09606765955686569
2815,8,78,0.020830994471907616
2816,8,79,0.04416612163186073
2817,8,80,0.05767793208360672
2818,8,81,0.07020753622055054
2819,8,82,0.0569329708814621
2820,8,83,0.10550018399953842
2821,8,84,0.02555091492831707
2822,8,85,0.12382876127958298
2823,8,86,0.08667721599340439
2824,8,87,0.037122055888175964
2825,8,88,0.07404954731464386
2826,8,89,0.05918756127357483
2827,8,90,0.05929119139909744
2828,8,91,0.10430476069450378
2829,8,92,0.09538006037473679
2830,8,93,0.17456084489822388
2831,8,94,0.0907641127705574
2832,8,95,0.060491010546684265
2833,8,96,0.09227538108825684
2834,8,97,0.03702359274029732
2835,8,98,0.14206701517105103
2836,8,99,0.09805682301521301
2837,8,100,0.11901365220546722
2838,8,101,0.08008596301078796
2839,8,102,0.04100688919425011
2840,8,103,0.05843399092555046
2841,8,104,0.03315594047307968
2842,8,105,0.053400587290525436
2843,8,106,0.06803719699382782
2844,8,107,0.06673602014780045
2845,8,108,0.09239805489778519
2846,8,109,0.0888829454779625
2847,8,110,0.07944358885288239
2848,8,111,0.10154329240322113
2849,8,112,0.07172878086566925
2850,8,113,0.052708398550748825
2851,8,114,0.08193574100732803
2852,8,115,0.05186550319194794
2853,8,116,0.062260836362838745
2854,8,117,0.09624095261096954
2855,8,118,0.07896081358194351
2856,8,119,0.13983355462551117
2857,8,120,0.12309154868125916
2858,8,121,0.10324515402317047
2859,8,122,0.2048286497592926
2860,8,123,0.08638554811477661
2861,8,124,0.04622957482933998
2862,8,125,0.07185418903827667
2863,8,126,0.06820737570524216
2864,8,127,0.05206414312124252
2865,8,128,0.04327421262860298
2866,8,129,0.15181782841682434
2867,8,130,0.02444060891866684
2868,8,131,0.12397851794958115
2869,8,132,0.043738435953855515
2870,8,133,0.09368032962083817
2871,8,134,0.13131515681743622
2872,8,135,0.13784772157669067
2873,8,136,0.09526875615119934
2874,8,137,0.037660129368305206
2875,8,138,0.06649185717105865
2876,8,139,0.0638752207159996
2877,8,140,0.04439058154821396
2878,8,141,0.08231054246425629
2879,8,142,0.1508415788412094
2880,8,143,0.11256194114685059
2881,8,144,0.08655460923910141
2882,8,145,0.06551835685968399
2883,8,146,0.1188039630651474
2884,8,147,0.09792345762252808
2885,8,148,0.08287142217159271
2886,8,149,0.1330452710390091
2887,8,150,0.12217268347740173
2888,8,151,0.14828284084796906
2889,8,152,0.16374363005161285
2890,8,153,0.09268969297409058
2891,8,154,0.09730960428714752
2892,8,155,0.10155577212572098
2893,8,156,0.1273176372051239
2894,8,157,0.11982130259275436
2895,8,158,0.12011401355266571
2896,8,159,0.0425279401242733
2897,8,160,0.09979848563671112
2898,8,161,0.13085994124412537
2899,8,162,0.1260278970003128
2900,8,163,0.1030072346329689
2901,8,164,0.1795363575220108
2902,8,165,0.04364760220050812
2903,8,166,0.1772293746471405
2904,8,167,0.13094575703144073
2905,8,168,0.06560211628675461
2906,8,169,0.12880992889404297
2907,8,170,0.07043115049600601
2908,8,171,0.08743102103471756
2909,8,172,0.07900304347276688
2910,8,173,0.05649164319038391
2911,8,174,0.052546609193086624
2912,8,175,0.1407730132341385
2913,8,176,0.07210516184568405
2914,8,177,0.08128167688846588
2915,8,178,0.09986288100481033
2916,8,179,0.0811787098646164
2917,8,180,0.14945988357067108
2918,8,181,0.11956822872161865
2919,8,182,0.10980786383152008
2920,8,183,0.17570370435714722
2921,8,184,0.10765265673398972
2922,8,185,0.12574085593223572
2923,8,186,0.05769040808081627
2924,8,187,0.13332901895046234
2925,8,188,0.08903399109840393
2926,8,189,0.06269630044698715
2927,8,190,0.1485813707113266
2928,8,191,0.0787447839975357
2929,8,192,0.07686251401901245
2930,8,193,0.06714479625225067
2931,8,194,0.08267173171043396
2932,8,195,0.136750265955925
2933,8,196,0.12650656700134277
2934,8,197,0.10176165401935577
2935,8,198,0.18764840066432953
2936,8,199,0.10429214686155319
2937,8,200,0.0886734277009964
2938,8,201,0.07548023015260696
2939,8,202,0.04916912689805031
2940,8,203,0.07608900219202042
2941,8,204,0.16919447481632233
2942,8,205,0.13630947470664978
2943,8,206,0.09206921607255936
2944,8,207,0.12178899347782135
2945,8,208,0.09109418094158173
2946,8,209,0.09093823283910751
2947,8,210,0.23993754386901855
2948,8,211,0.12355964630842209
2949,8,212,0.08834909647703171
2950,8,213,0.040219660848379135
2951,8,214,0.059021543711423874
2952,8,215,0.16823609173297882
2953,8,216,0.13742323219776154
2954,8,217,0.11579474061727524
2955,8,218,0.09227626770734787
2956,8,219,0.09228231757879257
2957,8,220,0.13731400668621063
2958,8,221,0.1071033701300621
2959,8,222,0.18910397589206696
2960,8,223,0.08159700781106949
2961,8,224,0.12259520590305328
2962,8,225,0.06926573812961578
2963,8,226,0.12919284403324127
2964,8,227,0.11180204153060913
2965,8,228,0.19914685189723969
2966,8,229,0.10887918621301651
2967,8,230,0.13389386236667633
2968,8,231,0.15598535537719727
2969,8,232,0.06748831272125244
2970,8,233,0.20926381647586823
2971,8,234,0.16925175487995148
2972,8,235,0.10088104754686356
2973,8,236,0.07173951715230942
2974,8,237,0.15112514793872833
2975,8,238,0.060306891798973083
2976,8,239,0.14487579464912415
2977,8,240,0.1462327092885971
2978,8,241,0.11076151579618454
2979,8,242,0.10641854256391525
2980,8,243,0.0771847516298294
2981,8,244,0.16905972361564636
2982,8,245,0.14458589255809784
2983,8,246,0.10253386199474335
2984,8,247,0.05992480739951134
2985,8,248,0.14178411662578583
2986,8,249,0.06826819479465485
2987,8,250,0.0651419535279274
2988,8,251,0.1688859760761261
2989,8,252,0.10826098918914795
2990,8,253,0.10340374708175659
2991,8,254,0.10550722479820251
2992,8,255,0.16664402186870575
2993,8,256,0.0931568294763565
2994,8,257,0.26188746094703674
2995,8,258,0.07371539622545242
2996,8,259,0.07204101234674454
2997,8,260,0.12817882001399994
2998,8,261,0.10676338523626328
2999,8,262,0.07955030351877213
3000,8,263,0.09423878788948059
3001,8,264,0.1569439023733139
3002,8,265,0.12981776893138885
3003,8,266,0.10630255937576294
3004,8,267,0.11239195615053177
3005,8,268,0.06293275207281113
3006,8,269,0.09872523695230484
3007,8,270,0.057186342775821686
3008,8,271,0.10741382837295532
3009,8,272,0.12346125394105911
3010,8,273,0.08524706214666367
3011,8,274,0.07946031540632248
3012,8,275,0.10771482437849045
3013,8,276,0.08512134104967117
3014,8,277,0.1333501935005188
3015,8,278,0.10934565216302872
3016,8,279,0.2242431789636612
3017,8,280,0.0967283546924591
3018,8,281,0.13313890993595123
3019,8,282,0.08920402079820633
3020,8,283,0.16005747020244598
3021,8,284,0.14783433079719543
3022,8,285,0.1457381248474121
3023,8,286,0.07975248247385025
3024,8,287,0.11598777025938034
3025,8,288,0.13663528859615326
3026,8,289,0.17447462677955627
3027,8,290,0.10038619488477707
3028,8,291,0.101339191198349
3029,8,292,0.04458768293261528
3030,8,293,0.12571503221988678
3031,8,294,0.08714161813259125
3032,8,295,0.17492662370204926
3033,8,296,0.07161938399076462
3034,8,297,0.08858367055654526
3035,8,298,0.1485082507133484
3036,8,299,0.1147959902882576
3037,8,300,0.1483994871377945
3038,8,301,0.0753835067152977
3039,8,302,0.1035735011100769
3040,8,303,0.168349489569664
3041,8,304,0.15753914415836334
3042,8,305,0.11889172345399857
3043,8,306,0.10623679310083389
3044,8,307,0.17942310869693756
3045,8,308,0.10335403680801392
3046,8,309,0.07143767178058624
3047,8,310,0.17272302508354187
3048,8,311,0.15121953189373016
3049,8,312,0.1749585121870041
3050,8,313,0.1803596317768097
3051,8,314,0.11081600189208984
3052,8,315,0.06847863644361496
3053,8,316,0.07826174050569534
3054,8,317,0.10960505157709122
3055,8,318,0.2467626929283142
3056,8,319,0.12978556752204895
3057,8,320,0.12236472964286804
3058,8,321,0.1033615916967392
3059,8,322,0.25015726685523987
3060,8,323,0.08883777260780334
3061,8,324,0.10148299485445023
3062,8,325,0.04309374466538429
3063,8,326,0.24984577298164368
3064,8,327,0.07622130215167999
3065,8,328,0.05990329012274742
3066,8,329,0.20334327220916748
3067,8,330,0.07872215658426285
3068,8,331,0.1717725247144699
3069,8,332,0.11995616555213928
3070,8,333,0.13509328663349152
3071,8,334,0.19543324410915375
3072,8,335,0.10388732701539993
3073,8,336,0.09136822074651718
3074,8,337,0.12616194784641266
3075,8,338,0.05032184347510338
3076,8,339,0.09639482200145721
3077,8,340,0.1058153361082077
3078,8,341,0.13795673847198486
3079,8,342,0.12781865894794464
3080,8,343,0.12561853229999542
3081,8,344,0.2030373513698578
3082,8,345,0.16382846236228943
3083,8,346,0.11293790489435196
3084,8,347,0.17853015661239624
3085,8,348,0.11229207366704941
3086,8,349,0.13864226639270782
3087,8,350,0.13450679183006287
3088,8,351,0.11797577887773514
3089,8,352,0.06111035868525505
3090,8,353,0.12276605516672134
3091,8,354,0.12453791499137878
3092,8,355,0.12358379364013672
3093,8,356,0.12358187139034271
3094,8,357,0.15464535355567932
3095,8,358,0.18971973657608032
3096,8,359,0.1322130709886551
3097,8,360,0.08636785298585892
3098,8,361,0.10241628438234329
3099,8,362,0.10060843825340271
3100,8,363,0.15887139737606049
3101,8,364,0.09135317802429199
3102,8,365,0.1286441534757614
3103,8,366,0.11196328699588776
3104,8,367,0.10500498861074448
3105,8,368,0.13176561892032623
3106,8,369,0.18554744124412537
3107,8,370,0.18313300609588623
3108,8,371,0.10250300168991089
3109,8,372,0.16286925971508026
3110,8,373,0.06384268403053284
3111,8,374,0.15366646647453308
3112,8,375,0.12029210478067398
3113,8,376,0.0807848870754242
3114,8,377,0.1516045778989792
3115,8,378,0.2501249611377716
3116,8,379,0.06416907161474228
3117,8,380,0.06855680048465729
3118,8,381,0.1104123443365097
3119,8,382,0.12109207361936569
3120,8,383,0.15539835393428802
3121,8,384,0.11791855096817017
3122,8,385,0.07162640988826752
3123,8,386,0.216796875
3124,8,387,0.10597944259643555
3125,8,388,0.2208695113658905
3126,8,389,0.11209360510110855
3127,8,390,0.22699324786663055
3128,8,391,0.09738962352275848
3129,9,1,0.06197445094585419
3130,9,2,0.05159345269203186
3131,9,3,0.10384673625230789
3132,9,4,0.10316050052642822
3133,9,5,0.08952368050813675
3134,9,6,0.03390525281429291
3135,9,7,0.040475573390722275
3136,9,8,0.08473637700080872
3137,9,9,0.046416379511356354
3138,9,10,0.08008287847042084
3139,9,11,0.10436009615659714
3140,9,12,0.06156983971595764
3141,9,13,0.0722455158829689
3142,9,14,0.08913622796535492
3143,9,15,0.07627486437559128
3144,9,16,0.05928821116685867
3145,9,17,0.025973612442612648
3146,9,18,0.046490415930747986
3147,9,19,0.09072112292051315
3148,9,20,0.07233703136444092
3149,9,21,0.05119568854570389
3150,9,22,0.04824553802609444
3151,9,23,0.0765993744134903
3152,9,24,0.027474848553538322
3153,9,25,0.07997733354568481
3154,9,26,0.06968862563371658
3155,9,27,0.03608747199177742
3156,9,28,0.08921200037002563
3157,9,29,0.03053872659802437
3158,9,30,0.04104930907487869
3159,9,31,0.030290953814983368
3160,9,32,0.023570863530039787
3161,9,33,0.029382923617959023
3162,9,34,0.05013687163591385
3163,9,35,0.05758078396320343
3164,9,36,0.03933679684996605
3165,9,37,0.06545701622962952
3166,9,38,0.02541644684970379
3167,9,39,0.04504695534706116
3168,9,40,0.03890474513173103
3169,9,41,0.09466193616390228
3170,9,42,0.11977013945579529
3171,9,43,0.016812801361083984
3172,9,44,0.06907805055379868
3173,9,45,0.09288354963064194
3174,9,46,0.07159307599067688
3175,9,47,0.05248495191335678
3176,9,48,0.0502152182161808
3177,9,49,0.0770300030708313
3178,9,50,0.04581543803215027
3179,9,51,0.023736320436000824
3180,9,52,0.05350487679243088
3181,9,53,0.05003003776073456
3182,9,54,0.04822240397334099
3183,9,55,0.04120728000998497
3184,9,56,0.13197319209575653
3185,9,57,0.062384020537137985
3186,9,58,0.06386762857437134
3187,9,59,0.050407424569129944
3188,9,60,0.06408363580703735
3189,9,61,0.04752779379487038
3190,9,62,0.0687495619058609
3191,9,63,0.058866824954748154
3192,9,64,0.11374660581350327
3193,9,65,0.023652365431189537
3194,9,66,0.04142383113503456
3195,9,67,0.1887519210577011
3196,9,68,0.02321336418390274
3197,9,69,0.0806814432144165
3198,9,70,0.025286560878157616
3199,9,71,0.05947217717766762
3200,9,72,0.03891158849000931
3201,9,73,0.03388109803199768
3202,9,74,0.07903876900672913
3203,9,75,0.04668084904551506
3204,9,76,0.06798454374074936
3205,9,77,0.07825761288404465
3206,9,78,0.08713841438293457
3207,9,79,0.05143873393535614
3208,9,80,0.1183280497789383
3209,9,81,0.03773185983300209
3210,9,82,0.046783603727817535
3211,9,83,0.05468125268816948
3212,9,84,0.05132702365517616
3213,9,85,0.032498765736818314
3214,9,86,0.10060622543096542
3215,9,87,0.0697987750172615
3216,9,88,0.054177425801754
3217,9,89,0.03269961476325989
3218,9,90,0.05879218503832817
3219,9,91,0.12135326117277145
3220,9,92,0.18404985964298248
3221,9,93,0.087680883705616
3222,9,94,0.07809335738420486
3223,9,95,0.03893418237566948
3224,9,96,0.06456423550844193
3225,9,97,0.028834402561187744
3226,9,98,0.045174118131399155
3227,9,99,0.10381507873535156
3228,9,100,0.08561690896749496
3229,9,101,0.07297403365373611
3230,9,102,0.11848404258489609
3231,9,103,0.09609989821910858
3232,9,104,0.037277642637491226
3233,9,105,0.08327259123325348
3234,9,106,0.047397006303071976
3235,9,107,0.0548323318362236
3236,9,108,0.0783768966794014
3237,9,109,0.02668994665145874
3238,9,110,0.034572143107652664
3239,9,111,0.035306476056575775
3240,9,112,0.15024378895759583
3241,9,113,0.04415508359670639
3242,9,114,0.1351258009672165
3243,9,115,0.04272616654634476
3244,9,116,0.04905838891863823
3245,9,117,0.0776558667421341
3246,9,118,0.03965223208069801
3247,9,119,0.07369909435510635
3248,9,120,0.05100323259830475
3249,9,121,0.06394600868225098
3250,9,122,0.07119126617908478
3251,9,123,0.07329679280519485
3252,9,124,0.12033184617757797
3253,9,125,0.02784670889377594
3254,9,126,0.01805504411458969
3255,9,127,0.10043855011463165
3256,9,128,0.14710521697998047
3257,9,129,0.03786240890622139
3258,9,130,0.07506746798753738
3259,9,131,0.10339393466711044
3260,9,132,0.04813433066010475
3261,9,133,0.06961611658334732
3262,9,134,0.03669091686606407
3263,9,135,0.08512689173221588
3264,9,136,0.08501499891281128
3265,9,137,0.09927734732627869
3266,9,138,0.06154999881982803
3267,9,139,0.057851679623126984
3268,9,140,0.053833164274692535
3269,9,141,0.05084791034460068
3270,9,142,0.04558303952217102
3271,9,143,0.053866203874349594
3272,9,144,0.11030307412147522
3273,9,145,0.031139887869358063
3274,9,146,0.06921373307704926
3275,9,147,0.09027427434921265
3276,9,148,0.02723797783255577
3277,9,149,0.07726816833019257
3278,9,150,0.03478231653571129
3279,9,151,0.057972077280282974
3280,9,152,0.040198277682065964
3281,9,153,0.07831016182899475
3282,9,154,0.06609196215867996
3283,9,155,0.06084788218140602
3284,9,156,0.03901878744363785
3285,9,157,0.07653457671403885
3286,9,158,0.09028230607509613
3287,9,159,0.03023577108979225
3288,9,160,0.027724385261535645
3289,9,161,0.06091661378741264
3290,9,162,0.0381750762462616
3291,9,163,0.056480489671230316
3292,9,164,0.0396512933075428
3293,9,165,0.09563536196947098
3294,9,166,0.08843569457530975
3295,9,167,0.12990222871303558
3296,9,168,0.09285194426774979
3297,9,169,0.049585189670324326
3298,9,170,0.06170319765806198
3299,9,171,0.0905793234705925
3300,9,172,0.04727097973227501
3301,9,173,0.03458470478653908
3302,9,174,0.07408921420574188
3303,9,175,0.07779569178819656
3304,9,176,0.11821538209915161
3305,9,177,0.06491241604089737
3306,9,178,0.041850801557302475
3307,9,179,0.060715630650520325
3308,9,180,0.09490840882062912
3309,9,181,0.07629391551017761
3310,9,182,0.07628962397575378
3311,9,183,0.0534757524728775
3312,9,184,0.041998039931058884
3313,9,185,0.09187783300876617
3314,9,186,0.1375952810049057
3315,9,187,0.04068226367235184
3316,9,188,0.10034230351448059
3317,9,189,0.05746857821941376
3318,9,190,0.1278495192527771
3319,9,191,0.06501955538988113
3320,9,192,0.1536732017993927
3321,9,193,0.11476965248584747
3322,9,194,0.06622612476348877
3323,9,195,0.12255974858999252
3324,9,196,0.1196352019906044
3325,9,197,0.04757622256875038
3326,9,198,0.10118185728788376
3327,9,199,0.09414701163768768
3328,9,200,0.08794639259576797
3329,9,201,0.02953282557427883
3330,9,202,0.07109934091567993
3331,9,203,0.0765601098537445
3332,9,204,0.05128403380513191
3333,9,205,0.06513959914445877
3334,9,206,0.061891499906778336
3335,9,207,0.03306100144982338
3336,9,208,0.09567752480506897
3337,9,209,0.1663278490304947
3338,9,210,0.22975018620491028
3339,9,211,0.21897032856941223
3340,9,212,0.12955377995967865
3341,9,213,0.14253902435302734
3342,9,214,0.07440268993377686
3343,9,215,0.11415688693523407
3344,9,216,0.08249625563621521
3345,9,217,0.12921179831027985
3346,9,218,0.14287689328193665
3347,9,219,0.17989088594913483
3348,9,220,0.06254749000072479
3349,9,221,0.05015045031905174
3350,9,222,0.06457467377185822
3351,9,223,0.1264818012714386
3352,9,224,0.06310027092695236
3353,9,225,0.10490133613348007
3354,9,226,0.155561625957489
3355,9,227,0.13513103127479553
3356,9,228,0.08516465127468109
3357,9,229,0.07856873422861099
3358,9,230,0.10597917437553406
3359,9,231,0.07462731748819351
3360,9,232,0.08184513449668884
3361,9,233,0.10950468480587006
3362,9,234,0.10973674058914185
3363,9,235,0.06913688033819199
3364,9,236,0.09336493909358978
3365,9,237,0.0789695680141449
3366,9,238,0.0553136020898819
3367,9,239,0.04357856139540672
3368,9,240,0.1981237530708313
3369,9,241,0.18173342943191528
3370,9,242,0.15317320823669434
3371,9,243,0.116172194480896
3372,9,244,0.12402485311031342
3373,9,245,0.13239668309688568
3374,9,246,0.1109924167394638
3375,9,247,0.11839629709720612
3376,9,248,0.156412735581398
3377,9,249,0.06784046441316605
3378,9,250,0.16302694380283356
3379,9,251,0.10261086374521255
3380,9,252,0.11827003955841064
3381,9,253,0.10787846148014069
3382,9,254,0.11363823711872101
3383,9,255,0.03310729190707207
3384,9,256,0.05282166972756386
3385,9,257,0.10701851546764374
3386,9,258,0.10829796642065048
3387,9,259,0.11115933954715729
3388,9,260,0.16473335027694702
3389,9,261,0.09363147616386414
3390,9,262,0.07820843160152435
3391,9,263,0.07253141701221466
3392,9,264,0.07439960539340973
3393,9,265,0.030818495899438858
3394,9,266,0.07970030605792999
3395,9,267,0.13345374166965485
3396,9,268,0.20368781685829163
3397,9,269,0.0856308564543724
3398,9,270,0.11683370172977448
3399,9,271,0.1033552885055542
3400,9,272,0.12354616075754166
3401,9,273,0.13081301748752594
3402,9,274,0.10242078453302383
3403,9,275,0.08620564639568329
3404,9,276,0.07102145254611969
3405,9,277,0.1785259246826172
3406,9,278,0.06702521443367004
3407,9,279,0.1632332056760788
3408,9,280,0.18079924583435059
3409,9,281,0.14489662647247314
3410,9,282,0.09394413977861404
3411,9,283,0.09943007677793503
3412,9,284,0.09441039711236954
3413,9,285,0.19481603801250458
3414,9,286,0.08531392365694046
3415,9,287,0.09139406681060791
3416,9,288,0.13937987387180328
3417,9,289,0.10188481211662292
3418,9,290,0.14986161887645721
3419,9,291,0.20336322486400604
3420,9,292,0.1822679191827774
3421,9,293,0.13725639879703522
3422,9,294,0.05065980553627014
3423,9,295,0.10552658140659332
3424,9,296,0.11337384581565857
3425,9,297,0.15463775396347046
3426,9,298,0.1629093587398529
3427,9,299,0.1535368114709854
3428,9,300,0.06746868789196014
3429,9,301,0.13804464042186737
3430,9,302,0.10080831497907639
3431,9,303,0.06839369982481003
3432,9,304,0.13030897080898285
3433,9,305,0.07529835402965546
3434,9,306,0.09368384629487991
3435,9,307,0.20148704946041107
3436,9,308,0.1194031834602356
3437,9,309,0.09699792414903641
3438,9,310,0.12887470424175262
3439,9,311,0.10835424065589905
3440,9,312,0.08415476977825165
3441,9,313,0.2527630627155304
3442,9,314,0.12021376937627792
3443,9,315,0.10373757779598236
3444,9,316,0.11424365639686584
3445,9,317,0.1580517441034317
3446,9,318,0.0785442516207695
3447,9,319,0.03710741549730301
3448,9,320,0.22203241288661957
3449,9,321,0.12751127779483795
3450,9,322,0.07534050196409225
3451,9,323,0.10482531040906906
3452,9,324,0.1051323190331459
3453,9,325,0.1433202475309372
3454,9,326,0.13393616676330566
3455,9,327,0.20928271114826202
3456,9,328,0.1850668340921402
3457,9,329,0.16888122260570526
3458,9,330,0.16068390011787415
3459,9,331,0.07976414263248444
3460,9,332,0.045782435685396194
3461,9,333,0.09622973203659058
3462,9,334,0.08002437651157379
3463,9,335,0.08771096169948578
3464,9,336,0.07150747627019882
3465,9,337,0.1359509378671646
3466,9,338,0.11981584131717682
3467,9,339,0.12798215448856354
3468,9,340,0.12137813866138458
3469,9,341,0.14918968081474304
3470,9,342,0.07479525357484818
3471,9,343,0.05713260546326637
3472,9,344,0.09747706353664398
3473,9,345,0.0945320576429367
3474,9,346,0.24844175577163696
3475,9,347,0.09803203493356705
3476,9,348,0.12024660408496857
3477,9,349,0.10265323519706726
3478,9,350,0.09389479458332062
3479,9,351,0.14011934399604797
3480,9,352,0.0498834066092968
3481,9,353,0.03933544456958771
3482,9,354,0.05777847394347191
3483,9,355,0.11452793329954147
3484,9,356,0.03613455966114998
3485,9,357,0.10095559060573578
3486,9,358,0.17356368899345398
3487,9,359,0.07237382978200912
3488,9,360,0.09142312407493591
3489,9,361,0.1358276754617691
3490,9,362,0.1526212841272354
3491,9,363,0.12366651743650436
3492,9,364,0.14402981102466583
3493,9,365,0.1746690571308136
3494,9,366,0.09986426681280136
3495,9,367,0.042501404881477356
3496,9,368,0.06356711685657501
3497,9,369,0.12396994233131409
3498,9,370,0.08948273956775665
3499,9,371,0.0930236428976059
3500,9,372,0.08174754679203033
3501,9,373,0.09273168444633484
3502,9,374,0.07580513507127762
3503,9,375,0.07953611761331558
3504,9,376,0.07239291816949844
3505,9,377,0.07815345376729965
3506,9,378,0.09721105545759201
3507,9,379,0.2613089382648468
3508,9,380,0.1495334655046463
3509,9,381,0.09864529967308044
3510,9,382,0.07897961884737015
3511,9,383,0.12516295909881592
3512,9,384,0.05733402818441391
3513,9,385,0.1335662603378296
3514,9,386,0.05205336585640907
3515,9,387,0.07321438938379288
3516,9,388,0.06181175634264946
3517,9,389,0.15373602509498596
3518,9,390,0.1098492220044136
3519,9,391,0.1671578586101532
3520,10,1,0.05393413081765175
3521,10,2,0.03940463066101074
3522,10,3,0.04710938408970833
3523,10,4,0.11385836452245712
3524,10,5,0.0857982337474823
3525,10,6,0.06357099860906601
3526,10,7,0.09019516408443451
3527,10,8,0.07719306647777557
3528,10,9,0.04512050375342369
3529,10,10,0.05063258484005928
3530,10,11,0.07107815891504288
3531,10,12,0.041719917207956314
3532,10,13,0.06911784410476685
3533,10,14,0.09626822918653488
3534,10,15,0.13590514659881592
3535,10,16,0.047763705253601074
3536,10,17,0.03532393276691437
3537,10,18,0.08254772424697876
3538,10,19,0.08096516877412796
3539,10,20,0.07828360050916672
3540,10,21,0.1545581966638565
3541,10,22,0.05469449982047081
3542,10,23,0.13071876764297485
3543,10,24,0.08028693497180939
3544,10,25,0.09720881283283234
3545,10,26,0.10979141294956207
3546,10,27,0.07043059915304184
3547,10,28,0.08274476230144501
3548,10,29,0.09745080769062042
3549,10,30,0.08070653676986694
3550,10,31,0.09143567085266113
3551,10,32,0.06862723082304001
3552,10,33,0.09099634736776352
3553,10,34,0.08406338095664978
3554,10,35,0.04956728592514992
3555,10,36,0.0777728483080864
3556,10,37,0.10316763073205948
3557,10,38,0.11525342613458633
3558,10,39,0.051463302224874496
3559,10,40,0.05064046382904053
3560,10,41,0.11770984530448914
3561,10,42,0.09880588948726654
3562,10,43,0.028056269511580467
3563,10,44,0.06336939334869385
3564,10,45,0.08383587002754211
3565,10,46,0.11557402461767197
3566,10,47,0.09452444314956665
3567,10,48,0.09781864285469055
3568,10,49,0.05074314773082733
3569,10,50,0.051413848996162415
3570,10,51,0.049442436546087265
3571,10,52,0.11263235658407211
3572,10,53,0.1270761936903
3573,10,54,0.06085754185914993
3574,10,55,0.04733589291572571
3575,10,56,0.05167728289961815
3576,10,57,0.07612033188343048
3577,10,58,0.11539874970912933
3578,10,59,0.03622468560934067
3579,10,60,0.08395447582006454
3580,10,61,0.016885625198483467
3581,10,62,0.10953962802886963
3582,10,63,0.03734395653009415
3583,10,64,0.03248201310634613
3584,10,65,0.03997116535902023
3585,10,66,0.0432700477540493
3586,10,67,0.05261160060763359
3587,10,68,0.035540901124477386
3588,10,69,0.03577829524874687
3589,10,70,0.02396618388593197
3590,10,71,0.03483990579843521
3591,10,72,0.05720125511288643
3592,10,73,0.12389664351940155
3593,10,74,0.08276475220918655
3594,10,75,0.08413022011518478
3595,10,76,0.04264436662197113
3596,10,77,0.045139774680137634
3597,10,78,0.0652981847524643
3598,10,79,0.03185192495584488
3599,10,80,0.020360996946692467
3600,10,81,0.07038742303848267
3601,10,82,0.07161767035722733
3602,10,83,0.024496551603078842
3603,10,84,0.08671444654464722
3604,10,85,0.06934305280447006
3605,10,86,0.1167951375246048
3606,10,87,0.01878664642572403
3607,10,88,0.06511523574590683
3608,10,89,0.03127400949597359
3609,10,90,0.043586816638708115
3610,10,91,0.04271530359983444
3611,10,92,0.040633052587509155
3612,10,93,0.07027240842580795
3613,10,94,0.03094220533967018
3614,10,95,0.12252125889062881
3615,10,96,0.024064643308520317
3616,10,97,0.0678803026676178
3617,10,98,0.05325586721301079
3618,10,99,0.02015107125043869
3619,10,100,0.05288788303732872
3620,10,101,0.029520561918616295
3621,10,102,0.06501454859972
3622,10,103,0.019525868818163872
3623,10,104,0.05308437719941139
3624,10,105,0.008980030193924904
3625,10,106,0.006133746355772018
3626,10,107,0.07458082586526871
3627,10,108,0.07750480622053146
3628,10,109,0.07989335805177689
3629,10,110,0.15210166573524475
3630,10,111,0.11880004405975342
3631,10,112,0.027327386662364006
3632,10,113,0.06310705840587616
3633,10,114,0.029913581907749176
3634,10,115,0.052099648863077164
3635,10,116,0.0621098056435585
3636,10,117,0.19525432586669922
3637,10,118,0.10995969921350479
3638,10,119,0.13412316143512726
3639,10,120,0.019460350275039673
3640,10,121,0.0635121762752533
3641,10,122,0.04298779368400574
3642,10,123,0.0723346397280693
3643,10,124,0.04208400472998619
3644,10,125,0.028622779995203018
3645,10,126,0.07880936563014984
3646,10,127,0.046713024377822876
3647,10,128,0.14042679965496063
3648,10,129,0.10314889252185822
3649,10,130,0.027701640501618385
3650,10,131,0.0937991663813591
3651,10,132,0.21613360941410065
3652,10,133,0.11897694319486618
3653,10,134,0.016331961378455162
3654,10,135,0.044646888971328735
3655,10,136,0.035053800791502
3656,10,137,0.11983883380889893
3657,10,138,0.25502249598503113
3658,10,139,0.11827652156352997
3659,10,140,0.06738930940628052
3660,10,141,0.03853880986571312
3661,10,142,0.11953260004520416
3662,10,143,0.03637363761663437
3663,10,144,0.04866830259561539
3664,10,145,0.09604263305664062
3665,10,146,0.12461867183446884
3666,10,147,0.1734728217124939
3667,10,148,0.09895826131105423
3668,10,149,0.06089811399579048
3669,10,150,0.1478288620710373
3670,10,151,0.1112939640879631
3671,10,152,0.14938879013061523
3672,10,153,0.02913886122405529
3673,10,154,0.07549777626991272
3674,10,155,0.06318884342908859
3675,10,156,0.08117229491472244
3676,10,157,0.10397907346487045
3677,10,158,0.10915189981460571
3678,10,159,0.06568491458892822
3679,10,160,0.10644596815109253
3680,10,161,0.03929508849978447
3681,10,162,0.06152722239494324
3682,10,163,0.16941817104816437
3683,10,164,0.07755369693040848
3684,10,165,0.05034704878926277
3685,10,166,0.053624268621206284
3686,10,167,0.06624529510736465
3687,10,168,0.06209251657128334
3688,10,169,0.07495509833097458
3689,10,170,0.14006391167640686
3690,10,171,0.044374044984579086
3691,10,172,0.13896802067756653
3692,10,173,0.07537559419870377
3693,10,174,0.10064151883125305
3694,10,175,0.06311729550361633
3695,10,176,0.13918107748031616
3696,10,177,0.08437279611825943
3697,10,178,0.2190745621919632
3698,10,179,0.0348801352083683
3699,10,180,0.07870955020189285
3700,10,181,0.058440957218408585
3701,10,182,0.033410970121622086
3702,10,183,0.15881696343421936
3703,10,184,0.09195449203252792
3704,10,185,0.035918354988098145
3705,10,186,0.032566990703344345
3706,10,187,0.03237633407115936
3707,10,188,0.13937470316886902
3708,10,189,0.1048409715294838
3709,10,190,0.033833011984825134
3710,10,191,0.11560726165771484
3711,10,192,0.09593093395233154
3712,10,193,0.10239722579717636
3713,10,194,0.09371840208768845
3714,10,195,0.06510987132787704
3715,10,196,0.06455161422491074
3716,10,197,0.03616150841116905
3717,10,198,0.09699343144893646
3718,10,199,0.09344447404146194
3719,10,200,0.06817921251058578
3720,10,201,0.059560615569353104
3721,10,202,0.04283322021365166
3722,10,203,0.19401367008686066
3723,10,204,0.151068776845932
3724,10,205,0.09226645529270172
3725,10,206,0.08889728784561157
3726,10,207,0.07259643077850342
3727,10,208,0.0798221230506897
3728,10,209,0.06367973983287811
3729,10,210,0.09441002458333969
3730,10,211,0.06658871471881866
3731,10,212,0.11527332663536072
3732,10,213,0.0763435810804367
3733,10,214,0.14794301986694336
3734,10,215,0.024850841611623764
3735,10,216,0.1790393888950348
3736,10,217,0.049573495984077454
3737,10,218,0.12820103764533997
3738,10,219,0.09616921842098236
3739,10,220,0.145671546459198
3740,10,221,0.04734589159488678
3741,10,222,0.16774655878543854
3742,10,223,0.10368789732456207
3743,10,224,0.13615694642066956
3744,10,225,0.033686332404613495
3745,10,226,0.19844140112400055
3746,10,227,0.04737022891640663
3747,10,228,0.07101589441299438
3748,10,229,0.08418038487434387
3749,10,230,0.04911241680383682
3750,10,231,0.0339222215116024
3751,10,232,0.11655785888433456
3752,10,233,0.07439164072275162
3753,10,234,0.09037969261407852
3754,10,235,0.06714283674955368
3755,10,236,0.09741870313882828
3756,10,237,0.04931602254509926
3757,10,238,0.1021668091416359
3758,10,239,0.042958907783031464
3759,10,240,0.15531708300113678
3760,10,241,0.0747653990983963
3761,10,242,0.13302640616893768
3762,10,243,0.10757001489400864
3763,10,244,0.06352204829454422
3764,10,245,0.14748315513134003
3765,10,246,0.12947426736354828
3766,10,247,0.0654054805636406
3767,10,248,0.1064995601773262
3768,10,249,0.05124359205365181
3769,10,250,0.052698373794555664
3770,10,251,0.044877711683511734
3771,10,252,0.07780687510967255
3772,10,253,0.05178256705403328
3773,10,254,0.05673031136393547
3774,10,255,0.08784598112106323
3775,10,256,0.06862527877092361
3776,10,257,0.07870694994926453
3777,10,258,0.04956570267677307
3778,10,259,0.1666014939546585
3779,10,260,0.10638822615146637
3780,10,261,0.060557037591934204
3781,10,262,0.025483520701527596
3782,10,263,0.028067296370863914
3783,10,264,0.05526912957429886
3784,10,265,0.1330443024635315
3785,10,266,0.07522588223218918
3786,10,267,0.04211068153381348
3787,10,268,0.04891987517476082
3788,10,269,0.12764619290828705
3789,10,270,0.052013397216796875
3790,10,271,0.09487072378396988
3791,10,272,0.017651032656431198
3792,10,273,0.1464095413684845
3793,10,274,0.09222833812236786
3794,10,275,0.027977274730801582
3795,10,276,0.03366230055689812
3796,10,277,0.1584329754114151
3797,10,278,0.06788630038499832
3798,10,279,0.09804928302764893
3799,10,280,0.05949575453996658
3800,10,281,0.07743696123361588
3801,10,282,0.03788523003458977
3802,10,283,0.10307557880878448
3803,10,284,0.10919636487960815
3804,10,285,0.10706639289855957
3805,10,286,0.08576112240552902
3806,10,287,0.1274961680173874
3807,10,288,0.08436908572912216
3808,10,289,0.0612112358212471
3809,10,290,0.07287554442882538
3810,10,291,0.15267159044742584
3811,10,292,0.0826035812497139
3812,10,293,0.13062386214733124
3813,10,294,0.11692356318235397
3814,10,295,0.03203921765089035
3815,10,296,0.17472290992736816
3816,10,297,0.05432309955358505
3817,10,298,0.11334196478128433
3818,10,299,0.07288181036710739
3819,10,300,0.1947912871837616
3820,10,301,0.11842827498912811
3821,10,302,0.036816295236349106
3822,10,303,0.030825316905975342
3823,10,304,0.06846069544553757
3824,10,305,0.029915623366832733
3825,10,306,0.05914829298853874
3826,10,307,0.09076975286006927
3827,10,308,0.2732093930244446
3828,10,309,0.13650138676166534
3829,10,310,0.09391099959611893
3830,10,311,0.11549306660890579
3831,10,312,0.1073274314403534
3832,10,313,0.09696640074253082
3833,10,314,0.12683416903018951
3834,10,315,0.12314380705356598
3835,10,316,0.10244718194007874
3836,10,317,0.13370274007320404
3837,10,318,0.06135103479027748
3838,10,319,0.07719173282384872
3839,10,320,0.16303066909313202
3840,10,321,0.14820387959480286
3841,10,322,0.08400972932577133
3842,10,323,0.07828157395124435
3843,10,324,0.04246675223112106
3844,10,325,0.12374954670667648
3845,10,326,0.10139065235853195
3846,10,327,0.1180696040391922
3847,10,328,0.030652960762381554
3848,10,329,0.09242062270641327
3849,10,330,0.12142930924892426
3850,10,331,0.1747160255908966
3851,10,332,0.035607464611530304
3852,10,333,0.14295338094234467
3853,10,334,0.09789342433214188
3854,10,335,0.0776897668838501
3855,10,336,0.13450947403907776
3856,10,337,0.1299912929534912
3857,10,338,0.0839524045586586
3858,10,339,0.08590634912252426
3859,10,340,0.06128040701150894
3860,10,341,0.11147897690534592
3861,10,342,0.09245392680168152
3862,10,343,0.07931951433420181
3863,10,344,0.1984645277261734
3864,10,345,0.1532357633113861
3865,10,346,0.036457568407058716
3866,10,347,0.1603417694568634
3867,10,348,0.200876384973526
3868,10,349,0.1670876294374466
3869,10,350,0.13634642958641052
3870,10,351,0.09858760237693787
3871,10,352,0.053820230066776276
3872,10,353,0.12867337465286255
3873,10,354,0.11475112289190292
3874,10,355,0.13969692587852478
3875,10,356,0.08004987984895706
3876,10,357,0.12868666648864746
3877,10,358,0.16409718990325928
3878,10,359,0.17602205276489258
3879,10,360,0.14172138273715973
3880,10,361,0.06085018441081047
3881,10,362,0.06110241636633873
3882,10,363,0.07406395673751831
3883,10,364,0.14535686373710632
3884,10,365,0.11098086833953857
3885,10,366,0.09130512923002243
3886,10,367,0.11419694125652313
3887,10,368,0.06735788285732269
3888,10,369,0.057478029280900955
3889,10,370,0.18562597036361694
3890,10,371,0.12820953130722046
3891,10,372,0.12537483870983124
3892,10,373,0.11378367990255356
3893,10,374,0.13384267687797546
3894,10,375,0.13257279992103577
3895,10,376,0.15722472965717316
3896,10,377,0.08893969655036926
3897,10,378,0.0811641737818718
3898,10,379,0.1864127516746521
3899,10,380,0.07490915805101395
3900,10,381,0.08639898896217346
3901,10,382,0.0934683084487915
3902,10,383,0.09177789837121964
3903,10,384,0.07830382883548737
3904,10,385,0.17003294825553894
3905,10,386,0.042463526129722595
3906,10,387,0.1383439004421234
3907,10,388,0.07953987270593643
3908,10,389,0.12043537199497223
3909,10,390,0.15531080961227417
3910,10,391,0.11242933571338654
3911,11,1,0.03069474920630455
3912,11,2,0.13667809963226318
3913,11,3,0.0380445159971714
3914,11,4,0.01903901994228363
3915,11,5,0.06803423911333084
3916,11,6,0.06125400587916374
3917,11,7,0.012114212848246098
3918,11,8,0.0714927464723587
3919,11,9,0.1025274395942688
3920,11,10,0.05750657245516777
3921,11,11,0.018970979377627373
3922,11,12,0.08956528455018997
3923,11,13,0.03711102530360222
3924,11,14,0.058217164129018784
3925,11,15,0.08640586584806442
3926,11,16,0.06756293028593063
3927,11,17,0.04794170334935188
3928,11,18,0.06048288568854332
3929,11,19,0.11358404904603958
3930,11,20,0.0282896738499403
3931,11,21,0.07277531921863556
3932,11,22,0.049279507249593735
3933,11,23,0.07606880366802216
3934,11,24,0.08238203078508377
3935,11,25,0.0270144771784544
3936,11,26,0.08364471048116684
3937,11,27,0.07103602588176727
3938,11,28,0.020527519285678864
3939,11,29,0.0700182095170021
3940,11,30,0.06688176095485687
3941,11,31,0.014899522066116333
3942,11,32,0.014594949781894684
3943,11,33,0.062167827039957047
3944,11,34,0.08561749756336212
3945,11,35,0.04597703367471695
3946,11,36,0.10272611677646637
3947,11,37,0.05719328299164772
3948,11,38,0.07304185628890991
3949,11,39,0.11660924553871155
3950,11,40,0.08287059515714645
3951,11,41,0.06781221181154251
3952,11,42,0.06111188605427742
3953,11,43,0.11310285329818726
3954,11,44,0.07776416093111038
3955,11,45,0.06405377388000488
3956,11,46,0.04753626883029938
3957,11,47,0.093675397336483
3958,11,48,0.07863589376211166
3959,11,49,0.05729139968752861
3960,11,50,0.03200565651059151
3961,11,51,0.04673440381884575
3962,11,52,0.0865158811211586
3963,11,53,0.14890098571777344
3964,11,54,0.07634969055652618
3965,11,55,0.1476077437400818
3966,11,56,0.047201890498399734
3967,11,57,0.1384485810995102
3968,11,58,0.02616419829428196
3969,11,59,0.04154196381568909
3970,11,60,0.05182335525751114
3971,11,61,0.05061698704957962
3972,11,62,0.025568915531039238
3973,11,63,0.09161195904016495
3974,11,64,0.1135934367775917
3975,11,65,0.1016499325633049
3976,11,66,0.032644689083099365
3977,11,67,0.05444444343447685
3978,11,68,0.07239997386932373
3979,11,69,0.06745745241641998
3980,11,70,0.09077279269695282
3981,11,71,0.07033668458461761
3982,11,72,0.10359906405210495
3983,11,73,0.0941111147403717
3984,11,74,0.13250607252120972
3985,11,75,0.06819932907819748
3986,11,76,0.05224926024675369
3987,11,77,0.025451263412833214
3988,11,78,0.040921855717897415
3989,11,79,0.059965431690216064
3990,11,80,0.053316935896873474
3991,11,81,0.027700137346982956
3992,11,82,0.06265601515769958
3993,11,83,0.1554790884256363
3994,11,84,0.08310121297836304
3995,11,85,0.05779231712222099
3996,11,86,0.03367360308766365
3997,11,87,0.019574783742427826
3998,11,88,0.06867962330579758
3999,11,89,0.051836658269166946
4000,11,90,0.055952589958906174
4001,11,91,0.0547301210463047
4002,11,92,0.06800779700279236
4003,11,93,0.04801815003156662
4004,11,94,0.0968862920999527
4005,11,95,0.0843154639005661
4006,11,96,0.050535280257463455
4007,11,97,0.04897182434797287
4008,11,98,0.03935171291232109
4009,11,99,0.027049066498875618
4010,11,100,0.0431094653904438
4011,11,101,0.049489837139844894
4012,11,102,0.04971056431531906
4013,11,103,0.03285149484872818
4014,11,104,0.11772365123033524
4015,11,105,0.10245130211114883
4016,11,106,0.06839869916439056
4017,11,107,0.02675483003258705
4018,11,108,0.0950234979391098
4019,11,109,0.0665648952126503
4020,11,110,0.033396754413843155
4021,11,111,0.026678651571273804
4022,11,112,0.029776418581604958
4023,11,113,0.07343223690986633
4024,11,114,0.1104421615600586
4025,11,115,0.023461636155843735
4026,11,116,0.04346434026956558
4027,11,117,0.13513948023319244
4028,11,118,0.009782438166439533
4029,11,119,0.04271684214472771
4030,11,120,0.09204964339733124
4031,11,121,0.09478222578763962
4032,11,122,0.0479813888669014
4033,11,123,0.057488661259412766
4034,11,124,0.02807816118001938
4035,11,125,0.0779745802283287
4036,11,126,0.07597002387046814
4037,11,127,0.06582862883806229
4038,11,128,0.07012394815683365
4039,11,129,0.14282286167144775
4040,11,130,0.03465636074542999
4041,11,131,0.14750707149505615
4042,11,132,0.04440995305776596
4043,11,133,0.03312653675675392
4044,11,134,0.06842195242643356
4045,11,135,0.030089622363448143
4046,11,136,0.03757317736744881
4047,11,137,0.03446739539504051
4048,11,138,0.11534250527620316
4049,11,139,0.05710594728589058
4050,11,140,0.05783238634467125
4051,11,141,0.03610539063811302
4052,11,142,0.07142210751771927
4053,11,143,0.07432002574205399
4054,11,144,0.05414540320634842
4055,11,145,0.11998103559017181
4056,11,146,0.13805219531059265
4057,11,147,0.07033791393041611
4058,11,148,0.06749413162469864
4059,11,149,0.0844707265496254
4060,11,150,0.056813083589076996
4061,11,151,0.19332355260849
4062,11,152,0.055956557393074036
4063,11,153,0.08898524194955826
4064,11,154,0.1053047627210617
4065,11,155,0.046342264860868454
4066,11,156,0.022737838327884674
4067,11,157,0.02325737662613392
4068,11,158,0.04875301942229271
4069,11,159,0.09583873301744461
4070,11,160,0.09362762421369553
4071,11,161,0.13705144822597504
4072,11,162,0.08176938444375992
4073,11,163,0.0308984462171793
4074,11,164,0.031760673969984055
4075,11,165,0.04756344109773636
4076,11,166,0.053809039294719696
4077,11,167,0.05666392669081688
4078,11,168,0.036112230271101
4079,11,169,0.04896479472517967
4080,11,170,0.058885715901851654
4081,11,171,0.09484276920557022
4082,11,172,0.045498695224523544
4083,11,173,0.05529250204563141
4084,11,174,0.04616951569914818
4085,11,175,0.027308465912938118
4086,11,176,0.06750434637069702
4087,11,177,0.053352829068899155
4088,11,178,0.07683395594358444
4089,11,179,0.0958327054977417
4090,11,180,0.017233269289135933
4091,11,181,0.09011585265398026
4092,11,182,0.06196972727775574
4093,11,183,0.025094719603657722
4094,11,184,0.03804875165224075
4095,11,185,0.0517243854701519
4096,11,186,0.07310667634010315
4097,11,187,0.04635192081332207
4098,11,188,0.04604634270071983
4099,11,189,0.01680094003677368
4100,11,190,0.05163830518722534
4101,11,191,0.03192739561200142
4102,11,192,0.147443488240242
4103,11,193,0.03805749490857124
4104,11,194,0.056990984827280045
4105,11,195,0.07099392265081406
4106,11,196,0.039962347596883774
4107,11,197,0.06074002757668495
4108,11,198,0.057488925755023956
4109,11,199,0.053404759615659714
4110,11,200,0.06808106601238251
4111,11,201,0.06418520212173462
4112,11,202,0.07629218697547913
4113,11,203,0.026795612648129463
4114,11,204,0.05813175067305565
4115,11,205,0.05056855455040932
4116,11,206,0.05647739768028259
4117,11,207,0.0732259452342987
4118,11,208,0.054617904126644135
4119,11,209,0.11192116141319275
4120,11,210,0.05466239154338837
4121,11,211,0.020778067409992218
4122,11,212,0.03178081661462784
4123,11,213,0.02178635261952877
4124,11,214,0.1050809845328331
4125,11,215,0.06181105598807335
4126,11,216,0.025632701814174652
4127,11,217,0.05873226374387741
4128,11,218,0.07915008813142776
4129,11,219,0.055245526134967804
4130,11,220,0.08021564781665802
4131,11,221,0.04392249882221222
4132,11,222,0.07352358102798462
4133,11,223,0.04775512218475342
4134,11,224,0.10865674912929535
4135,11,225,0.06145360693335533
4136,11,226,0.036933813244104385
4137,11,227,0.02417059987783432
4138,11,228,0.08428644388914108
4139,11,229,0.09436996281147003
4140,11,230,0.09018095582723618
4141,11,231,0.1116390973329544
4142,11,232,0.0723336860537529
4143,11,233,0.1317126452922821
4144,11,234,0.05280139669775963
4145,11,235,0.01940922439098358
4146,11,236,0.04023134335875511
4147,11,237,0.029798539355397224
4148,11,238,0.08336645364761353
4149,11,239,0.054251428693532944
4150,11,240,0.04742498695850372
4151,11,241,0.14670728147029877
4152,11,242,0.1357385367155075
4153,11,243,0.061305779963731766
4154,11,244,0.08787018805742264
4155,11,245,0.04817671701312065
4156,11,246,0.05062824860215187
4157,11,247,0.11061656475067139
4158,11,248,0.02281612902879715
4159,11,249,0.04002244025468826
4160,11,250,0.021287158131599426
4161,11,251,0.07228565961122513
4162,11,252,0.10028861463069916
4163,11,253,0.04705878347158432
4164,11,254,0.09727287292480469
4165,11,255,0.1402563601732254
4166,11,256,0.06999776512384415
4167,11,257,0.07201344519853592
4168,11,258,0.09765009582042694
4169,11,259,0.09407003223896027
4170,11,260,0.059340476989746094
4171,11,261,0.07786285132169724
4172,11,262,0.10031381994485855
4173,11,263,0.04352822154760361
4174,11,264,0.01668381877243519
4175,11,265,0.04592156037688255
4176,11,266,0.16040074825286865
4177,11,267,0.0304288137704134
4178,11,268,0.1295282244682312
4179,11,269,0.1349545419216156
4180,11,270,0.05055127665400505
4181,11,271,0.028230946511030197
4182,11,272,0.043658677488565445
4183,11,273,0.11948651075363159
4184,11,274,0.09401695430278778
4185,11,275,0.08834429830312729
4186,11,276,0.20733597874641418
4187,11,277,0.05631249025464058
4188,11,278,0.20837342739105225
4189,11,279,0.11462857574224472
4190,11,280,0.13395211100578308
4191,11,281,0.03284423425793648
4192,11,282,0.0673869252204895
4193,11,283,0.12558992207050323
4194,11,284,0.10335544496774673
4195,11,285,0.08725468069314957
4196,11,286,0.06576184183359146
4197,11,287,0.06950031965970993
4198,11,288,0.08582063019275665
4199,11,289,0.2146199494600296
4200,11,290,0.04738354682922363
4201,11,291,0.12127182632684708
4202,11,292,0.06236719712615013
4203,11,293,0.10692428052425385
4204,11,294,0.07546757161617279
4205,11,295,0.13664540648460388
4206,11,296,0.07101838290691376
4207,11,297,0.09179843962192535
4208,11,298,0.049377091228961945
4209,11,299,0.07606452703475952
4210,11,300,0.16109667718410492
4211,11,301,0.05757621303200722
4212,11,302,0.07118916511535645
4213,11,303,0.020326942205429077
4214,11,304,0.1046888530254364
4215,11,305,0.07507310807704926
4216,11,306,0.04783008620142937
4217,11,307,0.03300771489739418
4218,11,308,0.07079744338989258
4219,11,309,0.13886797428131104
4220,11,310,0.09292959421873093
4221,11,311,0.10906089097261429
4222,11,312,0.06469310820102692
4223,11,313,0.1155485212802887
4224,11,314,0.0920480340719223
4225,11,315,0.0764787495136261
4226,11,316,0.08282765746116638
4227,11,317,0.1716848760843277
4228,11,318,0.0789603441953659
4229,11,319,0.16897450387477875
4230,11,320,0.10687050223350525
4231,11,321,0.12504400312900543
4232,11,322,0.1911523938179016
4233,11,323,0.11314938217401505
4234,11,324,0.02703128755092621
4235,11,325,0.036269813776016235
4236,11,326,0.08519556373357773
4237,11,327,0.1103573814034462
4238,11,328,0.10771305859088898
4239,11,329,0.05862916633486748
4240,11,330,0.03623911365866661
4241,11,331,0.13378337025642395
4242,11,332,0.054418329149484634
4243,11,333,0.019262727349996567
4244,11,334,0.033124908804893494
4245,11,335,0.07380972057580948
4246,11,336,0.07164472341537476
4247,11,337,0.04593212530016899
4248,11,338,0.06619364023208618
4249,11,339,0.1384769231081009
4250,11,340,0.1170988529920578
4251,11,341,0.07203458249568939
4252,11,342,0.06783229112625122
4253,11,343,0.06434039026498795
4254,11,344,0.05636019632220268
4255,11,345,0.09456701576709747
4256,11,346,0.02425835281610489
4257,11,347,0.1006241962313652
4258,11,348,0.08227510750293732
4259,11,349,0.04492906853556633
4260,11,350,0.07868853956460953
4261,11,351,0.08529346436262131
4262,11,352,0.0678899735212326
4263,11,353,0.1137424111366272
4264,11,354,0.023761190474033356
4265,11,355,0.082406185567379
4266,11,356,0.15548191964626312
4267,11,357,0.15706069767475128
4268,11,358,0.04964114725589752
4269,11,359,0.06953330338001251
4270,11,360,0.09853967279195786
4271,11,361,0.09407196938991547
4272,11,362,0.13376037776470184
4273,11,363,0.1191834807395935
4274,11,364,0.07180482149124146
4275,11,365,0.018069390207529068
4276,11,366,0.05827784165740013
4277,11,367,0.17272025346755981
4278,11,368,0.11638356745243073
4279,11,369,0.09228432178497314
4280,11,370,0.08425463736057281
4281,11,371,0.0708911120891571
4282,11,372,0.04063725844025612
4283,11,373,0.06058830767869949
4284,11,374,0.1167842224240303
4285,11,375,0.08397837728261948
4286,11,376,0.01514963898807764
4287,11,377,0.030470820143818855
4288,11,378,0.06340566277503967
4289,11,379,0.043032653629779816
4290,11,380,0.047505300492048264
4291,11,381,0.05444270372390747
4292,11,382,0.14449633657932281
4293,11,383,0.08274885267019272
4294,11,384,0.08268583565950394
4295,11,385,0.10319700092077255
4296,11,386,0.0633469745516777
4297,11,387,0.08084242045879364
4298,11,388,0.07668744772672653
4299,11,389,0.12227313220500946
4300,11,390,0.05950130894780159
4301,11,391,0.06450624018907547
4302,12,1,0.09197530895471573
4303,12,2,0.027993526309728622
4304,12,3,0.013929369859397411
4305,12,4,0.027956094592809677
4306,12,5,0.029586784541606903
4307,12,6,0.07393909245729446
4308,12,7,0.03693503886461258
4309,12,8,0.03853806480765343
4310,12,9,0.08339497447013855
4311,12,10,0.030504761263728142
4312,12,11,0.008162226527929306
4313,12,12,0.03452693298459053
4314,12,13,0.024050559848546982
4315,12,14,0.06188245862722397
4316,12,15,0.07122974842786789
4317,12,16,0.025907866656780243
4318,12,17,0.05989547818899155
4319,12,18,0.04262690246105194
4320,12,19,0.03838007524609566
4321,12,20,0.03155064210295677
4322,12,21,0.09964752197265625
4323,12,22,0.03258472681045532
4324,12,23,0.07000944763422012
4325,12,24,0.07117345929145813
4326,12,25,0.029297973960638046
4327,12,26,0.0372920036315918
4328,12,27,0.04039594158530235
4329,12,28,0.07840055972337723
4330,12,29,0.0667026937007904
4331,12,30,0.04864360764622688
4332,12,31,0.018533717840909958
4333,12,32,0.10842711478471756
4334,12,33,0.06101195141673088
4335,12,34,0.05773729458451271
4336,12,35,0.05731144919991493
4337,12,36,0.011752304621040821
4338,12,37,0.03205110877752304
4339,12,38,0.034495316445827484
4340,12,39,0.04735898971557617
4341,12,40,0.12398283183574677
4342,12,41,0.10092119127511978
4343,12,42,0.020624004304409027
4344,12,43,0.086773581802845
4345,12,44,0.048460669815540314
4346,12,45,0.01972801424562931
4347,12,46,0.03266099840402603
4348,12,47,0.042694564908742905
4349,12,48,0.06650425493717194
4350,12,49,0.03985605388879776
4351,12,50,0.03695758432149887
4352,12,51,0.041069842875003815
4353,12,52,0.036320481449365616
4354,12,53,0.04501548409461975
4355,12,54,0.09153413027524948
4356,12,55,0.036038707941770554
4357,12,56,0.11236433684825897
4358,12,57,0.07628082484006882
4359,12,58,0.07389133423566818
4360,12,59,0.0251002237200737
4361,12,60,0.09491331875324249
4362,12,61,0.016814878210425377
4363,12,62,0.1315552294254303
4364,12,63,0.07968945801258087
4365,12,64,0.07441910356283188
4366,12,65,0.04827860742807388
4367,12,66,0.09789914637804031
4368,12,67,0.06147676333785057
4369,12,68,0.15887130796909332
4370,12,69,0.08440793305635452
4371,12,70,0.06302458792924881
4372,12,71,0.04449136182665825
4373,12,72,0.10943610221147537
4374,12,73,0.02181440405547619
4375,12,74,0.09753865748643875
4376,12,75,0.020785260945558548
4377,12,76,0.03127320110797882
4378,12,77,0.13674671947956085
4379,12,78,0.06572262197732925
4380,12,79,0.08258089423179626
4381,12,80,0.031337618827819824
4382,12,81,0.12025728076696396
4383,12,82,0.03844830393791199
4384,12,83,0.02347058244049549
4385,12,84,0.10796495527029037
4386,12,85,0.058071959763765335
4387,12,86,0.053436897695064545
4388,12,87,0.07240953296422958
4389,12,88,0.13915681838989258
4390,12,89,0.08678708970546722
4391,12,90,0.05727408081293106
4392,12,91,0.07750504463911057
4393,12,92,0.019160665571689606
4394,12,93,0.0728212222456932
4395,12,94,0.083305224776268
4396,12,95,0.037113256752491
4397,12,96,0.06043868884444237
4398,12,97,0.056161362677812576
4399,12,98,0.06552021950483322
4400,12,99,0.15463174879550934
4401,12,100,0.023436760529875755
4402,12,101,0.011990842409431934
4403,12,102,0.1291963905096054
4404,12,103,0.033150557428598404
4405,12,104,0.10541879385709763
4406,12,105,0.09023065865039825
4407,12,106,0.1139824241399765
4408,12,107,0.08500116318464279
4409,12,108,0.04079798609018326
4410,12,109,0.05786677077412605
4411,12,110,0.06792358309030533
4412,12,111,0.08203095197677612
4413,12,112,0.019222598522901535
4414,12,113,0.10471159964799881
4415,12,114,0.09035603702068329
4416,12,115,0.02572253718972206
4417,12,116,0.086293525993824
4418,12,117,0.12856854498386383
4419,12,118,0.09233584254980087
4420,12,119,0.015302823856472969
4421,12,120,0.03138916939496994
4422,12,121,0.04330297186970711
4423,12,122,0.035156019032001495
4424,12,123,0.17914775013923645
4425,12,124,0.07133422791957855
4426,12,125,0.11952381581068039
4427,12,126,0.14926275610923767
4428,12,127,0.09903927147388458
4429,12,128,0.07725130766630173
4430,12,129,0.021771175786852837
4431,12,130,0.02443457953631878
4432,12,131,0.022334622219204903
4433,12,132,0.10183743387460709
4434,12,133,0.058034420013427734
4435,12,134,0.06728523224592209
4436,12,135,0.11284362524747849
4437,12,136,0.014608461409807205
4438,12,137,0.030887488275766373
4439,12,138,0.026571625843644142
4440,12,139,0.13355419039726257
4441,12,140,0.03897644579410553
4442,12,141,0.0334618054330349
4443,12,142,0.06452126055955887
4444,12,143,0.06311126798391342
4445,12,144,0.042415767908096313
4446,12,145,0.024828672409057617
4447,12,146,0.1173679530620575
4448,12,147,0.14334027469158173
4449,12,148,0.054357074201107025
4450,12,149,0.026307152584195137
4451,12,150,0.021435653790831566
4452,12,151,0.08624319732189178
4453,12,152,0.060694869607686996
4454,12,153,0.06944306939840317
4455,12,154,0.05272503197193146
4456,12,155,0.06250114738941193
4457,12,156,0.08208006620407104
4458,12,157,0.06480611860752106
4459,12,158,0.02333453856408596
4460,12,159,0.08822160214185715
4461,12,160,0.09546540677547455
4462,12,161,0.013853983022272587
4463,12,162,0.0369098000228405
4464,12,163,0.06751064956188202
4465,12,164,0.03045504353940487
4466,12,165,0.015712905675172806
4467,12,166,0.06600331515073776
4468,12,167,0.06358134001493454
4469,12,168,0.020168298855423927
4470,12,169,0.0551285482943058
4471,12,170,0.056602444499731064
4472,12,171,0.03373735398054123
4473,12,172,0.07272147387266159
4474,12,173,0.06377953290939331
4475,12,174,0.025841929018497467
4476,12,175,0.019871216267347336
4477,12,176,0.037645548582077026
4478,12,177,0.013357985764741898
4479,12,178,0.05871922895312309
4480,12,179,0.03119024634361267
4481,12,180,0.048056986182928085
4482,12,181,0.022265495732426643
4483,12,182,0.05480555072426796
4484,12,183,0.03534597158432007
4485,12,184,0.05484984442591667
4486,12,185,0.03660806640982628
4487,12,186,0.013450168073177338
4488,12,187,0.060712121427059174
4489,12,188,0.043744899332523346
4490,12,189,0.05337080359458923
4491,12,190,0.04203372821211815
4492,12,191,0.012810558080673218
4493,12,192,0.0928470566868782
4494,12,193,0.02402741089463234
4495,12,194,0.04482734203338623
4496,12,195,0.04061487317085266
4497,12,196,0.03420419991016388
4498,12,197,0.09520179033279419
4499,12,198,0.023384032770991325
4500,12,199,0.06387044489383698
4501,12,200,0.029086830094456673
4502,12,201,0.06127427890896797
4503,12,202,0.019560828804969788
4504,12,203,0.031512390822172165
4505,12,204,0.04927731677889824
4506,12,205,0.0703849196434021
4507,12,206,0.050238993018865585
4508,12,207,0.07039018720388412
4509,12,208,0.02912101522088051
4510,12,209,0.026157962158322334
4511,12,210,0.03796256706118584
4512,12,211,0.04143563657999039
4513,12,212,0.06016780436038971
4514,12,213,0.0248616561293602
4515,12,214,0.03681547939777374
4516,12,215,0.050402525812387466
4517,12,216,0.09429527819156647
4518,12,217,0.016846206039190292
4519,12,218,0.08861182630062103
4520,12,219,0.02299303188920021
4521,12,220,0.11193856596946716
4522,12,221,0.1564638614654541
4523,12,222,0.020337935537099838
4524,12,223,0.061187975108623505
4525,12,224,0.045697230845689774
4526,12,225,0.07487954944372177
4527,12,226,0.049796268343925476
4528,12,227,0.037012726068496704
4529,12,228,0.08940957486629486
4530,12,229,0.06877866387367249
4531,12,230,0.10117269307374954
4532,12,231,0.06579780578613281
4533,12,232,0.13967789709568024
4534,12,233,0.05065523087978363
4535,12,234,0.033094193786382675
4536,12,235,0.027059052139520645
4537,12,236,0.07203729450702667
4538,12,237,0.06694753468036652
4539,12,238,0.029707953333854675
4540,12,239,0.10803491622209549
4541,12,240,0.1432766318321228
4542,12,241,0.012802710756659508
4543,12,242,0.040381383150815964
4544,12,243,0.1091313287615776
4545,12,244,0.030043723061680794
4546,12,245,0.0645623430609703
4547,12,246,0.08309125155210495
4548,12,247,0.10496263951063156
4549,12,248,0.13889184594154358
4550,12,249,0.0407906137406826
4551,12,250,0.0978739783167839
4552,12,251,0.043179579079151154
4553,12,252,0.041104014962911606
4554,12,253,0.09031045436859131
4555,12,254,0.020343126729130745
4556,12,255,0.019423160701990128
4557,12,256,0.08048301190137863
4558,12,257,0.08485634624958038
4559,12,258,0.03532276675105095
4560,12,259,0.0776105597615242
4561,12,260,0.05943117290735245
4562,12,261,0.08493845909833908
4563,12,262,0.04366204887628555
4564,12,263,0.049753326922655106
4565,12,264,0.05550799146294594
4566,12,265,0.028567051514983177
4567,12,266,0.050670791417360306
4568,12,267,0.03514419496059418
4569,12,268,0.03891206905245781
4570,12,269,0.055699486285448074
4571,12,270,0.07948804646730423
4572,12,271,0.06159571185708046
4573,12,272,0.052200011909008026
4574,12,273,0.1304960697889328
4575,12,274,0.05353548005223274
4576,12,275,0.07307245582342148
4577,12,276,0.10335855931043625
4578,12,277,0.03826986625790596
4579,12,278,0.06966405361890793
4580,12,279,0.03713439777493477
4581,12,280,0.04071927070617676
4582,12,281,0.05997281149029732
4583,12,282,0.03996735438704491
4584,12,283,0.03137572854757309
4585,12,284,0.023586977273225784
4586,12,285,0.05177774652838707
4587,12,286,0.042999736964702606
4588,12,287,0.1719602644443512
4589,12,288,0.028621207922697067
4590,12,289,0.10343869775533676
4591,12,290,0.028007864952087402
4592,12,291,0.05310678482055664
4593,12,292,0.037804894149303436
4594,12,293,0.05268934369087219
4595,12,294,0.07497468590736389
4596,12,295,0.08935791999101639
4597,12,296,0.03978091850876808
4598,12,297,0.1377958059310913
4599,12,298,0.028406448662281036
4600,12,299,0.10141721367835999
4601,12,300,0.04135524481534958
4602,12,301,0.0287876408547163
4603,12,302,0.13595452904701233
4604,12,303,0.01699044741690159
4605,12,304,0.05401040241122246
4606,12,305,0.01881871372461319
4607,12,306,0.06893900781869888
4608,12,307,0.090547114610672
4609,12,308,0.06886258721351624
4610,12,309,0.030427228659391403
4611,12,310,0.07917672395706177
4612,12,311,0.028181444853544235
4613,12,312,0.10360188782215118
4614,12,313,0.04954514279961586
4615,12,314,0.0658501535654068
4616,12,315,0.08672165125608444
4617,12,316,0.10486724972724915
4618,12,317,0.0953623428940773
4619,12,318,0.04151517152786255
4620,12,319,0.07993824779987335
4621,12,320,0.17162255942821503
4622,12,321,0.08031123876571655
4623,12,322,0.1359352469444275
4624,12,323,0.1202884390950203
4625,12,324,0.0943199172616005
4626,12,325,0.04318803921341896
4627,12,326,0.023934517055749893
4628,12,327,0.04843156039714813
4629,12,328,0.07887156307697296
4630,12,329,0.13286781311035156
4631,12,330,0.03326468542218208
4632,12,331,0.033745475113391876
4633,12,332,0.1445535123348236
4634,12,333,0.06698568165302277
4635,12,334,0.03266110643744469
4636,12,335,0.03642454743385315
4637,12,336,0.036641743034124374
4638,12,337,0.0965576022863388
4639,12,338,0.02655732072889805
4640,12,339,0.12129770964384079
4641,12,340,0.020313596352934837
4642,12,341,0.0784841999411583
4643,12,342,0.18883180618286133
4644,12,343,0.07600454986095428
4645,12,344,0.03927329182624817
4646,12,345,0.025713486596941948
4647,12,346,0.05719635635614395
4648,12,347,0.16963760554790497
4649,12,348,0.09662734717130661
4650,12,349,0.018148349598050117
4651,12,350,0.1304524838924408
4652,12,351,0.029561443254351616
4653,12,352,0.20063909888267517
4654,12,353,0.026485886424779892
4655,12,354,0.03963726758956909
4656,12,355,0.055124394595623016
4657,12,356,0.03378933295607567
4658,12,357,0.02969348430633545
4659,12,358,0.038552407175302505
4660,12,359,0.06308627873659134
4661,12,360,0.024233460426330566
4662,12,361,0.10159357637166977
4663,12,362,0.03910696506500244
4664,12,363,0.0631243884563446
4665,12,364,0.04632222279906273
4666,12,365,0.028344321995973587
4667,12,366,0.05553466081619263
4668,12,367,0.16486094892024994
4669,12,368,0.05047396197915077
4670,12,369,0.08144640922546387
4671,12,370,0.05108851194381714
4672,12,371,0.023244516924023628
4673,12,372,0.07469143718481064
4674,12,373,0.05084842070937157
4675,12,374,0.11245620250701904
4676,12,375,0.07961002737283707
4677,12,376,0.10308413952589035
4678,12,377,0.031749531626701355
4679,12,378,0.1377134472131729
4680,12,379,0.036270271986722946
4681,12,380,0.0680418536067009
4682,12,381,0.08352883905172348
4683,12,382,0.11191273480653763
4684,12,383,0.09112624824047089
4685,12,384,0.06825682520866394
4686,12,385,0.0694427639245987
4687,12,386,0.0749685987830162
4688,12,387,0.08047035336494446
4689,12,388,0.03496403992176056
4690,12,389,0.07939338684082031
4691,12,390,0.0497540645301342
4692,12,391,0.05821030214428902
4693,13,1,0.06748030334711075
4694,13,2,0.10650090128183365
4695,13,3,0.033955805003643036
4696,13,4,0.041921503841876984
4697,13,5,0.05383441969752312
4698,13,6,0.17681919038295746
4699,13,7,0.02589745819568634
4700,13,8,0.04187657684087753
4701,13,9,0.08177350461483002
4702,13,10,0.08331810683012009
4703,13,11,0.02005155198276043
4704,13,12,0.07444365322589874
4705,13,13,0.03389783948659897
4706,13,14,0.0592132993042469
4707,13,15,0.0970248132944107
4708,13,16,0.060785792768001556
4709,13,17,0.07124347239732742
4710,13,18,0.059511713683605194
4711,13,19,0.06169833242893219
4712,13,20,0.0758688747882843
4713,13,21,0.06371580809354782
4714,13,22,0.08150091022253036
4715,13,23,0.06572471559047699
4716,13,24,0.1013951227068901
4717,13,25,0.09010469913482666
4718,13,26,0.01992827281355858
4719,13,27,0.07539907842874527
4720,13,28,0.03637523576617241
4721,13,29,0.07565124332904816
4722,13,30,0.14905643463134766
4723,13,31,0.05008622258901596
4724,13,32,0.08878261595964432
4725,13,33,0.04545188322663307
4726,13,34,0.09902417659759521
4727,13,35,0.02672768011689186
4728,13,36,0.07508781552314758
4729,13,37,0.05607231706380844
4730,13,38,0.0385768823325634
4731,13,39,0.1253257542848587
4732,13,40,0.05182104557752609
4733,13,41,0.031370703130960464
4734,13,42,0.04420065879821777
4735,13,43,0.037574801594018936
4736,13,44,0.04981599375605583
4737,13,45,0.08304093778133392
4738,13,46,0.0311978068202734
4739,13,47,0.014056302607059479
4740,13,48,0.02629338763654232
4741,13,49,0.05111930891871452
4742,13,50,0.11920598149299622
4743,13,51,0.0750611424446106
4744,13,52,0.006548112258315086
4745,13,53,0.05849286913871765
4746,13,54,0.03161763399839401
4747,13,55,0.08798636496067047
4748,13,56,0.05213714390993118
4749,13,57,0.0378362275660038
4750,13,58,0.023905955255031586
4751,13,59,0.0710730254650116
4752,13,60,0.034120045602321625
4753,13,61,0.06403349339962006
4754,13,62,0.015263820998370647
4755,13,63,0.04291542246937752
4756,13,64,0.032577089965343475
4757,13,65,0.0749797523021698
4758,13,66,0.08105692267417908
4759,13,67,0.10218977928161621
4760,13,68,0.06744126975536346
4761,13,69,0.10511704534292221
4762,13,70,0.050841424614191055
4763,13,71,0.00918653979897499
4764,13,72,0.012006530538201332
4765,13,73,0.02025124430656433
4766,13,74,0.04819701239466667
4767,13,75,0.03318369761109352
4768,13,76,0.03671407699584961
4769,13,77,0.03213471174240112
4770,13,78,0.02569175884127617
4771,13,79,0.07774373888969421
4772,13,80,0.10292831063270569
4773,13,81,0.05848914757370949
4774,13,82,0.025904344394803047
4775,13,83,0.09298668801784515
4776,13,84,0.03885326161980629
4777,13,85,0.053547944873571396
4778,13,86,0.028425004333257675
4779,13,87,0.01450934074819088
4780,13,88,0.0374288447201252
4781,13,89,0.05866038054227829
4782,13,90,0.08332771062850952
4783,13,91,0.026032963767647743
4784,13,92,0.02515202760696411
4785,13,93,0.0233658105134964
4786,13,94,0.02790658175945282
4787,13,95,0.059926837682724
4788,13,96,0.08585618436336517
4789,13,97,0.06273648887872696
4790,13,98,0.10530819743871689
4791,13,99,0.024813780561089516
4792,13,100,0.054455991834402084
4793,13,101,0.03913615643978119
4794,13,102,0.009305328130722046
4795,13,103,0.03379041701555252
4796,13,104,0.04708706960082054
4797,13,105,0.027153033763170242
4798,13,106,0.01217447780072689
4799,13,107,0.027084752917289734
4800,13,108,0.006178233772516251
4801,13,109,0.04025208577513695
4802,13,110,0.03128215670585632
4803,13,111,0.00925457663834095
4804,13,112,0.007653269916772842
4805,13,113,0.01920422911643982
4806,13,114,0.0276920385658741
4807,13,115,0.011327261105179787
4808,13,116,0.08523710817098618
4809,13,117,0.026936383917927742
4810,13,118,0.12981091439723969
4811,13,119,0.018083402886986732
4812,13,120,0.04359770938754082
4813,13,121,0.08322986215353012
4814,13,122,0.08304910361766815
4815,13,123,0.07378074526786804
4816,13,124,0.09321821480989456
4817,13,125,0.02690582349896431
4818,13,126,0.0695057362318039
4819,13,127,0.019089555367827415
4820,13,128,0.06843946874141693
4821,13,129,0.054728709161281586
4822,13,130,0.04135841131210327
4823,13,131,0.07027094811201096
4824,13,132,0.01808162033557892
4825,13,133,0.10331160575151443
4826,13,134,0.017776018008589745
4827,13,135,0.1195889264345169
4828,13,136,0.009412086568772793
4829,13,137,0.022715723142027855
4830,13,138,0.02193666249513626
4831,13,139,0.019595632329583168
4832,13,140,0.06146358326077461
4833,13,141,0.029019024223089218
4834,13,142,0.14400802552700043
4835,13,143,0.013938342221081257
4836,13,144,0.021733175963163376
4837,13,145,0.06565102189779282
4838,13,146,0.10933112353086472
4839,13,147,0.04322262108325958
4840,13,148,0.03646494820713997
4841,13,149,0.03645974025130272
4842,13,150,0.021040987223386765
4843,13,151,0.07242418825626373
4844,13,152,0.08978618681430817
4845,13,153,0.021605972200632095
4846,13,154,0.04735150560736656
4847,13,155,0.025929845869541168
4848,13,156,0.03044738806784153
4849,13,157,0.053454749286174774
4850,13,158,0.08485029637813568
4851,13,159,0.0856214091181755
4852,13,160,0.012433532625436783
4853,13,161,0.041327767074108124
4854,13,162,0.05542020499706268
4855,13,163,0.030275020748376846
4856,13,164,0.035467248409986496
4857,13,165,0.04858512058854103
4858,13,166,0.02817976474761963
4859,13,167,0.08784643560647964
4860,13,168,0.09169464558362961
4861,13,169,0.08484551310539246
4862,13,170,0.019412066787481308
4863,13,171,0.03302522003650665
4864,13,172,0.07246823608875275
4865,13,173,0.05028657987713814
4866,13,174,0.04927244037389755
4867,13,175,0.09880777448415756
4868,13,176,0.11012556403875351
4869,13,177,0.0279130470007658
4870,13,178,0.050365548580884933
4871,13,179,0.0723770335316658
4872,13,180,0.019697580486536026
4873,13,181,0.11267919838428497
4874,13,182,0.023118318989872932
4875,13,183,0.032326728105545044
4876,13,184,0.017825935035943985
4877,13,185,0.04227560758590698
4878,13,186,0.04089818149805069
4879,13,187,0.1699586808681488
4880,13,188,0.1347714364528656
4881,13,189,0.027741815894842148
4882,13,190,0.009415842592716217
4883,13,191,0.038472142070531845
4884,13,192,0.007854103110730648
4885,13,193,0.16751405596733093
4886,13,194,0.02495463192462921
4887,13,195,0.024273447692394257
4888,13,196,0.07077409327030182
4889,13,197,0.05848997086286545
4890,13,198,0.05982689559459686
4891,13,199,0.0923512876033783
4892,13,200,0.07498399913311005
4893,13,201,0.0399077944457531
4894,13,202,0.01923276111483574
4895,13,203,0.03002067841589451
4896,13,204,0.07764284312725067
4897,13,205,0.07028855383396149
4898,13,206,0.025166703388094902
4899,13,207,0.04801680147647858
4900,13,208,0.011441363021731377
4901,13,209,0.05689787492156029
4902,13,210,0.07934695482254028
4903,13,211,0.06343531608581543
4904,13,212,0.04492058604955673
4905,13,213,0.016714906319975853
4906,13,214,0.04720235615968704
4907,13,215,0.059654396027326584
4908,13,216,0.0157711710780859
4909,13,217,0.12186745554208755
4910,13,218,0.07424517720937729
4911,13,219,0.03699677065014839
4912,13,220,0.10659602284431458
4913,13,221,0.056838084012269974
4914,13,222,0.07839152961969376
4915,13,223,0.08304619789123535
4916,13,224,0.03355078399181366
4917,13,225,0.09671986848115921
4918,13,226,0.14510856568813324
4919,13,227,0.07514888048171997
4920,13,228,0.020732220262289047
4921,13,229,0.06132274866104126
4922,13,230,0.006496322341263294
4923,13,231,0.06196951866149902
4924,13,232,0.05044922977685928
4925,13,233,0.041343871504068375
4926,13,234,0.055979449301958084
4927,13,235,0.05626656487584114
4928,13,236,0.043230295181274414
4929,13,237,0.018252454698085785
4930,13,238,0.1080612912774086
4931,13,239,0.03020840510725975
4932,13,240,0.07348006963729858
4933,13,241,0.11318697035312653
4934,13,242,0.06552901864051819
4935,13,243,0.03351455181837082
4936,13,244,0.05061612278223038
4937,13,245,0.026090674102306366
4938,13,246,0.03526616096496582
4939,13,247,0.02936837077140808
4940,13,248,0.09747978299856186
4941,13,249,0.07533381134271622
4942,13,250,0.039785366505384445
4943,13,251,0.10853873938322067
4944,13,252,0.09830064326524734
4945,13,253,0.07276838272809982
4946,13,254,0.05204974114894867
4947,13,255,0.05114305391907692
4948,13,256,0.1307256817817688
4949,13,257,0.09604965150356293
4950,13,258,0.15125256776809692
4951,13,259,0.015764713287353516
4952,13,260,0.08065232634544373
4953,13,261,0.045902445912361145
4954,13,262,0.04334360733628273
4955,13,263,0.026414360851049423
4956,13,264,0.04591337963938713
4957,13,265,0.04699799045920372
4958,13,266,0.1559782326221466
4959,13,267,0.05596160516142845
4960,13,268,0.12934881448745728
4961,13,269,0.178215891122818
4962,13,270,0.07903297990560532
4963,13,271,0.1648605465888977
4964,13,272,0.1657363921403885
4965,13,273,0.037039872258901596
4966,13,274,0.12417523562908173
4967,13,275,0.04344575107097626
4968,13,276,0.06234487518668175
4969,13,277,0.0811857134103775
4970,13,278,0.11651208996772766
4971,13,279,0.07159266620874405
4972,13,280,0.06029140576720238
4973,13,281,0.045185595750808716
4974,13,282,0.09880433231592178
4975,13,283,0.06624246388673782
4976,13,284,0.1108105331659317
4977,13,285,0.02748059667646885
4978,13,286,0.060475338250398636
4979,13,287,0.11119353026151657
4980,13,288,0.06406557559967041
4981,13,289,0.04371706396341324
4982,13,290,0.12372083216905594
4983,13,291,0.03176930174231529
4984,13,292,0.03899960219860077
4985,13,293,0.15973591804504395
4986,13,294,0.08843997865915298
4987,13,295,0.05586511641740799
4988,13,296,0.060417935252189636
4989,13,297,0.11680179089307785
4990,13,298,0.1823050081729889
4991,13,299,0.06679590046405792
4992,13,300,0.03628281503915787
4993,13,301,0.017830172553658485
4994,13,302,0.07733087241649628
4995,13,303,0.05936342850327492
4996,13,304,0.05534971505403519
4997,13,305,0.09341294318437576
4998,13,306,0.10603512078523636
4999,13,307,0.09583181887865067
5000,13,308,0.10733421891927719
5001,13,309,0.08214627206325531
5002,13,310,0.1232111006975174
5003,13,311,0.027981450781226158
5004,13,312,0.09148766100406647
5005,13,313,0.20575915277004242
5006,13,314,0.09581126272678375
5007,13,315,0.04532918706536293
5008,13,316,0.0410706102848053
5009,13,317,0.049976639449596405
5010,13,318,0.06529773771762848
5011,13,319,0.05727894976735115
5012,13,320,0.10415893793106079
5013,13,321,0.043082915246486664
5014,13,322,0.21254850924015045
5015,13,323,0.06251580268144608
5016,13,324,0.06039503961801529
5017,13,325,0.07907568663358688
5018,13,326,0.15374983847141266
5019,13,327,0.05676095932722092
5020,13,328,0.06211789697408676
5021,13,329,0.05864417925477028
5022,13,330,0.1269492506980896
5023,13,331,0.041251979768276215
5024,13,332,0.09923480451107025
5025,13,333,0.06805051863193512
5026,13,334,0.11935016512870789
5027,13,335,0.05662652105093002
5028,13,336,0.11053092777729034
5029,13,337,0.18253809213638306
5030,13,338,0.064961276948452
5031,13,339,0.1082531288266182
5032,13,340,0.04831628128886223
5033,13,341,0.05970441922545433
5034,13,342,0.05926375091075897
5035,13,343,0.10380735248327255
5036,13,344,0.055266473442316055
5037,13,345,0.1380826234817505
5038,13,346,0.07752390950918198
5039,13,347,0.07824917137622833
5040,13,348,0.03563416376709938
5041,13,349,0.031096158549189568
5042,13,350,0.014609741978347301
5043,13,351,0.02342873439192772
5044,13,352,0.05014924705028534
5045,13,353,0.041059207171201706
5046,13,354,0.06584623456001282
5047,13,355,0.017919374629855156
5048,13,356,0.04700436815619469
5049,13,357,0.06010187044739723
5050,13,358,0.06355106830596924
5051,13,359,0.11675365269184113
5052,13,360,0.048112902790308
5053,13,361,0.06811875849962234
5054,13,362,0.0402611568570137
5055,13,363,0.04566258564591408
5056,13,364,0.15461356937885284
5057,13,365,0.08664834499359131
5058,13,366,0.060283251106739044
5059,13,367,0.0384456142783165
5060,13,368,0.08351057767868042
5061,13,369,0.12780870497226715
5062,13,370,0.08856215327978134
5063,13,371,0.059598408639431
5064,13,372,0.047159988433122635
5065,13,373,0.017852598801255226
5066,13,374,0.030308697372674942
5067,13,375,0.014879499562084675
5068,13,376,0.06742987036705017
5069,13,377,0.10320063680410385
5070,13,378,0.04449541121721268
5071,13,379,0.041406407952308655
5072,13,380,0.0745568573474884
5073,13,381,0.057427436113357544
5074,13,382,0.0496588833630085
5075,13,383,0.09340079128742218
5076,13,384,0.0990852490067482
5077,13,385,0.12413870543241501
5078,13,386,0.06345050781965256
5079,13,387,0.11133691668510437
5080,13,388,0.03399379923939705
5081,13,389,0.13677769899368286
5082,13,390,0.03870295733213425
5083,13,391,0.02251366525888443
5084,14,1,0.05549753084778786
5085,14,2,0.06581366807222366
5086,14,3,0.04851648211479187
5087,14,4,0.05296522006392479
5088,14,5,0.11365646868944168
5089,14,6,0.0971890464425087
5090,14,7,0.03567402437329292
5091,14,8,0.027698976919054985
5092,14,9,0.03245920315384865
5093,14,10,0.01913074217736721
5094,14,11,0.10291415452957153
5095,14,12,0.03750096261501312
5096,14,13,0.07387251406908035
5097,14,14,0.020869841799139977
5098,14,15,0.01709410548210144
5099,14,16,0.034107059240341187
5100,14,17,0.017400681972503662
5101,14,18,0.03381556272506714
5102,14,19,0.06617295742034912
5103,14,20,0.070398710668087
5104,14,21,0.06236502155661583
5105,14,22,0.031035589054226875
5106,14,23,0.027811376377940178
5107,14,24,0.08397699892520905
5108,14,25,0.01304924301803112
5109,14,26,0.06717301160097122
5110,14,27,0.025260834023356438
5111,14,28,0.06226063519716263
5112,14,29,0.01767689920961857
5113,14,30,0.031768277287483215
5114,14,31,0.027957528829574585
5115,14,32,0.056358009576797485
5116,14,33,0.02825668826699257
5117,14,34,0.02407250739634037
5118,14,35,0.02791292779147625
5119,14,36,0.08711480349302292
5120,14,37,0.01990458369255066
5121,14,38,0.056209344416856766
5122,14,39,0.025139307603240013
5123,14,40,0.025373267009854317
5124,14,41,0.032010212540626526
5125,14,42,0.01129074301570654
5126,14,43,0.062233347445726395
5127,14,44,0.03148664906620979
5128,14,45,0.011118964292109013
5129,14,46,0.09932298958301544
5130,14,47,0.007733920123428106
5131,14,48,0.053709812462329865
5132,14,49,0.07159601897001266
5133,14,50,0.020001694560050964
5134,14,51,0.038037244230508804
5135,14,52,0.04591338336467743
5136,14,53,0.00796794705092907
5137,14,54,0.03894467651844025
5138,14,55,0.06400474905967712
5139,14,56,0.009814498014748096
5140,14,57,0.03813326358795166
5141,14,58,0.04534096270799637
5142,14,59,0.047753818333148956
5143,14,60,0.01922822929918766
5144,14,61,0.037951093167066574
5145,14,62,0.049481697380542755
5146,14,63,0.03603923320770264
5147,14,64,0.008570296689867973
5148,14,65,0.05544840544462204
5149,14,66,0.017194440588355064
5150,14,67,0.034142740070819855
5151,14,68,0.09040164202451706
5152,14,69,0.02813444472849369
5153,14,70,0.059559132903814316
5154,14,71,0.04961016774177551
5155,14,72,0.08849887549877167
5156,14,73,0.052453476935625076
5157,14,74,0.027882566675543785
5158,14,75,0.024466048926115036
5159,14,76,0.03574551269412041
5160,14,77,0.06320246309041977
5161,14,78,0.022322658449411392
5162,14,79,0.023064563050866127
5163,14,80,0.10990049690008163
5164,14,81,0.037738095968961716
5165,14,82,0.026131168007850647
5166,14,83,0.013890981674194336
5167,14,84,0.02061234600841999
5168,14,85,0.04604646936058998
5169,14,86,0.04654820263385773
5170,14,87,0.01971043273806572
5171,14,88,0.029113024473190308
5172,14,89,0.10394943505525589
5173,14,90,0.019910838454961777
5174,14,91,0.041042767465114594
5175,14,92,0.03769844025373459
5176,14,93,0.03885040432214737
5177,14,94,0.032149191945791245
5178,14,95,0.02500906027853489
5179,14,96,0.0616372674703598
5180,14,97,0.10190997272729874
5181,14,98,0.03675612434744835
5182,14,99,0.005438214633613825
5183,14,100,0.04079034924507141
5184,14,101,0.05223832279443741
5185,14,102,0.047892652451992035
5186,14,103,0.014011776074767113
5187,14,104,0.049203529953956604
5188,14,105,0.015225766226649284
5189,14,106,0.15430548787117004
5190,14,107,0.07661513984203339
5191,14,108,0.01323552057147026
5192,14,109,0.007023230195045471
5193,14,110,0.03314199298620224
5194,14,111,0.012900711968541145
5195,14,112,0.03133159130811691
5196,14,113,0.014148239977657795
5197,14,114,0.01969238929450512
5198,14,115,0.019778193905949593
5199,14,116,0.010164715349674225
5200,14,117,0.10862518846988678
5201,14,118,0.007512238342314959
5202,14,119,0.12360405921936035
5203,14,120,0.07585380226373672
5204,14,121,0.03421167656779289
5205,14,122,0.06279885023832321
5206,14,123,0.05551839992403984
5207,14,124,0.06737107783555984
5208,14,125,0.04175053909420967
5209,14,126,0.020162856206297874
5210,14,127,0.10241708159446716
5211,14,128,0.021320706233382225
5212,14,129,0.016484268009662628
5213,14,130,0.11036676168441772
5214,14,131,0.04422106221318245
5215,14,132,0.008244297467172146
5216,14,133,0.09743253886699677
5217,14,134,0.04205538332462311
5218,14,135,0.06234759837388992
5219,14,136,0.10070506483316422
5220,14,137,0.06127949431538582
5221,14,138,0.05476325377821922
5222,14,139,0.050366539508104324
5223,14,140,0.04968160763382912
5224,14,141,0.07739812135696411
5225,14,142,0.016086669638752937
5226,14,143,0.05345511436462402
5227,14,144,0.05960627645254135
5228,14,145,0.0653688907623291
5229,14,146,0.029092179611325264
5230,14,147,0.07922882586717606
5231,14,148,0.01193319447338581
5232,14,149,0.04810672625899315
5233,14,150,0.10001489520072937
5234,14,151,0.04241358861327171
5235,14,152,0.05057603865861893
5236,14,153,0.04781733453273773
5237,14,154,0.046932026743888855
5238,14,155,0.01586909219622612
5239,14,156,0.0214918851852417
5240,14,157,0.02778679132461548
5241,14,158,0.03474985808134079
5242,14,159,0.04850233718752861
5243,14,160,0.06940094381570816
5244,14,161,0.021133581176400185
5245,14,162,0.10140930861234665
5246,14,163,0.020141521468758583
5247,14,164,0.07152106612920761
5248,14,165,0.04579542577266693
5249,14,166,0.06243316829204559
5250,14,167,0.09095684438943863
5251,14,168,0.04386225715279579
5252,14,169,0.051768768578767776
5253,14,170,0.0843508318066597
5254,14,171,0.02445618435740471
5255,14,172,0.053445469588041306
5256,14,173,0.06138560548424721
5257,14,174,0.011548764072358608
5258,14,175,0.09119857847690582
5259,14,176,0.03546338155865669
5260,14,177,0.07147180289030075
5261,14,178,0.09216981381177902
5262,14,179,0.10487193614244461
5263,14,180,0.07137945294380188
5264,14,181,0.025826938450336456
5265,14,182,0.019462531432509422
5266,14,183,0.04923229664564133
5267,14,184,0.11089478433132172
5268,14,185,0.024281924590468407
5269,14,186,0.014857524074614048
5270,14,187,0.16949203610420227
5271,14,188,0.028435155749320984
5272,14,189,0.05301372706890106
5273,14,190,0.0663653239607811
5274,14,191,0.01371518149971962
5275,14,192,0.09215865284204483
5276,14,193,0.057988449931144714
5277,14,194,0.035470765084028244
5278,14,195,0.04229488968849182
5279,14,196,0.08272765576839447
5280,14,197,0.01365279033780098
5281,14,198,0.1631895899772644
5282,14,199,0.04961230605840683
5283,14,200,0.05711885541677475
5284,14,201,0.05680413544178009
5285,14,202,0.02499711886048317
5286,14,203,0.03683452308177948
5287,14,204,0.03245188668370247
5288,14,205,0.02378680184483528
5289,14,206,0.059608329087495804
5290,14,207,0.03844304755330086
5291,14,208,0.09598024934530258
5292,14,209,0.05644676089286804
5293,14,210,0.1007041484117508
5294,14,211,0.08066841959953308
5295,14,212,0.03831895813345909
5296,14,213,0.07848535478115082
5297,14,214,0.05183262377977371
5298,14,215,0.04075108468532562
5299,14,216,0.02317652478814125
5300,14,217,0.07105474919080734
5301,14,218,0.044362783432006836
5302,14,219,0.11168679594993591
5303,14,220,0.04123780503869057
5304,14,221,0.14124517142772675
5305,14,222,0.06940431147813797
5306,14,223,0.05047451704740524
5307,14,224,0.06679441034793854
5308,14,225,0.06735871732234955
5309,14,226,0.05689980834722519
5310,14,227,0.036701612174510956
5311,14,228,0.10984596610069275
5312,14,229,0.15422777831554413
5313,14,230,0.03487445414066315
5314,14,231,0.10038015991449356
5315,14,232,0.06047980487346649
5316,14,233,0.027972891926765442
5317,14,234,0.05800873786211014
5318,14,235,0.11710836738348007
5319,14,236,0.0600416325032711
5320,14,237,0.04933881014585495
5321,14,238,0.05286120995879173
5322,14,239,0.08730252087116241
5323,14,240,0.06843410432338715
5324,14,241,0.0903916284441948
5325,14,242,0.0803673267364502
5326,14,243,0.07577323168516159
5327,14,244,0.0798591747879982
5328,14,245,0.04849889501929283
5329,14,246,0.06660299003124237
5330,14,247,0.10591991990804672
5331,14,248,0.1634303629398346
5332,14,249,0.0740635022521019
5333,14,250,0.06168488785624504
5334,14,251,0.014598366804420948
5335,14,252,0.03630799427628517
5336,14,253,0.05225161463022232
5337,14,254,0.05382569134235382
5338,14,255,0.007980168797075748
5339,14,256,0.019874319434165955
5340,14,257,0.021476132795214653
5341,14,258,0.0915663093328476
5342,14,259,0.10559070110321045
5343,14,260,0.05227576568722725
5344,14,261,0.04245056211948395
5345,14,262,0.09772629290819168
5346,14,263,0.1250685155391693
5347,14,264,0.096809022128582
5348,14,265,0.09337196499109268
5349,14,266,0.07148980349302292
5350,14,267,0.036058709025382996
5351,14,268,0.09386838972568512
5352,14,269,0.04817637428641319
5353,14,270,0.07901069521903992
5354,14,271,0.1042819544672966
5355,14,272,0.060048896819353104
5356,14,273,0.05943000689148903
5357,14,274,0.11076374351978302
5358,14,275,0.05231542885303497
5359,14,276,0.11597788333892822
5360,14,277,0.068550243973732
5361,14,278,0.09540868550539017
5362,14,279,0.10698726773262024
5363,14,280,0.08715825527906418
5364,14,281,0.03361918404698372
5365,14,282,0.12125184386968613
5366,14,283,0.050875477492809296
5367,14,284,0.07824622839689255
5368,14,285,0.051104482263326645
5369,14,286,0.05991434305906296
5370,14,287,0.05114386975765228
5371,14,288,0.13414566218852997
5372,14,289,0.07998936623334885
5373,14,290,0.0908460021018982
5374,14,291,0.0766926184296608
5375,14,292,0.04925054311752319
5376,14,293,0.16030007600784302
5377,14,294,0.05381658300757408
5378,14,295,0.14019924402236938
5379,14,296,0.02890036813914776
5380,14,297,0.03303290531039238
5381,14,298,0.017456164583563805
5382,14,299,0.05453614145517349
5383,14,300,0.170737624168396
5384,14,301,0.053720131516456604
5385,14,302,0.09217668324708939
5386,14,303,0.14907848834991455
5387,14,304,0.15526661276817322
5388,14,305,0.1261187195777893
5389,14,306,0.023872533813118935
5390,14,307,0.05656956136226654
5391,14,308,0.01804928295314312
5392,14,309,0.04836401343345642
5393,14,310,0.07823159545660019
5394,14,311,0.1063702404499054
5395,14,312,0.053084272891283035
5396,14,313,0.050913289189338684
5397,14,314,0.08500348031520844
5398,14,315,0.1409989446401596
5399,14,316,0.12263428419828415
5400,14,317,0.14718171954154968
5401,14,318,0.0656101331114769
5402,14,319,0.09955039620399475
5403,14,320,0.08829604089260101
5404,14,321,0.08620206266641617
5405,14,322,0.07874114066362381
5406,14,323,0.05284779518842697
5407,14,324,0.04652683064341545
5408,14,325,0.1251085102558136
5409,14,326,0.07230158895254135
5410,14,327,0.014220813289284706
5411,14,328,0.06431503593921661
5412,14,329,0.05907042697072029
5413,14,330,0.04205694422125816
5414,14,331,0.023546531796455383
5415,14,332,0.04700518772006035
5416,14,333,0.028791656717658043
5417,14,334,0.01627815142273903
5418,14,335,0.03907930478453636
5419,14,336,0.08141109347343445
5420,14,337,0.09294228255748749
5421,14,338,0.07253257930278778
5422,14,339,0.09872277826070786
5423,14,340,0.0266726054251194
5424,14,341,0.045372094959020615
5425,14,342,0.01654393970966339
5426,14,343,0.05760926753282547
5427,14,344,0.08508437126874924
5428,14,345,0.018402099609375
5429,14,346,0.09480522572994232
5430,14,347,0.026749424636363983
5431,14,348,0.06769081950187683
5432,14,349,0.07792498916387558
5433,14,350,0.027445947751402855
5434,14,351,0.03916667029261589
5435,14,352,0.06304675340652466
5436,14,353,0.06226209178566933
5437,14,354,0.10195989161729813
5438,14,355,0.050358183681964874
5439,14,356,0.04200499504804611
5440,14,357,0.08859504759311676
5441,14,358,0.06266289949417114
5442,14,359,0.07760712504386902
5443,14,360,0.10981664061546326
5444,14,361,0.09885021299123764
5445,14,362,0.0712767168879509
5446,14,363,0.07354436069726944
5447,14,364,0.0470975860953331
5448,14,365,0.011830783449113369
5449,14,366,0.06301254034042358
5450,14,367,0.15706701576709747
5451,14,368,0.040853939950466156
5452,14,369,0.07378524541854858
5453,14,370,0.043640799820423126
5454,14,371,0.0608338788151741
5455,14,372,0.057318493723869324
5456,14,373,0.02739490568637848
5457,14,374,0.03126290440559387
5458,14,375,0.033946383744478226
5459,14,376,0.14394553005695343
5460,14,377,0.056669678539037704
5461,14,378,0.0717935711145401
5462,14,379,0.11140542477369308
5463,14,380,0.06762297451496124
5464,14,381,0.12844499945640564
5465,14,382,0.06049489229917526
5466,14,383,0.0812031477689743
5467,14,384,0.0629134327173233
5468,14,385,0.03743764013051987
5469,14,386,0.05663356930017471
5470,14,387,0.05012624338269234
5471,14,388,0.06517232209444046
5472,14,389,0.07676117867231369
5473,14,390,0.05648605898022652
5474,14,391,0.0903766080737114
5475,15,1,0.07945644855499268
5476,15,2,0.0413915254175663
5477,15,3,0.007587390951812267
5478,15,4,0.006022738292813301
5479,15,5,0.014100810512900352
5480,15,6,0.07031644880771637
5481,15,7,0.022390121594071388
5482,15,8,0.025113310664892197
5483,15,9,0.08485382050275803
5484,15,10,0.04172160103917122
5485,15,11,0.09144259244203568
5486,15,12,0.10365621000528336
5487,15,13,0.035856131464242935
5488,15,14,0.05149006098508835
5489,15,15,0.04915909469127655
5490,15,16,0.007063798140734434
5491,15,17,0.04673176631331444
5492,15,18,0.08424940705299377
5493,15,19,0.07032895088195801
5494,15,20,0.10502389073371887
5495,15,21,0.036747198551893234
5496,15,22,0.09125374257564545
5497,15,23,0.03309377655386925
5498,15,24,0.049620673060417175
5499,15,25,0.0788634866476059
5500,15,26,0.027748137712478638
5501,15,27,0.05300893262028694
5502,15,28,0.047637902200222015
5503,15,29,0.031981609761714935
5504,15,30,0.022545233368873596
5505,15,31,0.03244498744606972
5506,15,32,0.02682812325656414
5507,15,33,0.05127548798918724
5508,15,34,0.020218204706907272
5509,15,35,0.04814364016056061
5510,15,36,0.02266094461083412
5511,15,37,0.041564442217350006
5512,15,38,0.06797969341278076
5513,15,39,0.017273997887969017
5514,15,40,0.02318403124809265
5515,15,41,0.06399761885404587
5516,15,42,0.009965975768864155
5517,15,43,0.02455657161772251
5518,15,44,0.0605146586894989
5519,15,45,0.04054739326238632
5520,15,46,0.041300415992736816
5521,15,47,0.061736103147268295
5522,15,48,0.03441460803151131
5523,15,49,0.04811997339129448
5524,15,50,0.03043973818421364
5525,15,51,0.050779085606336594
5526,15,52,0.005592249799519777
5527,15,53,0.0553060881793499
5528,15,54,0.015206212177872658
5529,15,55,0.03342888876795769
5530,15,56,0.05609704554080963
5531,15,57,0.06833366304636002
5532,15,58,0.01928684487938881
5533,15,59,0.016984911635518074
5534,15,60,0.03412110358476639
5535,15,61,0.03395112603902817
5536,15,62,0.02268390916287899
5537,15,63,0.1116810142993927
5538,15,64,0.03022528998553753
5539,15,65,0.031608060002326965
5540,15,66,0.06853263825178146
5541,15,67,0.01740998774766922
5542,15,68,0.09314101934432983
5543,15,69,0.08296259492635727
5544,15,70,0.018634023144841194
5545,15,71,0.04719216749072075
5546,15,72,0.07765612006187439
5547,15,73,0.0253546591848135
5548,15,74,0.034202490001916885
5549,15,75,0.016196507960557938
5550,15,76,0.0901724323630333
5551,15,77,0.09150046855211258
5552,15,78,0.11012263596057892
5553,15,79,0.07896947860717773
5554,15,80,0.026104740798473358
5555,15,81,0.030200086534023285
5556,15,82,0.08116647601127625
5557,15,83,0.023525835946202278
5558,15,84,0.03308369964361191
5559,15,85,0.06630140542984009
5560,15,86,0.042198628187179565
5561,15,87,0.01341605931520462
5562,15,88,0.026558617129921913
5563,15,89,0.02012340910732746
5564,15,90,0.07709814608097076
5565,15,91,0.02931552194058895
5566,15,92,0.022664397954940796
5567,15,93,0.028657762333750725
5568,15,94,0.024600917473435402
5569,15,95,0.03126301243901253
5570,15,96,0.030682256445288658
5571,15,97,0.06667935848236084
5572,15,98,0.0385616235435009
5573,15,99,0.058967359364032745
5574,15,100,0.027454441413283348
5575,15,101,0.02678501605987549
5576,15,102,0.05874954164028168
5577,15,103,0.005797716323286295
5578,15,104,0.01677819900214672
5579,15,105,0.006003899034112692
5580,15,106,0.031166672706604004
5581,15,107,0.01248436700552702
5582,15,108,0.019930174574255943
5583,15,109,0.02836543507874012
5584,15,110,0.05145588889718056
5585,15,111,0.04072082042694092
5586,15,112,0.05174059420824051
5587,15,113,0.021004104986786842
5588,15,114,0.04303089156746864
5589,15,115,0.04863552004098892
5590,15,116,0.019755497574806213
5591,15,117,0.04046831652522087
5592,15,118,0.03860738128423691
5593,15,119,0.0603068508207798
5594,15,120,0.009837999939918518
5595,15,121,0.10073042660951614
5596,15,122,0.06530983746051788
5597,15,123,0.01176549308001995
5598,15,124,0.025392575189471245
5599,15,125,0.04112060368061066
5600,15,126,0.00530009251087904
5601,15,127,0.01435643620789051
5602,15,128,0.06658883392810822
5603,15,129,0.06405752152204514
5604,15,130,0.012522036209702492
5605,15,131,0.030557839199900627
5606,15,132,0.07124172896146774
5607,15,133,0.07124992460012436
5608,15,134,0.024790510535240173
5609,15,135,0.013004007749259472
5610,15,136,0.06115705147385597
5611,15,137,0.0104677127674222
5612,15,138,0.07644656300544739
5613,15,139,0.012713747099041939
5614,15,140,0.020930666476488113
5615,15,141,0.035908930003643036
5616,15,142,0.06115527078509331
5617,15,143,0.07162878662347794
5618,15,144,0.027866952121257782
5619,15,145,0.016108909621834755
5620,15,146,0.028919393196702003
5621,15,147,0.032388463616371155
5622,15,148,0.03126734867691994
5623,15,149,0.03951127454638481
5624,15,150,0.010045021772384644
5625,15,151,0.04004295915365219
5626,15,152,0.030975915491580963
5627,15,153,0.08644802868366241
5628,15,154,0.021544763818383217
5629,15,155,0.04690481349825859
5630,15,156,0.06637692451477051
5631,15,157,0.019731786102056503
5632,15,158,0.02877737767994404
5633,15,159,0.02742902562022209
5634,15,160,0.011144106276333332
5635,15,161,0.0377504862844944
5636,15,162,0.08172668516635895
5637,15,163,0.08621983230113983
5638,15,164,0.05145186185836792
5639,15,165,0.0227560643106699
5640,15,166,0.08643519133329391
5641,15,167,0.04111644625663757
5642,15,168,0.018200285732746124
5643,15,169,0.08660922199487686
5644,15,170,0.0469452328979969
5645,15,171,0.044242069125175476
5646,15,172,0.06425663083791733
5647,15,173,0.06500256061553955
5648,15,174,0.06815554946660995
5649,15,175,0.017445432022213936
5650,15,176,0.0140174999833107
5651,15,177,0.03411967307329178
5652,15,178,0.022679124027490616
5653,15,179,0.05129186809062958
5654,15,180,0.040775444358587265
5655,15,181,0.015742022544145584
5656,15,182,0.04848046600818634
5657,15,183,0.046661220490932465
5658,15,184,0.057335712015628815
5659,15,185,0.03357904776930809
5660,15,186,0.008325372822582722
5661,15,187,0.03040155954658985
5662,15,188,0.04617371782660484
5663,15,189,0.03066970594227314
5664,15,190,0.02545507811009884
5665,15,191,0.02677261270582676
5666,15,192,0.08590912818908691
5667,15,193,0.08816562592983246
5668,15,194,0.048046257346868515
5669,15,195,0.04223582521080971
5670,15,196,0.00992312841117382
5671,15,197,0.061807114630937576
5672,15,198,0.019787348806858063
5673,15,199,0.044447824358940125
5674,15,200,0.07342580705881119
5675,15,201,0.047087859362363815
5676,15,202,0.11657775193452835
5677,15,203,0.01827031746506691
5678,15,204,0.10995220392942429
5679,15,205,0.006228413432836533
5680,15,206,0.007376702502369881
5681,15,207,0.09077904373407364
5682,15,208,0.04109352082014084
5683,15,209,0.04925691336393356
5684,15,210,0.047225113958120346
5685,15,211,0.031261615455150604
5686,15,212,0.06308309733867645
5687,15,213,0.01459750346839428
5688,15,214,0.03121313825249672
5689,15,215,0.04652667045593262
5690,15,216,0.04899153858423233
5691,15,217,0.035732124000787735
5692,15,218,0.061826564371585846
5693,15,219,0.05759013071656227
5694,15,220,0.08122973889112473
5695,15,221,0.049327097833156586
5696,15,222,0.07505078613758087
5697,15,223,0.026990529149770737
5698,15,224,0.020154519006609917
5699,15,225,0.07993326336145401
5700,15,226,0.1490955799818039
5701,15,227,0.10922171175479889
5702,15,228,0.015779467299580574
5703,15,229,0.04274337366223335
5704,15,230,0.03463565930724144
5705,15,231,0.07480049133300781
5706,15,232,0.011706755496561527
5707,15,233,0.08331208676099777
5708,15,234,0.04755987226963043
5709,15,235,0.06447732448577881
5710,15,236,0.011320803314447403
5711,15,237,0.09790900349617004
5712,15,238,0.030327633023262024
5713,15,239,0.015015756711363792
5714,15,240,0.0738283172249794
5715,15,241,0.06243756040930748
5716,15,242,0.10244350880384445
5717,15,243,0.0401742085814476
5718,15,244,0.0855819433927536
5719,15,245,0.026299960911273956
5720,15,246,0.05398968979716301
5721,15,247,0.05295325815677643
5722,15,248,0.02421497367322445
5723,15,249,0.02906247228384018
5724,15,250,0.11676590889692307
5725,15,251,0.12369659543037415
5726,15,252,0.08537396788597107
5727,15,253,0.014390505850315094
5728,15,254,0.04283830523490906
5729,15,255,0.06780890375375748
5730,15,256,0.07117407023906708
5731,15,257,0.10177390277385712
5732,15,258,0.11619501560926437
5733,15,259,0.03907262906432152
5734,15,260,0.13196510076522827
5735,15,261,0.048729926347732544
5736,15,262,0.06047017499804497
5737,15,263,0.08771377801895142
5738,15,264,0.03726691007614136
5739,15,265,0.12387961149215698
5740,15,266,0.13869008421897888
5741,15,267,0.08843065798282623
5742,15,268,0.053059644997119904
5743,15,269,0.14034272730350494
5744,15,270,0.05633014068007469
5745,15,271,0.06580811738967896
5746,15,272,0.009263274259865284
5747,15,273,0.058664362877607346
5748,15,274,0.1482526957988739
5749,15,275,0.04874144122004509
5750,15,276,0.07767342031002045
5751,15,277,0.10076391696929932
5752,15,278,0.11021491140127182
5753,15,279,0.09007184952497482
5754,15,280,0.128314808011055
5755,15,281,0.0938882976770401
5756,15,282,0.09964745491743088
5757,15,283,0.08530591428279877
5758,15,284,0.022565461695194244
5759,15,285,0.04418804496526718
5760,15,286,0.01293683610856533
5761,15,287,0.1463080644607544
5762,15,288,0.07152961939573288
5763,15,289,0.057562995702028275
5764,15,290,0.11404895037412643
5765,15,291,0.098272405564785
5766,15,292,0.08017262816429138
5767,15,293,0.0651949942111969
5768,15,294,0.0655544325709343
5769,15,295,0.12761296331882477
5770,15,296,0.04893409460783005
5771,15,297,0.11081382632255554
5772,15,298,0.020867781713604927
5773,15,299,0.04714522510766983
5774,15,300,0.07337172329425812
5775,15,301,0.08924495428800583
5776,15,302,0.018624963238835335
5777,15,303,0.14436869323253632
5778,15,304,0.05755343288183212
5779,15,305,0.025994306430220604
5780,15,306,0.11201190203428268
5781,15,307,0.05703664571046829
5782,15,308,0.08919642865657806
5783,15,309,0.07615871727466583
5784,15,310,0.10451602935791016
5785,15,311,0.05827460438013077
5786,15,312,0.033942293375730515
5787,15,313,0.06830168515443802
5788,15,314,0.06132042407989502
5789,15,315,0.06159282475709915
5790,15,316,0.08926086127758026
5791,15,317,0.14889302849769592
5792,15,318,0.16339263319969177
5793,15,319,0.11642828583717346
5794,15,320,0.04078974574804306
5795,15,321,0.04442855343222618
5796,15,322,0.05001676827669144
5797,15,323,0.09907567501068115
5798,15,324,0.04077284038066864
5799,15,325,0.07751458138227463
5800,15,326,0.04673570767045021
5801,15,327,0.055507782846689224
5802,15,328,0.06965295225381851
5803,15,329,0.06661631911993027
5804,15,330,0.0480475090444088
5805,15,331,0.03563862666487694
5806,15,332,0.16852296888828278
5807,15,333,0.044250402599573135
5808,15,334,0.11222346127033234
5809,15,335,0.09111180156469345
5810,15,336,0.011491225101053715
5811,15,337,0.04576592892408371
5812,15,338,0.06221553310751915
5813,15,339,0.13546766340732574
5814,15,340,0.1294238269329071
5815,15,341,0.01855618692934513
5816,15,342,0.1329941600561142
5817,15,343,0.04120233282446861
5818,15,344,0.14343860745429993
5819,15,345,0.08874019980430603
5820,15,346,0.029928341507911682
5821,15,347,0.10544639825820923
5822,15,348,0.14870554208755493
5823,15,349,0.09801588952541351
5824,15,350,0.06232152134180069
5825,15,351,0.03460705652832985
5826,15,352,0.11883734911680222
5827,15,353,0.08530329912900925
5828,15,354,0.059520334005355835
5829,15,355,0.057049885392189026
5830,15,356,0.0670732855796814
5831,15,357,0.038172319531440735
5832,15,358,0.05075883865356445
5833,15,359,0.06542869657278061
5834,15,360,0.025508534163236618
5835,15,361,0.043756529688835144
5836,15,362,0.01310789491981268
5837,15,363,0.07263027876615524
5838,15,364,0.11892110854387283
5839,15,365,0.016656428575515747
5840,15,366,0.03887041285634041
5841,15,367,0.08493465185165405
5842,15,368,0.11368916928768158
5843,15,369,0.036238133907318115
5844,15,370,0.018431400880217552
5845,15,371,0.10563896596431732
5846,15,372,0.11555345356464386
5847,15,373,0.04964865744113922
5848,15,374,0.06337571889162064
5849,15,375,0.05926049128174782
5850,15,376,0.03295934945344925
5851,15,377,0.1810074895620346
5852,15,378,0.039423368871212006
5853,15,379,0.06021216884255409
5854,15,380,0.10901176184415817
5855,15,381,0.03154020383954048
5856,15,382,0.12061961740255356
5857,15,383,0.10634884983301163
5858,15,384,0.11422095447778702
5859,15,385,0.07245517522096634
5860,15,386,0.08664771169424057
5861,15,387,0.07970118522644043
5862,15,388,0.06912248581647873
5863,15,389,0.09980735927820206
5864,15,390,0.05570448189973831
5865,15,391,0.12719756364822388
5866,16,1,0.027978258207440376
5867,16,2,0.024484530091285706
5868,16,3,0.05600400269031525
5869,16,4,0.028225410729646683
5870,16,5,0.04302164539694786
5871,16,6,0.03212066739797592
5872,16,7,0.030633844435214996
5873,16,8,0.03006097301840782
5874,16,9,0.05176776275038719
5875,16,10,0.02059636451303959
5876,16,11,0.06176312640309334
5877,16,12,0.10744842886924744
5878,16,13,0.049499817192554474
5879,16,14,0.07447905838489532
5880,16,15,0.108815036714077
5881,16,16,0.043221089988946915
5882,16,17,0.06221150979399681
5883,16,18,0.0687633603811264
5884,16,19,0.06361066550016403
5885,16,20,0.014370820485055447
5886,16,21,0.09433017671108246
5887,16,22,0.06155030429363251
5888,16,23,0.04714909568428993
5889,16,24,0.06201954185962677
5890,16,25,0.01797262765467167
5891,16,26,0.049800511449575424
5892,16,27,0.044885747134685516
5893,16,28,0.031179917976260185
5894,16,29,0.030180925503373146
5895,16,30,0.0603640116751194
5896,16,31,0.009689029306173325
5897,16,32,0.032897040247917175
5898,16,33,0.08005045354366302
5899,16,34,0.056291982531547546
5900,16,35,0.009622696787118912
5901,16,36,0.03624996170401573
5902,16,37,0.010770440101623535
5903,16,38,0.03117855079472065
5904,16,39,0.02520420029759407
5905,16,40,0.049930259585380554
5906,16,41,0.053328584879636765
5907,16,42,0.02865520678460598
5908,16,43,0.040941402316093445
5909,16,44,0.013815282844007015
5910,16,45,0.012699903920292854
5911,16,46,0.025524882599711418
5912,16,47,0.03890799358487129
5913,16,48,0.0498955212533474
5914,16,49,0.041250113397836685
5915,16,50,0.006069663912057877
5916,16,51,0.015835672616958618
5917,16,52,0.04369280859827995
5918,16,53,0.04487626999616623
5919,16,54,0.06976905465126038
5920,16,55,0.14943769574165344
5921,16,56,0.04346007481217384
5922,16,57,0.019359055906534195
5923,16,58,0.02345356158912182
5924,16,59,0.07036804407835007
5925,16,60,0.06337309628725052
5926,16,61,0.0075457096099853516
5927,16,62,0.027911990880966187
5928,16,63,0.015485098585486412
5929,16,64,0.010890679433941841
5930,16,65,0.06512484699487686
5931,16,66,0.018674960359930992
5932,16,67,0.02133779600262642
5933,16,68,0.07453571259975433
5934,16,69,0.032398030161857605
5935,16,70,0.1062219887971878
5936,16,71,0.013231264427304268
5937,16,72,0.0417199544608593
5938,16,73,0.07818406820297241
5939,16,74,0.03158796578645706
5940,16,75,0.028350209817290306
5941,16,76,0.02976430207490921
5942,16,77,0.03797532618045807
5943,16,78,0.05503338202834129
5944,16,79,0.11170369386672974
5945,16,80,0.013909680768847466
5946,16,81,0.10078522562980652
5947,16,82,0.032754912972450256
5948,16,83,0.013072323985397816
5949,16,84,0.044238053262233734
5950,16,85,0.01868279278278351
5951,16,86,0.06070324033498764
5952,16,87,0.022161761298775673
5953,16,88,0.02646859548985958
5954,16,89,0.036099884659051895
5955,16,90,0.07688698917627335
5956,16,91,0.015663864091038704
5957,16,92,0.033254239708185196
5958,16,93,0.027922822162508965
5959,16,94,0.00743780005723238
5960,16,95,0.016062576323747635
5961,16,96,0.057981256395578384
5962,16,97,0.18680013716220856
5963,16,98,0.019988039508461952
5964,16,99,0.030926883220672607
5965,16,100,0.042448822408914566
5966,16,101,0.05697125568985939
5967,16,102,0.022417128086090088
5968,16,103,0.056564800441265106
5969,16,104,0.05994604900479317
5970,16,105,0.06008954718708992
5971,16,106,0.028450479730963707
5972,16,107,0.05675997585058212
5973,16,108,0.014638259075582027
5974,16,109,0.047289811074733734
5975,16,110,0.048816557973623276
5976,16,111,0.055624738335609436
5977,16,112,0.034911494702100754
5978,16,113,0.030249977484345436
5979,16,114,0.00813280139118433
5980,16,115,0.04093348607420921
5981,16,116,0.03363458812236786
5982,16,117,0.0753144770860672
5983,16,118,0.02121804468333721
5984,16,119,0.02888648957014084
5985,16,120,0.029052160680294037
5986,16,121,0.040454864501953125
5987,16,122,0.01713002473115921
5988,16,123,0.05948149785399437
5989,16,124,0.03229418396949768
5990,16,125,0.012239555828273296
5991,16,126,0.05962905287742615
5992,16,127,0.0417841337621212
5993,16,128,0.011270526796579361
5994,16,129,0.024998553097248077
5995,16,130,0.08219283819198608
5996,16,131,0.04814410209655762
5997,16,132,0.023743007332086563
5998,16,133,0.03835606575012207
5999,16,134,0.026395807042717934
6000,16,135,0.01955525577068329
6001,16,136,0.030869677662849426
6002,16,137,0.07657530158758163
6003,16,138,0.053538642823696136
6004,16,139,0.037404678761959076
6005,16,140,0.08617289364337921
6006,16,141,0.06871362030506134
6007,16,142,0.07325850427150726
6008,16,143,0.0711829662322998
6009,16,144,0.07048121839761734
6010,16,145,0.0172346830368042
6011,16,146,0.03501753509044647
6012,16,147,0.02734888531267643
6013,16,148,0.02419384941458702
6014,16,149,0.03937757387757301
6015,16,150,0.07576250284910202
6016,16,151,0.04172476381063461
6017,16,152,0.015687866136431694
6018,16,153,0.05121839419007301
6019,16,154,0.06618891656398773
6020,16,155,0.03531123697757721
6021,16,156,0.07049992680549622
6022,16,157,0.0880512073636055
6023,16,158,0.047435056418180466
6024,16,159,0.05510826036334038
6025,16,160,0.044261425733566284
6026,16,161,0.03989981859922409
6027,16,162,0.1132764145731926
6028,16,163,0.035650696605443954
6029,16,164,0.09941112250089645
6030,16,165,0.11333516240119934
6031,16,166,0.09344562888145447
6032,16,167,0.09827416390180588
6033,16,168,0.05347606539726257
6034,16,169,0.03534335270524025
6035,16,170,0.09694509208202362
6036,16,171,0.18247942626476288
6037,16,172,0.03784773126244545
6038,16,173,0.03622158616781235
6039,16,174,0.04371863603591919
6040,16,175,0.04615142196416855
6041,16,176,0.05412415415048599
6042,16,177,0.10873889923095703
6043,16,178,0.062441758811473846
6044,16,179,0.04556991532444954
6045,16,180,0.059420447796583176
6046,16,181,0.04856550320982933
6047,16,182,0.025104323402047157
6048,16,183,0.011275568045675755
6049,16,184,0.12952539324760437
6050,16,185,0.09697023779153824
6051,16,186,0.1216851994395256
6052,16,187,0.06982038170099258
6053,16,188,0.009726397693157196
6054,16,189,0.07819986343383789
6055,16,190,0.06549333035945892
6056,16,191,0.07153485715389252
6057,16,192,0.016752343624830246
6058,16,193,0.03325537592172623
6059,16,194,0.0766482949256897
6060,16,195,0.047809842973947525
6061,16,196,0.06610564887523651
6062,16,197,0.0792808011174202
6063,16,198,0.04205847159028053
6064,16,199,0.18478448688983917
6065,16,200,0.07801791280508041
6066,16,201,0.023866184055805206
6067,16,202,0.013953489251434803
6068,16,203,0.053259365260601044
6069,16,204,0.053529463708400726
6070,16,205,0.10596031695604324
6071,16,206,0.06385760009288788
6072,16,207,0.0538533590734005
6073,16,208,0.048257458955049515
6074,16,209,0.11695381999015808
6075,16,210,0.02205951139330864
6076,16,211,0.0611715205013752
6077,16,212,0.0169870276004076
6078,16,213,0.0519065260887146
6079,16,214,0.04660222306847572
6080,16,215,0.054902151226997375
6081,16,216,0.10861872881650925
6082,16,217,0.07063572108745575
6083,16,218,0.024258308112621307
6084,16,219,0.015331055968999863
6085,16,220,0.0510840080678463
6086,16,221,0.08350532501935959
6087,16,222,0.10672295838594437
6088,16,223,0.03750823438167572
6089,16,224,0.04160673916339874
6090,16,225,0.08582834154367447
6091,16,226,0.11512938141822815
6092,16,227,0.058830443769693375
6093,16,228,0.023048998787999153
6094,16,229,0.03270982950925827
6095,16,230,0.09811500459909439
6096,16,231,0.03854376822710037
6097,16,232,0.018116988241672516
6098,16,233,0.09421467781066895
6099,16,234,0.09394760429859161
6100,16,235,0.06095702946186066
6101,16,236,0.04521141201257706
6102,16,237,0.0662437379360199
6103,16,238,0.12810657918453217
6104,16,239,0.026638491079211235
6105,16,240,0.04049745947122574
6106,16,241,0.06901171803474426
6107,16,242,0.03992071375250816
6108,16,243,0.12432444095611572
6109,16,244,0.1583641916513443
6110,16,245,0.07648827135562897
6111,16,246,0.05084226652979851
6112,16,247,0.02113647758960724
6113,16,248,0.02403952181339264
6114,16,249,0.08072648197412491
6115,16,250,0.02442559413611889
6116,16,251,0.13296528160572052
6117,16,252,0.02413335256278515
6118,16,253,0.02067086286842823
6119,16,254,0.08334995061159134
6120,16,255,0.03979203850030899
6121,16,256,0.012622727081179619
6122,16,257,0.030100969597697258
6123,16,258,0.031942758709192276
6124,16,259,0.17585597932338715
6125,16,260,0.02148517780005932
6126,16,261,0.03819293528795242
6127,16,262,0.058532919734716415
6128,16,263,0.02591431885957718
6129,16,264,0.12697142362594604
6130,16,265,0.015884369611740112
6131,16,266,0.02470945566892624
6132,16,267,0.05922839790582657
6133,16,268,0.03189172223210335
6134,16,269,0.04251452162861824
6135,16,270,0.09906260669231415
6136,16,271,0.08242292702198029
6137,16,272,0.056357186287641525
6138,16,273,0.04581630229949951
6139,16,274,0.11814448982477188
6140,16,275,0.04077668860554695
6141,16,276,0.1077326089143753
6142,16,277,0.036936670541763306
6143,16,278,0.06190606951713562
6144,16,279,0.05963815003633499
6145,16,280,0.03839908167719841
6146,16,281,0.0913282260298729
6147,16,282,0.051982417702674866
6148,16,283,0.04076337814331055
6149,16,284,0.07059766352176666
6150,16,285,0.062187131494283676
6151,16,286,0.09710845351219177
6152,16,287,0.11235557496547699
6153,16,288,0.05808688700199127
6154,16,289,0.281175434589386
6155,16,290,0.02129271999001503
6156,16,291,0.023101717233657837
6157,16,292,0.12114866077899933
6158,16,293,0.05272813141345978
6159,16,294,0.048229850828647614
6160,16,295,0.0435800701379776
6161,16,296,0.07532788813114166
6162,16,297,0.19097663462162018
6163,16,298,0.12398692965507507
6164,16,299,0.05823516100645065
6165,16,300,0.09826280921697617
6166,16,301,0.06992620974779129
6167,16,302,0.09381959587335587
6168,16,303,0.1396009922027588
6169,16,304,0.10824078321456909
6170,16,305,0.0879325419664383
6171,16,306,0.10462215542793274
6172,16,307,0.07492812722921371
6173,16,308,0.19524364173412323
6174,16,309,0.14504913985729218
6175,16,310,0.05462678521871567
6176,16,311,0.06876173615455627
6177,16,312,0.0723637267947197
6178,16,313,0.056121826171875
6179,16,314,0.05242730677127838
6180,16,315,0.07283789664506912
6181,16,316,0.038888849318027496
6182,16,317,0.0700489953160286
6183,16,318,0.026302466168999672
6184,16,319,0.09786443412303925
6185,16,320,0.06572078913450241
6186,16,321,0.048458781093358994
6187,16,322,0.051312875002622604
6188,16,323,0.02519305981695652
6189,16,324,0.04903477430343628
6190,16,325,0.037097129970788956
6191,16,326,0.08576398342847824
6192,16,327,0.03251523897051811
6193,16,328,0.051695436239242554
6194,16,329,0.01943403109908104
6195,16,330,0.05452780798077583
6196,16,331,0.054706037044525146
6197,16,332,0.027878321707248688
6198,16,333,0.06078794598579407
6199,16,334,0.029227323830127716
6200,16,335,0.09456980973482132
6201,16,336,0.0832851231098175
6202,16,337,0.056953731924295425
6203,16,338,0.028610896319150925
6204,16,339,0.08336655795574188
6205,16,340,0.05950406566262245
6206,16,341,0.08463616669178009
6207,16,342,0.06624431908130646
6208,16,343,0.03374750167131424
6209,16,344,0.09945925325155258
6210,16,345,0.05836565047502518
6211,16,346,0.03621073067188263
6212,16,347,0.07891809940338135
6213,16,348,0.06458519399166107
6214,16,349,0.05135499686002731
6215,16,350,0.03526792675256729
6216,16,351,0.07827165722846985
6217,16,352,0.05141643062233925
6218,16,353,0.03771054744720459
6219,16,354,0.09397703409194946
6220,16,355,0.03504530340433121
6221,16,356,0.04889923706650734
6222,16,357,0.08724167197942734
6223,16,358,0.055213045328855515
6224,16,359,0.046566564589738846
6225,16,360,0.03177531436085701
6226,16,361,0.04204145818948746
6227,16,362,0.06180637329816818
6228,16,363,0.09702881425619125
6229,16,364,0.027633249759674072
6230,16,365,0.10722576081752777
6231,16,366,0.07432909309864044
6232,16,367,0.02572435699403286
6233,16,368,0.05291518568992615
6234,16,369,0.07844007015228271
6235,16,370,0.023944174870848656
6236,16,371,0.05739700421690941
6237,16,372,0.0576622448861599
6238,16,373,0.07977746427059174
6239,16,374,0.050971806049346924
6240,16,375,0.056220848113298416
6241,16,376,0.029330814257264137
6242,16,377,0.028878264129161835
6243,16,378,0.05284666642546654
6244,16,379,0.027781905606389046
6245,16,380,0.05985954403877258
6246,16,381,0.07169077545404434
6247,16,382,0.16583001613616943
6248,16,383,0.07889194041490555
6249,16,384,0.10253800451755524
6250,16,385,0.10075891762971878
6251,16,386,0.027300303801894188
6252,16,387,0.06563756614923477
6253,16,388,0.03608769550919533
6254,16,389,0.03559611365199089
6255,16,390,0.023363646119832993
6256,16,391,0.0843217596411705
6257,17,1,0.05328976362943649
6258,17,2,0.020070210099220276
6259,17,3,0.03777339681982994
6260,17,4,0.020261041820049286
6261,17,5,0.025594450533390045
6262,17,6,0.057844843715429306
6263,17,7,0.06698372215032578
6264,17,8,0.014537299983203411
6265,17,9,0.04764927923679352
6266,17,10,0.061982203274965286
6267,17,11,0.049083806574344635
6268,17,12,0.05630240589380264
6269,17,13,0.08845225721597672
6270,17,14,0.024581387639045715
6271,17,15,0.021808618679642677
6272,17,16,0.016365034505724907
6273,17,17,0.13755665719509125
6274,17,18,0.0030098070856183767
6275,17,19,0.005847452208399773
6276,17,20,0.06590132415294647
6277,17,21,0.04848608747124672
6278,17,22,0.0414733961224556
6279,17,23,0.026525408029556274
6280,17,24,0.027897043153643608
6281,17,25,0.06101462244987488
6282,17,26,0.041636478155851364
6283,17,27,0.044938646256923676
6284,17,28,0.00846861768513918
6285,17,29,0.07600875943899155
6286,17,30,0.04569229483604431
6287,17,31,0.13165335357189178
6288,17,32,0.04142047092318535
6289,17,33,0.024456201121211052
6290,17,34,0.04820583015680313
6291,17,35,0.05233246833086014
6292,17,36,0.021949313580989838
6293,17,37,0.0398043692111969
6294,17,38,0.029744669795036316
6295,17,39,0.04576651379466057
6296,17,40,0.03581336513161659
6297,17,41,0.01868858002126217
6298,17,42,0.019083812832832336
6299,17,43,0.04150010272860527
6300,17,44,0.015607912093400955
6301,17,45,0.028218887746334076
6302,17,46,0.10128714144229889
6303,17,47,0.01550196297466755
6304,17,48,0.014650172553956509
6305,17,49,0.010488055646419525
6306,17,50,0.02285277657210827
6307,17,51,0.01646421104669571
6308,17,52,0.029312804341316223
6309,17,53,0.03524939343333244
6310,17,54,0.02261321432888508
6311,17,55,0.023485882207751274
6312,17,56,0.05588754266500473
6313,17,57,0.03438737988471985
6314,17,58,0.015960918739438057
6315,17,59,0.04013880342245102
6316,17,60,0.002202687319368124
6317,17,61,0.010008659213781357
6318,17,62,0.040299683809280396
6319,17,63,0.01867704838514328
6320,17,64,0.08707205951213837
6321,17,65,0.008805000223219395
6322,17,66,0.022047216072678566
6323,17,67,0.016680767759680748
6324,17,68,0.013382400386035442
6325,17,69,0.023605626076459885
6326,17,70,0.039850521832704544
6327,17,71,0.014986792579293251
6328,17,72,0.007422221824526787
6329,17,73,0.017713382840156555
6330,17,74,0.031391847878694534
6331,17,75,0.03804539889097214
6332,17,76,0.016606681048870087
6333,17,77,0.010019815526902676
6334,17,78,0.0380924753844738
6335,17,79,0.03629940748214722
6336,17,80,0.028256025165319443
6337,17,81,0.009711520746350288
6338,17,82,0.02969069592654705
6339,17,83,0.01026205811649561
6340,17,84,0.05932678282260895
6341,17,85,0.020034924149513245
6342,17,86,0.0035683163441717625
6343,17,87,0.017661137506365776
6344,17,88,0.09790270030498505
6345,17,89,0.011095794849097729
6346,17,90,0.014387345872819424
6347,17,91,0.021564198657870293
6348,17,92,0.0179405827075243
6349,17,93,0.010874472558498383
6350,17,94,0.006337221711874008
6351,17,95,0.019149206578731537
6352,17,96,0.009610570035874844
6353,17,97,0.011223013512790203
6354,17,98,0.025428125634789467
6355,17,99,0.04802747815847397
6356,17,100,0.040100205689668655
6357,17,101,0.023486167192459106
6358,17,102,0.028058379888534546
6359,17,103,0.0342680998146534
6360,17,104,0.05271933972835541
6361,17,105,0.020143624395132065
6362,17,106,0.0451374389231205
6363,17,107,0.009648815728724003
6364,17,108,0.02284829504787922
6365,17,109,0.038973212242126465
6366,17,110,0.011791933327913284
6367,17,111,0.10628107190132141
6368,17,112,0.07103224098682404
6369,17,113,0.027930350974202156
6370,17,114,0.039459265768527985
6371,17,115,0.01086040772497654
6372,17,116,0.021703483536839485
6373,17,117,0.01910504326224327
6374,17,118,0.0661727786064148
6375,17,119,0.03521043434739113
6376,17,120,0.04283706098794937
6377,17,121,0.009781189262866974
6378,17,122,0.04085947573184967
6379,17,123,0.004689353983849287
6380,17,124,0.008928658440709114
6381,17,125,0.024220848456025124
6382,17,126,0.056393545120954514
6383,17,127,0.039531465619802475
6384,17,128,0.05891651287674904
6385,17,129,0.04465615004301071
6386,17,130,0.09570230543613434
6387,17,131,0.006202105898410082
6388,17,132,0.01037539727985859
6389,17,133,0.03340456634759903
6390,17,134,0.03906732425093651
6391,17,135,0.006656459532678127
6392,17,136,0.0227795522660017
6393,17,137,0.00538575230166316
6394,17,138,0.016434945166110992
6395,17,139,0.028634265065193176
6396,17,140,0.051370974630117416
6397,17,141,0.06384161114692688
6398,17,142,0.007219080813229084
6399,17,143,0.028705913573503494
6400,17,144,0.059897083789110184
6401,17,145,0.026234637945890427
6402,17,146,0.0260146651417017
6403,17,147,0.0740746557712555
6404,17,148,0.026564253494143486
6405,17,149,0.0052740261889994144
6406,17,150,0.08488590270280838
6407,17,151,0.0768270343542099
6408,17,152,0.008320655673742294
6409,17,153,0.0232546366751194
6410,17,154,0.010618274100124836
6411,17,155,0.07437071949243546
6412,17,156,0.12005355209112167
6413,17,157,0.006651806645095348
6414,17,158,0.08890914171934128
6415,17,159,0.01609708182513714
6416,17,160,0.06453075259923935
6417,17,161,0.05005878210067749
6418,17,162,0.03129590302705765
6419,17,163,0.036031223833560944
6420,17,164,0.015217643231153488
6421,17,165,0.07504014670848846
6422,17,166,0.012500353157520294
6423,17,167,0.01471196860074997
6424,17,168,0.08853410184383392
6425,17,169,0.0721968337893486
6426,17,170,0.017040882259607315
6427,17,171,0.020746977999806404
6428,17,172,0.010088182985782623
6429,17,173,0.04005412757396698
6430,17,174,0.043330997228622437
6431,17,175,0.004817435517907143
6432,17,176,0.047839611768722534
6433,17,177,0.05047064274549484
6434,17,178,0.05156451836228371
6435,17,179,0.0405426025390625
6436,17,180,0.07244952023029327
6437,17,181,0.020338619127869606
6438,17,182,0.06550165265798569
6439,17,183,0.021054700016975403
6440,17,184,0.05723021551966667
6441,17,185,0.06696533411741257
6442,17,186,0.02244153805077076
6443,17,187,0.029623454436659813
6444,17,188,0.05789991840720177
6445,17,189,0.01721758209168911
6446,17,190,0.01512631494551897
6447,17,191,0.11390749365091324
6448,17,192,0.05226007103919983
6449,17,193,0.037473779171705246
6450,17,194,0.09305202215909958
6451,17,195,0.029266715049743652
6452,17,196,0.05988622084259987
6453,17,197,0.014895816333591938
6454,17,198,0.021281423047184944
6455,17,199,0.032426830381155014
6456,17,200,0.004018963780254126
6457,17,201,0.013086067512631416
6458,17,202,0.04869282618165016
6459,17,203,0.02443436160683632
6460,17,204,0.020079176872968674
6461,17,205,0.1015361100435257
6462,17,206,0.014486094936728477
6463,17,207,0.01770659349858761
6464,17,208,0.03198051080107689
6465,17,209,0.030143138021230698
6466,17,210,0.020320072770118713
6467,17,211,0.022955024614930153
6468,17,212,0.032206375151872635
6469,17,213,0.013503705151379108
6470,17,214,0.05974472686648369
6471,17,215,0.10036642849445343
6472,17,216,0.04412909224629402
6473,17,217,0.1273002326488495
6474,17,218,0.011227551847696304
6475,17,219,0.01795181632041931
6476,17,220,0.06390886008739471
6477,17,221,0.03602339327335358
6478,17,222,0.04772893339395523
6479,17,223,0.07706204056739807
6480,17,224,0.03349731117486954
6481,17,225,0.061985380947589874
6482,17,226,0.02166457660496235
6483,17,227,0.026714911684393883
6484,17,228,0.05780557915568352
6485,17,229,0.0584065280854702
6486,17,230,0.06423374265432358
6487,17,231,0.03919409215450287
6488,17,232,0.030645154416561127
6489,17,233,0.09506932646036148
6490,17,234,0.05226707458496094
6491,17,235,0.11173512041568756
6492,17,236,0.011174931190907955
6493,17,237,0.05582502484321594
6494,17,238,0.08187849074602127
6495,17,239,0.005353512242436409
6496,17,240,0.03433971107006073
6497,17,241,0.058732904493808746
6498,17,242,0.05331696569919586
6499,17,243,0.04752430319786072
6500,17,244,0.023967130109667778
6501,17,245,0.09094107151031494
6502,17,246,0.1462937593460083
6503,17,247,0.05998801067471504
6504,17,248,0.07261881977319717
6505,17,249,0.09035971760749817
6506,17,250,0.046375490725040436
6507,17,251,0.06834690272808075
6508,17,252,0.07223493605852127
6509,17,253,0.08370964974164963
6510,17,254,0.06725262105464935
6511,17,255,0.06742510944604874
6512,17,256,0.06804385036230087
6513,17,257,0.037966884672641754
6514,17,258,0.06313212215900421
6515,17,259,0.07684516161680222
6516,17,260,0.018130777403712273
6517,17,261,0.08057572692632675
6518,17,262,0.02009672299027443
6519,17,263,0.0672912746667862
6520,17,264,0.03988328203558922
6521,17,265,0.02411981113255024
6522,17,266,0.09196162223815918
6523,17,267,0.01335357315838337
6524,17,268,0.05457070842385292
6525,17,269,0.018222909420728683
6526,17,270,0.054586686193943024
6527,17,271,0.04651787132024765
6528,17,272,0.056264545768499374
6529,17,273,0.03210717812180519
6530,17,274,0.05575883015990257
6531,17,275,0.04560789093375206
6532,17,276,0.09148508310317993
6533,17,277,0.06669624149799347
6534,17,278,0.07298899441957474
6535,17,279,0.06934600323438644
6536,17,280,0.10605214536190033
6537,17,281,0.040135227143764496
6538,17,282,0.07298790663480759
6539,17,283,0.06361697614192963
6540,17,284,0.05319993197917938
6541,17,285,0.08040079474449158
6542,17,286,0.09934675693511963
6543,17,287,0.050835657864809036
6544,17,288,0.048293597996234894
6545,17,289,0.021087879315018654
6546,17,290,0.03892533853650093
6547,17,291,0.026208052411675453
6548,17,292,0.1639576107263565
6549,17,293,0.0845077782869339
6550,17,294,0.10051073133945465
6551,17,295,0.01878829300403595
6552,17,296,0.09737532585859299
6553,17,297,0.03352045267820358
6554,17,298,0.12706558406352997
6555,17,299,0.03121010772883892
6556,17,300,0.05492096021771431
6557,17,301,0.16657651960849762
6558,17,302,0.11485540121793747
6559,17,303,0.009513435885310173
6560,17,304,0.021750491112470627
6561,17,305,0.12176517397165298
6562,17,306,0.10123651474714279
6563,17,307,0.06506627053022385
6564,17,308,0.07089941948652267
6565,17,309,0.018050018697977066
6566,17,310,0.03951316699385643
6567,17,311,0.054777711629867554
6568,17,312,0.08826452493667603
6569,17,313,0.024394702166318893
6570,17,314,0.058780912309885025
6571,17,315,0.09473101794719696
6572,17,316,0.051636096090078354
6573,17,317,0.05002697929739952
6574,17,318,0.061492081731557846
6575,17,319,0.035351578146219254
6576,17,320,0.06682203710079193
6577,17,321,0.032011669129133224
6578,17,322,0.15044721961021423
6579,17,323,0.10176783800125122
6580,17,324,0.06266169995069504
6581,17,325,0.042051009833812714
6582,17,326,0.039572153240442276
6583,17,327,0.07362746447324753
6584,17,328,0.02723211608827114
6585,17,329,0.0442054346203804
6586,17,330,0.06591462343931198
6587,17,331,0.04775508493185043
6588,17,332,0.07900131493806839
6589,17,333,0.03257233649492264
6590,17,334,0.031721003353595734
6591,17,335,0.09340529143810272
6592,17,336,0.0717136412858963
6593,17,337,0.12533214688301086
6594,17,338,0.15479768812656403
6595,17,339,0.05389218404889107
6596,17,340,0.07622542232275009
6597,17,341,0.03348177671432495
6598,17,342,0.04946461319923401
6599,17,343,0.1402326077222824
6600,17,344,0.10828734189271927
6601,17,345,0.01859734207391739
6602,17,346,0.06446333974599838
6603,17,347,0.03348328918218613
6604,17,348,0.10151152312755585
6605,17,349,0.03495252877473831
6606,17,350,0.07551519572734833
6607,17,351,0.05492100864648819
6608,17,352,0.08245214819908142
6609,17,353,0.09549267590045929
6610,17,354,0.06640435010194778
6611,17,355,0.06571286171674728
6612,17,356,0.1010984256863594
6613,17,357,0.03423824906349182
6614,17,358,0.11448994278907776
6615,17,359,0.027312565594911575
6616,17,360,0.03127356618642807
6617,17,361,0.05469396710395813
6618,17,362,0.049409642815589905
6619,17,363,0.0645442083477974
6620,17,364,0.055901024490594864
6621,17,365,0.05679451301693916
6622,17,366,0.047396689653396606
6623,17,367,0.11093977093696594
6624,17,368,0.14290960133075714
6625,17,369,0.06276343762874603
6626,17,370,0.02470529079437256
6627,17,371,0.06703750789165497
6628,17,372,0.06287193298339844
6629,17,373,0.0192383024841547
6630,17,374,0.012556971050798893
6631,17,375,0.058269768953323364
6632,17,376,0.11522593349218369
6633,17,377,0.01238938421010971
6634,17,378,0.07951413094997406
6635,17,379,0.06578738242387772
6636,17,380,0.08655831962823868
6637,17,381,0.01133717317134142
6638,17,382,0.03023109957575798
6639,17,383,0.06369687616825104
6640,17,384,0.05447034910321236
6641,17,385,0.02622012048959732
6642,17,386,0.12453151494264603
6643,17,387,0.04227745160460472
6644,17,388,0.0581328459084034
6645,17,389,0.022912105545401573
6646,17,390,0.04681676998734474
6647,17,391,0.018850307911634445
6648,18,1,0.024491596966981888
6649,18,2,0.03989734500646591
6650,18,3,0.06492343544960022
6651,18,4,0.11357071250677109
6652,18,5,0.1258256435394287
6653,18,6,0.00801274087280035
6654,18,7,0.07266449928283691
6655,18,8,0.03165484219789505
6656,18,9,0.06896732747554779
6657,18,10,0.04096566140651703
6658,18,11,0.043726205825805664
6659,18,12,0.029922358691692352
6660,18,13,0.08106105029582977
6661,18,14,0.024622736498713493
6662,18,15,0.03387267887592316
6663,18,16,0.014082090929150581
6664,18,17,0.041216760873794556
6665,18,18,0.07690446078777313
6666,18,19,0.036904871463775635
6667,18,20,0.02727763168513775
6668,18,21,0.05737631395459175
6669,18,22,0.017963342368602753
6670,18,23,0.1525295525789261
6671,18,24,0.018822316080331802
6672,18,25,0.026431838050484657
6673,18,26,0.02848183922469616
6674,18,27,0.015221693553030491
6675,18,28,0.04903354495763779
6676,18,29,0.03344634547829628
6677,18,30,0.037645578384399414
6678,18,31,0.0207756906747818
6679,18,32,0.02121063880622387
6680,18,33,0.006890939548611641
6681,18,34,0.13337191939353943
6682,18,35,0.06563308835029602
6683,18,36,0.020825212821364403
6684,18,37,0.034127090126276016
6685,18,38,0.05088392645120621
6686,18,39,0.024026963859796524
6687,18,40,0.027483461424708366
6688,18,41,0.021223168820142746
6689,18,42,0.06509979814291
6690,18,43,0.046150997281074524
6691,18,44,0.11084190756082535
6692,18,45,0.08090882003307343
6693,18,46,0.013167278841137886
6694,18,47,0.022213196381926537
6695,18,48,0.08088402450084686
6696,18,49,0.015455057844519615
6697,18,50,0.02225249819457531
6698,18,51,0.0357900969684124
6699,18,52,0.023104045540094376
6700,18,53,0.005998622626066208
6701,18,54,0.02685924805700779
6702,18,55,0.022319069132208824
6703,18,56,0.01733037829399109
6704,18,57,0.02475317008793354
6705,18,58,0.052305128425359726
6706,18,59,0.03397153317928314
6707,18,60,0.027709655463695526
6708,18,61,0.004418050404638052
6709,18,62,0.028434574604034424
6710,18,63,0.04957539588212967
6711,18,64,0.018221911042928696
6712,18,65,0.005499050486832857
6713,18,66,0.028571700677275658
6714,18,67,0.06029235199093819
6715,18,68,0.020253637805581093
6716,18,69,0.016386592760682106
6717,18,70,0.014880840666592121
6718,18,71,0.0296096820384264
6719,18,72,0.019810495898127556
6720,18,73,0.02522699162364006
6721,18,74,0.0682818740606308
6722,18,75,0.03169197961688042
6723,18,76,0.03811464458703995
6724,18,77,0.04436425492167473
6725,18,78,0.030618993565440178
6726,18,79,0.01357247494161129
6727,18,80,0.02207999862730503
6728,18,81,0.03743509575724602
6729,18,82,0.043557774275541306
6730,18,83,0.03070557862520218
6731,18,84,0.06148044392466545
6732,18,85,0.01485490147024393
6733,18,86,0.07279465347528458
6734,18,87,0.028231598436832428
6735,18,88,0.03686617687344551
6736,18,89,0.09053675830364227
6737,18,90,0.04417354613542557
6738,18,91,0.011133954860270023
6739,18,92,0.01596277765929699
6740,18,93,0.00821525789797306
6741,18,94,0.010781633667647839
6742,18,95,0.026874221861362457
6743,18,96,0.014069519005715847
6744,18,97,0.012965946458280087
6745,18,98,0.05251172557473183
6746,18,99,0.023610252887010574
6747,18,100,0.013491129502654076
6748,18,101,0.04533533751964569
6749,18,102,0.01058746874332428
6750,18,103,0.016909444704651833
6751,18,104,0.040150031447410583
6752,18,105,0.01783120073378086
6753,18,106,0.07092569768428802
6754,18,107,0.011727839708328247
6755,18,108,0.042483747005462646
6756,18,109,0.022179465740919113
6757,18,110,0.07407853752374649
6758,18,111,0.02710811048746109
6759,18,112,0.03371891379356384
6760,18,113,0.065074123442173
6761,18,114,0.032099079340696335
6762,18,115,0.02918899431824684
6763,18,116,0.05566320940852165
6764,18,117,0.011248568072915077
6765,18,118,0.017355214804410934
6766,18,119,0.057028308510780334
6767,18,120,0.013130283914506435
6768,18,121,0.006428779102861881
6769,18,122,0.020515842363238335
6770,18,123,0.021244529634714127
6771,18,124,0.03109476901590824
6772,18,125,0.055893078446388245
6773,18,126,0.0295756533741951
6774,18,127,0.033101636916399
6775,18,128,0.0045446185395121574
6776,18,129,0.04081893712282181
6777,18,130,0.012625256553292274
6778,18,131,0.00812807772308588
6779,18,132,0.08745788037776947
6780,18,133,0.013678380288183689
6781,18,134,0.006218319293111563
6782,18,135,0.006825939752161503
6783,18,136,0.026973316445946693
6784,18,137,0.03009234555065632
6785,18,138,0.014774654991924763
6786,18,139,0.012363221496343613
6787,18,140,0.039582509547472
6788,18,141,0.10469938814640045
6789,18,142,0.017233651131391525
6790,18,143,0.007990420795977116
6791,18,144,0.020408805459737778
6792,18,145,0.046250537037849426
6793,18,146,0.009340550750494003
6794,18,147,0.007846408523619175
6795,18,148,0.08268745243549347
6796,18,149,0.09749419242143631
6797,18,150,0.02581772394478321
6798,18,151,0.018353931605815887
6799,18,152,0.0518474318087101
6800,18,153,0.011736930347979069
6801,18,154,0.0356207974255085
6802,18,155,0.02906002290546894
6803,18,156,0.059596557170152664
6804,18,157,0.045269422233104706
6805,18,158,0.03474413603544235
6806,18,159,0.0057907309383153915
6807,18,160,0.0074264598079025745
6808,18,161,0.026428410783410072
6809,18,162,0.01446797326207161
6810,18,163,0.04931100085377693
6811,18,164,0.05785065144300461
6812,18,165,0.09907262772321701
6813,18,166,0.0344536155462265
6814,18,167,0.005455850623548031
6815,18,168,0.013608274050056934
6816,18,169,0.013429608196020126
6817,18,170,0.018222322687506676
6818,18,171,0.0569482184946537
6819,18,172,0.019201697781682014
6820,18,173,0.03223305195569992
6821,18,174,0.057754963636398315
6822,18,175,0.05042296648025513
6823,18,176,0.007200859021395445
6824,18,177,0.028961459174752235
6825,18,178,0.008489374071359634
6826,18,179,0.01595720648765564
6827,18,180,0.052721548825502396
6828,18,181,0.05415387079119682
6829,18,182,0.0216719601303339
6830,18,183,0.005912909284234047
6831,18,184,0.010310640558600426
6832,18,185,0.053630247712135315
6833,18,186,0.033722955733537674
6834,18,187,0.0451182946562767
6835,18,188,0.040084026753902435
6836,18,189,0.0561382919549942
6837,18,190,0.011949329636991024
6838,18,191,0.010797369293868542
6839,18,192,0.039997272193431854
6840,18,193,0.10246025770902634
6841,18,194,0.0630878359079361
6842,18,195,0.07564917951822281
6843,18,196,0.028159216046333313
6844,18,197,0.0047762710601091385
6845,18,198,0.014420345425605774
6846,18,199,0.02888929285109043
6847,18,200,0.038797661662101746
6848,18,201,0.06771811842918396
6849,18,202,0.024850452318787575
6850,18,203,0.07301054149866104
6851,18,204,0.060979995876550674
6852,18,205,0.07855170220136642
6853,18,206,0.018454935401678085
6854,18,207,0.01316692866384983
6855,18,208,0.04534892365336418
6856,18,209,0.09715423732995987
6857,18,210,0.02625914290547371
6858,18,211,0.03170907497406006
6859,18,212,0.05262618884444237
6860,18,213,0.03699210658669472
6861,18,214,0.03222713991999626
6862,18,215,0.0766449123620987
6863,18,216,0.0254915039986372
6864,18,217,0.013617672957479954
6865,18,218,0.00964138563722372
6866,18,219,0.007904188707470894
6867,18,220,0.01662098430097103
6868,18,221,0.041027385741472244
6869,18,222,0.057367999106645584
6870,18,223,0.005789848044514656
6871,18,224,0.05905359983444214
6872,18,225,0.04615144059062004
6873,18,226,0.01921340450644493
6874,18,227,0.03395610675215721
6875,18,228,0.03471757844090462
6876,18,229,0.024181678891181946
6877,18,230,0.08437834680080414
6878,18,231,0.03953070938587189
6879,18,232,0.02389703132212162
6880,18,233,0.016862278804183006
6881,18,234,0.05327736958861351
6882,18,235,0.04000113531947136
6883,18,236,0.08971378952264786
6884,18,237,0.036722201853990555
6885,18,238,0.06858444958925247
6886,18,239,0.03809819370508194
6887,18,240,0.09601281583309174
6888,18,241,0.03445206955075264
6889,18,242,0.030663933604955673
6890,18,243,0.041548799723386765
6891,18,244,0.06160552054643631
6892,18,245,0.017790529876947403
6893,18,246,0.09871448576450348
6894,18,247,0.0487782247364521
6895,18,248,0.030495602637529373
6896,18,249,0.07014869153499603
6897,18,250,0.056008853018283844
6898,18,251,0.03487192839384079
6899,18,252,0.013171040453016758
6900,18,253,0.06667398661375046
6901,18,254,0.08978668600320816
6902,18,255,0.04823964834213257
6903,18,256,0.07731697708368301
6904,18,257,0.0515313558280468
6905,18,258,0.0316295363008976
6906,18,259,0.06470625102519989
6907,18,260,0.08042792230844498
6908,18,261,0.026814719662070274
6909,18,262,0.042893655598163605
6910,18,263,0.0871821939945221
6911,18,264,0.06605251133441925
6912,18,265,0.026701640337705612
6913,18,266,0.08370319753885269
6914,18,267,0.04827754944562912
6915,18,268,0.016337187960743904
6916,18,269,0.03258821740746498
6917,18,270,0.08629615604877472
6918,18,271,0.1254405677318573
6919,18,272,0.02001567929983139
6920,18,273,0.07358509302139282
6921,18,274,0.01096250768750906
6922,18,275,0.06665994971990585
6923,18,276,0.0338791161775589
6924,18,277,0.025928128510713577
6925,18,278,0.047556377947330475
6926,18,279,0.01006393227726221
6927,18,280,0.038852836936712265
6928,18,281,0.04130163788795471
6929,18,282,0.04877719283103943
6930,18,283,0.005565437953919172
6931,18,284,0.05266403779387474
6932,18,285,0.05233941227197647
6933,18,286,0.0657723993062973
6934,18,287,0.04272526502609253
6935,18,288,0.03481839969754219
6936,18,289,0.038028039038181305
6937,18,290,0.053166575729846954
6938,18,291,0.07475440949201584
6939,18,292,0.0698905810713768
6940,18,293,0.03920932859182358
6941,18,294,0.029854299500584602
6942,18,295,0.05895484611392021
6943,18,296,0.06533309817314148
6944,18,297,0.0160820409655571
6945,18,298,0.018630804494023323
6946,18,299,0.061606694012880325
6947,18,300,0.012384341098368168
6948,18,301,0.037513367831707
6949,18,302,0.02456175908446312
6950,18,303,0.034375011920928955
6951,18,304,0.08897732943296432
6952,18,305,0.07565153390169144
6953,18,306,0.06597160547971725
6954,18,307,0.01604568399488926
6955,18,308,0.056217972189188004
6956,18,309,0.007700716145336628
6957,18,310,0.08460430055856705
6958,18,311,0.0988256111741066
6959,18,312,0.07741720229387283
6960,18,313,0.03633400425314903
6961,18,314,0.026446808129549026
6962,18,315,0.06805910915136337
6963,18,316,0.06346535682678223
6964,18,317,0.05360699072480202
6965,18,318,0.01656401716172695
6966,18,319,0.05713525041937828
6967,18,320,0.03450604900717735
6968,18,321,0.09161439538002014
6969,18,322,0.07288018614053726
6970,18,323,0.06840964406728745
6971,18,324,0.048880212008953094
6972,18,325,0.08671483397483826
6973,18,326,0.10791617631912231
6974,18,327,0.04273609817028046
6975,18,328,0.08352723717689514
6976,18,329,0.05240824818611145
6977,18,330,0.07993115484714508
6978,18,331,0.06229773908853531
6979,18,332,0.12128470093011856
6980,18,333,0.07369562238454819
6981,18,334,0.10189004987478256
6982,18,335,0.059208206832408905
6983,18,336,0.062152471393346786
6984,18,337,0.08215424418449402
6985,18,338,0.04147816821932793
6986,18,339,0.0323248952627182
6987,18,340,0.02523893117904663
6988,18,341,0.15004035830497742
6989,18,342,0.04092549532651901
6990,18,343,0.06453663110733032
6991,18,344,0.07720542699098587
6992,18,345,0.20100617408752441
6993,18,346,0.03309886157512665
6994,18,347,0.0522586926817894
6995,18,348,0.06135445833206177
6996,18,349,0.1029585525393486
6997,18,350,0.07044202834367752
6998,18,351,0.02241816744208336
6999,18,352,0.02486172318458557
7000,18,353,0.11112870275974274
7001,18,354,0.02720295637845993
7002,18,355,0.0483100526034832
7003,18,356,0.16849979758262634
7004,18,357,0.05542166531085968
7005,18,358,0.07876885682344437
7006,18,359,0.037980105727910995
7007,18,360,0.09967733174562454
7008,18,361,0.051720913499593735
7009,18,362,0.04362720623612404
7010,18,363,0.0588875338435173
7011,18,364,0.01543811522424221
7012,18,365,0.0864364430308342
7013,18,366,0.022613324224948883
7014,18,367,0.06978429108858109
7015,18,368,0.034490104764699936
7016,18,369,0.0682823657989502
7017,18,370,0.09042364358901978
7018,18,371,0.07477029412984848
7019,18,372,0.04375587776303291
7020,18,373,0.11592660844326019
7021,18,374,0.019586710259318352
7022,18,375,0.06657207012176514
7023,18,376,0.08474452793598175
7024,18,377,0.03888922184705734
7025,18,378,0.0671967938542366
7026,18,379,0.09974290430545807
7027,18,380,0.05426456406712532
7028,18,381,0.051567524671554565
7029,18,382,0.03813983127474785
7030,18,383,0.026379747316241264
7031,18,384,0.07956688851118088
7032,18,385,0.08209391683340073
7033,18,386,0.0947193130850792
7034,18,387,0.05012936145067215
7035,18,388,0.060181595385074615
7036,18,389,0.18836431205272675
7037,18,390,0.025048311799764633
7038,18,391,0.053401052951812744
7039,19,1,0.04776952788233757
7040,19,2,0.006725799757987261
7041,19,3,0.00567401759326458
7042,19,4,0.10312303900718689
7043,19,5,0.08072267472743988
7044,19,6,0.009121546521782875
7045,19,7,0.0532214529812336
7046,19,8,0.06763637065887451
7047,19,9,0.11830414831638336
7048,19,10,0.04746721684932709
7049,19,11,0.024050110951066017
7050,19,12,0.03573606535792351
7051,19,13,0.041215021163225174
7052,19,14,0.04847225919365883
7053,19,15,0.03861517831683159
7054,19,16,0.0405770018696785
7055,19,17,0.03210014849901199
7056,19,18,0.03314250707626343
7057,19,19,0.04115242883563042
7058,19,20,0.0603594072163105
7059,19,21,0.056284721940755844
7060,19,22,0.03481118753552437
7061,19,23,0.027689533308148384
7062,19,24,0.06928609311580658
7063,19,25,0.05065301060676575
7064,19,26,0.032620105892419815
7065,19,27,0.03681022673845291
7066,19,28,0.016588883474469185
7067,19,29,0.12618927657604218
7068,19,30,0.08456398546695709
7069,19,31,0.10088859498500824
7070,19,32,0.04154151678085327
7071,19,33,0.01845749281346798
7072,19,34,0.01677646115422249
7073,19,35,0.0056007541716098785
7074,19,36,0.029570190235972404
7075,19,37,0.08238248527050018
7076,19,38,0.033098943531513214
7077,19,39,0.035431891679763794
7078,19,40,0.040127888321876526
7079,19,41,0.06565157324075699
7080,19,42,0.03571518510580063
7081,19,43,0.045774128288030624
7082,19,44,0.004882198292762041
7083,19,45,0.023914773017168045
7084,19,46,0.021877191960811615
7085,19,47,0.09079621732234955
7086,19,48,0.03172038123011589
7087,19,49,0.049475882202386856
7088,19,50,0.051778644323349
7089,19,51,0.02061433531343937
7090,19,52,0.03746643289923668
7091,19,53,0.030842473730444908
7092,19,54,0.05831493064761162
7093,19,55,0.017070045694708824
7094,19,56,0.03770522028207779
7095,19,57,0.030291788280010223
7096,19,58,0.031800806522369385
7097,19,59,0.10325100272893906
7098,19,60,0.008995287120342255
7099,19,61,0.035739362239837646
7100,19,62,0.029252085834741592
7101,19,63,0.05871202051639557
7102,19,64,0.049937717616558075
7103,19,65,0.05317707359790802
7104,19,66,0.016219500452280045
7105,19,67,0.03675351291894913
7106,19,68,0.05263451859354973
7107,19,69,0.06343897432088852
7108,19,70,0.06986390799283981
7109,19,71,0.013814223930239677
7110,19,72,0.017228811979293823
7111,19,73,0.0512387715280056
7112,19,74,0.003424642374739051
7113,19,75,0.0022744564339518547
7114,19,76,0.029653867706656456
7115,19,77,0.016660820692777634
7116,19,78,0.0348786786198616
7117,19,79,0.0434100404381752
7118,19,80,0.019370736554265022
7119,19,81,0.05751034617424011
7120,19,82,0.08174722641706467
7121,19,83,0.03534461185336113
7122,19,84,0.02758769504725933
7123,19,85,0.028559233993291855
7124,19,86,0.046610236167907715
7125,19,87,0.05156511068344116
7126,19,88,0.02905336767435074
7127,19,89,0.028511427342891693
7128,19,90,0.061570703983306885
7129,19,91,0.022707633674144745
7130,19,92,0.10479568690061569
7131,19,93,0.022170228883624077
7132,19,94,0.040091805160045624
7133,19,95,0.08206518739461899
7134,19,96,0.011289507150650024
7135,19,97,0.0124139916151762
7136,19,98,0.015696587041020393
7137,19,99,0.04021730646491051
7138,19,100,0.028794609010219574
7139,19,101,0.025910215452313423
7140,19,102,0.13440930843353271
7141,19,103,0.10913534462451935
7142,19,104,0.030676215887069702
7143,19,105,0.03972736373543739
7144,19,106,0.039751969277858734
7145,19,107,0.04847975820302963
7146,19,108,0.019956856966018677
7147,19,109,0.02631247788667679
7148,19,110,0.06431882828474045
7149,19,111,0.030711861327290535
7150,19,112,0.014540686272084713
7151,19,113,0.011068427935242653
7152,19,114,0.09529789537191391
7153,19,115,0.020259778946638107
7154,19,116,0.0500982403755188
7155,19,117,0.02985939010977745
7156,19,118,0.03786783665418625
7157,19,119,0.018584545701742172
7158,19,120,0.033511217683553696
7159,19,121,0.048734843730926514
7160,19,122,0.012004411779344082
7161,19,123,0.05655544996261597
7162,19,124,0.014451874420046806
7163,19,125,0.04493776708841324
7164,19,126,0.06923811882734299
7165,19,127,0.07870689034461975
7166,19,128,0.058716677129268646
7167,19,129,0.03145285323262215
7168,19,130,0.029003027826547623
7169,19,131,0.0244032833725214
7170,19,132,0.029081938788294792
7171,19,133,0.03510981425642967
7172,19,134,0.012554026208817959
7173,19,135,0.01982109062373638
7174,19,136,0.02698875218629837
7175,19,137,0.03399699553847313
7176,19,138,0.053774211555719376
7177,19,139,0.057277437299489975
7178,19,140,0.05811336636543274
7179,19,141,0.07438548654317856
7180,19,142,0.04136205092072487
7181,19,143,0.02254529297351837
7182,19,144,0.05874542146921158
7183,19,145,0.0326162651181221
7184,19,146,0.02107088640332222
7185,19,147,0.012254890985786915
7186,19,148,0.01125416811555624
7187,19,149,0.05140785127878189
7188,19,150,0.043090347200632095
7189,19,151,0.047506023198366165
7190,19,152,0.020698310807347298
7191,19,153,0.054107666015625
7192,19,154,0.07937050610780716
7193,19,155,0.09331900626420975
7194,19,156,0.02134368196129799
7195,19,157,0.017833750694990158
7196,19,158,0.024923814460635185
7197,19,159,0.040165483951568604
7198,19,160,0.02484976314008236
7199,19,161,0.04371163621544838
7200,19,162,0.1011633425951004
7201,19,163,0.08035877346992493
7202,19,164,0.06365787982940674
7203,19,165,0.09234318882226944
7204,19,166,0.07407472282648087
7205,19,167,0.04836524277925491
7206,19,168,0.06865406036376953
7207,19,169,0.03272181749343872
7208,19,170,0.03120400942862034
7209,19,171,0.06253516674041748
7210,19,172,0.042154066264629364
7211,19,173,0.03590080887079239
7212,19,174,0.032583944499492645
7213,19,175,0.04459280148148537
7214,19,176,0.026451338082551956
7215,19,177,0.05524381250143051
7216,19,178,0.1694153994321823
7217,19,179,0.08385571837425232
7218,19,180,0.047072283923625946
7219,19,181,0.11618249118328094
7220,19,182,0.05118771269917488
7221,19,183,0.0873977467417717
7222,19,184,0.07300259917974472
7223,19,185,0.006446496583521366
7224,19,186,0.03079959936439991
7225,19,187,0.03870014101266861
7226,19,188,0.05468638613820076
7227,19,189,0.02539435587823391
7228,19,190,0.0487263984978199
7229,19,191,0.0842558816075325
7230,19,192,0.049672406166791916
7231,19,193,0.07492159307003021
7232,19,194,0.05479073151946068
7233,19,195,0.032934099435806274
7234,19,196,0.05836603417992592
7235,19,197,0.08313487470149994
7236,19,198,0.08665024489164352
7237,19,199,0.04793297499418259
7238,19,200,0.026591980829834938
7239,19,201,0.06251237541437149
7240,19,202,0.05741196125745773
7241,19,203,0.03484562411904335
7242,19,204,0.039290811866521835
7243,19,205,0.031098321080207825
7244,19,206,0.03583917394280434
7245,19,207,0.06755957007408142
7246,19,208,0.04719259589910507
7247,19,209,0.0388760045170784
7248,19,210,0.07373669743537903
7249,19,211,0.04795451834797859
7250,19,212,0.046451881527900696
7251,19,213,0.040708813816308975
7252,19,214,0.052062008529901505
7253,19,215,0.020914806053042412
7254,19,216,0.050205640494823456
7255,19,217,0.046441592276096344
7256,19,218,0.0827181488275528
7257,19,219,0.04838482290506363
7258,19,220,0.012765820138156414
7259,19,221,0.0337040014564991
7260,19,222,0.10782807320356369
7261,19,223,0.045068833976984024
7262,19,224,0.02474130503833294
7263,19,225,0.04416863992810249
7264,19,226,0.04078831523656845
7265,19,227,0.01912968046963215
7266,19,228,0.0368666797876358
7267,19,229,0.032711707055568695
7268,19,230,0.04635622352361679
7269,19,231,0.02545030228793621
7270,19,232,0.035960853099823
7271,19,233,0.07454980164766312
7272,19,234,0.10496959835290909
7273,19,235,0.041903041303157806
7274,19,236,0.038945212960243225
7275,19,237,0.06249391287565231
7276,19,238,0.04832969978451729
7277,19,239,0.10110870003700256
7278,19,240,0.02712508849799633
7279,19,241,0.026636607944965363
7280,19,242,0.05411659553647041
7281,19,243,0.08838208764791489
7282,19,244,0.04157143086194992
7283,19,245,0.0759304091334343
7284,19,246,0.07437603175640106
7285,19,247,0.0368916392326355
7286,19,248,0.04800849407911301
7287,19,249,0.04751864820718765
7288,19,250,0.0795525386929512
7289,19,251,0.04914913326501846
7290,19,252,0.10671288520097733
7291,19,253,0.07117336988449097
7292,19,254,0.019389040768146515
7293,19,255,0.07696916162967682
7294,19,256,0.02515297196805477
7295,19,257,0.06994662433862686
7296,19,258,0.0058205584064126015
7297,19,259,0.07794157415628433
7298,19,260,0.11943507194519043
7299,19,261,0.10535145550966263
7300,19,262,0.05052822828292847
7301,19,263,0.05132286250591278
7302,19,264,0.019137326627969742
7303,19,265,0.04998646304011345
7304,19,266,0.098908931016922
7305,19,267,0.05847746878862381
7306,19,268,0.010248620063066483
7307,19,269,0.0771343782544136
7308,19,270,0.01503743790090084
7309,19,271,0.0640500858426094
7310,19,272,0.028407061472535133
7311,19,273,0.05236334353685379
7312,19,274,0.052212126553058624
7313,19,275,0.08584991097450256
7314,19,276,0.030392877757549286
7315,19,277,0.031049484387040138
7316,19,278,0.04636640101671219
7317,19,279,0.04309803619980812
7318,19,280,0.01720808446407318
7319,19,281,0.06540871411561966
7320,19,282,0.03281280770897865
7321,19,283,0.041880302131175995
7322,19,284,0.029441725462675095
7323,19,285,0.01839756965637207
7324,19,286,0.09024007618427277
7325,19,287,0.09170889109373093
7326,19,288,0.013144000433385372
7327,19,289,0.027193928137421608
7328,19,290,0.05860812962055206
7329,19,291,0.06331972777843475
7330,19,292,0.07845581322908401
7331,19,293,0.013903326354920864
7332,19,294,0.030157573521137238
7333,19,295,0.040229491889476776
7334,19,296,0.05088392272591591
7335,19,297,0.014834823086857796
7336,19,298,0.007148655131459236
7337,19,299,0.056016530841588974
7338,19,300,0.023163342848420143
7339,19,301,0.05082455277442932
7340,19,302,0.028609249740839005
7341,19,303,0.015214866027235985
7342,19,304,0.1466798633337021
7343,19,305,0.0457242950797081
7344,19,306,0.022254783660173416
7345,19,307,0.057395707815885544
7346,19,308,0.03592347726225853
7347,19,309,0.024300264194607735
7348,19,310,0.07711464166641235
7349,19,311,0.039532460272312164
7350,19,312,0.03582017496228218
7351,19,313,0.11285039782524109
7352,19,314,0.05278699845075607
7353,19,315,0.024499569088220596
7354,19,316,0.03216570243239403
7355,19,317,0.041650090366601944
7356,19,318,0.04065507650375366
7357,19,319,0.0926498994231224
7358,19,320,0.1491708904504776
7359,19,321,0.0484507754445076
7360,19,322,0.028772756457328796
7361,19,323,0.011907416395843029
7362,19,324,0.034523118287324905
7363,19,325,0.01780693233013153
7364,19,326,0.0822787880897522
7365,19,327,0.11270354688167572
7366,19,328,0.03611958026885986
7367,19,329,0.02575829066336155
7368,19,330,0.05599715933203697
7369,19,331,0.026844188570976257
7370,19,332,0.029274648055434227
7371,19,333,0.05696430429816246
7372,19,334,0.14975643157958984
7373,19,335,0.05167320743203163
7374,19,336,0.04669494554400444
7375,19,337,0.054117269814014435
7376,19,338,0.03098483383655548
7377,19,339,0.0595940425992012
7378,19,340,0.07371059060096741
7379,19,341,0.041314028203487396
7380,19,342,0.049285948276519775
7381,19,343,0.05688813701272011
7382,19,344,0.10571348667144775
7383,19,345,0.11027245968580246
7384,19,346,0.03633628413081169
7385,19,347,0.04822401702404022
7386,19,348,0.07982368767261505
7387,19,349,0.1330118328332901
7388,19,350,0.04850655421614647
7389,19,351,0.008575805462896824
7390,19,352,0.022366980090737343
7391,19,353,0.04781489446759224
7392,19,354,0.10639918595552444
7393,19,355,0.027666734531521797
7394,19,356,0.18815970420837402
7395,19,357,0.06315184384584427
7396,19,358,0.18405450880527496
7397,19,359,0.10238149017095566
7398,19,360,0.011473468504846096
7399,19,361,0.0361536405980587
7400,19,362,0.0862722247838974
7401,19,363,0.0396728515625
7402,19,364,0.12948982417583466
7403,19,365,0.17533567547798157
7404,19,366,0.061061471700668335
7405,19,367,0.017352916300296783
7406,19,368,0.05994304642081261
7407,19,369,0.046281613409519196
7408,19,370,0.02358783781528473
7409,19,371,0.034126050770282745
7410,19,372,0.07832002639770508
7411,19,373,0.05590730160474777
7412,19,374,0.06225748360157013
7413,19,375,0.026646576821804047
7414,19,376,0.029783932492136955
7415,19,377,0.05238231271505356
7416,19,378,0.06880560517311096
7417,19,379,0.04027106612920761
7418,19,380,0.037449754774570465
7419,19,381,0.032393306493759155
7420,19,382,0.10579603910446167
7421,19,383,0.1072547510266304
7422,19,384,0.014251235872507095
7423,19,385,0.061062753200531006
7424,19,386,0.02290179394185543
7425,19,387,0.034104444086551666
7426,19,388,0.10031598061323166
7427,19,389,0.04156411439180374
7428,19,390,0.025585362687706947
7429,19,391,0.00758969783782959
7430,20,1,0.02160949446260929
7431,20,2,0.06976240128278732
7432,20,3,0.017452385276556015
7433,20,4,0.02650582231581211
7434,20,5,0.08809377998113632
7435,20,6,0.028025224804878235
7436,20,7,0.065943643450737
7437,20,8,0.07899204641580582
7438,20,9,0.11213825643062592
7439,20,10,0.0049689835868775845
7440,20,11,0.0523204505443573
7441,20,12,0.02937495894730091
7442,20,13,0.02226194553077221
7443,20,14,0.013404575176537037
7444,20,15,0.01370429340749979
7445,20,16,0.09739163517951965
7446,20,17,0.07443869113922119
7447,20,18,0.061179663985967636
7448,20,19,0.016028156504034996
7449,20,20,0.022130077704787254
7450,20,21,0.05443767458200455
7451,20,22,0.04206576943397522
7452,20,23,0.09484706073999405
7453,20,24,0.023414218798279762
7454,20,25,0.019768865779042244
7455,20,26,0.015039834193885326
7456,20,27,0.03160270303487778
7457,20,28,0.010952256619930267
7458,20,29,0.030415259301662445
7459,20,30,0.02160845324397087
7460,20,31,0.025152212008833885
7461,20,32,0.03682778775691986
7462,20,33,0.03797001391649246
7463,20,34,0.09368868917226791
7464,20,35,0.025268394500017166
7465,20,36,0.018288491293787956
7466,20,37,0.048531174659729004
7467,20,38,0.01598908007144928
7468,20,39,0.04777461290359497
7469,20,40,0.03676318749785423
7470,20,41,0.047841958701610565
7471,20,42,0.06918801367282867
7472,20,43,0.015252482146024704
7473,20,44,0.013870407827198505
7474,20,45,0.08309509605169296
7475,20,46,0.04144706204533577
7476,20,47,0.07380623370409012
7477,20,48,0.014074448496103287
7478,20,49,0.004498142283409834
7479,20,50,0.004335054662078619
7480,20,51,0.021069379523396492
7481,20,52,0.02269970439374447
7482,20,53,0.013909267261624336
7483,20,54,0.11396104842424393
7484,20,55,0.02059740573167801
7485,20,56,0.026961293071508408
7486,20,57,0.04186058044433594
7487,20,58,0.009039929136633873
7488,20,59,0.004584002308547497
7489,20,60,0.008140314370393753
7490,20,61,0.07344654202461243
7491,20,62,0.046559888869524
7492,20,63,0.003898859256878495
7493,20,64,0.02788788639008999
7494,20,65,0.014876294881105423
7495,20,66,0.010244131088256836
7496,20,67,0.05244133248925209
7497,20,68,0.03752722963690758
7498,20,69,0.0187531691044569
7499,20,70,0.021908173337578773
7500,20,71,0.05601121112704277
7501,20,72,0.032327666878700256
7502,20,73,0.04929184168577194
7503,20,74,0.016979150474071503
7504,20,75,0.038225289434194565
7505,20,76,0.05347199738025665
7506,20,77,0.05562358722090721
7507,20,78,0.06350760161876678
7508,20,79,0.008739321492612362
7509,20,80,0.04642624780535698
7510,20,81,0.010156765580177307
7511,20,82,0.03690347820520401
7512,20,83,0.05818352848291397
7513,20,84,0.004226359073072672
7514,20,85,0.0678415596485138
7515,20,86,0.045200664550065994
7516,20,87,0.002359615406021476
7517,20,88,0.025913840159773827
7518,20,89,0.013128113932907581
7519,20,90,0.03220245614647865
7520,20,91,0.03738362714648247
7521,20,92,0.022766336798667908
7522,20,93,0.01661781221628189
7523,20,94,0.029332267120480537
7524,20,95,0.01918492466211319
7525,20,96,0.05114900320768356
7526,20,97,0.040536023676395416
7527,20,98,0.015161959454417229
7528,20,99,0.008838341571390629
7529,20,100,0.051415011286735535
7530,20,101,0.01569419912993908
7531,20,102,0.004470461513847113
7532,20,103,0.05023644492030144
7533,20,104,0.0326763354241848
7534,20,105,0.03696475178003311
7535,20,106,0.03710463270545006
7536,20,107,0.023497946560382843
7537,20,108,0.044264912605285645
7538,20,109,0.021124504506587982
7539,20,110,0.043907780200242996
7540,20,111,0.054830241948366165
7541,20,112,0.03362956643104553
7542,20,113,0.04992462322115898
7543,20,114,0.0191075187176466
7544,20,115,0.00979478470981121
7545,20,116,0.05260789766907692
7546,20,117,0.01981191709637642
7547,20,118,0.03293053060770035
7548,20,119,0.02398727275431156
7549,20,120,0.02753744274377823
7550,20,121,0.033027566969394684
7551,20,122,0.01083320565521717
7552,20,123,0.01212700642645359
7553,20,124,0.005951466970145702
7554,20,125,0.07096794992685318
7555,20,126,0.022741708904504776
7556,20,127,0.04523250833153725
7557,20,128,0.02630705200135708
7558,20,129,0.03675484657287598
7559,20,130,0.013528136536478996
7560,20,131,0.014854704029858112
7561,20,132,0.008247921243309975
7562,20,133,0.009028387255966663
7563,20,134,0.04438192397356033
7564,20,135,0.026254210621118546
7565,20,136,0.10357164591550827
7566,20,137,0.03050670400261879
7567,20,138,0.0275499876588583
7568,20,139,0.0058677769266068935
7569,20,140,0.03128931298851967
7570,20,141,0.005181838292628527
7571,20,142,0.09099040180444717
7572,20,143,0.018221743404865265
7573,20,144,0.056820645928382874
7574,20,145,0.04217157140374184
7575,20,146,0.029824605211615562
7576,20,147,0.022480137646198273
7577,20,148,0.0893116146326065
7578,20,149,0.04109083116054535
7579,20,150,0.020139280706644058
7580,20,151,0.016052227467298508
7581,20,152,0.0321822315454483
7582,20,153,0.018230948597192764
7583,20,154,0.008815937675535679
7584,20,155,0.03032153658568859
7585,20,156,0.015383819118142128
7586,20,157,0.07308567315340042
7587,20,158,0.020154094323515892
7588,20,159,0.013506371527910233
7589,20,160,0.010140086524188519
7590,20,161,0.05241489037871361
7591,20,162,0.06350044906139374
7592,20,163,0.0387660413980484
7593,20,164,0.0044428822584450245
7594,20,165,0.07257940620183945
7595,20,166,0.042795270681381226
7596,20,167,0.03250119090080261
7597,20,168,0.013550294563174248
7598,20,169,0.045399878174066544
7599,20,170,0.039672695100307465
7600,20,171,0.03156756982207298
7601,20,172,0.00285028712823987
7602,20,173,0.021673154085874557
7603,20,174,0.007390858139842749
7604,20,175,0.012016773223876953
7605,20,176,0.11404279619455338
7606,20,177,0.06027732789516449
7607,20,178,0.02284356765449047
7608,20,179,0.008792595937848091
7609,20,180,0.021641196683049202
7610,20,181,0.05727493390440941
7611,20,182,0.05859110876917839
7612,20,183,0.054273635149002075
7613,20,184,0.01070051547139883
7614,20,185,0.01797741837799549
7615,20,186,0.06372817605733871
7616,20,187,0.13241834938526154
7617,20,188,0.02931947633624077
7618,20,189,0.023464791476726532
7619,20,190,0.016215136274695396
7620,20,191,0.02373291552066803
7621,20,192,0.04427375644445419
7622,20,193,0.008329175412654877
7623,20,194,0.04440782591700554
7624,20,195,0.07766145467758179
7625,20,196,0.05312875285744667
7626,20,197,0.00870579108595848
7627,20,198,0.029655445367097855
7628,20,199,0.045574851334095
7629,20,200,0.014424500986933708
7630,20,201,0.03542540967464447
7631,20,202,0.05407183989882469
7632,20,203,0.027220601215958595
7633,20,204,0.01956631988286972
7634,20,205,0.02952657826244831
7635,20,206,0.054046232253313065
7636,20,207,0.034450680017471313
7637,20,208,0.03014408051967621
7638,20,209,0.003860288765281439
7639,20,210,0.08350182324647903
7640,20,211,0.036022379994392395
7641,20,212,0.001617696019820869
7642,20,213,0.02872631326317787
7643,20,214,0.07975950837135315
7644,20,215,0.006726933177560568
7645,20,216,0.06254258006811142
7646,20,217,0.07069355994462967
7647,20,218,0.02320953458547592
7648,20,219,0.02122461423277855
7649,20,220,0.07162333279848099
7650,20,221,0.03061203844845295
7651,20,222,0.016073711216449738
7652,20,223,0.07122069597244263
7653,20,224,0.03661737218499184
7654,20,225,0.08458831161260605
7655,20,226,0.06460756063461304
7656,20,227,0.009313513524830341
7657,20,228,0.07717272639274597
7658,20,229,0.005171420518308878
7659,20,230,0.012319718487560749
7660,20,231,0.046263836324214935
7661,20,232,0.05096028000116348
7662,20,233,0.016178488731384277
7663,20,234,0.009013967588543892
7664,20,235,0.009454104118049145
7665,20,236,0.01642717979848385
7666,20,237,0.0325433686375618
7667,20,238,0.02603408508002758
7668,20,239,0.0499069020152092
7669,20,240,0.035134557634592056
7670,20,241,0.09217553585767746
7671,20,242,0.038381535559892654
7672,20,243,0.012082726694643497
7673,20,244,0.10164348036050797
7674,20,245,0.0418240986764431
7675,20,246,0.052683450281620026
7676,20,247,0.006433428730815649
7677,20,248,0.031165851280093193
7678,20,249,0.01037079468369484
7679,20,250,0.06839264184236526
7680,20,251,0.023829810321331024
7681,20,252,0.05270565301179886
7682,20,253,0.00902347732335329
7683,20,254,0.01708322763442993
7684,20,255,0.05137013643980026
7685,20,256,0.09311436861753464
7686,20,257,0.05470286309719086
7687,20,258,0.0891973003745079
7688,20,259,0.02562738209962845
7689,20,260,0.05311107262969017
7690,20,261,0.02427639067173004
7691,20,262,0.04159832000732422
7692,20,263,0.05043615400791168
7693,20,264,0.05533019080758095
7694,20,265,0.01816314272582531
7695,20,266,0.0998133197426796
7696,20,267,0.06894724071025848
7697,20,268,0.07218094915151596
7698,20,269,0.04599412530660629
7699,20,270,0.034800171852111816
7700,20,271,0.013810641132295132
7701,20,272,0.021580694243311882
7702,20,273,0.07288666814565659
7703,20,274,0.0753350704908371
7704,20,275,0.04721180722117424
7705,20,276,0.10120266675949097
7706,20,277,0.06507400423288345
7707,20,278,0.019425125792622566
7708,20,279,0.054302722215652466
7709,20,280,0.021159620955586433
7710,20,281,0.037484172731637955
7711,20,282,0.025702964514493942
7712,20,283,0.1353040635585785
7713,20,284,0.04059910401701927
7714,20,285,0.07089383155107498
7715,20,286,0.015150231309235096
7716,20,287,0.032421983778476715
7717,20,288,0.045264195650815964
7718,20,289,0.02459142543375492
7719,20,290,0.03216984495520592
7720,20,291,0.041190773248672485
7721,20,292,0.07137603312730789
7722,20,293,0.08315354585647583
7723,20,294,0.01812419295310974
7724,20,295,0.07736888527870178
7725,20,296,0.03645020350813866
7726,20,297,0.017083387821912766
7727,20,298,0.013326980173587799
7728,20,299,0.03221159428358078
7729,20,300,0.028326671570539474
7730,20,301,0.10137657076120377
7731,20,302,0.06845967471599579
7732,20,303,0.02735189162194729
7733,20,304,0.057226210832595825
7734,20,305,0.044578585773706436
7735,20,306,0.04969198256731033
7736,20,307,0.010386757552623749
7737,20,308,0.0139773515984416
7738,20,309,0.041643399745225906
7739,20,310,0.07215462625026703
7740,20,311,0.03525308519601822
7741,20,312,0.06574917584657669
7742,20,313,0.03588618338108063
7743,20,314,0.05958035960793495
7744,20,315,0.03253655880689621
7745,20,316,0.02410803735256195
7746,20,317,0.1075667217373848
7747,20,318,0.027910439297556877
7748,20,319,0.008271254599094391
7749,20,320,0.024376511573791504
7750,20,321,0.06372584402561188
7751,20,322,0.06192062050104141
7752,20,323,0.0410025380551815
7753,20,324,0.01176484301686287
7754,20,325,0.009775755926966667
7755,20,326,0.015493521466851234
7756,20,327,0.048952363431453705
7757,20,328,0.059269342571496964
7758,20,329,0.06891285628080368
7759,20,330,0.054318275302648544
7760,20,331,0.06271002441644669
7761,20,332,0.07626628875732422
7762,20,333,0.0389426089823246
7763,20,334,0.04218345880508423
7764,20,335,0.05058810114860535
7765,20,336,0.08022711426019669
7766,20,337,0.05548520386219025
7767,20,338,0.013083558529615402
7768,20,339,0.06420768797397614
7769,20,340,0.05494399741292
7770,20,341,0.05114901065826416
7771,20,342,0.05371098592877388
7772,20,343,0.05360865592956543
7773,20,344,0.018372636288404465
7774,20,345,0.1198660358786583
7775,20,346,0.04084322974085808
7776,20,347,0.044557735323905945
7777,20,348,0.009869429282844067
7778,20,349,0.04861384630203247
7779,20,350,0.03175029903650284
7780,20,351,0.15870679914951324
7781,20,352,0.0486115999519825
7782,20,353,0.07759878039360046
7783,20,354,0.010928022675216198
7784,20,355,0.03075743466615677
7785,20,356,0.03568916395306587
7786,20,357,0.03173207491636276
7787,20,358,0.09136934578418732
7788,20,359,0.05730344355106354
7789,20,360,0.055731989443302155
7790,20,361,0.028670765459537506
7791,20,362,0.021170444786548615
7792,20,363,0.04260963201522827
7793,20,364,0.031102482229471207
7794,20,365,0.0389888621866703
7795,20,366,0.03149811550974846
7796,20,367,0.023116890341043472
7797,20,368,0.1068902239203453
7798,20,369,0.03917963430285454
7799,20,370,0.02488117292523384
7800,20,371,0.0194889847189188
7801,20,372,0.03971904516220093
7802,20,373,0.026626508682966232
7803,20,374,0.03847358375787735
7804,20,375,0.023382872343063354
7805,20,376,0.0513574555516243
7806,20,377,0.030614783987402916
7807,20,378,0.09118042141199112
7808,20,379,0.05413949117064476
7809,20,380,0.02825593762099743
7810,20,381,0.06224411725997925
7811,20,382,0.061928488314151764
7812,20,383,0.19298453629016876
7813,20,384,0.029531659558415413
7814,20,385,0.041498202830553055
7815,20,386,0.054441723972558975
7816,20,387,0.09118407219648361
7817,20,388,0.09961994737386703
7818,20,389,0.02129439450800419
7819,20,390,0.036224402487277985
7820,20,391,0.030604803934693336
