step,epoch,batch,train_loss
1,1,1,2.3027243614196777
2,1,2,5.091919898986816
3,1,3,2.3035781383514404
4,1,4,2.3022990226745605
5,1,5,2.302117347717285
6,1,6,2.300445795059204
7,1,7,2.3071579933166504
8,1,8,2.3052291870117188
9,1,9,2.3018863201141357
10,1,10,2.298767566680908
11,1,11,2.296133518218994
12,1,12,2.3062546253204346
13,1,13,2.301544427871704
14,1,14,2.3086929321289062
15,1,15,2.3085877895355225
16,1,16,2.302631378173828
17,1,17,2.3094542026519775
18,1,18,2.3073909282684326
19,1,19,2.3033745288848877
20,1,20,2.303163528442383
21,1,21,2.305525064468384
22,1,22,2.3023650646209717
23,1,23,2.3070242404937744
24,1,24,2.302154302597046
25,1,25,2.3033742904663086
26,1,26,2.3088269233703613
27,1,27,2.3050293922424316
28,1,28,2.303722381591797
29,1,29,2.301778793334961
30,1,30,2.307452917098999
31,1,31,2.3000078201293945
32,1,32,2.3013358116149902
33,1,33,2.308128833770752
34,1,34,2.3024518489837646
35,1,35,2.3056581020355225
36,1,36,2.303330898284912
37,1,37,2.3028485774993896
38,1,38,2.3014743328094482
39,1,39,2.3024258613586426
40,1,40,2.3031208515167236
41,1,41,2.2977166175842285
42,1,42,2.311572551727295
43,1,43,2.292982339859009
44,1,44,2.3055460453033447
45,1,45,2.3078036308288574
46,1,46,2.2991602420806885
47,1,47,2.299612045288086
48,1,48,2.298431634902954
49,1,49,2.290231704711914
50,1,50,2.286593198776245
51,1,51,2.2727739810943604
52,1,52,2.293311595916748
53,1,53,2.2876553535461426
54,1,54,2.2663493156433105
55,1,55,2.268782615661621
56,1,56,2.2775585651397705
57,1,57,2.261286735534668
58,1,58,2.283694267272949
59,1,59,2.220172643661499
60,1,60,2.3044164180755615
61,1,61,2.283766508102417
62,1,62,2.290766477584839
63,1,63,2.3007705211639404
64,1,64,2.3034827709198
65,1,65,2.3040707111358643
66,1,66,2.3022642135620117
67,1,67,2.298361301422119
68,1,68,2.293001413345337
69,1,69,2.301252603530884
70,1,70,2.2792866230010986
71,1,71,2.295741081237793
72,1,72,2.271740674972534
73,1,73,2.2672457695007324
74,1,74,2.230151891708374
75,1,75,2.2643914222717285
76,1,76,2.2481672763824463
77,1,77,2.241436004638672
78,1,78,2.3547897338867188
79,1,79,2.258842706680298
80,1,80,2.275862455368042
81,1,81,2.274919271469116
82,1,82,2.2537877559661865
83,1,83,2.2570908069610596
84,1,84,2.2605888843536377
85,1,85,2.271441698074341
86,1,86,2.2524046897888184
87,1,87,2.269315719604492
88,1,88,2.2728185653686523
89,1,89,2.242797374725342
90,1,90,2.1922664642333984
91,1,91,2.2791218757629395
92,1,92,2.2073886394500732
93,1,93,2.2370402812957764
94,1,94,2.22724986076355
95,1,95,2.1651463508605957
96,1,96,2.1929519176483154
97,1,97,2.2124385833740234
98,1,98,2.2569425106048584
99,1,99,2.1926870346069336
100,1,100,2.2420654296875
101,1,101,2.1617791652679443
102,1,102,2.2883248329162598
103,1,103,2.2145094871520996
104,1,104,2.2878646850585938
105,1,105,2.2794389724731445
106,1,106,2.207749843597412
107,1,107,2.2555899620056152
108,1,108,2.2704904079437256
109,1,109,2.2305150032043457
110,1,110,2.2094709873199463
111,1,111,2.205705165863037
112,1,112,2.1589598655700684
113,1,113,2.212998151779175
114,1,114,2.158938407897949
115,1,115,2.1531882286071777
116,1,116,2.213336706161499
117,1,117,2.1659088134765625
118,1,118,2.162229537963867
119,1,119,2.147138833999634
120,1,120,2.2201130390167236
121,1,121,2.1613211631774902
122,1,122,2.2203192710876465
123,1,123,2.164980173110962
124,1,124,2.1656219959259033
125,1,125,2.1599912643432617
126,1,126,2.06618595123291
127,1,127,2.1751317977905273
128,1,128,2.1153881549835205
129,1,129,2.173086643218994
130,1,130,2.0282135009765625
131,1,131,2.14561128616333
132,1,132,2.194998264312744
133,1,133,2.145000457763672
134,1,134,2.1095011234283447
135,1,135,2.1357476711273193
136,1,136,2.032093048095703
137,1,137,2.263768434524536
138,1,138,2.1934638023376465
139,1,139,2.117225408554077
140,1,140,2.1064584255218506
141,1,141,2.0292162895202637
142,1,142,2.0213465690612793
143,1,143,2.0938284397125244
144,1,144,2.0063223838806152
145,1,145,2.06795072555542
146,1,146,2.0443315505981445
147,1,147,2.0190682411193848
148,1,148,2.113687038421631
149,1,149,2.098935127258301
150,1,150,1.9772626161575317
151,1,151,2.1970245838165283
152,1,152,1.9952104091644287
153,1,153,2.126986503601074
154,1,154,1.8984911441802979
155,1,155,1.9671170711517334
156,1,156,1.9951657056808472
157,1,157,2.021700620651245
158,1,158,1.8733458518981934
159,1,159,1.9711008071899414
160,1,160,1.9644402265548706
161,1,161,1.7735446691513062
162,1,162,1.864113688468933
163,1,163,1.8263543844223022
164,1,164,1.8460752964019775
165,1,165,1.9441040754318237
166,1,166,1.9237885475158691
167,1,167,1.9219727516174316
168,1,168,1.9318827390670776
169,1,169,1.928236961364746
170,1,170,2.082066059112549
171,1,171,1.89420485496521
172,1,172,1.9145727157592773
173,1,173,1.9540258646011353
174,1,174,1.9039435386657715
175,1,175,1.9050238132476807
176,1,176,1.9242684841156006
177,1,177,1.8438403606414795
178,1,178,2.0294430255889893
179,1,179,1.8450838327407837
180,1,180,1.835637092590332
181,1,181,1.7512257099151611
182,1,182,1.8699727058410645
183,1,183,1.8712682723999023
184,1,184,1.8246513605117798
185,1,185,1.8670899868011475
186,1,186,1.7897493839263916
187,1,187,1.864211082458496
188,1,188,1.8011009693145752
189,1,189,1.8040512800216675
190,1,190,1.8236297369003296
191,1,191,1.915863037109375
192,1,192,1.7981274127960205
193,1,193,1.7823768854141235
194,1,194,1.8680702447891235
195,1,195,1.6714694499969482
196,1,196,1.7464061975479126
197,1,197,1.7728559970855713
198,1,198,1.659834384918213
199,1,199,1.8691002130508423
200,1,200,1.7991561889648438
201,1,201,1.7790100574493408
202,1,202,2.003833532333374
203,1,203,1.7997416257858276
204,1,204,1.8670705556869507
205,1,205,1.771381139755249
206,1,206,1.8556180000305176
207,1,207,1.7820576429367065
208,1,208,1.7113604545593262
209,1,209,1.844269037246704
210,1,210,1.663159966468811
211,1,211,1.7778271436691284
212,1,212,1.7965322732925415
213,1,213,1.5250352621078491
214,1,214,1.7638314962387085
215,1,215,1.723966360092163
216,1,216,1.767885684967041
217,1,217,1.799344539642334
218,1,218,1.7530595064163208
219,1,219,1.7007125616073608
220,1,220,1.6946964263916016
221,1,221,1.622507929801941
222,1,222,1.7429896593093872
223,1,223,1.8348944187164307
224,1,224,1.765343189239502
225,1,225,1.867716908454895
226,1,226,1.80867600440979
227,1,227,1.6976847648620605
228,1,228,1.6318564414978027
229,1,229,1.6662845611572266
230,1,230,1.6405134201049805
231,1,231,1.7719351053237915
232,1,232,1.9008338451385498
233,1,233,1.5427659749984741
234,1,234,1.6735512018203735
235,1,235,1.674041509628296
236,1,236,1.6894437074661255
237,1,237,1.7223811149597168
238,1,238,1.778184413909912
239,1,239,1.689721703529358
240,1,240,1.8270843029022217
241,1,241,1.6864442825317383
242,1,242,1.6236863136291504
243,1,243,1.5969480276107788
244,1,244,1.6442192792892456
245,1,245,1.6790391206741333
246,1,246,1.621719241142273
247,1,247,1.9344744682312012
248,1,248,1.7324873208999634
249,1,249,1.6077685356140137
250,1,250,1.7997528314590454
251,1,251,1.6770051717758179
252,1,252,1.7544142007827759
253,1,253,1.7013012170791626
254,1,254,1.589165449142456
255,1,255,1.8181153535842896
256,1,256,1.770660638809204
257,1,257,1.6388014554977417
258,1,258,1.7359901666641235
259,1,259,1.6410670280456543
260,1,260,1.6145479679107666
261,1,261,1.6708662509918213
262,1,262,1.6589874029159546
263,1,263,1.5866351127624512
264,1,264,1.6226136684417725
265,1,265,1.6277474164962769
266,1,266,1.8068821430206299
267,1,267,1.5743221044540405
268,1,268,1.649702548980713
269,1,269,1.8377395868301392
270,1,270,1.822898268699646
271,1,271,1.596343755722046
272,1,272,1.7255756855010986
273,1,273,1.8274458646774292
274,1,274,1.6332522630691528
275,1,275,1.793975830078125
276,1,276,1.7009601593017578
277,1,277,1.6655917167663574
278,1,278,1.7741106748580933
279,1,279,1.7701307535171509
280,1,280,1.5999300479888916
281,1,281,1.8103944063186646
282,1,282,1.852094054222107
283,1,283,1.8092869520187378
284,1,284,1.6125613451004028
285,1,285,1.7114726305007935
286,1,286,1.6464712619781494
287,1,287,1.7424336671829224
288,1,288,1.7204736471176147
289,1,289,1.7304511070251465
290,1,290,1.6044514179229736
291,1,291,1.6424752473831177
292,1,292,1.7602965831756592
293,1,293,1.639695167541504
294,1,294,1.647653579711914
295,1,295,1.657830834388733
296,1,296,1.680097222328186
297,1,297,1.6361583471298218
298,1,298,1.572580099105835
299,1,299,1.725708246231079
300,1,300,1.656704306602478
301,1,301,1.6894044876098633
302,1,302,1.6322892904281616
303,1,303,1.6870609521865845
304,1,304,1.6248334646224976
305,1,305,1.6315643787384033
306,1,306,1.623255729675293
307,1,307,1.641670823097229
308,1,308,1.5391708612442017
309,1,309,1.7204701900482178
310,1,310,1.7026442289352417
311,1,311,1.597792387008667
312,1,312,1.6953812837600708
313,1,313,1.7121033668518066
314,1,314,1.6162083148956299
315,1,315,1.6593741178512573
316,1,316,1.5318567752838135
317,1,317,1.6561485528945923
318,1,318,1.6405959129333496
319,1,319,1.6834262609481812
320,1,320,1.8252625465393066
321,1,321,1.654980182647705
322,1,322,1.7426328659057617
323,1,323,1.6500624418258667
324,1,324,1.5858513116836548
325,1,325,1.623131275177002
326,1,326,1.6445205211639404
327,1,327,1.7172709703445435
328,1,328,1.6333428621292114
329,1,329,1.8578814268112183
330,1,330,1.4388179779052734
331,1,331,1.7195271253585815
332,1,332,1.6264241933822632
333,1,333,1.6441826820373535
334,1,334,1.5813283920288086
335,1,335,1.6340306997299194
336,1,336,1.6587436199188232
337,1,337,1.6400389671325684
338,1,338,1.6521939039230347
339,1,339,1.5382829904556274
340,1,340,1.729802131652832
341,1,341,1.7143275737762451
342,1,342,1.5999590158462524
343,1,343,1.6519184112548828
344,1,344,1.5754361152648926
345,1,345,1.6892366409301758
346,1,346,1.6719377040863037
347,1,347,1.586485505104065
348,1,348,1.660407543182373
349,1,349,1.5329469442367554
350,1,350,1.5078539848327637
351,1,351,1.6504186391830444
352,1,352,1.6291979551315308
353,1,353,1.6234967708587646
354,1,354,1.8337128162384033
355,1,355,1.6286667585372925
356,1,356,1.666446328163147
357,1,357,1.7003344297409058
358,1,358,1.5803611278533936
359,1,359,1.6018612384796143
360,1,360,1.7764418125152588
361,1,361,1.7016476392745972
362,1,362,1.7072350978851318
363,1,363,1.5127382278442383
364,1,364,1.7449746131896973
365,1,365,1.6178098917007446
366,1,366,1.5532408952713013
367,1,367,1.6892662048339844
368,1,368,1.5599706172943115
369,1,369,1.5469958782196045
370,1,370,1.615652084350586
371,1,371,1.7114801406860352
372,1,372,1.811384677886963
373,1,373,1.6089593172073364
374,1,374,1.5553929805755615
375,1,375,1.6517847776412964
376,1,376,1.6080235242843628
377,1,377,1.7021692991256714
378,1,378,1.637664794921875
379,1,379,1.6813350915908813
380,1,380,1.5692781209945679
381,1,381,1.6661759614944458
382,1,382,1.565061330795288
383,1,383,1.5026612281799316
384,1,384,1.5912460088729858
385,1,385,1.6828384399414062
386,1,386,1.6123827695846558
387,1,387,1.593677282333374
388,1,388,1.6193327903747559
389,1,389,1.6817567348480225
390,1,390,1.6928505897521973
391,1,391,1.5420725345611572
392,2,1,1.472304344177246
393,2,2,1.6239478588104248
394,2,3,1.7207592725753784
395,2,4,1.5116524696350098
396,2,5,1.586033821105957
397,2,6,1.463613748550415
398,2,7,1.4889165163040161
399,2,8,1.711474895477295
400,2,9,1.6555445194244385
401,2,10,1.6506799459457397
402,2,11,1.62114679813385
403,2,12,1.6994200944900513
404,2,13,1.5488561391830444
405,2,14,1.635348916053772
406,2,15,1.6383682489395142
407,2,16,1.7682348489761353
408,2,17,1.598370909690857
409,2,18,1.6118113994598389
410,2,19,1.597454309463501
411,2,20,1.4645553827285767
412,2,21,1.668548822402954
413,2,22,1.675597906112671
414,2,23,1.4560136795043945
415,2,24,1.4665030241012573
416,2,25,1.6020259857177734
417,2,26,1.6340786218643188
418,2,27,1.7404093742370605
419,2,28,1.6151057481765747
420,2,29,1.645188570022583
421,2,30,1.619293451309204
422,2,31,1.7030874490737915
423,2,32,1.6513813734054565
424,2,33,1.6232373714447021
425,2,34,1.565647840499878
426,2,35,1.5917189121246338
427,2,36,1.5273828506469727
428,2,37,1.5943721532821655
429,2,38,1.4060747623443604
430,2,39,1.5244216918945312
431,2,40,1.6197062730789185
432,2,41,1.6207680702209473
433,2,42,1.5501905679702759
434,2,43,1.5618863105773926
435,2,44,1.6226574182510376
436,2,45,1.545724630355835
437,2,46,1.6460449695587158
438,2,47,1.6581693887710571
439,2,48,1.7263453006744385
440,2,49,1.5568243265151978
441,2,50,1.6589140892028809
442,2,51,1.5183343887329102
443,2,52,1.6349983215332031
444,2,53,1.6487466096878052
445,2,54,1.6404087543487549
446,2,55,1.5381361246109009
447,2,56,1.8394113779067993
448,2,57,1.6442303657531738
449,2,58,1.5681991577148438
450,2,59,1.7754101753234863
451,2,60,1.6459250450134277
452,2,61,1.495488166809082
453,2,62,1.6226072311401367
454,2,63,1.5441933870315552
455,2,64,1.505063533782959
456,2,65,1.418609380722046
457,2,66,1.448736548423767
458,2,67,1.614365816116333
459,2,68,1.672121524810791
460,2,69,1.5227869749069214
461,2,70,1.5727146863937378
462,2,71,1.5638118982315063
463,2,72,1.5179593563079834
464,2,73,1.6088840961456299
465,2,74,1.6060563325881958
466,2,75,1.5862390995025635
467,2,76,1.617725133895874
468,2,77,1.5581928491592407
469,2,78,1.5840920209884644
470,2,79,1.62984299659729
471,2,80,1.6487140655517578
472,2,81,1.5039355754852295
473,2,82,1.5518068075180054
474,2,83,1.5330102443695068
475,2,84,1.4935466051101685
476,2,85,1.6718003749847412
477,2,86,1.7083033323287964
478,2,87,1.478835105895996
479,2,88,1.542339563369751
480,2,89,1.3495908975601196
481,2,90,1.4464788436889648
482,2,91,1.3707283735275269
483,2,92,1.7084636688232422
484,2,93,1.387389898300171
485,2,94,1.4428014755249023
486,2,95,1.5607861280441284
487,2,96,1.6061326265335083
488,2,97,1.810951828956604
489,2,98,1.5285367965698242
490,2,99,1.5937484502792358
491,2,100,1.6811939477920532
492,2,101,1.507098913192749
493,2,102,1.5363214015960693
494,2,103,1.6176068782806396
495,2,104,1.4286811351776123
496,2,105,1.5622323751449585
497,2,106,1.7141364812850952
498,2,107,1.735859751701355
499,2,108,1.5327352285385132
500,2,109,1.6786836385726929
501,2,110,1.5799826383590698
502,2,111,1.5760377645492554
503,2,112,1.6261663436889648
504,2,113,1.590296745300293
505,2,114,1.667410135269165
506,2,115,1.6227543354034424
507,2,116,1.5282500982284546
508,2,117,1.5785136222839355
509,2,118,1.541879415512085
510,2,119,1.4838846921920776
511,2,120,1.5718339681625366
512,2,121,1.4987465143203735
513,2,122,1.5787712335586548
514,2,123,1.5213568210601807
515,2,124,1.5946247577667236
516,2,125,1.558485984802246
517,2,126,1.5143831968307495
518,2,127,1.658725619316101
519,2,128,1.5544005632400513
520,2,129,1.5490128993988037
521,2,130,1.4989569187164307
522,2,131,1.4462382793426514
523,2,132,1.5273022651672363
524,2,133,1.496454119682312
525,2,134,1.4578611850738525
526,2,135,1.5573354959487915
527,2,136,1.5585238933563232
528,2,137,1.5393491983413696
529,2,138,1.580182671546936
530,2,139,1.591379165649414
531,2,140,1.5929847955703735
532,2,141,1.642605185508728
533,2,142,1.6475164890289307
534,2,143,1.4800097942352295
535,2,144,1.4990986585617065
536,2,145,1.7160437107086182
537,2,146,1.5296344757080078
538,2,147,1.510205626487732
539,2,148,1.4807621240615845
540,2,149,1.5670571327209473
541,2,150,1.536478877067566
542,2,151,1.5430407524108887
543,2,152,1.385633111000061
544,2,153,1.6039268970489502
545,2,154,1.5456856489181519
546,2,155,1.4073463678359985
547,2,156,1.5357626676559448
548,2,157,1.4878307580947876
549,2,158,1.4468019008636475
550,2,159,1.5144214630126953
551,2,160,1.57916259765625
552,2,161,1.5654383897781372
553,2,162,1.619022011756897
554,2,163,1.5130348205566406
555,2,164,1.4423608779907227
556,2,165,1.3871567249298096
557,2,166,1.57504141330719
558,2,167,1.509589433670044
559,2,168,1.4781458377838135
560,2,169,1.4010679721832275
561,2,170,1.4500306844711304
562,2,171,1.5908082723617554
563,2,172,1.6837024688720703
564,2,173,1.552139401435852
565,2,174,1.6192346811294556
566,2,175,1.529038906097412
567,2,176,1.4821797609329224
568,2,177,1.635162591934204
569,2,178,1.5313124656677246
570,2,179,1.463579535484314
571,2,180,1.5907723903656006
572,2,181,1.610940933227539
573,2,182,1.3755550384521484
574,2,183,1.5060046911239624
575,2,184,1.5344436168670654
576,2,185,1.3768259286880493
577,2,186,1.7117536067962646
578,2,187,1.6415300369262695
579,2,188,1.5229740142822266
580,2,189,1.5213623046875
581,2,190,1.5992231369018555
582,2,191,1.420739769935608
583,2,192,1.4284459352493286
584,2,193,1.6073057651519775
585,2,194,1.6228809356689453
586,2,195,1.500212550163269
587,2,196,1.4102457761764526
588,2,197,1.6063228845596313
589,2,198,1.3882759809494019
590,2,199,1.3878204822540283
591,2,200,1.5465141534805298
592,2,201,1.5283825397491455
593,2,202,1.3618391752243042
594,2,203,1.6000107526779175
595,2,204,1.5391393899917603
596,2,205,1.4411672353744507
597,2,206,1.557058334350586
598,2,207,1.4060155153274536
599,2,208,1.5823237895965576
600,2,209,1.3760195970535278
601,2,210,1.5290193557739258
602,2,211,1.4830691814422607
603,2,212,1.431620717048645
604,2,213,1.3521724939346313
605,2,214,1.4888339042663574
606,2,215,1.5118050575256348
607,2,216,1.5502654314041138
608,2,217,1.4330172538757324
609,2,218,1.4197651147842407
610,2,219,1.5390260219573975
611,2,220,1.6647475957870483
612,2,221,1.510017991065979
613,2,222,1.627042293548584
614,2,223,1.4274754524230957
615,2,224,1.4240942001342773
616,2,225,1.3762613534927368
617,2,226,1.437195897102356
618,2,227,1.3358888626098633
619,2,228,1.4434863328933716
620,2,229,1.617699384689331
621,2,230,1.5313236713409424
622,2,231,1.7009221315383911
623,2,232,1.46605384349823
624,2,233,1.4930825233459473
625,2,234,1.5428954362869263
626,2,235,1.4584870338439941
627,2,236,1.5382490158081055
628,2,237,1.4531328678131104
629,2,238,1.4990545511245728
630,2,239,1.600165843963623
631,2,240,1.681424856185913
632,2,241,1.4452470541000366
633,2,242,1.474513292312622
634,2,243,1.5442023277282715
635,2,244,1.4481217861175537
636,2,245,1.5430099964141846
637,2,246,1.359702706336975
638,2,247,1.3357346057891846
639,2,248,1.4593939781188965
640,2,249,1.5562098026275635
641,2,250,1.512677550315857
642,2,251,1.4935507774353027
643,2,252,1.5420961380004883
644,2,253,1.362290859222412
645,2,254,1.2836421728134155
646,2,255,1.4498385190963745
647,2,256,1.3247859477996826
648,2,257,1.6774400472640991
649,2,258,1.492525339126587
650,2,259,1.6037774085998535
651,2,260,1.394875407218933
652,2,261,1.5002379417419434
653,2,262,1.3700734376907349
654,2,263,1.3648788928985596
655,2,264,1.5610733032226562
656,2,265,1.4617929458618164
657,2,266,1.3378208875656128
658,2,267,1.4668492078781128
659,2,268,1.4352580308914185
660,2,269,1.3910601139068604
661,2,270,1.5860694646835327
662,2,271,1.5759929418563843
663,2,272,1.5741075277328491
664,2,273,1.3971210718154907
665,2,274,1.5320013761520386
666,2,275,1.5404391288757324
667,2,276,1.5083380937576294
668,2,277,1.3481274843215942
669,2,278,1.6812565326690674
670,2,279,1.4700766801834106
671,2,280,1.4559797048568726
672,2,281,1.449813961982727
673,2,282,1.397017002105713
674,2,283,1.284020185470581
675,2,284,1.324128270149231
676,2,285,1.482613444328308
677,2,286,1.377253770828247
678,2,287,1.5102416276931763
679,2,288,1.5068947076797485
680,2,289,1.5332775115966797
681,2,290,1.2894872426986694
682,2,291,1.4925204515457153
683,2,292,1.395236611366272
684,2,293,1.6038310527801514
685,2,294,1.6072229146957397
686,2,295,1.3968477249145508
687,2,296,1.5564368963241577
688,2,297,1.4979991912841797
689,2,298,1.4152718782424927
690,2,299,1.610276222229004
691,2,300,1.459913969039917
692,2,301,1.4558018445968628
693,2,302,1.4402035474777222
694,2,303,1.418805718421936
695,2,304,1.3688931465148926
696,2,305,1.5598405599594116
697,2,306,1.441211462020874
698,2,307,1.4586738348007202
699,2,308,1.3190780878067017
700,2,309,1.3476694822311401
701,2,310,1.4738034009933472
702,2,311,1.48544442653656
703,2,312,1.4682961702346802
704,2,313,1.4518626928329468
705,2,314,1.4528149366378784
706,2,315,1.3526222705841064
707,2,316,1.3495718240737915
708,2,317,1.3921066522598267
709,2,318,1.31363844871521
710,2,319,1.4212559461593628
711,2,320,1.3067898750305176
712,2,321,1.475149154663086
713,2,322,1.3398563861846924
714,2,323,1.4448399543762207
715,2,324,1.4247159957885742
716,2,325,1.4145355224609375
717,2,326,1.4550968408584595
718,2,327,1.593085527420044
719,2,328,1.5158755779266357
720,2,329,1.4979811906814575
721,2,330,1.553555965423584
722,2,331,1.5411401987075806
723,2,332,1.4402250051498413
724,2,333,1.3954278230667114
725,2,334,1.4256904125213623
726,2,335,1.4404850006103516
727,2,336,1.5386707782745361
728,2,337,1.3508129119873047
729,2,338,1.443108081817627
730,2,339,1.4024256467819214
731,2,340,1.2972867488861084
732,2,341,1.4075238704681396
733,2,342,1.4196550846099854
734,2,343,1.278341293334961
735,2,344,1.3790605068206787
736,2,345,1.4015626907348633
737,2,346,1.2715067863464355
738,2,347,1.5119976997375488
739,2,348,1.2306886911392212
740,2,349,1.4724726676940918
741,2,350,1.5441632270812988
742,2,351,1.3067004680633545
743,2,352,1.4158772230148315
744,2,353,1.4254398345947266
745,2,354,1.3432037830352783
746,2,355,1.5214592218399048
747,2,356,1.1956441402435303
748,2,357,1.3735874891281128
749,2,358,1.1786006689071655
750,2,359,1.173780083656311
751,2,360,1.4570928812026978
752,2,361,1.2850013971328735
753,2,362,1.436913013458252
754,2,363,1.3094831705093384
755,2,364,1.3242286443710327
756,2,365,1.598012089729309
757,2,366,1.483233094215393
758,2,367,1.206831455230713
759,2,368,1.2877448797225952
760,2,369,1.2938153743743896
761,2,370,1.546675682067871
762,2,371,1.2556768655776978
763,2,372,1.395068883895874
764,2,373,1.3397431373596191
765,2,374,1.3907123804092407
766,2,375,1.3425930738449097
767,2,376,1.3293853998184204
768,2,377,1.3086798191070557
769,2,378,1.2316724061965942
770,2,379,1.6103570461273193
771,2,380,1.397670865058899
772,2,381,1.266497015953064
773,2,382,1.296797275543213
774,2,383,1.2750859260559082
775,2,384,1.3631210327148438
776,2,385,1.3882216215133667
777,2,386,1.249607801437378
778,2,387,1.5287224054336548
779,2,388,1.3752378225326538
780,2,389,1.343906044960022
781,2,390,1.526658058166504
782,2,391,1.5912606716156006
783,3,1,1.2882710695266724
784,3,2,1.38585364818573
785,3,3,1.5543975830078125
786,3,4,1.3383944034576416
787,3,5,1.276689052581787
788,3,6,1.2947092056274414
789,3,7,1.4662286043167114
790,3,8,1.353845477104187
791,3,9,1.4129332304000854
792,3,10,1.2821128368377686
793,3,11,1.4468227624893188
794,3,12,1.2151963710784912
795,3,13,1.6640557050704956
796,3,14,1.3147462606430054
797,3,15,1.2636901140213013
798,3,16,1.1952431201934814
799,3,17,1.351307988166809
800,3,18,1.3044391870498657
801,3,19,1.3027777671813965
802,3,20,1.293146014213562
803,3,21,1.2252548933029175
804,3,22,1.346442461013794
805,3,23,1.2770122289657593
806,3,24,1.425807237625122
807,3,25,1.296398401260376
808,3,26,1.3027054071426392
809,3,27,1.2848789691925049
810,3,28,1.3592549562454224
811,3,29,1.2274264097213745
812,3,30,1.3298134803771973
813,3,31,1.1008429527282715
814,3,32,1.2258660793304443
815,3,33,1.3642102479934692
816,3,34,1.3245066404342651
817,3,35,1.4683196544647217
818,3,36,1.0739524364471436
819,3,37,1.21612548828125
820,3,38,1.4207786321640015
821,3,39,1.3664458990097046
822,3,40,1.5238338708877563
823,3,41,1.3231481313705444
824,3,42,1.4622619152069092
825,3,43,1.3039494752883911
826,3,44,1.4604973793029785
827,3,45,1.3528839349746704
828,3,46,1.3037887811660767
829,3,47,1.3698842525482178
830,3,48,1.2553517818450928
831,3,49,1.3179152011871338
832,3,50,1.308255672454834
833,3,51,1.0342090129852295
834,3,52,1.4433413743972778
835,3,53,1.2756984233856201
836,3,54,1.517222285270691
837,3,55,1.287927269935608
838,3,56,1.3477225303649902
839,3,57,1.2077062129974365
840,3,58,1.4891935586929321
841,3,59,1.4095708131790161
842,3,60,1.320863962173462
843,3,61,1.4273943901062012
844,3,62,1.4101526737213135
845,3,63,1.480969786643982
846,3,64,1.3273561000823975
847,3,65,1.453599214553833
848,3,66,1.4540756940841675
849,3,67,1.3592581748962402
850,3,68,1.392966389656067
851,3,69,1.4514521360397339
852,3,70,1.4254977703094482
853,3,71,1.351229190826416
854,3,72,1.3949737548828125
855,3,73,1.3824903964996338
856,3,74,1.2869765758514404
857,3,75,1.1630103588104248
858,3,76,1.2188739776611328
859,3,77,1.2128934860229492
860,3,78,1.351015329360962
861,3,79,1.419925332069397
862,3,80,1.3179173469543457
863,3,81,1.2693079710006714
864,3,82,1.215897560119629
865,3,83,1.3970783948898315
866,3,84,1.3012605905532837
867,3,85,1.3753498792648315
868,3,86,1.2961541414260864
869,3,87,1.3963168859481812
870,3,88,1.4019337892532349
871,3,89,1.3619391918182373
872,3,90,1.2033970355987549
873,3,91,1.3217427730560303
874,3,92,1.3973160982131958
875,3,93,1.244490146636963
876,3,94,1.1152615547180176
877,3,95,1.2038935422897339
878,3,96,1.1791863441467285
879,3,97,1.2945853471755981
880,3,98,1.3427929878234863
881,3,99,1.2062242031097412
882,3,100,1.3416541814804077
883,3,101,1.2051451206207275
884,3,102,1.2880538702011108
885,3,103,1.2001960277557373
886,3,104,1.3411545753479004
887,3,105,1.288749098777771
888,3,106,1.2179226875305176
889,3,107,1.432329773902893
890,3,108,1.382607340812683
891,3,109,1.3284093141555786
892,3,110,1.2463208436965942
893,3,111,1.1660373210906982
894,3,112,1.173005223274231
895,3,113,1.3639978170394897
896,3,114,1.234440565109253
897,3,115,1.3065588474273682
898,3,116,1.1572712659835815
899,3,117,1.1665315628051758
900,3,118,1.2203253507614136
901,3,119,1.1258118152618408
902,3,120,1.3503831624984741
903,3,121,1.2185685634613037
904,3,122,1.270654320716858
905,3,123,1.4451597929000854
906,3,124,1.2512624263763428
907,3,125,1.4077833890914917
908,3,126,1.1107144355773926
909,3,127,1.3957825899124146
910,3,128,1.2600247859954834
911,3,129,1.123649001121521
912,3,130,1.357690453529358
913,3,131,1.2596471309661865
914,3,132,1.347571849822998
915,3,133,1.2477964162826538
916,3,134,1.34978449344635
917,3,135,1.3344827890396118
918,3,136,1.1867518424987793
919,3,137,1.3205759525299072
920,3,138,1.186850905418396
921,3,139,1.2229362726211548
922,3,140,1.3317077159881592
923,3,141,1.190263032913208
924,3,142,1.3016579151153564
925,3,143,1.2530230283737183
926,3,144,1.253257393836975
927,3,145,1.2791826725006104
928,3,146,1.1724941730499268
929,3,147,1.422895908355713
930,3,148,1.2726478576660156
931,3,149,1.1468790769577026
932,3,150,1.3507722616195679
933,3,151,1.2050776481628418
934,3,152,1.1956418752670288
935,3,153,1.2712324857711792
936,3,154,1.173890471458435
937,3,155,1.2006293535232544
938,3,156,1.1541123390197754
939,3,157,1.187915563583374
940,3,158,1.3449748754501343
941,3,159,1.1787391901016235
942,3,160,1.4408291578292847
943,3,161,1.2562057971954346
944,3,162,1.0740172863006592
945,3,163,1.1962393522262573
946,3,164,1.3628592491149902
947,3,165,1.1835923194885254
948,3,166,1.5054409503936768
949,3,167,1.4438031911849976
950,3,168,1.1586918830871582
951,3,169,1.4084399938583374
952,3,170,1.1713166236877441
953,3,171,1.2814165353775024
954,3,172,1.2668187618255615
955,3,173,1.2832056283950806
956,3,174,1.2902559041976929
957,3,175,1.4381046295166016
958,3,176,1.3204559087753296
959,3,177,1.4848912954330444
960,3,178,1.1734153032302856
961,3,179,1.288576364517212
962,3,180,1.2533105611801147
963,3,181,1.3197633028030396
964,3,182,1.429425835609436
965,3,183,1.2515332698822021
966,3,184,1.3470995426177979
967,3,185,1.3565407991409302
968,3,186,1.2440457344055176
969,3,187,1.1144717931747437
970,3,188,1.3861933946609497
971,3,189,1.4350697994232178
972,3,190,1.2600826025009155
973,3,191,1.2307966947555542
974,3,192,1.1290454864501953
975,3,193,1.2487940788269043
976,3,194,1.4754029512405396
977,3,195,1.108801007270813
978,3,196,1.0724611282348633
979,3,197,1.4229568243026733
980,3,198,1.2270700931549072
981,3,199,1.2369874715805054
982,3,200,1.2023992538452148
983,3,201,1.178207278251648
984,3,202,1.4494658708572388
985,3,203,1.1912946701049805
986,3,204,1.1179687976837158
987,3,205,1.2466834783554077
988,3,206,1.2391912937164307
989,3,207,1.1486366987228394
990,3,208,1.2549726963043213
991,3,209,1.3015583753585815
992,3,210,1.0938550233840942
993,3,211,1.3288414478302002
994,3,212,1.1142677068710327
995,3,213,1.179304599761963
996,3,214,1.1596260070800781
997,3,215,1.1732466220855713
998,3,216,1.1823968887329102
999,3,217,1.3956172466278076
1000,3,218,1.043434977531433
1001,3,219,1.000461220741272
1002,3,220,1.1473275423049927
1003,3,221,1.287215232849121
1004,3,222,1.250049352645874
1005,3,223,1.1761735677719116
1006,3,224,1.3962489366531372
1007,3,225,1.1054284572601318
1008,3,226,1.164321780204773
1009,3,227,1.243269681930542
1010,3,228,1.2385447025299072
1011,3,229,1.1992077827453613
1012,3,230,1.335929274559021
1013,3,231,1.238957166671753
1014,3,232,1.507554292678833
1015,3,233,1.2959274053573608
1016,3,234,1.3684947490692139
1017,3,235,1.3961342573165894
1018,3,236,1.3228693008422852
1019,3,237,1.392166256904602
1020,3,238,1.1543134450912476
1021,3,239,1.271329641342163
1022,3,240,1.2225252389907837
1023,3,241,1.135986328125
1024,3,242,1.1761822700500488
1025,3,243,1.2447707653045654
1026,3,244,1.0947686433792114
1027,3,245,1.2385367155075073
1028,3,246,1.377929449081421
1029,3,247,1.2242425680160522
1030,3,248,1.3896100521087646
1031,3,249,1.2364016771316528
1032,3,250,1.026487946510315
1033,3,251,1.1257925033569336
1034,3,252,1.0412986278533936
1035,3,253,1.320097804069519
1036,3,254,1.319965124130249
1037,3,255,1.184822916984558
1038,3,256,1.2599538564682007
1039,3,257,1.21414053440094
1040,3,258,1.210644006729126
1041,3,259,1.119731068611145
1042,3,260,1.0958828926086426
1043,3,261,1.1137194633483887
1044,3,262,1.3763537406921387
1045,3,263,1.1660387516021729
1046,3,264,1.169609785079956
1047,3,265,1.0753027200698853
1048,3,266,1.3031165599822998
1049,3,267,1.0911617279052734
1050,3,268,1.1589837074279785
1051,3,269,1.2968775033950806
1052,3,270,1.18891441822052
1053,3,271,1.2352490425109863
1054,3,272,1.1496405601501465
1055,3,273,1.1834803819656372
1056,3,274,1.093097448348999
1057,3,275,1.2656309604644775
1058,3,276,0.9919585585594177
1059,3,277,1.2102564573287964
1060,3,278,1.2264777421951294
1061,3,279,1.4163895845413208
1062,3,280,1.280374526977539
1063,3,281,1.2402830123901367
1064,3,282,1.1763033866882324
1065,3,283,1.31279718875885
1066,3,284,1.2613730430603027
1067,3,285,1.1712876558303833
1068,3,286,1.2465847730636597
1069,3,287,1.1648223400115967
1070,3,288,1.1149097681045532
1071,3,289,1.3401137590408325
1072,3,290,1.1779276132583618
1073,3,291,1.1598528623580933
1074,3,292,1.1334288120269775
1075,3,293,1.0401066541671753
1076,3,294,1.2188831567764282
1077,3,295,1.1005666255950928
1078,3,296,1.3125425577163696
1079,3,297,1.1076587438583374
1080,3,298,1.3508456945419312
1081,3,299,1.1226681470870972
1082,3,300,1.0596736669540405
1083,3,301,1.2837905883789062
1084,3,302,1.2770941257476807
1085,3,303,1.405171275138855
1086,3,304,1.1484744548797607
1087,3,305,1.12281334400177
1088,3,306,1.1244064569473267
1089,3,307,1.2963097095489502
1090,3,308,1.1051429510116577
1091,3,309,1.166189432144165
1092,3,310,1.102989673614502
1093,3,311,1.1175788640975952
1094,3,312,1.197845697402954
1095,3,313,1.3755789995193481
1096,3,314,1.1899141073226929
1097,3,315,1.050653338432312
1098,3,316,1.255195140838623
1099,3,317,1.2895108461380005
1100,3,318,0.9975433945655823
1101,3,319,1.3511335849761963
1102,3,320,1.4771925210952759
1103,3,321,1.2634670734405518
1104,3,322,1.108034610748291
1105,3,323,1.063193917274475
1106,3,324,1.1371099948883057
1107,3,325,1.1075519323349
1108,3,326,1.2211732864379883
1109,3,327,1.1488142013549805
1110,3,328,1.2719677686691284
1111,3,329,1.1474701166152954
1112,3,330,1.1198354959487915
1113,3,331,1.1345338821411133
1114,3,332,1.2854368686676025
1115,3,333,1.0792148113250732
1116,3,334,1.25740385055542
1117,3,335,1.1319940090179443
1118,3,336,1.1452679634094238
1119,3,337,1.0516982078552246
1120,3,338,1.2844350337982178
1121,3,339,1.0325731039047241
1122,3,340,1.186458706855774
1123,3,341,1.2257760763168335
1124,3,342,1.2734845876693726
1125,3,343,1.0929573774337769
1126,3,344,1.2159054279327393
1127,3,345,1.3209161758422852
1128,3,346,1.1241508722305298
1129,3,347,1.20804762840271
1130,3,348,1.1986721754074097
1131,3,349,1.0901262760162354
1132,3,350,1.2021859884262085
1133,3,351,1.155224323272705
1134,3,352,1.0973941087722778
1135,3,353,1.2602815628051758
1136,3,354,1.1586295366287231
1137,3,355,1.271397352218628
1138,3,356,1.2723896503448486
1139,3,357,1.014163613319397
1140,3,358,1.3896785974502563
1141,3,359,1.1132752895355225
1142,3,360,1.1502761840820312
1143,3,361,1.0571670532226562
1144,3,362,1.1888234615325928
1145,3,363,1.0332083702087402
1146,3,364,0.9970815777778625
1147,3,365,0.9982346892356873
1148,3,366,1.4295178651809692
1149,3,367,1.1784605979919434
1150,3,368,1.0814611911773682
1151,3,369,1.1396666765213013
1152,3,370,1.1955485343933105
1153,3,371,1.4233347177505493
1154,3,372,1.1872988939285278
1155,3,373,1.0422399044036865
1156,3,374,1.0269439220428467
1157,3,375,1.1132174730300903
1158,3,376,1.2874488830566406
1159,3,377,1.1938376426696777
1160,3,378,1.1746103763580322
1161,3,379,1.081968069076538
1162,3,380,0.9290961623191833
1163,3,381,0.9550195336341858
1164,3,382,1.1170458793640137
1165,3,383,1.1381795406341553
1166,3,384,1.0483334064483643
1167,3,385,1.2550127506256104
1168,3,386,1.103647232055664
1169,3,387,1.106268048286438
1170,3,388,1.3277628421783447
1171,3,389,1.2256691455841064
1172,3,390,1.2106493711471558
1173,3,391,1.1063379049301147
1174,4,1,1.2742021083831787
1175,4,2,1.1158790588378906
1176,4,3,1.2843430042266846
1177,4,4,1.1710307598114014
1178,4,5,1.0325268507003784
1179,4,6,1.3121360540390015
1180,4,7,1.1285687685012817
1181,4,8,1.1436771154403687
1182,4,9,1.026802659034729
1183,4,10,1.1713670492172241
1184,4,11,1.1142853498458862
1185,4,12,1.1597849130630493
1186,4,13,1.0644034147262573
1187,4,14,0.9561441540718079
1188,4,15,1.0604881048202515
1189,4,16,1.2092442512512207
1190,4,17,1.1079384088516235
1191,4,18,1.0394712686538696
1192,4,19,0.9587128162384033
1193,4,20,1.1257479190826416
1194,4,21,0.9573596119880676
1195,4,22,0.9670273661613464
1196,4,23,1.1346884965896606
1197,4,24,1.132026195526123
1198,4,25,0.7801567316055298
1199,4,26,1.2416393756866455
1200,4,27,1.2028106451034546
1201,4,28,1.1186068058013916
1202,4,29,1.0294965505599976
1203,4,30,1.1626842021942139
1204,4,31,1.060839295387268
1205,4,32,1.0238275527954102
1206,4,33,1.3657503128051758
1207,4,34,1.3833924531936646
1208,4,35,1.0823335647583008
1209,4,36,1.098334789276123
1210,4,37,1.3011605739593506
1211,4,38,1.052600622177124
1212,4,39,1.0559285879135132
1213,4,40,1.1368557214736938
1214,4,41,0.9932451844215393
1215,4,42,1.114698052406311
1216,4,43,1.1944334506988525
1217,4,44,1.2073030471801758
1218,4,45,1.3600616455078125
1219,4,46,1.1614762544631958
1220,4,47,0.892418622970581
1221,4,48,0.9771693348884583
1222,4,49,1.0365756750106812
1223,4,50,1.0709561109542847
1224,4,51,1.0998704433441162
1225,4,52,1.125542163848877
1226,4,53,0.882896900177002
1227,4,54,1.0620367527008057
1228,4,55,1.0238006114959717
1229,4,56,1.0915168523788452
1230,4,57,1.0862683057785034
1231,4,58,1.077179193496704
1232,4,59,1.2281484603881836
1233,4,60,1.1559687852859497
1234,4,61,1.0297787189483643
1235,4,62,1.1574655771255493
1236,4,63,1.0861588716506958
1237,4,64,0.9993984699249268
1238,4,65,1.0335253477096558
1239,4,66,1.0549641847610474
1240,4,67,0.9237135648727417
1241,4,68,1.106575608253479
1242,4,69,1.1365911960601807
1243,4,70,1.428897500038147
1244,4,71,1.099439024925232
1245,4,72,1.0816676616668701
1246,4,73,1.0908313989639282
1247,4,74,1.089375376701355
1248,4,75,0.9795404076576233
1249,4,76,0.9224811792373657
1250,4,77,1.1996114253997803
1251,4,78,1.073176622390747
1252,4,79,0.9722703099250793
1253,4,80,1.0780733823776245
1254,4,81,1.1925652027130127
1255,4,82,1.1285457611083984
1256,4,83,1.151050329208374
1257,4,84,0.9327277541160583
1258,4,85,1.128219485282898
1259,4,86,1.2649633884429932
1260,4,87,1.1398155689239502
1261,4,88,1.0658612251281738
1262,4,89,1.215596318244934
1263,4,90,0.9817240238189697
1264,4,91,1.0187242031097412
1265,4,92,1.0889989137649536
1266,4,93,1.1152924299240112
1267,4,94,1.1152727603912354
1268,4,95,1.066367268562317
1269,4,96,1.0714762210845947
1270,4,97,1.067940592765808
1271,4,98,1.1882725954055786
1272,4,99,1.2933719158172607
1273,4,100,1.1539783477783203
1274,4,101,1.0859565734863281
1275,4,102,0.983684778213501
1276,4,103,1.0862736701965332
1277,4,104,1.2221713066101074
1278,4,105,1.028438925743103
1279,4,106,1.0932296514511108
1280,4,107,1.0231537818908691
1281,4,108,0.9378432035446167
1282,4,109,0.963883638381958
1283,4,110,1.1776200532913208
1284,4,111,1.1236505508422852
1285,4,112,0.9756976962089539
1286,4,113,1.056399941444397
1287,4,114,1.0556466579437256
1288,4,115,1.1724092960357666
1289,4,116,0.9775509834289551
1290,4,117,1.0711308717727661
1291,4,118,1.0960056781768799
1292,4,119,1.2177183628082275
1293,4,120,0.9519041776657104
1294,4,121,1.113235592842102
1295,4,122,1.171897530555725
1296,4,123,1.1180939674377441
1297,4,124,0.970676839351654
1298,4,125,0.9676624536514282
1299,4,126,1.1119831800460815
1300,4,127,1.202083706855774
1301,4,128,0.8808290958404541
1302,4,129,1.0883057117462158
1303,4,130,1.0248520374298096
1304,4,131,1.0160913467407227
1305,4,132,1.115878701210022
1306,4,133,1.2582694292068481
1307,4,134,0.96180659532547
1308,4,135,0.9281166791915894
1309,4,136,1.076339602470398
1310,4,137,1.1056932210922241
1311,4,138,1.109836220741272
1312,4,139,0.8364289999008179
1313,4,140,0.9840725064277649
1314,4,141,1.1469706296920776
1315,4,142,0.9936069846153259
1316,4,143,1.0275328159332275
1317,4,144,1.0108460187911987
1318,4,145,1.0696346759796143
1319,4,146,0.8607451319694519
1320,4,147,1.0255030393600464
1321,4,148,1.0818219184875488
1322,4,149,1.057358741760254
1323,4,150,1.0060958862304688
1324,4,151,1.1414284706115723
1325,4,152,1.0176169872283936
1326,4,153,1.018713116645813
1327,4,154,1.07762610912323
1328,4,155,0.9713877439498901
1329,4,156,0.9582064151763916
1330,4,157,0.9968025088310242
1331,4,158,1.1471244096755981
1332,4,159,1.102634072303772
1333,4,160,1.3283300399780273
1334,4,161,1.0418850183486938
1335,4,162,1.1743577718734741
1336,4,163,1.0424748659133911
1337,4,164,1.3144545555114746
1338,4,165,0.9960762858390808
1339,4,166,1.278872013092041
1340,4,167,1.1980178356170654
1341,4,168,1.3205899000167847
1342,4,169,1.1199227571487427
1343,4,170,1.105592131614685
1344,4,171,0.9929283261299133
1345,4,172,1.1551668643951416
1346,4,173,0.9540920257568359
1347,4,174,1.0871026515960693
1348,4,175,1.1483815908432007
1349,4,176,1.0060051679611206
1350,4,177,1.1057645082473755
1351,4,178,1.0050331354141235
1352,4,179,1.0627601146697998
1353,4,180,1.0023480653762817
1354,4,181,1.1381441354751587
1355,4,182,1.0451323986053467
1356,4,183,1.0464677810668945
1357,4,184,1.223681092262268
1358,4,185,1.0771005153656006
1359,4,186,0.9778106808662415
1360,4,187,0.9686791896820068
1361,4,188,1.0063368082046509
1362,4,189,1.1422441005706787
1363,4,190,1.0030494928359985
1364,4,191,1.0248022079467773
1365,4,192,1.1041280031204224
1366,4,193,1.0433740615844727
1367,4,194,1.0570160150527954
1368,4,195,1.0796520709991455
1369,4,196,1.1232818365097046
1370,4,197,0.9968351721763611
1371,4,198,1.1773182153701782
1372,4,199,1.014075517654419
1373,4,200,0.9757343530654907
1374,4,201,1.131721019744873
1375,4,202,0.9771812558174133
1376,4,203,0.9365633726119995
1377,4,204,1.056714653968811
1378,4,205,1.0097310543060303
1379,4,206,1.17080819606781
1380,4,207,1.111807107925415
1381,4,208,1.081084966659546
1382,4,209,0.8990316987037659
1383,4,210,1.1585454940795898
1384,4,211,1.0655630826950073
1385,4,212,1.0417516231536865
1386,4,213,1.267309546470642
1387,4,214,1.1387364864349365
1388,4,215,1.1603316068649292
1389,4,216,1.219972014427185
1390,4,217,1.138047695159912
1391,4,218,1.1026681661605835
1392,4,219,1.0308270454406738
1393,4,220,1.0455518960952759
1394,4,221,1.0489447116851807
1395,4,222,1.0997662544250488
1396,4,223,1.064276099205017
1397,4,224,1.0072875022888184
1398,4,225,1.1130579710006714
1399,4,226,0.9426930546760559
1400,4,227,1.0813871622085571
1401,4,228,1.0155049562454224
1402,4,229,1.1439049243927002
1403,4,230,1.0435118675231934
1404,4,231,1.1354743242263794
1405,4,232,1.2692482471466064
1406,4,233,1.1241058111190796
1407,4,234,1.035267949104309
1408,4,235,1.1798940896987915
1409,4,236,1.1164023876190186
1410,4,237,1.1950501203536987
1411,4,238,1.1090155839920044
1412,4,239,0.9726872444152832
1413,4,240,1.151139497756958
1414,4,241,1.0025992393493652
1415,4,242,1.139923095703125
1416,4,243,0.99741131067276
1417,4,244,1.0733314752578735
1418,4,245,1.0750144720077515
1419,4,246,1.0690197944641113
1420,4,247,0.9829785227775574
1421,4,248,1.1425800323486328
1422,4,249,0.9691459536552429
1423,4,250,0.9607884287834167
1424,4,251,1.0153924226760864
1425,4,252,1.0559501647949219
1426,4,253,1.1844390630722046
1427,4,254,1.152099370956421
1428,4,255,1.1305099725723267
1429,4,256,1.0098044872283936
1430,4,257,1.046271562576294
1431,4,258,1.081650972366333
1432,4,259,1.1138601303100586
1433,4,260,1.1800193786621094
1434,4,261,1.0922125577926636
1435,4,262,1.1393135786056519
1436,4,263,1.0416545867919922
1437,4,264,1.070914387702942
1438,4,265,1.057611346244812
1439,4,266,1.12842857837677
1440,4,267,1.2256789207458496
1441,4,268,0.8876238465309143
1442,4,269,0.953609824180603
1443,4,270,0.9591254591941833
1444,4,271,0.9676263332366943
1445,4,272,1.1678171157836914
1446,4,273,1.0305254459381104
1447,4,274,0.866118848323822
1448,4,275,0.8964110016822815
1449,4,276,1.1571177244186401
1450,4,277,1.0640357732772827
1451,4,278,1.0241225957870483
1452,4,279,0.8765448331832886
1453,4,280,1.1135777235031128
1454,4,281,1.1993389129638672
1455,4,282,0.9725280404090881
1456,4,283,1.1333036422729492
1457,4,284,1.1083146333694458
1458,4,285,0.8715941905975342
1459,4,286,1.0193359851837158
1460,4,287,1.1727567911148071
1461,4,288,1.0466194152832031
1462,4,289,1.0651707649230957
1463,4,290,0.9849184155464172
1464,4,291,1.003490924835205
1465,4,292,1.1697678565979004
1466,4,293,1.0637543201446533
1467,4,294,1.0620222091674805
1468,4,295,1.1125855445861816
1469,4,296,0.9851828813552856
1470,4,297,0.992986798286438
1471,4,298,1.2041254043579102
1472,4,299,0.883679986000061
1473,4,300,0.9395617246627808
1474,4,301,0.8679400086402893
1475,4,302,1.0647985935211182
1476,4,303,0.8648931980133057
1477,4,304,1.0458670854568481
1478,4,305,0.9299234747886658
1479,4,306,1.0405007600784302
1480,4,307,0.998210072517395
1481,4,308,1.0519030094146729
1482,4,309,0.8521867394447327
1483,4,310,0.931126594543457
1484,4,311,0.9234631061553955
1485,4,312,1.0663484334945679
1486,4,313,1.0478450059890747
1487,4,314,1.1721992492675781
1488,4,315,1.0087833404541016
1489,4,316,1.0898478031158447
1490,4,317,1.1526989936828613
1491,4,318,1.0714420080184937
1492,4,319,1.1277976036071777
1493,4,320,1.0227160453796387
1494,4,321,1.111905574798584
1495,4,322,1.0606204271316528
1496,4,323,0.9362038373947144
1497,4,324,0.9185986518859863
1498,4,325,0.9783499240875244
1499,4,326,1.276120901107788
1500,4,327,0.9015411138534546
1501,4,328,0.952887237071991
1502,4,329,1.0024027824401855
1503,4,330,0.8699290752410889
1504,4,331,1.0020657777786255
1505,4,332,1.0487231016159058
1506,4,333,0.9680306315422058
1507,4,334,1.10751473903656
1508,4,335,0.9559793472290039
1509,4,336,0.9476648569107056
1510,4,337,0.8203957080841064
1511,4,338,0.918993353843689
1512,4,339,1.0613549947738647
1513,4,340,1.005506992340088
1514,4,341,1.0068097114562988
1515,4,342,0.9975134134292603
1516,4,343,1.162341594696045
1517,4,344,0.8993878960609436
1518,4,345,0.8829945921897888
1519,4,346,1.1750060319900513
1520,4,347,0.9464924335479736
1521,4,348,1.0480140447616577
1522,4,349,0.8572031259536743
1523,4,350,1.0537410974502563
1524,4,351,1.0897345542907715
1525,4,352,1.0122607946395874
1526,4,353,1.145896315574646
1527,4,354,0.9062498211860657
1528,4,355,1.2424118518829346
1529,4,356,0.9922323822975159
1530,4,357,1.0586143732070923
1531,4,358,0.9851506352424622
1532,4,359,1.0263127088546753
1533,4,360,1.1225171089172363
1534,4,361,1.118822693824768
1535,4,362,0.9763160347938538
1536,4,363,0.9319931268692017
1537,4,364,0.9534857273101807
1538,4,365,0.7218291759490967
1539,4,366,0.8517962098121643
1540,4,367,0.9735422730445862
1541,4,368,1.003109097480774
1542,4,369,1.0640645027160645
1543,4,370,0.9283446073532104
1544,4,371,1.1110645532608032
1545,4,372,0.9878044128417969
1546,4,373,1.0413187742233276
1547,4,374,0.7262194752693176
1548,4,375,0.8989260792732239
1549,4,376,0.8798356652259827
1550,4,377,0.7870281338691711
1551,4,378,1.065772533416748
1552,4,379,0.9601544737815857
1553,4,380,1.0879355669021606
1554,4,381,0.9586600661277771
1555,4,382,0.9806297421455383
1556,4,383,1.0153197050094604
1557,4,384,0.9485443830490112
1558,4,385,1.0336121320724487
1559,4,386,1.1771305799484253
1560,4,387,0.9410556554794312
1561,4,388,1.0017414093017578
1562,4,389,0.9413589835166931
1563,4,390,0.812740683555603
1564,4,391,1.1884129047393799
1565,5,1,0.8122905492782593
1566,5,2,1.078637719154358
1567,5,3,1.1573569774627686
1568,5,4,0.9062067270278931
1569,5,5,0.9401045441627502
1570,5,6,1.112616777420044
1571,5,7,0.817273736000061
1572,5,8,0.995288610458374
1573,5,9,1.0889818668365479
1574,5,10,1.0467815399169922
1575,5,11,0.9738035202026367
1576,5,12,1.2143059968948364
1577,5,13,0.829401969909668
1578,5,14,0.8990373611450195
1579,5,15,0.958259105682373
1580,5,16,0.9989267587661743
1581,5,17,0.9654130339622498
1582,5,18,1.177196979522705
1583,5,19,0.9873755574226379
1584,5,20,0.9846451282501221
1585,5,21,0.9079655408859253
1586,5,22,0.7744566798210144
1587,5,23,0.8922004699707031
1588,5,24,0.8007457256317139
1589,5,25,0.9726682305335999
1590,5,26,1.0114364624023438
1591,5,27,0.8751888275146484
1592,5,28,0.8337722420692444
1593,5,29,0.9914721250534058
1594,5,30,1.0373785495758057
1595,5,31,0.9095026850700378
1596,5,32,0.8966696858406067
1597,5,33,0.876456618309021
1598,5,34,1.0082041025161743
1599,5,35,1.0758609771728516
1600,5,36,0.8291325569152832
1601,5,37,0.8537760376930237
1602,5,38,1.0259202718734741
1603,5,39,0.8602073192596436
1604,5,40,0.8212711811065674
1605,5,41,1.105885624885559
1606,5,42,0.9309484958648682
1607,5,43,0.9279385805130005
1608,5,44,0.8508744835853577
1609,5,45,0.9951885938644409
1610,5,46,0.9520643353462219
1611,5,47,1.127977967262268
1612,5,48,1.1422489881515503
1613,5,49,1.035602331161499
1614,5,50,0.914933979511261
1615,5,51,1.0862231254577637
1616,5,52,0.834002673625946
1617,5,53,1.0127581357955933
1618,5,54,0.9253532886505127
1619,5,55,0.8919269442558289
1620,5,56,0.9829361438751221
1621,5,57,0.96727454662323
1622,5,58,0.9470378756523132
1623,5,59,0.9061076045036316
1624,5,60,0.9982216954231262
1625,5,61,0.7986211180686951
1626,5,62,0.8554787635803223
1627,5,63,1.0648378133773804
1628,5,64,1.0326393842697144
1629,5,65,0.8878999352455139
1630,5,66,1.0896943807601929
1631,5,67,0.8758548498153687
1632,5,68,1.123910665512085
1633,5,69,1.0131875276565552
1634,5,70,0.9293121695518494
1635,5,71,0.9174421429634094
1636,5,72,0.9643263220787048
1637,5,73,0.9051291346549988
1638,5,74,0.9251439571380615
1639,5,75,0.9897152781486511
1640,5,76,0.8206087946891785
1641,5,77,1.0418070554733276
1642,5,78,1.0132982730865479
1643,5,79,0.9527716040611267
1644,5,80,0.8989832401275635
1645,5,81,0.8548688292503357
1646,5,82,0.967124879360199
1647,5,83,0.8758502006530762
1648,5,84,1.0465646982192993
1649,5,85,0.9870519042015076
1650,5,86,1.1234021186828613
1651,5,87,1.1022499799728394
1652,5,88,0.9111014604568481
1653,5,89,1.1068826913833618
1654,5,90,0.9338984489440918
1655,5,91,0.9212827682495117
1656,5,92,0.9473008513450623
1657,5,93,1.0106785297393799
1658,5,94,0.9837336540222168
1659,5,95,0.9224956035614014
1660,5,96,0.8888975381851196
1661,5,97,1.0618845224380493
1662,5,98,0.9876230359077454
1663,5,99,0.9634106159210205
1664,5,100,0.8765773177146912
1665,5,101,0.9787875413894653
1666,5,102,1.2039729356765747
1667,5,103,0.8304622173309326
1668,5,104,0.8130952715873718
1669,5,105,0.980101466178894
1670,5,106,0.9534773826599121
1671,5,107,1.0552270412445068
1672,5,108,1.0062482357025146
1673,5,109,0.8334994316101074
1674,5,110,1.0666155815124512
1675,5,111,1.0006564855575562
1676,5,112,1.073424220085144
1677,5,113,1.0614763498306274
1678,5,114,0.9578490853309631
1679,5,115,0.8489008545875549
1680,5,116,0.9026134014129639
1681,5,117,0.7372674345970154
1682,5,118,0.9466427564620972
1683,5,119,0.8460531234741211
1684,5,120,0.8460720181465149
1685,5,121,0.9186338186264038
1686,5,122,1.1017941236495972
1687,5,123,1.0252896547317505
1688,5,124,0.9166712760925293
1689,5,125,0.8897222876548767
1690,5,126,0.9369780421257019
1691,5,127,0.9350982904434204
1692,5,128,1.116153597831726
1693,5,129,1.1024500131607056
1694,5,130,0.716850221157074
1695,5,131,0.931034505367279
1696,5,132,0.8605338335037231
1697,5,133,0.9792328476905823
1698,5,134,1.0412697792053223
1699,5,135,1.0045794248580933
1700,5,136,1.0466961860656738
1701,5,137,0.9140023589134216
1702,5,138,0.8330097794532776
1703,5,139,1.2620617151260376
1704,5,140,1.1534327268600464
1705,5,141,0.9779940247535706
1706,5,142,0.9633001685142517
1707,5,143,0.8356989622116089
1708,5,144,1.0835565328598022
1709,5,145,1.0043126344680786
1710,5,146,0.8653724193572998
1711,5,147,0.9456270933151245
1712,5,148,1.05280339717865
1713,5,149,0.9057389497756958
1714,5,150,1.0383365154266357
1715,5,151,0.9907023310661316
1716,5,152,0.8278481364250183
1717,5,153,0.912674605846405
1718,5,154,1.025206208229065
1719,5,155,1.0010319948196411
1720,5,156,1.0009517669677734
1721,5,157,0.9228535890579224
1722,5,158,0.861926794052124
1723,5,159,0.831960916519165
1724,5,160,0.8868730068206787
1725,5,161,0.9329513907432556
1726,5,162,0.9122522473335266
1727,5,163,0.9742708206176758
1728,5,164,1.0597097873687744
1729,5,165,0.9320880174636841
1730,5,166,1.0746439695358276
1731,5,167,1.0483487844467163
1732,5,168,0.8208872675895691
1733,5,169,1.068860411643982
1734,5,170,0.936796247959137
1735,5,171,0.951029896736145
1736,5,172,0.8579483032226562
1737,5,173,0.9645417332649231
1738,5,174,0.9716331958770752
1739,5,175,0.935619056224823
1740,5,176,0.9968679547309875
1741,5,177,1.0924603939056396
1742,5,178,0.8665367364883423
1743,5,179,0.9020408391952515
1744,5,180,0.9139494299888611
1745,5,181,0.8815946578979492
1746,5,182,1.1085689067840576
1747,5,183,0.8343032598495483
1748,5,184,0.8580862879753113
1749,5,185,1.1576377153396606
1750,5,186,0.8980196118354797
1751,5,187,0.9929563999176025
1752,5,188,0.9177233576774597
1753,5,189,0.7985575199127197
1754,5,190,0.9150857925415039
1755,5,191,0.8812368512153625
1756,5,192,0.9226565957069397
1757,5,193,0.8715912699699402
1758,5,194,0.967629075050354
1759,5,195,0.9724428057670593
1760,5,196,0.9804288744926453
1761,5,197,0.9418236613273621
1762,5,198,0.9490987062454224
1763,5,199,1.057653546333313
1764,5,200,0.9846458435058594
1765,5,201,1.0774465799331665
1766,5,202,0.8878409266471863
1767,5,203,0.9990324378013611
1768,5,204,0.9592781662940979
1769,5,205,1.0947527885437012
1770,5,206,0.8962229490280151
1771,5,207,0.9330346584320068
1772,5,208,1.0675843954086304
1773,5,209,0.8418042063713074
1774,5,210,0.8771883249282837
1775,5,211,0.848854124546051
1776,5,212,0.7629676461219788
1777,5,213,1.0377686023712158
1778,5,214,0.9133899807929993
1779,5,215,0.9835675358772278
1780,5,216,1.040385127067566
1781,5,217,1.0154393911361694
1782,5,218,0.8750701546669006
1783,5,219,1.0126924514770508
1784,5,220,1.0433886051177979
1785,5,221,1.1349338293075562
1786,5,222,1.0142731666564941
1787,5,223,1.045984148979187
1788,5,224,0.8922455906867981
1789,5,225,0.9457167983055115
1790,5,226,0.900198757648468
1791,5,227,1.1436080932617188
1792,5,228,1.0531322956085205
1793,5,229,0.8220219612121582
1794,5,230,0.8072857856750488
1795,5,231,0.9889445304870605
1796,5,232,0.9894766211509705
1797,5,233,0.9267955422401428
1798,5,234,0.8430660963058472
1799,5,235,1.0614566802978516
1800,5,236,1.0868877172470093
1801,5,237,1.1002895832061768
1802,5,238,0.8944249153137207
1803,5,239,0.9150631427764893
1804,5,240,0.9402416348457336
1805,5,241,0.9338355660438538
1806,5,242,0.902775228023529
1807,5,243,0.9140263199806213
1808,5,244,0.8283556699752808
1809,5,245,0.7932804226875305
1810,5,246,0.9026166796684265
1811,5,247,0.8895561099052429
1812,5,248,0.919190526008606
1813,5,249,0.8828879594802856
1814,5,250,0.9963690638542175
1815,5,251,0.9387139081954956
1816,5,252,0.8560241460800171
1817,5,253,0.8268738389015198
1818,5,254,1.14302659034729
1819,5,255,1.161466121673584
1820,5,256,0.9677107930183411
1821,5,257,0.8387019634246826
1822,5,258,0.9364696145057678
1823,5,259,0.9795722961425781
1824,5,260,0.9369282722473145
1825,5,261,1.0795928239822388
1826,5,262,0.9376100301742554
1827,5,263,1.0440210103988647
1828,5,264,1.034523844718933
1829,5,265,0.7436618208885193
1830,5,266,0.9688878655433655
1831,5,267,1.10784912109375
1832,5,268,0.991473913192749
1833,5,269,0.844834566116333
1834,5,270,0.9160313010215759
1835,5,271,1.0342520475387573
1836,5,272,0.8348088264465332
1837,5,273,0.821392297744751
1838,5,274,0.9252455234527588
1839,5,275,1.2061582803726196
1840,5,276,0.9099439382553101
1841,5,277,0.9533715844154358
1842,5,278,0.9956614375114441
1843,5,279,0.9680980443954468
1844,5,280,0.8307854533195496
1845,5,281,1.0539878606796265
1846,5,282,0.7914381623268127
1847,5,283,0.8456972241401672
1848,5,284,0.9399490356445312
1849,5,285,0.9210336804389954
1850,5,286,0.8368412256240845
1851,5,287,1.0858803987503052
1852,5,288,1.0939548015594482
1853,5,289,0.9434269666671753
1854,5,290,0.96192866563797
1855,5,291,1.12946617603302
1856,5,292,0.9040276408195496
1857,5,293,0.9803170561790466
1858,5,294,0.8831930160522461
1859,5,295,1.1917319297790527
1860,5,296,0.9756564497947693
1861,5,297,1.0536596775054932
1862,5,298,1.107503890991211
1863,5,299,0.9861487746238708
1864,5,300,1.02057945728302
1865,5,301,1.0089361667633057
1866,5,302,0.8494951725006104
1867,5,303,1.0075691938400269
1868,5,304,0.8922350406646729
1869,5,305,0.9732548594474792
1870,5,306,0.8138627409934998
1871,5,307,0.8458046317100525
1872,5,308,0.879103422164917
1873,5,309,0.8167696595191956
1874,5,310,0.9293586611747742
1875,5,311,1.1548229455947876
1876,5,312,0.9272328019142151
1877,5,313,0.9516358971595764
1878,5,314,1.0302199125289917
1879,5,315,1.0549860000610352
1880,5,316,1.1491948366165161
1881,5,317,0.9342079758644104
1882,5,318,0.802800714969635
1883,5,319,0.883882999420166
1884,5,320,0.8813521265983582
1885,5,321,0.8714055418968201
1886,5,322,0.9621698260307312
1887,5,323,0.8453776240348816
1888,5,324,0.9711738228797913
1889,5,325,0.8258092403411865
1890,5,326,0.8836148977279663
1891,5,327,0.9172292351722717
1892,5,328,0.8829165101051331
1893,5,329,0.8170430660247803
1894,5,330,0.9332558512687683
1895,5,331,0.9021168351173401
1896,5,332,0.870984673500061
1897,5,333,0.8706358075141907
1898,5,334,0.850523054599762
1899,5,335,0.7826018333435059
1900,5,336,1.1506532430648804
1901,5,337,0.9991255402565002
1902,5,338,0.8896400928497314
1903,5,339,0.8180325031280518
1904,5,340,1.0445135831832886
1905,5,341,0.7764784097671509
1906,5,342,0.9027388691902161
1907,5,343,0.9155650734901428
1908,5,344,0.7882274389266968
1909,5,345,0.9447551965713501
1910,5,346,0.9339509010314941
1911,5,347,1.0319770574569702
1912,5,348,0.8328882455825806
1913,5,349,0.9932223558425903
1914,5,350,0.9883213639259338
1915,5,351,0.9830127954483032
1916,5,352,0.8846567273139954
1917,5,353,0.8146415948867798
1918,5,354,0.895087480545044
1919,5,355,0.9490823745727539
1920,5,356,1.1105231046676636
1921,5,357,0.7472747564315796
1922,5,358,0.8803992867469788
1923,5,359,1.0732519626617432
1924,5,360,0.6571905016899109
1925,5,361,0.9094277024269104
1926,5,362,1.0088154077529907
1927,5,363,0.92948979139328
1928,5,364,0.9221606254577637
1929,5,365,0.8650071620941162
1930,5,366,0.811026930809021
1931,5,367,1.0364434719085693
1932,5,368,0.9380853772163391
1933,5,369,0.7369133234024048
1934,5,370,1.000220775604248
1935,5,371,0.9233728647232056
1936,5,372,1.0656509399414062
1937,5,373,0.8499875664710999
1938,5,374,0.9888209104537964
1939,5,375,0.9540207982063293
1940,5,376,0.9204380512237549
1941,5,377,0.8709436655044556
1942,5,378,0.8135748505592346
1943,5,379,0.947809100151062
1944,5,380,0.920108437538147
1945,5,381,0.9668022990226746
1946,5,382,0.902462363243103
1947,5,383,0.867866039276123
1948,5,384,0.8689079284667969
1949,5,385,0.9794121384620667
1950,5,386,1.000343680381775
1951,5,387,0.8221335411071777
1952,5,388,0.9695634841918945
1953,5,389,1.0129637718200684
1954,5,390,0.8674270510673523
1955,5,391,0.9322039484977722
1956,6,1,0.9558423757553101
1957,6,2,0.7586161494255066
1958,6,3,0.9517890810966492
1959,6,4,0.9785116314888
1960,6,5,0.7935740947723389
1961,6,6,0.6744896769523621
1962,6,7,0.7896742820739746
1963,6,8,0.9332717657089233
1964,6,9,0.8928133845329285
1965,6,10,0.9451600313186646
1966,6,11,0.8994739055633545
1967,6,12,0.8470718860626221
1968,6,13,0.9148394465446472
1969,6,14,0.8387653827667236
1970,6,15,0.6908134818077087
1971,6,16,0.7896894216537476
1972,6,17,0.9180012345314026
1973,6,18,0.8147845268249512
1974,6,19,0.8630161881446838
1975,6,20,0.8934710025787354
1976,6,21,0.7690585255622864
1977,6,22,0.8645214438438416
1978,6,23,0.7622122168540955
1979,6,24,0.9030174016952515
1980,6,25,0.964642345905304
1981,6,26,0.8252822756767273
1982,6,27,0.9608564972877502
1983,6,28,0.8572604656219482
1984,6,29,0.8720542192459106
1985,6,30,0.9768271446228027
1986,6,31,0.7909716367721558
1987,6,32,0.7679838538169861
1988,6,33,0.7269463539123535
1989,6,34,0.880046546459198
1990,6,35,0.8044115900993347
1991,6,36,0.7531588673591614
1992,6,37,0.6987730860710144
1993,6,38,0.8775336742401123
1994,6,39,0.7765752673149109
1995,6,40,0.8534810543060303
1996,6,41,0.7397212982177734
1997,6,42,0.8831968903541565
1998,6,43,0.8845131397247314
1999,6,44,0.7076277136802673
2000,6,45,0.8949488997459412
2001,6,46,0.8751411437988281
2002,6,47,0.881390392780304
2003,6,48,1.0092681646347046
2004,6,49,1.0243514776229858
2005,6,50,0.8937070965766907
2006,6,51,0.9015559554100037
2007,6,52,1.026158332824707
2008,6,53,0.8410008549690247
2009,6,54,1.0336649417877197
2010,6,55,0.8942503929138184
2011,6,56,0.988285481929779
2012,6,57,1.1573646068572998
2013,6,58,0.9197877645492554
2014,6,59,0.8816561698913574
2015,6,60,0.8605238795280457
2016,6,61,0.8522798418998718
2017,6,62,0.892220139503479
2018,6,63,0.9053703546524048
2019,6,64,0.8908079862594604
2020,6,65,0.9141948819160461
2021,6,66,0.7711668014526367
2022,6,67,0.7530784606933594
2023,6,68,0.7657995223999023
2024,6,69,0.877390444278717
2025,6,70,0.6463394165039062
2026,6,71,0.6621530652046204
2027,6,72,0.8866211771965027
2028,6,73,0.803471028804779
2029,6,74,0.8561273813247681
2030,6,75,0.784222424030304
2031,6,76,0.8943113088607788
2032,6,77,0.7845069766044617
2033,6,78,0.7287406325340271
2034,6,79,0.8595328330993652
2035,6,80,0.8701217770576477
2036,6,81,0.7994911670684814
2037,6,82,0.858313262462616
2038,6,83,0.7665546536445618
2039,6,84,1.0273598432540894
2040,6,85,0.9036033749580383
2041,6,86,0.9541324973106384
2042,6,87,0.830250084400177
2043,6,88,0.8958669304847717
2044,6,89,0.8534322381019592
2045,6,90,0.8540805578231812
2046,6,91,0.903811514377594
2047,6,92,0.8988173007965088
2048,6,93,0.8501433730125427
2049,6,94,0.7763796448707581
2050,6,95,0.8266262412071228
2051,6,96,0.8497953414916992
2052,6,97,0.7493492960929871
2053,6,98,0.918940544128418
2054,6,99,0.9614149928092957
2055,6,100,0.9012657403945923
2056,6,101,0.8389953374862671
2057,6,102,0.9933826327323914
2058,6,103,0.9021505117416382
2059,6,104,0.8580905795097351
2060,6,105,0.9429434537887573
2061,6,106,0.8383796811103821
2062,6,107,0.7872684597969055
2063,6,108,0.8012647032737732
2064,6,109,0.7129022479057312
2065,6,110,0.7757455706596375
2066,6,111,0.8125029802322388
2067,6,112,0.9092469811439514
2068,6,113,0.858331024646759
2069,6,114,1.0579183101654053
2070,6,115,0.7098373770713806
2071,6,116,0.8336676955223083
2072,6,117,0.9265152215957642
2073,6,118,0.8687913417816162
2074,6,119,1.071489691734314
2075,6,120,0.7142680883407593
2076,6,121,0.7815821170806885
2077,6,122,0.8900691270828247
2078,6,123,0.8490028977394104
2079,6,124,0.8430263996124268
2080,6,125,0.6196024417877197
2081,6,126,0.9154229760169983
2082,6,127,0.7995684146881104
2083,6,128,0.8210980892181396
2084,6,129,0.7620708346366882
2085,6,130,0.6847240328788757
2086,6,131,0.9837759733200073
2087,6,132,0.9065147042274475
2088,6,133,0.710541307926178
2089,6,134,1.0872604846954346
2090,6,135,1.0638962984085083
2091,6,136,0.9391654133796692
2092,6,137,0.7744138240814209
2093,6,138,0.8555775880813599
2094,6,139,0.9044977426528931
2095,6,140,0.678207278251648
2096,6,141,0.9151985049247742
2097,6,142,0.9582204222679138
2098,6,143,0.8362858891487122
2099,6,144,0.8371054530143738
2100,6,145,1.0415562391281128
2101,6,146,0.922381579875946
2102,6,147,0.8715482354164124
2103,6,148,0.8760702610015869
2104,6,149,0.7642155885696411
2105,6,150,0.7497739791870117
2106,6,151,1.0069124698638916
2107,6,152,0.7351520657539368
2108,6,153,0.9512340426445007
2109,6,154,0.813325047492981
2110,6,155,0.7426683902740479
2111,6,156,0.9017342925071716
2112,6,157,0.770507276058197
2113,6,158,0.8298879861831665
2114,6,159,0.7684899568557739
2115,6,160,1.0295231342315674
2116,6,161,0.7896833419799805
2117,6,162,0.9739656448364258
2118,6,163,0.772218644618988
2119,6,164,0.864220917224884
2120,6,165,0.7666167616844177
2121,6,166,1.0137001276016235
2122,6,167,0.8335244655609131
2123,6,168,1.1264970302581787
2124,6,169,0.7621952891349792
2125,6,170,0.9977555871009827
2126,6,171,0.920367956161499
2127,6,172,0.8487764000892639
2128,6,173,1.0017534494400024
2129,6,174,0.9711282253265381
2130,6,175,0.8832234740257263
2131,6,176,0.9248905777931213
2132,6,177,0.812117338180542
2133,6,178,0.9288569092750549
2134,6,179,0.810110867023468
2135,6,180,0.9061973690986633
2136,6,181,0.7762500047683716
2137,6,182,0.9639038443565369
2138,6,183,0.9125714898109436
2139,6,184,0.8731269836425781
2140,6,185,0.8619794249534607
2141,6,186,0.9231225252151489
2142,6,187,0.7977630496025085
2143,6,188,0.8554352521896362
2144,6,189,1.043591856956482
2145,6,190,0.8678556680679321
2146,6,191,0.8200464248657227
2147,6,192,1.0169745683670044
2148,6,193,0.7041666507720947
2149,6,194,0.769019603729248
2150,6,195,0.9073196053504944
2151,6,196,0.9358066320419312
2152,6,197,0.8393461108207703
2153,6,198,0.9017822742462158
2154,6,199,0.954673707485199
2155,6,200,0.8858872652053833
2156,6,201,1.015724778175354
2157,6,202,0.9689843058586121
2158,6,203,1.0329537391662598
2159,6,204,1.0162997245788574
2160,6,205,0.9527514576911926
2161,6,206,0.8582685589790344
2162,6,207,0.909169614315033
2163,6,208,0.9650387763977051
2164,6,209,0.9865606427192688
2165,6,210,0.8854095339775085
2166,6,211,0.7967343330383301
2167,6,212,0.8054485321044922
2168,6,213,0.8836014866828918
2169,6,214,0.8667623400688171
2170,6,215,0.9389806389808655
2171,6,216,0.7881653904914856
2172,6,217,0.7062892317771912
2173,6,218,0.7672805786132812
2174,6,219,0.915941059589386
2175,6,220,0.9799666404724121
2176,6,221,0.735945999622345
2177,6,222,0.7374431490898132
2178,6,223,0.7270218133926392
2179,6,224,0.7829265594482422
2180,6,225,0.606464684009552
2181,6,226,0.9018466472625732
2182,6,227,0.7700989246368408
2183,6,228,0.704975962638855
2184,6,229,0.8242863416671753
2185,6,230,0.6511057019233704
2186,6,231,0.9242327213287354
2187,6,232,0.9574196338653564
2188,6,233,1.0099289417266846
2189,6,234,0.7926201224327087
2190,6,235,0.9240778088569641
2191,6,236,0.846458375453949
2192,6,237,0.7695437669754028
2193,6,238,0.7550206184387207
2194,6,239,0.9679550528526306
2195,6,240,0.8288875818252563
2196,6,241,0.8544381260871887
2197,6,242,0.9537292122840881
2198,6,243,0.9506403207778931
2199,6,244,0.9789463877677917
2200,6,245,0.7453662157058716
2201,6,246,0.6817803978919983
2202,6,247,0.8182989358901978
2203,6,248,0.84024977684021
2204,6,249,0.708953857421875
2205,6,250,1.0199847221374512
2206,6,251,0.8631086349487305
2207,6,252,0.8469007015228271
2208,6,253,0.9881892800331116
2209,6,254,0.7762753963470459
2210,6,255,0.8893137574195862
2211,6,256,0.8226343393325806
2212,6,257,0.8060546517372131
2213,6,258,0.8139709830284119
2214,6,259,0.8336930274963379
2215,6,260,0.8228341937065125
2216,6,261,0.8924264907836914
2217,6,262,0.8515139222145081
2218,6,263,0.8571158051490784
2219,6,264,0.8812577128410339
2220,6,265,0.7089442014694214
2221,6,266,0.848551869392395
2222,6,267,0.975138247013092
2223,6,268,0.8134616613388062
2224,6,269,0.8077003359794617
2225,6,270,0.9603672027587891
2226,6,271,0.9032387733459473
2227,6,272,0.7791056036949158
2228,6,273,1.0368555784225464
2229,6,274,0.959096372127533
2230,6,275,0.7231948375701904
2231,6,276,0.7755002379417419
2232,6,277,0.7983901500701904
2233,6,278,0.8896299600601196
2234,6,279,1.0250567197799683
2235,6,280,1.038804054260254
2236,6,281,0.8945400714874268
2237,6,282,0.8628033995628357
2238,6,283,0.7100403904914856
2239,6,284,0.7832348942756653
2240,6,285,0.9033659100532532
2241,6,286,0.9769733548164368
2242,6,287,0.8647968769073486
2243,6,288,0.786414384841919
2244,6,289,0.7293999195098877
2245,6,290,0.7225248217582703
2246,6,291,0.9430585503578186
2247,6,292,0.8141975998878479
2248,6,293,0.9652112722396851
2249,6,294,0.805575966835022
2250,6,295,1.0548478364944458
2251,6,296,0.8697406649589539
2252,6,297,0.9195880889892578
2253,6,298,0.8867095112800598
2254,6,299,0.7931182980537415
2255,6,300,0.7990864515304565
2256,6,301,0.7549185156822205
2257,6,302,0.8360406756401062
2258,6,303,0.9311982989311218
2259,6,304,0.8294820189476013
2260,6,305,0.8320181369781494
2261,6,306,0.7840805053710938
2262,6,307,1.0423076152801514
2263,6,308,0.7832877039909363
2264,6,309,0.9046481847763062
2265,6,310,0.9022531509399414
2266,6,311,0.8746612668037415
2267,6,312,1.0995280742645264
2268,6,313,0.7116662263870239
2269,6,314,0.6218641400337219
2270,6,315,0.9697034955024719
2271,6,316,0.7473827600479126
2272,6,317,0.8992083072662354
2273,6,318,0.9835761189460754
2274,6,319,0.7846699357032776
2275,6,320,0.8094965815544128
2276,6,321,0.9303960800170898
2277,6,322,0.7513810396194458
2278,6,323,0.9655543565750122
2279,6,324,0.8338014483451843
2280,6,325,0.9649569988250732
2281,6,326,0.7755962610244751
2282,6,327,0.8731476068496704
2283,6,328,1.0918221473693848
2284,6,329,0.9663048386573792
2285,6,330,0.724107027053833
2286,6,331,0.9257411360740662
2287,6,332,0.7236601114273071
2288,6,333,0.8039237260818481
2289,6,334,0.8217154145240784
2290,6,335,0.7403456568717957
2291,6,336,0.8337914943695068
2292,6,337,0.7577560544013977
2293,6,338,0.9392920136451721
2294,6,339,0.9863836169242859
2295,6,340,0.709365725517273
2296,6,341,0.9107690453529358
2297,6,342,0.9144778847694397
2298,6,343,0.8445470929145813
2299,6,344,0.9819627404212952
2300,6,345,0.7009425759315491
2301,6,346,0.7296996712684631
2302,6,347,0.8875816464424133
2303,6,348,0.5776647329330444
2304,6,349,0.6584233641624451
2305,6,350,0.7829933762550354
2306,6,351,0.7938423156738281
2307,6,352,0.7391285300254822
2308,6,353,0.8408207893371582
2309,6,354,0.7993074655532837
2310,6,355,0.8472167253494263
2311,6,356,0.813014805316925
2312,6,357,0.7934918403625488
2313,6,358,0.8472145199775696
2314,6,359,0.9236750602722168
2315,6,360,0.9266330599784851
2316,6,361,1.1044726371765137
2317,6,362,0.9090878367424011
2318,6,363,0.7464413046836853
2319,6,364,0.7256771922111511
2320,6,365,0.7806118130683899
2321,6,366,0.8029705882072449
2322,6,367,0.9995431303977966
2323,6,368,0.9936873912811279
2324,6,369,0.7390511631965637
2325,6,370,0.818367063999176
2326,6,371,0.9015543460845947
2327,6,372,0.7903549671173096
2328,6,373,0.8313066959381104
2329,6,374,0.7395302057266235
2330,6,375,0.9269345998764038
2331,6,376,0.8469601273536682
2332,6,377,0.8328417539596558
2333,6,378,0.9494602084159851
2334,6,379,0.8898864984512329
2335,6,380,0.8138973116874695
2336,6,381,0.9550532102584839
2337,6,382,0.9538396596908569
2338,6,383,0.9145331382751465
2339,6,384,0.6651293039321899
2340,6,385,0.7488232851028442
2341,6,386,1.025091290473938
2342,6,387,0.9712079763412476
2343,6,388,0.8111667037010193
2344,6,389,0.8576694130897522
2345,6,390,0.9417935013771057
2346,6,391,1.1585781574249268
2347,7,1,0.6903829574584961
2348,7,2,0.7036258578300476
2349,7,3,0.8740430474281311
2350,7,4,0.8512156009674072
2351,7,5,0.8256903290748596
2352,7,6,0.7076288461685181
2353,7,7,0.7446743249893188
2354,7,8,0.8686596751213074
2355,7,9,0.7712715864181519
2356,7,10,0.732856035232544
2357,7,11,0.6461440920829773
2358,7,12,0.6918967962265015
2359,7,13,0.6975573301315308
2360,7,14,0.5899109244346619
2361,7,15,0.6919195652008057
2362,7,16,0.7810037732124329
2363,7,17,0.7228052616119385
2364,7,18,0.7000272870063782
2365,7,19,0.8110883235931396
2366,7,20,0.7560842633247375
2367,7,21,0.8885599374771118
2368,7,22,0.8175946474075317
2369,7,23,0.5921839475631714
2370,7,24,0.8462762236595154
2371,7,25,0.9122347831726074
2372,7,26,0.8994696140289307
2373,7,27,0.774928867816925
2374,7,28,1.0946317911148071
2375,7,29,0.6788812279701233
2376,7,30,0.7387368083000183
2377,7,31,0.7859140038490295
2378,7,32,0.7660818696022034
2379,7,33,0.7514586448669434
2380,7,34,0.7840065360069275
2381,7,35,0.8651460409164429
2382,7,36,0.7769562005996704
2383,7,37,0.8089697957038879
2384,7,38,0.8318437337875366
2385,7,39,0.8160435557365417
2386,7,40,0.7960698008537292
2387,7,41,0.8135374784469604
2388,7,42,0.7067583203315735
2389,7,43,0.7649207711219788
2390,7,44,0.7876714468002319
2391,7,45,0.8362602591514587
2392,7,46,0.8550310134887695
2393,7,47,0.8586957454681396
2394,7,48,0.7717866897583008
2395,7,49,0.8107980489730835
2396,7,50,0.7709701061248779
2397,7,51,0.7587020993232727
2398,7,52,0.7430214881896973
2399,7,53,0.6921727061271667
2400,7,54,0.8870868682861328
2401,7,55,0.7490125298500061
2402,7,56,0.8247414231300354
2403,7,57,0.7627143263816833
2404,7,58,0.8818376660346985
2405,7,59,0.7923431396484375
2406,7,60,0.7695372104644775
2407,7,61,0.9697268605232239
2408,7,62,0.9049928188323975
2409,7,63,0.6972147226333618
2410,7,64,0.8034974932670593
2411,7,65,1.1415213346481323
2412,7,66,0.6537626385688782
2413,7,67,0.7687265276908875
2414,7,68,0.8522008657455444
2415,7,69,0.7332010865211487
2416,7,70,0.9650368094444275
2417,7,71,0.7916843295097351
2418,7,72,0.8220073580741882
2419,7,73,0.7488325834274292
2420,7,74,0.7433013916015625
2421,7,75,0.6505087614059448
2422,7,76,0.7028858065605164
2423,7,77,0.7068517208099365
2424,7,78,0.8287590742111206
2425,7,79,0.6960960626602173
2426,7,80,0.8303838968276978
2427,7,81,0.5612764358520508
2428,7,82,0.6474908590316772
2429,7,83,0.6973811388015747
2430,7,84,0.6336126327514648
2431,7,85,0.6871015429496765
2432,7,86,0.7353566288948059
2433,7,87,0.6847313046455383
2434,7,88,0.7595993280410767
2435,7,89,0.8835858106613159
2436,7,90,0.8635422587394714
2437,7,91,0.7897531986236572
2438,7,92,0.7223883867263794
2439,7,93,0.6921199560165405
2440,7,94,0.6072630882263184
2441,7,95,0.8112287521362305
2442,7,96,0.8441138863563538
2443,7,97,0.8579196333885193
2444,7,98,0.9443376064300537
2445,7,99,0.6716212630271912
2446,7,100,0.8491649627685547
2447,7,101,0.8385424613952637
2448,7,102,0.9611549377441406
2449,7,103,0.8201152682304382
2450,7,104,0.7785507440567017
2451,7,105,0.5544456839561462
2452,7,106,0.8135553002357483
2453,7,107,0.6297147274017334
2454,7,108,0.7146333456039429
2455,7,109,0.8426945805549622
2456,7,110,0.8934022784233093
2457,7,111,0.8092149496078491
2458,7,112,0.8426226377487183
2459,7,113,0.6538141965866089
2460,7,114,0.7775207757949829
2461,7,115,0.900685727596283
2462,7,116,0.7713051438331604
2463,7,117,0.7528170347213745
2464,7,118,0.869896411895752
2465,7,119,0.7326192855834961
2466,7,120,0.7128668427467346
2467,7,121,0.856395959854126
2468,7,122,0.8275504112243652
2469,7,123,0.5887964367866516
2470,7,124,0.595675528049469
2471,7,125,0.8064050078392029
2472,7,126,0.9084298610687256
2473,7,127,0.7495436072349548
2474,7,128,0.8628571033477783
2475,7,129,0.9106822609901428
2476,7,130,0.7791802287101746
2477,7,131,0.8320249319076538
2478,7,132,0.7330507040023804
2479,7,133,0.6911622881889343
2480,7,134,0.8647183179855347
2481,7,135,0.6735309958457947
2482,7,136,0.6198974847793579
2483,7,137,0.7458916306495667
2484,7,138,0.8420507311820984
2485,7,139,0.8283408284187317
2486,7,140,0.9333603978157043
2487,7,141,0.7813082337379456
2488,7,142,0.733878493309021
2489,7,143,0.7798947691917419
2490,7,144,0.7638911008834839
2491,7,145,0.8153201937675476
2492,7,146,0.7087597250938416
2493,7,147,0.7969422340393066
2494,7,148,0.8953686356544495
2495,7,149,0.8187440037727356
2496,7,150,0.7142188549041748
2497,7,151,0.979453980922699
2498,7,152,1.023136854171753
2499,7,153,0.6639864444732666
2500,7,154,0.8634372353553772
2501,7,155,0.6361996531486511
2502,7,156,0.780486524105072
2503,7,157,0.987795352935791
2504,7,158,0.6751760244369507
2505,7,159,0.8852533102035522
2506,7,160,0.8704409599304199
2507,7,161,0.837701678276062
2508,7,162,0.7407405376434326
2509,7,163,0.7351347208023071
2510,7,164,0.6539465188980103
2511,7,165,0.6474295258522034
2512,7,166,0.913890540599823
2513,7,167,0.7772966623306274
2514,7,168,0.8481174111366272
2515,7,169,0.7001168131828308
2516,7,170,0.7492420077323914
2517,7,171,0.678037166595459
2518,7,172,0.6261085271835327
2519,7,173,0.7250680923461914
2520,7,174,0.759236752986908
2521,7,175,0.7056758403778076
2522,7,176,0.9471731781959534
2523,7,177,0.6953995227813721
2524,7,178,0.7989701628684998
2525,7,179,0.7907907962799072
2526,7,180,0.8383137583732605
2527,7,181,0.7612858414649963
2528,7,182,0.7877987623214722
2529,7,183,0.7558677196502686
2530,7,184,0.6885783076286316
2531,7,185,0.9483389854431152
2532,7,186,0.7669389843940735
2533,7,187,0.7077623009681702
2534,7,188,0.932834267616272
2535,7,189,0.7747214436531067
2536,7,190,0.7626479864120483
2537,7,191,0.8353937864303589
2538,7,192,0.5982037782669067
2539,7,193,0.7377990484237671
2540,7,194,0.7987989783287048
2541,7,195,0.9071394205093384
2542,7,196,0.767354428768158
2543,7,197,0.8852787613868713
2544,7,198,0.8609612584114075
2545,7,199,0.9527866840362549
2546,7,200,0.9296568036079407
2547,7,201,0.8743393421173096
2548,7,202,0.7125065326690674
2549,7,203,0.9138079285621643
2550,7,204,0.860296905040741
2551,7,205,0.7668784856796265
2552,7,206,0.8925966024398804
2553,7,207,0.7927050590515137
2554,7,208,0.674910843372345
2555,7,209,0.706432044506073
2556,7,210,0.6481750011444092
2557,7,211,0.8174034357070923
2558,7,212,0.7164820432662964
2559,7,213,0.8187606334686279
2560,7,214,0.7349653840065002
2561,7,215,0.7544633746147156
2562,7,216,0.6756280660629272
2563,7,217,0.7485424280166626
2564,7,218,0.8004643321037292
2565,7,219,0.6495711803436279
2566,7,220,0.7503597736358643
2567,7,221,0.8089853525161743
2568,7,222,0.7674595713615417
2569,7,223,0.6920692324638367
2570,7,224,0.9075362086296082
2571,7,225,0.8157132863998413
2572,7,226,0.657986581325531
2573,7,227,0.7800840735435486
2574,7,228,1.0689566135406494
2575,7,229,0.9406028985977173
2576,7,230,0.7796667218208313
2577,7,231,0.968169093132019
2578,7,232,0.7221282720565796
2579,7,233,0.5372524261474609
2580,7,234,0.7795524597167969
2581,7,235,0.7811590433120728
2582,7,236,0.695019006729126
2583,7,237,0.7575160264968872
2584,7,238,0.8361842036247253
2585,7,239,0.940429151058197
2586,7,240,0.6995482444763184
2587,7,241,0.8153274655342102
2588,7,242,0.8756822943687439
2589,7,243,0.8462719321250916
2590,7,244,0.7348564267158508
2591,7,245,1.062536597251892
2592,7,246,0.8981245160102844
2593,7,247,0.7904462814331055
2594,7,248,0.7443720698356628
2595,7,249,0.9771082997322083
2596,7,250,0.8498049378395081
2597,7,251,0.7144002318382263
2598,7,252,0.8496076464653015
2599,7,253,0.7315621972084045
2600,7,254,0.8330813050270081
2601,7,255,0.7914919257164001
2602,7,256,0.7900543212890625
2603,7,257,0.6479049324989319
2604,7,258,0.7482927441596985
2605,7,259,0.6991581320762634
2606,7,260,0.7295827865600586
2607,7,261,0.8134910464286804
2608,7,262,0.8636342287063599
2609,7,263,0.7649995684623718
2610,7,264,0.8025726675987244
2611,7,265,0.8946411609649658
2612,7,266,0.7564923167228699
2613,7,267,0.7873768210411072
2614,7,268,0.9299750328063965
2615,7,269,0.6212737560272217
2616,7,270,0.7120472192764282
2617,7,271,0.7268121242523193
2618,7,272,0.8962494134902954
2619,7,273,0.8951847553253174
2620,7,274,0.8601442575454712
2621,7,275,0.755151629447937
2622,7,276,0.8520084619522095
2623,7,277,0.6874282956123352
2624,7,278,0.8794865608215332
2625,7,279,0.7094439268112183
2626,7,280,0.8316153883934021
2627,7,281,0.8685042262077332
2628,7,282,0.8216140866279602
2629,7,283,0.937690794467926
2630,7,284,0.9165821075439453
2631,7,285,0.7971898317337036
2632,7,286,0.7831242084503174
2633,7,287,0.8722209930419922
2634,7,288,0.9326913356781006
2635,7,289,0.7137031555175781
2636,7,290,0.7577835321426392
2637,7,291,0.8554608821868896
2638,7,292,0.780709445476532
2639,7,293,0.7989839315414429
2640,7,294,0.9060642719268799
2641,7,295,0.7484077215194702
2642,7,296,0.7353582382202148
2643,7,297,0.7366102933883667
2644,7,298,0.6317108869552612
2645,7,299,0.7788135409355164
2646,7,300,0.8168737292289734
2647,7,301,0.8330013751983643
2648,7,302,0.7963419556617737
2649,7,303,0.7235264182090759
2650,7,304,0.6649784445762634
2651,7,305,0.8944167494773865
2652,7,306,0.8110776543617249
2653,7,307,0.9085660576820374
2654,7,308,0.9646464586257935
2655,7,309,0.8395275473594666
2656,7,310,0.8803279995918274
2657,7,311,0.7356560230255127
2658,7,312,0.8962832689285278
2659,7,313,0.7040590047836304
2660,7,314,0.8834103345870972
2661,7,315,0.7813136577606201
2662,7,316,0.8580076694488525
2663,7,317,0.9299176335334778
2664,7,318,0.8191365599632263
2665,7,319,0.9986975193023682
2666,7,320,0.7721340656280518
2667,7,321,0.7784900665283203
2668,7,322,0.6856436133384705
2669,7,323,0.8947951793670654
2670,7,324,0.899687647819519
2671,7,325,0.8351658582687378
2672,7,326,0.7598764300346375
2673,7,327,0.8273669481277466
2674,7,328,0.6909089088439941
2675,7,329,0.6797696352005005
2676,7,330,0.6988669633865356
2677,7,331,0.877573549747467
2678,7,332,0.6544432044029236
2679,7,333,0.8749227523803711
2680,7,334,0.699042022228241
2681,7,335,0.796046257019043
2682,7,336,0.7280304431915283
2683,7,337,1.0236079692840576
2684,7,338,0.8304480314254761
2685,7,339,0.7860758900642395
2686,7,340,0.7907444834709167
2687,7,341,0.7385519742965698
2688,7,342,0.8881676197052002
2689,7,343,0.7942323088645935
2690,7,344,0.8297924399375916
2691,7,345,0.7257905602455139
2692,7,346,0.8869314789772034
2693,7,347,0.7969021797180176
2694,7,348,0.9198639392852783
2695,7,349,0.8632985949516296
2696,7,350,0.7712461948394775
2697,7,351,0.7422055006027222
2698,7,352,0.9841292500495911
2699,7,353,0.670066773891449
2700,7,354,0.8177624344825745
2701,7,355,0.8230122327804565
2702,7,356,0.7176251411437988
2703,7,357,0.8805974721908569
2704,7,358,0.8753613233566284
2705,7,359,0.7141650915145874
2706,7,360,0.7722113728523254
2707,7,361,0.9072160720825195
2708,7,362,0.9121826887130737
2709,7,363,0.6104900240898132
2710,7,364,0.8133125901222229
2711,7,365,0.7779038548469543
2712,7,366,0.761081874370575
2713,7,367,0.8878605961799622
2714,7,368,0.6889835596084595
2715,7,369,0.9910997152328491
2716,7,370,0.8862051367759705
2717,7,371,0.70084547996521
2718,7,372,0.7702793478965759
2719,7,373,0.583191990852356
2720,7,374,0.7512693405151367
2721,7,375,0.8266285061836243
2722,7,376,0.9305294156074524
2723,7,377,0.935033917427063
2724,7,378,0.6510114073753357
2725,7,379,0.7777841687202454
2726,7,380,0.9467977285385132
2727,7,381,0.8004356026649475
2728,7,382,0.8892143964767456
2729,7,383,0.8535287380218506
2730,7,384,0.7334290146827698
2731,7,385,0.827336311340332
2732,7,386,0.8960580229759216
2733,7,387,0.8691185712814331
2734,7,388,0.9829432368278503
2735,7,389,0.6447932720184326
2736,7,390,0.778939962387085
2737,7,391,0.6875678896903992
2738,8,1,0.7370761036872864
2739,8,2,0.7425855398178101
2740,8,3,0.8366730809211731
2741,8,4,0.7218582034111023
2742,8,5,0.6249458193778992
2743,8,6,0.7513036131858826
2744,8,7,0.8605925440788269
2745,8,8,0.8021236062049866
2746,8,9,0.7568181157112122
2747,8,10,0.8048169612884521
2748,8,11,0.7422194480895996
2749,8,12,0.6508649587631226
2750,8,13,0.8196641206741333
2751,8,14,0.7477863430976868
2752,8,15,0.7120831608772278
2753,8,16,0.826008677482605
2754,8,17,0.5917502641677856
2755,8,18,0.6884002089500427
2756,8,19,0.6729167699813843
2757,8,20,0.6104118227958679
2758,8,21,0.6488542556762695
2759,8,22,0.6911271214485168
2760,8,23,0.7448847889900208
2761,8,24,0.7073251008987427
2762,8,25,0.6694732904434204
2763,8,26,0.7592678666114807
2764,8,27,0.7666017413139343
2765,8,28,0.7857348918914795
2766,8,29,0.9043968915939331
2767,8,30,0.8568712472915649
2768,8,31,0.966457724571228
2769,8,32,0.652447521686554
2770,8,33,0.7438220381736755
2771,8,34,0.6070561408996582
2772,8,35,0.8927955627441406
2773,8,36,0.7576584815979004
2774,8,37,0.6181507110595703
2775,8,38,0.6444095373153687
2776,8,39,0.6033473610877991
2777,8,40,0.8693329691886902
2778,8,41,0.7899344563484192
2779,8,42,0.6755803227424622
2780,8,43,0.759955108165741
2781,8,44,0.7319213151931763
2782,8,45,0.5526276230812073
2783,8,46,0.5888330936431885
2784,8,47,0.6147403717041016
2785,8,48,0.6708137392997742
2786,8,49,0.7023284435272217
2787,8,50,0.760474681854248
2788,8,51,0.6425584554672241
2789,8,52,0.7532195448875427
2790,8,53,0.6722370386123657
2791,8,54,0.7386975884437561
2792,8,55,0.7736813426017761
2793,8,56,0.8835839629173279
2794,8,57,0.7756374478340149
2795,8,58,0.5511225461959839
2796,8,59,0.793884813785553
2797,8,60,0.6602910757064819
2798,8,61,0.7874839305877686
2799,8,62,0.6494482159614563
2800,8,63,0.7020559906959534
2801,8,64,0.7038943767547607
2802,8,65,0.7909489870071411
2803,8,66,0.7388421893119812
2804,8,67,0.5581741333007812
2805,8,68,0.7642032504081726
2806,8,69,0.6666887402534485
2807,8,70,0.8014539480209351
2808,8,71,0.5036288499832153
2809,8,72,0.6800137162208557
2810,8,73,0.8431664109230042
2811,8,74,0.7740756273269653
2812,8,75,0.7761479616165161
2813,8,76,0.7052520513534546
2814,8,77,0.9116212725639343
2815,8,78,0.6677883267402649
2816,8,79,0.7118860483169556
2817,8,80,0.7233492732048035
2818,8,81,0.6994073987007141
2819,8,82,0.5747609734535217
2820,8,83,0.5952053666114807
2821,8,84,0.700432538986206
2822,8,85,0.7621549367904663
2823,8,86,0.7069172263145447
2824,8,87,0.7417125105857849
2825,8,88,0.7042974233627319
2826,8,89,0.7945043444633484
2827,8,90,0.599174439907074
2828,8,91,0.6835863590240479
2829,8,92,0.7668100595474243
2830,8,93,0.7206369638442993
2831,8,94,0.7191623449325562
2832,8,95,0.6959574222564697
2833,8,96,0.7787981033325195
2834,8,97,0.7225716710090637
2835,8,98,0.769473671913147
2836,8,99,0.755147397518158
2837,8,100,0.6432735919952393
2838,8,101,0.7866421937942505
2839,8,102,0.7831071615219116
2840,8,103,0.7127712368965149
2841,8,104,0.7182565331459045
2842,8,105,0.6661244034767151
2843,8,106,0.7639657258987427
2844,8,107,0.8505104184150696
2845,8,108,0.7833231687545776
2846,8,109,0.6314338445663452
2847,8,110,0.641838550567627
2848,8,111,0.6124448776245117
2849,8,112,0.6652798056602478
2850,8,113,0.7428001165390015
2851,8,114,0.6623233556747437
2852,8,115,0.792730450630188
2853,8,116,0.534585177898407
2854,8,117,0.6059262752532959
2855,8,118,0.7191373705863953
2856,8,119,0.6161108613014221
2857,8,120,0.6307491064071655
2858,8,121,0.5481705069541931
2859,8,122,0.8009358644485474
2860,8,123,0.6555852890014648
2861,8,124,0.6144255995750427
2862,8,125,0.6119953393936157
2863,8,126,0.74562668800354
2864,8,127,0.8246431946754456
2865,8,128,0.7108418345451355
2866,8,129,0.8813132643699646
2867,8,130,0.653359591960907
2868,8,131,0.764866828918457
2869,8,132,0.5810292959213257
2870,8,133,0.5447047352790833
2871,8,134,0.7216164469718933
2872,8,135,0.8326236605644226
2873,8,136,0.7138481140136719
2874,8,137,0.8333801031112671
2875,8,138,0.5797364115715027
2876,8,139,0.7440088391304016
2877,8,140,0.6305469870567322
2878,8,141,0.6638862490653992
2879,8,142,0.9849945306777954
2880,8,143,0.7290070652961731
2881,8,144,0.6482284069061279
2882,8,145,0.5935828685760498
2883,8,146,0.7337414622306824
2884,8,147,0.9974945783615112
2885,8,148,0.7310922145843506
2886,8,149,0.6495435833930969
2887,8,150,0.7330920696258545
2888,8,151,0.715603232383728
2889,8,152,0.7512913942337036
2890,8,153,0.7023535370826721
2891,8,154,0.9264472723007202
2892,8,155,0.8213925361633301
2893,8,156,0.6541396379470825
2894,8,157,0.7986628413200378
2895,8,158,0.7646755576133728
2896,8,159,0.7825678586959839
2897,8,160,0.876227617263794
2898,8,161,0.7196263074874878
2899,8,162,0.691407322883606
2900,8,163,0.6407240033149719
2901,8,164,0.7187003493309021
2902,8,165,0.574663519859314
2903,8,166,0.6269912123680115
2904,8,167,0.6987935900688171
2905,8,168,0.7977100610733032
2906,8,169,0.6994796395301819
2907,8,170,0.8845568895339966
2908,8,171,0.6033393144607544
2909,8,172,0.5516626238822937
2910,8,173,0.596890926361084
2911,8,174,0.5431897044181824
2912,8,175,0.7569730877876282
2913,8,176,0.7217620611190796
2914,8,177,0.792407751083374
2915,8,178,0.7419660091400146
2916,8,179,0.7462128400802612
2917,8,180,0.6858047842979431
2918,8,181,0.6346973180770874
2919,8,182,0.8400163650512695
2920,8,183,0.8105016946792603
2921,8,184,0.9238893985748291
2922,8,185,0.6745572686195374
2923,8,186,0.7854219079017639
2924,8,187,0.5945784449577332
2925,8,188,0.6285589337348938
2926,8,189,0.7949873208999634
2927,8,190,0.6328979730606079
2928,8,191,0.6968976855278015
2929,8,192,0.8578857779502869
2930,8,193,0.835627555847168
2931,8,194,0.6343284845352173
2932,8,195,0.7471705079078674
2933,8,196,0.7275345325469971
2934,8,197,0.6662918329238892
2935,8,198,0.7586734890937805
2936,8,199,0.8067381978034973
2937,8,200,0.7332716584205627
2938,8,201,0.7312161922454834
2939,8,202,0.7680532336235046
2940,8,203,0.6467137932777405
2941,8,204,0.8238316774368286
2942,8,205,0.6648739576339722
2943,8,206,0.6079177260398865
2944,8,207,0.9467463493347168
2945,8,208,0.8143779635429382
2946,8,209,0.6873908042907715
2947,8,210,0.8718568682670593
2948,8,211,0.7612051367759705
2949,8,212,0.7956017851829529
2950,8,213,0.6381284594535828
2951,8,214,0.6670114994049072
2952,8,215,0.8607925176620483
2953,8,216,0.6582044959068298
2954,8,217,0.7789918184280396
2955,8,218,0.9438011050224304
2956,8,219,0.6603389382362366
2957,8,220,0.8990727066993713
2958,8,221,0.7502492070198059
2959,8,222,0.8131838440895081
2960,8,223,0.8309995532035828
2961,8,224,0.7320724129676819
2962,8,225,0.8710188269615173
2963,8,226,0.8367781043052673
2964,8,227,0.7226603627204895
2965,8,228,0.8312458395957947
2966,8,229,0.6466924548149109
2967,8,230,0.7577358484268188
2968,8,231,0.7335862517356873
2969,8,232,0.7222040891647339
2970,8,233,0.635923445224762
2971,8,234,0.6545393466949463
2972,8,235,0.7787657380104065
2973,8,236,0.7296265959739685
2974,8,237,0.7671369314193726
2975,8,238,0.5637331008911133
2976,8,239,0.5357820391654968
2977,8,240,0.7396894693374634
2978,8,241,0.7865704298019409
2979,8,242,0.5990386009216309
2980,8,243,0.6400418281555176
2981,8,244,0.6938207149505615
2982,8,245,0.6470871567726135
2983,8,246,0.5739267468452454
2984,8,247,0.463826447725296
2985,8,248,0.6860505938529968
2986,8,249,0.7202996015548706
2987,8,250,0.6050413846969604
2988,8,251,0.6677460670471191
2989,8,252,0.5774934887886047
2990,8,253,0.7157893180847168
2991,8,254,0.6772221326828003
2992,8,255,0.7289519309997559
2993,8,256,0.6608380079269409
2994,8,257,0.6618539094924927
2995,8,258,0.6477453708648682
2996,8,259,0.8162262439727783
2997,8,260,0.6907101273536682
2998,8,261,0.8308818936347961
2999,8,262,0.7539464235305786
3000,8,263,0.7235874533653259
3001,8,264,0.8930883407592773
3002,8,265,0.5900527238845825
3003,8,266,0.6775373816490173
3004,8,267,0.7433762550354004
3005,8,268,0.8040967583656311
3006,8,269,0.7218263745307922
3007,8,270,1.0028717517852783
3008,8,271,0.744419515132904
3009,8,272,0.8183541297912598
3010,8,273,0.9041841626167297
3011,8,274,0.5822239518165588
3012,8,275,0.7925864458084106
3013,8,276,0.8269230127334595
3014,8,277,0.7041103839874268
3015,8,278,0.7797768115997314
3016,8,279,0.7480651140213013
3017,8,280,0.5900378227233887
3018,8,281,0.8924270272254944
3019,8,282,0.7658867835998535
3020,8,283,0.7814914584159851
3021,8,284,0.7527932524681091
3022,8,285,0.6544108390808105
3023,8,286,0.6915785670280457
3024,8,287,0.6990736126899719
3025,8,288,0.7219220995903015
3026,8,289,0.611344039440155
3027,8,290,0.5862635970115662
3028,8,291,0.668324887752533
3029,8,292,0.7456451058387756
3030,8,293,0.7259624600410461
3031,8,294,0.8206024765968323
3032,8,295,0.7255140542984009
3033,8,296,0.7301816344261169
3034,8,297,0.7122587561607361
3035,8,298,0.7756603360176086
3036,8,299,0.664514422416687
3037,8,300,0.7202497124671936
3038,8,301,0.622130811214447
3039,8,302,0.6597985625267029
3040,8,303,0.6625195741653442
3041,8,304,0.7938138842582703
3042,8,305,0.5832824110984802
3043,8,306,0.8128387331962585
3044,8,307,0.9478235840797424
3045,8,308,0.8197680711746216
3046,8,309,0.7110971808433533
3047,8,310,0.7596117854118347
3048,8,311,0.7111543416976929
3049,8,312,0.728654146194458
3050,8,313,0.797109067440033
3051,8,314,1.0218194723129272
3052,8,315,0.5195534825325012
3053,8,316,0.8453347682952881
3054,8,317,0.6303644180297852
3055,8,318,0.8872458934783936
3056,8,319,0.7608975172042847
3057,8,320,0.9077836275100708
3058,8,321,0.745934009552002
3059,8,322,0.8680673241615295
3060,8,323,0.7948169112205505
3061,8,324,0.7449443340301514
3062,8,325,0.7204199433326721
3063,8,326,0.7316704392433167
3064,8,327,0.7443639039993286
3065,8,328,0.7120344638824463
3066,8,329,0.7893500924110413
3067,8,330,0.7439249157905579
3068,8,331,0.8179323673248291
3069,8,332,0.722296416759491
3070,8,333,0.7533079981803894
3071,8,334,0.7581666707992554
3072,8,335,0.6703696250915527
3073,8,336,0.6712090969085693
3074,8,337,0.9071283936500549
3075,8,338,0.7891517281532288
3076,8,339,0.6359430551528931
3077,8,340,0.7988974452018738
3078,8,341,0.5945248603820801
3079,8,342,0.6843387484550476
3080,8,343,0.8211253881454468
3081,8,344,0.7421048283576965
3082,8,345,0.6963611841201782
3083,8,346,0.6665598154067993
3084,8,347,0.6499087810516357
3085,8,348,0.730733335018158
3086,8,349,0.6611319780349731
3087,8,350,0.9149768352508545
3088,8,351,0.6817861795425415
3089,8,352,0.7206061482429504
3090,8,353,0.7990734577178955
3091,8,354,0.6872928738594055
3092,8,355,0.9450075626373291
3093,8,356,0.793968915939331
3094,8,357,1.0401103496551514
3095,8,358,0.9219551086425781
3096,8,359,0.7070826888084412
3097,8,360,0.9990026950836182
3098,8,361,0.7997304797172546
3099,8,362,0.7106142640113831
3100,8,363,0.8262482285499573
3101,8,364,0.6930326223373413
3102,8,365,0.6819714307785034
3103,8,366,0.6254814863204956
3104,8,367,0.7370293140411377
3105,8,368,0.8286407589912415
3106,8,369,0.5702939629554749
3107,8,370,0.8852065801620483
3108,8,371,0.8050920963287354
3109,8,372,0.8174371123313904
3110,8,373,0.5239901542663574
3111,8,374,0.7783783078193665
3112,8,375,0.7966636419296265
3113,8,376,0.6725183725357056
3114,8,377,0.9158053994178772
3115,8,378,0.7035933136940002
3116,8,379,0.9226305484771729
3117,8,380,0.7284071445465088
3118,8,381,0.840243399143219
3119,8,382,0.7183750867843628
3120,8,383,0.9284836649894714
3121,8,384,0.7195804715156555
3122,8,385,0.73094642162323
3123,8,386,0.6957810521125793
3124,8,387,0.8860041499137878
3125,8,388,0.785703718662262
3126,8,389,0.734229564666748
3127,8,390,0.7438838481903076
3128,8,391,0.625299334526062
3129,9,1,0.5878876447677612
3130,9,2,0.6854106783866882
3131,9,3,0.7344731092453003
3132,9,4,0.6880342960357666
3133,9,5,0.5620012879371643
3134,9,6,0.6800956130027771
3135,9,7,0.6664363145828247
3136,9,8,0.6889500021934509
3137,9,9,0.7733782529830933
3138,9,10,0.613135039806366
3139,9,11,0.7135311365127563
3140,9,12,0.6311236619949341
3141,9,13,0.5564179420471191
3142,9,14,0.7049530148506165
3143,9,15,0.6981217861175537
3144,9,16,0.6220631003379822
3145,9,17,0.5821502804756165
3146,9,18,0.5824222564697266
3147,9,19,0.6378870606422424
3148,9,20,0.6672588586807251
3149,9,21,0.6939083337783813
3150,9,22,0.5617833137512207
3151,9,23,0.7414706945419312
3152,9,24,0.7874851822853088
3153,9,25,0.6667460203170776
3154,9,26,0.6813888549804688
3155,9,27,0.609904944896698
3156,9,28,0.9901135563850403
3157,9,29,0.6125101447105408
3158,9,30,0.7337921857833862
3159,9,31,0.7331582307815552
3160,9,32,0.6887955665588379
3161,9,33,0.6178080439567566
3162,9,34,0.7719098925590515
3163,9,35,0.6974310874938965
3164,9,36,0.6850601434707642
3165,9,37,0.616369366645813
3166,9,38,0.6231515407562256
3167,9,39,0.5956156253814697
3168,9,40,0.8066092729568481
3169,9,41,0.7269654870033264
3170,9,42,0.7242361903190613
3171,9,43,0.44725242257118225
3172,9,44,0.7050226330757141
3173,9,45,0.654083788394928
3174,9,46,0.6049696803092957
3175,9,47,0.6663311123847961
3176,9,48,0.5541772246360779
3177,9,49,0.8245420455932617
3178,9,50,0.7168610692024231
3179,9,51,0.4707137942314148
3180,9,52,0.6338515281677246
3181,9,53,0.6137884259223938
3182,9,54,0.6833635568618774
3183,9,55,0.5638894438743591
3184,9,56,0.6126341223716736
3185,9,57,0.6028547883033752
3186,9,58,0.5706515908241272
3187,9,59,0.5680387616157532
3188,9,60,0.7863948941230774
3189,9,61,0.5888662338256836
3190,9,62,0.875324010848999
3191,9,63,0.44359010457992554
3192,9,64,0.6485960483551025
3193,9,65,0.4763903319835663
3194,9,66,0.7162621021270752
3195,9,67,0.7005259990692139
3196,9,68,0.6590024828910828
3197,9,69,0.561845064163208
3198,9,70,0.6513577699661255
3199,9,71,0.7294330596923828
3200,9,72,0.531286895275116
3201,9,73,0.692478358745575
3202,9,74,0.6402825117111206
3203,9,75,0.649072527885437
3204,9,76,0.6126061081886292
3205,9,77,0.6381455659866333
3206,9,78,0.6040743589401245
3207,9,79,0.716669499874115
3208,9,80,0.6517582535743713
3209,9,81,0.4418492615222931
3210,9,82,0.44371742010116577
3211,9,83,0.6760756373405457
3212,9,84,0.7390029430389404
3213,9,85,0.6377793550491333
3214,9,86,0.8091197609901428
3215,9,87,0.7241248488426208
3216,9,88,0.7476744651794434
3217,9,89,0.6471163630485535
3218,9,90,0.5587964057922363
3219,9,91,0.6513173580169678
3220,9,92,0.5351300835609436
3221,9,93,0.6782252192497253
3222,9,94,0.6615371108055115
3223,9,95,0.7934050559997559
3224,9,96,0.706484854221344
3225,9,97,0.7952575087547302
3226,9,98,0.6730809211730957
3227,9,99,0.6716804504394531
3228,9,100,0.676541805267334
3229,9,101,0.7483669519424438
3230,9,102,0.6422733664512634
3231,9,103,0.5668315291404724
3232,9,104,0.5547760128974915
3233,9,105,0.6541112661361694
3234,9,106,0.7167778611183167
3235,9,107,0.6235708594322205
3236,9,108,0.7533823847770691
3237,9,109,0.6180951595306396
3238,9,110,0.6274699568748474
3239,9,111,0.5265865921974182
3240,9,112,0.6173051595687866
3241,9,113,0.6109880805015564
3242,9,114,0.6565223932266235
3243,9,115,0.6233606934547424
3244,9,116,0.690755307674408
3245,9,117,0.5936692357063293
3246,9,118,0.5458886027336121
3247,9,119,0.6439135670661926
3248,9,120,0.5742987990379333
3249,9,121,0.6189782619476318
3250,9,122,0.6183332204818726
3251,9,123,0.6255922317504883
3252,9,124,0.5343027710914612
3253,9,125,0.5399529933929443
3254,9,126,0.6748559474945068
3255,9,127,0.6513578295707703
3256,9,128,0.5086232423782349
3257,9,129,0.5463957190513611
3258,9,130,0.6195650696754456
3259,9,131,0.611379861831665
3260,9,132,0.7226247787475586
3261,9,133,0.574370801448822
3262,9,134,0.5507901906967163
3263,9,135,0.6554965972900391
3264,9,136,0.618195652961731
3265,9,137,0.6792491674423218
3266,9,138,0.6140048503875732
3267,9,139,0.5681453347206116
3268,9,140,0.6411311030387878
3269,9,141,0.6531851291656494
3270,9,142,0.6771750450134277
3271,9,143,0.679562509059906
3272,9,144,0.5214834213256836
3273,9,145,0.5658881664276123
3274,9,146,0.5890201926231384
3275,9,147,0.7572491765022278
3276,9,148,0.5887147188186646
3277,9,149,0.6447301506996155
3278,9,150,0.6458761096000671
3279,9,151,0.7266404628753662
3280,9,152,0.5897214412689209
3281,9,153,0.8033536076545715
3282,9,154,0.7329739332199097
3283,9,155,0.9386399388313293
3284,9,156,0.5203109383583069
3285,9,157,0.6703812479972839
3286,9,158,0.5858683586120605
3287,9,159,0.7780501842498779
3288,9,160,0.6464841365814209
3289,9,161,0.6300738453865051
3290,9,162,0.7677240967750549
3291,9,163,0.6201401352882385
3292,9,164,0.6225051879882812
3293,9,165,0.6625939607620239
3294,9,166,0.6729706525802612
3295,9,167,0.804908037185669
3296,9,168,0.7210903167724609
3297,9,169,0.7559341788291931
3298,9,170,0.8275415897369385
3299,9,171,0.7768496870994568
3300,9,172,0.5843151211738586
3301,9,173,0.6380091905593872
3302,9,174,0.7771983742713928
3303,9,175,0.6829490661621094
3304,9,176,0.7034273147583008
3305,9,177,0.6421476602554321
3306,9,178,0.8508948087692261
3307,9,179,0.7997377514839172
3308,9,180,0.8411613702774048
3309,9,181,0.6038075685501099
3310,9,182,0.6924067735671997
3311,9,183,0.8348151445388794
3312,9,184,0.7127681970596313
3313,9,185,0.7219664454460144
3314,9,186,0.5969748497009277
3315,9,187,0.6726530194282532
3316,9,188,0.5880783200263977
3317,9,189,0.6412311792373657
3318,9,190,0.5865504741668701
3319,9,191,0.5579023361206055
3320,9,192,0.6462162733078003
3321,9,193,0.7160064578056335
3322,9,194,0.6874527931213379
3323,9,195,0.8707110285758972
3324,9,196,0.560343325138092
3325,9,197,0.6366265416145325
3326,9,198,0.5688080787658691
3327,9,199,0.6248811483383179
3328,9,200,0.6152682304382324
3329,9,201,0.5943173170089722
3330,9,202,0.565338671207428
3331,9,203,0.8178888559341431
3332,9,204,0.8114583492279053
3333,9,205,0.607273519039154
3334,9,206,0.6201573610305786
3335,9,207,0.6753540635108948
3336,9,208,0.5608739256858826
3337,9,209,0.6135209202766418
3338,9,210,0.6098470091819763
3339,9,211,0.6872105002403259
3340,9,212,0.5999965071678162
3341,9,213,0.5815446972846985
3342,9,214,0.5890127420425415
3343,9,215,0.6491034030914307
3344,9,216,0.7119351625442505
3345,9,217,0.7404617667198181
3346,9,218,0.6428144574165344
3347,9,219,0.7025510668754578
3348,9,220,0.5042826533317566
3349,9,221,0.6371872425079346
3350,9,222,0.7092355489730835
3351,9,223,0.7094663381576538
3352,9,224,0.6871339082717896
3353,9,225,0.6225500702857971
3354,9,226,0.647807240486145
3355,9,227,0.5406872034072876
3356,9,228,0.6102811694145203
3357,9,229,0.6378231048583984
3358,9,230,0.5377691388130188
3359,9,231,0.767276406288147
3360,9,232,0.7649340629577637
3361,9,233,0.9167701005935669
3362,9,234,0.6942436099052429
3363,9,235,0.6291909217834473
3364,9,236,0.7831520438194275
3365,9,237,0.653886616230011
3366,9,238,0.61043381690979
3367,9,239,0.6589221954345703
3368,9,240,0.6050772666931152
3369,9,241,0.6988519430160522
3370,9,242,0.6341108083724976
3371,9,243,0.5823782086372375
3372,9,244,0.6541862487792969
3373,9,245,0.5758970975875854
3374,9,246,0.7184659838676453
3375,9,247,0.5923464298248291
3376,9,248,0.6875000596046448
3377,9,249,0.6409170031547546
3378,9,250,0.8000448942184448
3379,9,251,0.7664964199066162
3380,9,252,0.8002333641052246
3381,9,253,0.6412983536720276
3382,9,254,0.5747902989387512
3383,9,255,0.6210407018661499
3384,9,256,0.7363585233688354
3385,9,257,0.5429757833480835
3386,9,258,0.7003608345985413
3387,9,259,0.6223898530006409
3388,9,260,0.7117419838905334
3389,9,261,0.6625043153762817
3390,9,262,0.6857484579086304
3391,9,263,0.6554343700408936
3392,9,264,0.5392994284629822
3393,9,265,0.7037358283996582
3394,9,266,0.7643662691116333
3395,9,267,0.7914707660675049
3396,9,268,0.6443420648574829
3397,9,269,0.6719650030136108
3398,9,270,0.6336261630058289
3399,9,271,0.654633641242981
3400,9,272,0.4859115183353424
3401,9,273,0.7298250198364258
3402,9,274,0.7015926837921143
3403,9,275,0.8015356659889221
3404,9,276,0.6775830984115601
3405,9,277,0.7881705164909363
3406,9,278,0.6996340751647949
3407,9,279,0.8724550604820251
3408,9,280,0.65627121925354
3409,9,281,0.7101699113845825
3410,9,282,0.5854313969612122
3411,9,283,0.5835567712783813
3412,9,284,0.6687780022621155
3413,9,285,0.5432909727096558
3414,9,286,0.6383208632469177
3415,9,287,0.6171218752861023
3416,9,288,0.7107765674591064
3417,9,289,0.5935235023498535
3418,9,290,0.7109481692314148
3419,9,291,0.6542516350746155
3420,9,292,0.5386162996292114
3421,9,293,0.6243082880973816
3422,9,294,0.6493927240371704
3423,9,295,0.6166885495185852
3424,9,296,0.7744101881980896
3425,9,297,0.6776908040046692
3426,9,298,0.5974180698394775
3427,9,299,0.6529253125190735
3428,9,300,0.851733386516571
3429,9,301,0.7878387570381165
3430,9,302,0.7200826406478882
3431,9,303,0.683748722076416
3432,9,304,0.6932737827301025
3433,9,305,0.6127081513404846
3434,9,306,0.6369556784629822
3435,9,307,0.8273097276687622
3436,9,308,0.6286475658416748
3437,9,309,0.6968973875045776
3438,9,310,0.6200298070907593
3439,9,311,0.8789733052253723
3440,9,312,0.6603667140007019
3441,9,313,0.8877213001251221
3442,9,314,0.6002750396728516
3443,9,315,0.7449237108230591
3444,9,316,0.7372630834579468
3445,9,317,0.5958096385002136
3446,9,318,0.5933324694633484
3447,9,319,0.6403566598892212
3448,9,320,0.8100799918174744
3449,9,321,0.6576728224754333
3450,9,322,0.6595503687858582
3451,9,323,0.6879822015762329
3452,9,324,0.5821815729141235
3453,9,325,0.7320393919944763
3454,9,326,0.7230688333511353
3455,9,327,0.6513223648071289
3456,9,328,0.5270419120788574
3457,9,329,0.6314558982849121
3458,9,330,0.7496592402458191
3459,9,331,0.659354567527771
3460,9,332,0.6847059726715088
3461,9,333,0.6799406409263611
3462,9,334,0.7196245789527893
3463,9,335,0.609231173992157
3464,9,336,0.6193766593933105
3465,9,337,0.6113682985305786
3466,9,338,0.6528058648109436
3467,9,339,0.5744773745536804
3468,9,340,0.6731187105178833
3469,9,341,0.7809461951255798
3470,9,342,0.9627290368080139
3471,9,343,0.6422048807144165
3472,9,344,0.7018552422523499
3473,9,345,0.9107593894004822
3474,9,346,0.6926996111869812
3475,9,347,0.7024291157722473
3476,9,348,0.7274269461631775
3477,9,349,0.8940979838371277
3478,9,350,0.6991848349571228
3479,9,351,0.8154952526092529
3480,9,352,0.7058629989624023
3481,9,353,0.6763571500778198
3482,9,354,0.6358285546302795
3483,9,355,0.6098865866661072
3484,9,356,0.7899676561355591
3485,9,357,0.6437876224517822
3486,9,358,0.8237060904502869
3487,9,359,0.8509119153022766
3488,9,360,0.7296420931816101
3489,9,361,0.7662470936775208
3490,9,362,0.8028959035873413
3491,9,363,0.6067689061164856
3492,9,364,0.7051118016242981
3493,9,365,0.708163857460022
3494,9,366,0.6181806921958923
3495,9,367,0.629159688949585
3496,9,368,0.8121052384376526
3497,9,369,0.6260643601417542
3498,9,370,0.5868398547172546
3499,9,371,0.6986332535743713
3500,9,372,0.726013720035553
3501,9,373,0.5733584761619568
3502,9,374,0.6538400053977966
3503,9,375,0.6386488080024719
3504,9,376,0.8906171321868896
3505,9,377,0.7782408595085144
3506,9,378,0.6308741569519043
3507,9,379,0.643912672996521
3508,9,380,0.6656064987182617
3509,9,381,0.6564435958862305
3510,9,382,0.6724008917808533
3511,9,383,0.6195301413536072
3512,9,384,0.5441297292709351
3513,9,385,0.644203245639801
3514,9,386,0.7276553511619568
3515,9,387,0.6537126302719116
3516,9,388,0.5870815515518188
3517,9,389,0.6452463269233704
3518,9,390,0.62860506772995
3519,9,391,1.0201101303100586
3520,10,1,0.545081377029419
3521,10,2,0.6798833012580872
3522,10,3,0.6532449126243591
3523,10,4,0.4772246479988098
3524,10,5,0.666426956653595
3525,10,6,0.579184889793396
3526,10,7,0.5944335460662842
3527,10,8,0.5891953706741333
3528,10,9,0.5142277479171753
3529,10,10,0.6674970388412476
3530,10,11,0.5625702738761902
3531,10,12,0.5299451351165771
3532,10,13,0.5249341726303101
3533,10,14,0.6239175200462341
3534,10,15,0.6140589118003845
3535,10,16,0.48201173543930054
3536,10,17,0.620932936668396
3537,10,18,0.5468721389770508
3538,10,19,0.5109131932258606
3539,10,20,0.41663283109664917
3540,10,21,0.4849242866039276
3541,10,22,0.5289264917373657
3542,10,23,0.6628419160842896
3543,10,24,0.6198619604110718
3544,10,25,0.6924401521682739
3545,10,26,0.6152068376541138
3546,10,27,0.6537279486656189
3547,10,28,0.5123569369316101
3548,10,29,0.5453380346298218
3549,10,30,0.6652178764343262
3550,10,31,0.5542281866073608
3551,10,32,0.5112982392311096
3552,10,33,0.6283683776855469
3553,10,34,0.4776444733142853
3554,10,35,0.6161510348320007
3555,10,36,0.6738760471343994
3556,10,37,0.5727443695068359
3557,10,38,0.6619217395782471
3558,10,39,0.5145972371101379
3559,10,40,0.6010696887969971
3560,10,41,0.5066762566566467
3561,10,42,0.515063464641571
3562,10,43,0.6219891309738159
3563,10,44,0.5220455527305603
3564,10,45,0.5853193402290344
3565,10,46,0.6452077031135559
3566,10,47,0.4608564078807831
3567,10,48,0.530340850353241
3568,10,49,0.629127562046051
3569,10,50,0.5748879313468933
3570,10,51,0.5895488262176514
3571,10,52,0.678770124912262
3572,10,53,0.5975420475006104
3573,10,54,0.60749351978302
3574,10,55,0.5571041703224182
3575,10,56,0.5716893076896667
3576,10,57,0.5944174528121948
3577,10,58,0.47510942816734314
3578,10,59,0.4815533757209778
3579,10,60,0.5807766318321228
3580,10,61,0.6525675654411316
3581,10,62,0.6500486731529236
3582,10,63,0.6217458844184875
3583,10,64,0.4464009404182434
3584,10,65,0.5529980659484863
3585,10,66,0.6340038180351257
3586,10,67,0.5552589893341064
3587,10,68,0.5891887545585632
3588,10,69,0.4930601716041565
3589,10,70,0.4954196512699127
3590,10,71,0.5680366158485413
3591,10,72,0.7771156430244446
3592,10,73,0.6304705142974854
3593,10,74,0.6317756772041321
3594,10,75,0.7288410663604736
3595,10,76,0.5848500728607178
3596,10,77,0.6579052805900574
3597,10,78,0.679250955581665
3598,10,79,0.53971928358078
3599,10,80,0.582565426826477
3600,10,81,0.4149179756641388
3601,10,82,0.6353170871734619
3602,10,83,0.6601638793945312
3603,10,84,0.7520818710327148
3604,10,85,0.6115522384643555
3605,10,86,0.5361238121986389
3606,10,87,0.6484118103981018
3607,10,88,0.5207282900810242
3608,10,89,0.7214895486831665
3609,10,90,0.5384826064109802
3610,10,91,0.6023901104927063
3611,10,92,0.6800464987754822
3612,10,93,0.47921231389045715
3613,10,94,0.520049512386322
3614,10,95,0.6468029618263245
3615,10,96,0.6650421023368835
3616,10,97,0.5677100419998169
3617,10,98,0.514731764793396
3618,10,99,0.6918591856956482
3619,10,100,0.6618868708610535
3620,10,101,0.5917274355888367
3621,10,102,0.5022733211517334
3622,10,103,0.42515137791633606
3623,10,104,0.5577529072761536
3624,10,105,0.4781482219696045
3625,10,106,0.602421760559082
3626,10,107,0.6037154793739319
3627,10,108,0.6001468300819397
3628,10,109,0.675542950630188
3629,10,110,0.6315803527832031
3630,10,111,0.6429290175437927
3631,10,112,0.5197121500968933
3632,10,113,0.484320729970932
3633,10,114,0.4329673945903778
3634,10,115,0.666316032409668
3635,10,116,0.613690972328186
3636,10,117,0.696046769618988
3637,10,118,0.585241436958313
3638,10,119,0.7806320190429688
3639,10,120,0.6322092413902283
3640,10,121,0.6182337999343872
3641,10,122,0.5891475081443787
3642,10,123,0.6328158974647522
3643,10,124,0.5303831100463867
3644,10,125,0.7181456089019775
3645,10,126,0.7365581393241882
3646,10,127,0.7153838872909546
3647,10,128,0.6496785283088684
3648,10,129,0.6079995632171631
3649,10,130,0.7034029960632324
3650,10,131,0.6670174598693848
3651,10,132,0.7218639254570007
3652,10,133,0.6804160475730896
3653,10,134,0.8129805326461792
3654,10,135,0.6317025423049927
3655,10,136,0.5973774194717407
3656,10,137,0.6763806343078613
3657,10,138,0.6775584816932678
3658,10,139,0.6209119558334351
3659,10,140,0.5635548233985901
3660,10,141,0.6784569025039673
3661,10,142,0.5612220168113708
3662,10,143,0.4757615923881531
3663,10,144,0.5215798020362854
3664,10,145,0.662032961845398
3665,10,146,0.6345453262329102
3666,10,147,0.5007436871528625
3667,10,148,0.5318940281867981
3668,10,149,0.6142229437828064
3669,10,150,0.5623282790184021
3670,10,151,0.6492908596992493
3671,10,152,0.4827973246574402
3672,10,153,0.5111550688743591
3673,10,154,0.46065300703048706
3674,10,155,0.5217211842536926
3675,10,156,0.7129336595535278
3676,10,157,0.5459457635879517
3677,10,158,0.7605831027030945
3678,10,159,0.7460591793060303
3679,10,160,0.6333284378051758
3680,10,161,0.6382057070732117
3681,10,162,0.5875810384750366
3682,10,163,0.7008914947509766
3683,10,164,0.5361225008964539
3684,10,165,0.5830215811729431
3685,10,166,0.5572003722190857
3686,10,167,0.6394628882408142
3687,10,168,0.5859698057174683
3688,10,169,0.6805101037025452
3689,10,170,0.5910104513168335
3690,10,171,0.5214003324508667
3691,10,172,0.5074136853218079
3692,10,173,0.6477388739585876
3693,10,174,0.41623038053512573
3694,10,175,0.5656014680862427
3695,10,176,0.7621814012527466
3696,10,177,0.672303318977356
3697,10,178,0.6457258462905884
3698,10,179,0.5451260805130005
3699,10,180,0.6590649485588074
3700,10,181,0.5402832627296448
3701,10,182,0.5555896162986755
3702,10,183,0.7295883297920227
3703,10,184,0.40267041325569153
3704,10,185,0.7136029601097107
3705,10,186,0.6569164991378784
3706,10,187,0.6905822157859802
3707,10,188,0.6747501492500305
3708,10,189,0.4715663492679596
3709,10,190,0.6953458786010742
3710,10,191,0.5689884424209595
3711,10,192,0.7832745909690857
3712,10,193,0.6437684893608093
3713,10,194,0.47481420636177063
3714,10,195,0.6367272138595581
3715,10,196,0.5728912353515625
3716,10,197,0.6390600204467773
3717,10,198,0.4992177486419678
3718,10,199,0.6142472624778748
3719,10,200,0.6884337663650513
3720,10,201,0.5464656352996826
3721,10,202,0.5140380859375
3722,10,203,0.5590357184410095
3723,10,204,0.7083499431610107
3724,10,205,0.5281451344490051
3725,10,206,0.4991953670978546
3726,10,207,0.6372013688087463
3727,10,208,0.6689649224281311
3728,10,209,0.5293251872062683
3729,10,210,0.8010412454605103
3730,10,211,0.5875470638275146
3731,10,212,0.6127501130104065
3732,10,213,0.6964818239212036
3733,10,214,0.6367141008377075
3734,10,215,0.45105817914009094
3735,10,216,0.882371723651886
3736,10,217,0.7352866530418396
3737,10,218,0.5045610666275024
3738,10,219,0.6041336059570312
3739,10,220,0.5888183116912842
3740,10,221,0.6308736801147461
3741,10,222,0.4797179102897644
3742,10,223,0.6758819222450256
3743,10,224,0.7346341609954834
3744,10,225,0.6364745497703552
3745,10,226,0.7294062972068787
3746,10,227,0.4656849205493927
3747,10,228,0.5024564266204834
3748,10,229,0.5774098634719849
3749,10,230,0.6286685466766357
3750,10,231,0.5624087452888489
3751,10,232,0.6994637846946716
3752,10,233,0.7272205352783203
3753,10,234,0.48412442207336426
3754,10,235,0.6148642897605896
3755,10,236,0.7141804099082947
3756,10,237,0.6134021282196045
3757,10,238,0.5762985944747925
3758,10,239,0.7389099597930908
3759,10,240,0.7363001108169556
3760,10,241,0.5143353343009949
3761,10,242,0.6584372520446777
3762,10,243,0.7423269152641296
3763,10,244,0.5313842296600342
3764,10,245,0.7498912215232849
3765,10,246,0.7903545498847961
3766,10,247,0.7478496432304382
3767,10,248,0.4931049942970276
3768,10,249,0.614801824092865
3769,10,250,0.6426670551300049
3770,10,251,0.8006051778793335
3771,10,252,0.6825307607650757
3772,10,253,0.7022175788879395
3773,10,254,0.6289768218994141
3774,10,255,0.6810231804847717
3775,10,256,0.6283983588218689
3776,10,257,0.6801707744598389
3777,10,258,0.5665295124053955
3778,10,259,0.7321098446846008
3779,10,260,0.4865323007106781
3780,10,261,0.6431707143783569
3781,10,262,0.584125816822052
3782,10,263,0.6221088171005249
3783,10,264,0.7526441812515259
3784,10,265,0.9193012714385986
3785,10,266,0.6849936842918396
3786,10,267,0.4510200321674347
3787,10,268,0.6196549534797668
3788,10,269,0.7375646829605103
3789,10,270,0.6273592114448547
3790,10,271,0.5100336074829102
3791,10,272,0.610281765460968
3792,10,273,0.838340163230896
3793,10,274,0.8236361742019653
3794,10,275,0.6283169984817505
3795,10,276,0.6918365359306335
3796,10,277,0.49606645107269287
3797,10,278,0.5712625980377197
3798,10,279,0.7301540374755859
3799,10,280,0.5760005712509155
3800,10,281,0.577124834060669
3801,10,282,0.7002800107002258
3802,10,283,0.5546629428863525
3803,10,284,0.5998992919921875
3804,10,285,0.621384859085083
3805,10,286,0.6970780491828918
3806,10,287,0.7507513761520386
3807,10,288,0.6441821455955505
3808,10,289,0.7370181083679199
3809,10,290,0.5431138873100281
3810,10,291,0.5541571378707886
3811,10,292,0.6638176441192627
3812,10,293,0.7437883019447327
3813,10,294,0.6091787219047546
3814,10,295,0.4657592177391052
3815,10,296,0.6506338119506836
3816,10,297,0.7356796860694885
3817,10,298,0.6256083846092224
3818,10,299,0.5216364860534668
3819,10,300,0.5692428350448608
3820,10,301,0.6417341828346252
3821,10,302,0.5528411865234375
3822,10,303,0.6002384424209595
3823,10,304,0.6195993423461914
3824,10,305,0.6740816235542297
3825,10,306,0.5344500541687012
3826,10,307,0.7629846930503845
3827,10,308,0.8124766945838928
3828,10,309,0.6818475127220154
3829,10,310,0.7549173831939697
3830,10,311,0.713899552822113
3831,10,312,0.760796308517456
3832,10,313,0.595620334148407
3833,10,314,0.5587361454963684
3834,10,315,0.6702579855918884
3835,10,316,0.6949948072433472
3836,10,317,0.63087397813797
3837,10,318,0.7554397583007812
3838,10,319,0.5141347646713257
3839,10,320,0.5613924860954285
3840,10,321,0.6232422590255737
3841,10,322,0.59136563539505
3842,10,323,0.7389264106750488
3843,10,324,0.6085074543952942
3844,10,325,0.6800391674041748
3845,10,326,0.7634376287460327
3846,10,327,0.5571486353874207
3847,10,328,0.5448021292686462
3848,10,329,0.5585166215896606
3849,10,330,0.5586560964584351
3850,10,331,0.6557700634002686
3851,10,332,0.6183438301086426
3852,10,333,0.6994976997375488
3853,10,334,0.6558035016059875
3854,10,335,0.6126435399055481
3855,10,336,0.63492751121521
3856,10,337,0.6811051964759827
3857,10,338,0.7037025690078735
3858,10,339,0.5721814632415771
3859,10,340,0.6124699711799622
3860,10,341,0.6609672904014587
3861,10,342,0.6658081412315369
3862,10,343,0.6717941164970398
3863,10,344,0.6695161461830139
3864,10,345,0.6609875559806824
3865,10,346,0.5928778052330017
3866,10,347,0.6719500422477722
3867,10,348,0.6992232799530029
3868,10,349,0.48903360962867737
3869,10,350,0.58016437292099
3870,10,351,0.8454268574714661
3871,10,352,0.6586474180221558
3872,10,353,0.6493451595306396
3873,10,354,0.6751971244812012
3874,10,355,0.7930243611335754
3875,10,356,0.6636399030685425
3876,10,357,0.6943643093109131
3877,10,358,0.5515154600143433
3878,10,359,0.5897248387336731
3879,10,360,0.6589716076850891
3880,10,361,0.5692988634109497
3881,10,362,0.6757112145423889
3882,10,363,0.6749169230461121
3883,10,364,0.7535576224327087
3884,10,365,0.6841848492622375
3885,10,366,0.4792528450489044
3886,10,367,0.6234613656997681
3887,10,368,0.6831188797950745
3888,10,369,0.5712330937385559
3889,10,370,0.6618814468383789
3890,10,371,0.7318329811096191
3891,10,372,0.6575574278831482
3892,10,373,0.4411163032054901
3893,10,374,0.6325564980506897
3894,10,375,0.6161952614784241
3895,10,376,0.7177788615226746
3896,10,377,0.5717718005180359
3897,10,378,0.6607484817504883
3898,10,379,0.7084184288978577
3899,10,380,0.5175295472145081
3900,10,381,0.678558349609375
3901,10,382,0.7056078314781189
3902,10,383,0.6715671420097351
3903,10,384,0.711974024772644
3904,10,385,0.5131872296333313
3905,10,386,0.5670956373214722
3906,10,387,0.653435468673706
3907,10,388,0.5612872242927551
3908,10,389,0.48545655608177185
3909,10,390,0.7252875566482544
3910,10,391,0.4651877284049988
3911,11,1,0.3287149667739868
3912,11,2,0.7009801268577576
3913,11,3,0.5537712574005127
3914,11,4,0.5051313638687134
3915,11,5,0.48370617628097534
3916,11,6,0.42020487785339355
3917,11,7,0.49824073910713196
3918,11,8,0.5718820095062256
3919,11,9,0.5149805545806885
3920,11,10,0.3805321156978607
3921,11,11,0.4850276708602905
3922,11,12,0.4929397404193878
3923,11,13,0.5108720660209656
3924,11,14,0.46534463763237
3925,11,15,0.5181047916412354
3926,11,16,0.46612292528152466
3927,11,17,0.403211385011673
3928,11,18,0.48628050088882446
3929,11,19,0.3861393928527832
3930,11,20,0.521825909614563
3931,11,21,0.4179106056690216
3932,11,22,0.3600217401981354
3933,11,23,0.4542875289916992
3934,11,24,0.6559839248657227
3935,11,25,0.3971053957939148
3936,11,26,0.3981432020664215
3937,11,27,0.7077688574790955
3938,11,28,0.506072461605072
3939,11,29,0.5846006870269775
3940,11,30,0.589556872844696
3941,11,31,0.4882398843765259
3942,11,32,0.5868515372276306
3943,11,33,0.5610331892967224
3944,11,34,0.6478250622749329
3945,11,35,0.6547861695289612
3946,11,36,0.6153011322021484
3947,11,37,0.44781818985939026
3948,11,38,0.5327886343002319
3949,11,39,0.7243536114692688
3950,11,40,0.7496504783630371
3951,11,41,0.47541967034339905
3952,11,42,0.7398712635040283
3953,11,43,0.4600762724876404
3954,11,44,0.517055869102478
3955,11,45,0.5735908150672913
3956,11,46,0.683640718460083
3957,11,47,0.7372111678123474
3958,11,48,0.678011953830719
3959,11,49,0.5282334089279175
3960,11,50,0.4695257544517517
3961,11,51,0.5665951371192932
3962,11,52,0.5338537693023682
3963,11,53,0.6133066415786743
3964,11,54,0.5834203362464905
3965,11,55,0.7562925815582275
3966,11,56,0.44494348764419556
3967,11,57,0.5958498120307922
3968,11,58,0.41341572999954224
3969,11,59,0.4449511468410492
3970,11,60,0.5157613754272461
3971,11,61,0.5489831566810608
3972,11,62,0.49833691120147705
3973,11,63,0.5911598801612854
3974,11,64,0.539797306060791
3975,11,65,0.6051170229911804
3976,11,66,0.6243038177490234
3977,11,67,0.577543318271637
3978,11,68,0.6080203056335449
3979,11,69,0.7298403978347778
3980,11,70,0.6289050579071045
3981,11,71,0.6464633345603943
3982,11,72,0.6002519726753235
3983,11,73,0.6099817156791687
3984,11,74,0.3402792513370514
3985,11,75,0.6223813891410828
3986,11,76,0.4545903503894806
3987,11,77,0.4549446702003479
3988,11,78,0.6011855602264404
3989,11,79,0.5221815705299377
3990,11,80,0.46932947635650635
3991,11,81,0.5967404842376709
3992,11,82,0.5034852623939514
3993,11,83,0.5150479078292847
3994,11,84,0.6866311430931091
3995,11,85,0.5176568031311035
3996,11,86,0.6599489450454712
3997,11,87,0.47355395555496216
3998,11,88,0.8151559829711914
3999,11,89,0.4913182258605957
4000,11,90,0.40680187940597534
4001,11,91,0.4958646893501282
4002,11,92,0.5439820885658264
4003,11,93,0.4256703555583954
4004,11,94,0.5305120348930359
4005,11,95,0.6988281607627869
4006,11,96,0.4099358916282654
4007,11,97,0.4317675232887268
4008,11,98,0.5479164123535156
4009,11,99,0.73167484998703
4010,11,100,0.48106828331947327
4011,11,101,0.5173097252845764
4012,11,102,0.4977669417858124
4013,11,103,0.3494981825351715
4014,11,104,0.6443479657173157
4015,11,105,0.5520739555358887
4016,11,106,0.45887377858161926
4017,11,107,0.5905563831329346
4018,11,108,0.6547316312789917
4019,11,109,0.5345730781555176
4020,11,110,0.501717746257782
4021,11,111,0.7230066061019897
4022,11,112,0.5844376087188721
4023,11,113,0.5656750798225403
4024,11,114,0.6826309561729431
4025,11,115,0.7348295450210571
4026,11,116,0.4638167917728424
4027,11,117,0.49424469470977783
4028,11,118,0.7787105441093445
4029,11,119,0.5499891638755798
4030,11,120,0.647190511226654
4031,11,121,0.4984501898288727
4032,11,122,0.549579918384552
4033,11,123,0.5976258516311646
4034,11,124,0.46856874227523804
4035,11,125,0.4957519769668579
4036,11,126,0.5372052788734436
4037,11,127,0.6484224796295166
4038,11,128,0.6877714395523071
4039,11,129,0.7244486808776855
4040,11,130,0.5660712718963623
4041,11,131,0.6783894300460815
4042,11,132,0.6042117476463318
4043,11,133,0.5911951661109924
4044,11,134,0.5800349116325378
4045,11,135,0.5610572099685669
4046,11,136,0.6490375995635986
4047,11,137,0.6488913893699646
4048,11,138,0.5697553157806396
4049,11,139,0.5992712378501892
4050,11,140,0.7188587784767151
4051,11,141,0.5501919984817505
4052,11,142,0.666756808757782
4053,11,143,0.6133816838264465
4054,11,144,0.6967845559120178
4055,11,145,0.6113865971565247
4056,11,146,0.6509516835212708
4057,11,147,0.5201916098594666
4058,11,148,0.6685813665390015
4059,11,149,0.7292172908782959
4060,11,150,0.7064052820205688
4061,11,151,0.5688345432281494
4062,11,152,0.6421138048171997
4063,11,153,0.6946806907653809
4064,11,154,0.6902573704719543
4065,11,155,0.4715469479560852
4066,11,156,0.4906981885433197
4067,11,157,0.7095958590507507
4068,11,158,0.5647838115692139
4069,11,159,0.5520599484443665
4070,11,160,0.6422810554504395
4071,11,161,0.5808359384536743
4072,11,162,0.5135170817375183
4073,11,163,0.7293363213539124
4074,11,164,0.560695469379425
4075,11,165,0.635875403881073
4076,11,166,0.49507859349250793
4077,11,167,0.5196517109870911
4078,11,168,0.651980996131897
4079,11,169,0.5611480474472046
4080,11,170,0.5718305706977844
4081,11,171,0.7194426655769348
4082,11,172,0.774196445941925
4083,11,173,0.622424840927124
4084,11,174,0.566505491733551
4085,11,175,0.588347852230072
4086,11,176,0.7312071323394775
4087,11,177,0.554188072681427
4088,11,178,0.5030414462089539
4089,11,179,0.5085535645484924
4090,11,180,0.542905330657959
4091,11,181,0.8778010606765747
4092,11,182,0.47260189056396484
4093,11,183,0.5028973817825317
4094,11,184,0.651390016078949
4095,11,185,0.6869305968284607
4096,11,186,0.7091677188873291
4097,11,187,0.669644296169281
4098,11,188,0.6225614547729492
4099,11,189,0.5193667411804199
4100,11,190,0.6462804079055786
4101,11,191,0.6578184962272644
4102,11,192,0.4374037981033325
4103,11,193,0.6765769720077515
4104,11,194,0.5690773725509644
4105,11,195,0.655208945274353
4106,11,196,0.5165768265724182
4107,11,197,0.6523227691650391
4108,11,198,0.6309404969215393
4109,11,199,0.6578730344772339
4110,11,200,0.8208346366882324
4111,11,201,0.6678533554077148
4112,11,202,0.6294127106666565
4113,11,203,0.5661540627479553
4114,11,204,0.6062636971473694
4115,11,205,0.6473531126976013
4116,11,206,0.5416119694709778
4117,11,207,0.638737678527832
4118,11,208,0.5071171522140503
4119,11,209,0.47016239166259766
4120,11,210,0.7961945533752441
4121,11,211,0.6100081205368042
4122,11,212,0.4226114749908447
4123,11,213,0.5497516989707947
4124,11,214,0.7203294634819031
4125,11,215,0.5891789197921753
4126,11,216,0.6158195734024048
4127,11,217,0.6405500769615173
4128,11,218,0.6094079613685608
4129,11,219,0.529159665107727
4130,11,220,0.4171610176563263
4131,11,221,0.6354126334190369
4132,11,222,0.4684327244758606
4133,11,223,0.7319496273994446
4134,11,224,0.6890509128570557
4135,11,225,0.7432382702827454
4136,11,226,0.5543859004974365
4137,11,227,0.3382118046283722
4138,11,228,0.4843350946903229
4139,11,229,0.49618467688560486
4140,11,230,0.5298230648040771
4141,11,231,0.5707762837409973
4142,11,232,0.6344245672225952
4143,11,233,0.61020427942276
4144,11,234,0.5516911745071411
4145,11,235,0.4931968152523041
4146,11,236,0.5654151439666748
4147,11,237,0.4458458721637726
4148,11,238,0.540496826171875
4149,11,239,0.4532622694969177
4150,11,240,0.4078373312950134
4151,11,241,0.6464421153068542
4152,11,242,0.7474586367607117
4153,11,243,0.5378823280334473
4154,11,244,0.5273206233978271
4155,11,245,0.5400781631469727
4156,11,246,0.5044859051704407
4157,11,247,0.6227700710296631
4158,11,248,0.7172595858573914
4159,11,249,0.5776141881942749
4160,11,250,0.48991599678993225
4161,11,251,0.5607392191886902
4162,11,252,0.6281429529190063
4163,11,253,0.6151503920555115
4164,11,254,0.5314379930496216
4165,11,255,0.6977522373199463
4166,11,256,0.6353722214698792
4167,11,257,0.5250943303108215
4168,11,258,0.607475221157074
4169,11,259,0.5642824172973633
4170,11,260,0.5719301104545593
4171,11,261,0.5543965101242065
4172,11,262,0.5168426632881165
4173,11,263,0.4407353103160858
4174,11,264,0.5309289693832397
4175,11,265,0.39996516704559326
4176,11,266,0.4125007390975952
4177,11,267,0.5137146711349487
4178,11,268,0.5373004078865051
4179,11,269,0.40947484970092773
4180,11,270,0.5278520584106445
4181,11,271,0.4632323384284973
4182,11,272,0.5702571272850037
4183,11,273,0.4265277087688446
4184,11,274,0.5539214015007019
4185,11,275,0.6835119724273682
4186,11,276,0.571744978427887
4187,11,277,0.6517571210861206
4188,11,278,0.5068817734718323
4189,11,279,0.5991864800453186
4190,11,280,0.689710795879364
4191,11,281,0.6506855487823486
4192,11,282,0.7791048288345337
4193,11,283,0.637986958026886
4194,11,284,0.6244832873344421
4195,11,285,0.4913412034511566
4196,11,286,0.5761741399765015
4197,11,287,0.47822606563568115
4198,11,288,0.7764554619789124
4199,11,289,0.566411018371582
4200,11,290,0.5549723505973816
4201,11,291,0.5745688676834106
4202,11,292,0.582259476184845
4203,11,293,0.6126676797866821
4204,11,294,0.49794211983680725
4205,11,295,0.5068832039833069
4206,11,296,0.5381984710693359
4207,11,297,0.5718432068824768
4208,11,298,0.6578941345214844
4209,11,299,0.5436608791351318
4210,11,300,0.7047805786132812
4211,11,301,0.48646143078804016
4212,11,302,0.7628554701805115
4213,11,303,0.5615944862365723
4214,11,304,0.49997228384017944
4215,11,305,0.5739072561264038
4216,11,306,0.37895965576171875
4217,11,307,0.49433791637420654
4218,11,308,0.6082714200019836
4219,11,309,0.6326918005943298
4220,11,310,0.6853660345077515
4221,11,311,0.5046172142028809
4222,11,312,0.6566163301467896
4223,11,313,0.6125810146331787
4224,11,314,0.6283748149871826
4225,11,315,0.5565512776374817
4226,11,316,0.6342027187347412
4227,11,317,0.6894887089729309
4228,11,318,0.5864163637161255
4229,11,319,0.7016738057136536
4230,11,320,0.6961157321929932
4231,11,321,0.7783461809158325
4232,11,322,0.7480319142341614
4233,11,323,0.8833325505256653
4234,11,324,0.5616503357887268
4235,11,325,0.6596306562423706
4236,11,326,0.617180585861206
4237,11,327,0.4936504364013672
4238,11,328,0.6922619938850403
4239,11,329,0.6206732988357544
4240,11,330,0.5593919157981873
4241,11,331,0.5194903016090393
4242,11,332,0.5425055623054504
4243,11,333,0.5193821787834167
4244,11,334,0.7303548455238342
4245,11,335,0.7625529766082764
4246,11,336,0.5697462558746338
4247,11,337,0.437394380569458
4248,11,338,0.5364201664924622
4249,11,339,0.5656746029853821
4250,11,340,0.5735348463058472
4251,11,341,0.7955836653709412
4252,11,342,0.674364447593689
4253,11,343,0.7516642212867737
4254,11,344,0.5438542366027832
4255,11,345,0.7206737995147705
4256,11,346,0.7224081754684448
4257,11,347,0.5004850029945374
4258,11,348,0.5716297626495361
4259,11,349,0.6593002676963806
4260,11,350,0.6914729475975037
4261,11,351,0.4909599721431732
4262,11,352,0.6392948627471924
4263,11,353,0.5615525841712952
4264,11,354,0.584904670715332
4265,11,355,0.6588491201400757
4266,11,356,0.6727783679962158
4267,11,357,0.6286338567733765
4268,11,358,0.6802318692207336
4269,11,359,0.5402708053588867
4270,11,360,0.7770863175392151
4271,11,361,0.5056933760643005
4272,11,362,0.6146090030670166
4273,11,363,0.39818471670150757
4274,11,364,0.5335320830345154
4275,11,365,0.4297829866409302
4276,11,366,0.520744800567627
4277,11,367,0.6781768798828125
4278,11,368,0.5405954718589783
4279,11,369,0.8727395534515381
4280,11,370,0.6342053413391113
4281,11,371,0.6774046421051025
4282,11,372,0.4946541488170624
4283,11,373,0.6007189154624939
4284,11,374,0.5597002506256104
4285,11,375,0.5549463629722595
4286,11,376,0.5212531685829163
4287,11,377,0.6276383399963379
4288,11,378,0.6568892598152161
4289,11,379,0.5971089005470276
4290,11,380,0.6674482822418213
4291,11,381,0.5653412342071533
4292,11,382,0.5823096036911011
4293,11,383,0.6195165514945984
4294,11,384,0.7169357538223267
4295,11,385,0.6986752152442932
4296,11,386,0.47197800874710083
4297,11,387,0.5937734246253967
4298,11,388,0.4177764356136322
4299,11,389,0.771852433681488
4300,11,390,0.7076464295387268
4301,11,391,0.5275617241859436
4302,12,1,0.533871591091156
4303,12,2,0.5496646165847778
4304,12,3,0.4408213496208191
4305,12,4,0.5486546754837036
4306,12,5,0.699520468711853
4307,12,6,0.546734094619751
4308,12,7,0.4511367380619049
4309,12,8,0.40687745809555054
4310,12,9,0.414669394493103
4311,12,10,0.4891720712184906
4312,12,11,0.4950777292251587
4313,12,12,0.5391864776611328
4314,12,13,0.478911429643631
4315,12,14,0.5569161176681519
4316,12,15,0.3615105152130127
4317,12,16,0.4459088146686554
4318,12,17,0.4620484411716461
4319,12,18,0.6167123913764954
4320,12,19,0.3786430060863495
4321,12,20,0.5734970569610596
4322,12,21,0.5357024669647217
4323,12,22,0.5866442918777466
4324,12,23,0.6658269762992859
4325,12,24,0.4307194948196411
4326,12,25,0.6086785197257996
4327,12,26,0.48029351234436035
4328,12,27,0.47361019253730774
4329,12,28,0.5470279455184937
4330,12,29,0.5504783391952515
4331,12,30,0.48971569538116455
4332,12,31,0.5174168348312378
4333,12,32,0.46898865699768066
4334,12,33,0.488817036151886
4335,12,34,0.3752525746822357
4336,12,35,0.512764036655426
4337,12,36,0.4802265763282776
4338,12,37,0.5390154719352722
4339,12,38,0.5474258065223694
4340,12,39,0.5031100511550903
4341,12,40,0.6404122114181519
4342,12,41,0.47860610485076904
4343,12,42,0.5410860180854797
4344,12,43,0.5237810611724854
4345,12,44,0.3075036108493805
4346,12,45,0.48157644271850586
4347,12,46,0.4321367144584656
4348,12,47,0.5557904243469238
4349,12,48,0.6545730829238892
4350,12,49,0.36842435598373413
4351,12,50,0.451021283864975
4352,12,51,0.6500897407531738
4353,12,52,0.6066677570343018
4354,12,53,0.4871599078178406
4355,12,54,0.5948181748390198
4356,12,55,0.49145135283470154
4357,12,56,0.5303468704223633
4358,12,57,0.46260806918144226
4359,12,58,0.5712628364562988
4360,12,59,0.474987268447876
4361,12,60,0.5576839447021484
4362,12,61,0.5313329100608826
4363,12,62,0.47821712493896484
4364,12,63,0.4422203600406647
4365,12,64,0.5336165428161621
4366,12,65,0.538140058517456
4367,12,66,0.4568916857242584
4368,12,67,0.4962487816810608
4369,12,68,0.5739970803260803
4370,12,69,0.4043501019477844
4371,12,70,0.4821792244911194
4372,12,71,0.5454061627388
4373,12,72,0.4799777567386627
4374,12,73,0.519294261932373
4375,12,74,0.5095163583755493
4376,12,75,0.329298198223114
4377,12,76,0.47571104764938354
4378,12,77,0.542111873626709
4379,12,78,0.5351240634918213
4380,12,79,0.600353479385376
4381,12,80,0.3706528842449188
4382,12,81,0.4626852571964264
4383,12,82,0.34788277745246887
4384,12,83,0.4600156843662262
4385,12,84,0.5223323106765747
4386,12,85,0.5424429774284363
4387,12,86,0.6366720795631409
4388,12,87,0.4647795855998993
4389,12,88,0.3942384123802185
4390,12,89,0.5187705159187317
4391,12,90,0.5243861675262451
4392,12,91,0.6444870829582214
4393,12,92,0.5292255282402039
4394,12,93,0.6439635157585144
4395,12,94,0.6204867959022522
4396,12,95,0.4754864573478699
4397,12,96,0.5538698434829712
4398,12,97,0.7266321182250977
4399,12,98,0.5025342702865601
4400,12,99,0.38584762811660767
4401,12,100,0.6939247846603394
4402,12,101,0.5676248073577881
4403,12,102,0.4973568618297577
4404,12,103,0.5995308756828308
4405,12,104,0.4148656725883484
4406,12,105,0.5115269422531128
4407,12,106,0.6181097626686096
4408,12,107,0.646308183670044
4409,12,108,0.5614795088768005
4410,12,109,0.41081663966178894
4411,12,110,0.5372352600097656
4412,12,111,0.4976135194301605
4413,12,112,0.48667100071907043
4414,12,113,0.48943018913269043
4415,12,114,0.5338982939720154
4416,12,115,0.4445180296897888
4417,12,116,0.5200883746147156
4418,12,117,0.539766788482666
4419,12,118,0.5763435959815979
4420,12,119,0.5159051418304443
4421,12,120,0.4259158670902252
4422,12,121,0.42831143736839294
4423,12,122,0.5745852589607239
4424,12,123,0.6717749834060669
4425,12,124,0.5503983497619629
4426,12,125,0.5829164385795593
4427,12,126,0.5510562658309937
4428,12,127,0.6781822443008423
4429,12,128,0.5474768877029419
4430,12,129,0.7190532088279724
4431,12,130,0.5012078285217285
4432,12,131,0.5715383291244507
4433,12,132,0.6102059483528137
4434,12,133,0.38229966163635254
4435,12,134,0.3706824481487274
4436,12,135,0.5634065270423889
4437,12,136,0.4612170457839966
4438,12,137,0.44899216294288635
4439,12,138,0.4898781478404999
4440,12,139,0.4775598347187042
4441,12,140,0.6729273796081543
4442,12,141,0.4122665822505951
4443,12,142,0.4170856773853302
4444,12,143,0.5510361790657043
4445,12,144,0.38775110244750977
4446,12,145,0.5048480033874512
4447,12,146,0.4614236056804657
4448,12,147,0.5666210651397705
4449,12,148,0.7352860569953918
4450,12,149,0.5091645121574402
4451,12,150,0.5311349034309387
4452,12,151,0.5537239909172058
4453,12,152,0.5890566110610962
4454,12,153,0.5003711581230164
4455,12,154,0.44311287999153137
4456,12,155,0.4740336537361145
4457,12,156,0.5001822113990784
4458,12,157,0.6585292816162109
4459,12,158,0.5342927575111389
4460,12,159,0.52115398645401
4461,12,160,0.589688241481781
4462,12,161,0.5569173097610474
4463,12,162,0.5413201451301575
4464,12,163,0.5253455638885498
4465,12,164,0.46825897693634033
4466,12,165,0.5732827186584473
4467,12,166,0.7854571342468262
4468,12,167,0.5724993348121643
4469,12,168,0.6163623332977295
4470,12,169,0.7188834547996521
4471,12,170,0.4861692190170288
4472,12,171,0.45841020345687866
4473,12,172,0.5389841794967651
4474,12,173,0.4835277199745178
4475,12,174,0.4685635268688202
4476,12,175,0.649951696395874
4477,12,176,0.5626792907714844
4478,12,177,0.5526473522186279
4479,12,178,0.4437542259693146
4480,12,179,0.6313453912734985
4481,12,180,0.5013282299041748
4482,12,181,0.6028690934181213
4483,12,182,0.5177586674690247
4484,12,183,0.46533501148223877
4485,12,184,0.43120357394218445
4486,12,185,0.5907493829727173
4487,12,186,0.4233567714691162
4488,12,187,0.6245071291923523
4489,12,188,0.5220320224761963
4490,12,189,0.45781224966049194
4491,12,190,0.6029950976371765
4492,12,191,0.42007946968078613
4493,12,192,0.626251220703125
4494,12,193,0.46269160509109497
4495,12,194,0.5985129475593567
4496,12,195,0.6300665736198425
4497,12,196,0.6009742617607117
4498,12,197,0.47501662373542786
4499,12,198,0.6769688725471497
4500,12,199,0.5226553082466125
4501,12,200,0.5459374785423279
4502,12,201,0.4847206473350525
4503,12,202,0.5136662721633911
4504,12,203,0.4626406133174896
4505,12,204,0.5660495758056641
4506,12,205,0.524017870426178
4507,12,206,0.5253168940544128
4508,12,207,0.36410969495773315
4509,12,208,0.5354536175727844
4510,12,209,0.6217509508132935
4511,12,210,0.5387647151947021
4512,12,211,0.4548723101615906
4513,12,212,0.6399552226066589
4514,12,213,0.44528716802597046
4515,12,214,0.49905362725257874
4516,12,215,0.4167594313621521
4517,12,216,0.5220872759819031
4518,12,217,0.4355379045009613
4519,12,218,0.454726904630661
4520,12,219,0.5788706541061401
4521,12,220,0.5087360739707947
4522,12,221,0.4125407040119171
4523,12,222,0.5544366836547852
4524,12,223,0.4826904833316803
4525,12,224,0.5305267572402954
4526,12,225,0.5132229924201965
4527,12,226,0.5319335460662842
4528,12,227,0.38902807235717773
4529,12,228,0.7347182035446167
4530,12,229,0.5172329545021057
4531,12,230,0.6869237422943115
4532,12,231,0.511751651763916
4533,12,232,0.5731915235519409
4534,12,233,0.6437484622001648
4535,12,234,0.5661916732788086
4536,12,235,0.4552271068096161
4537,12,236,0.5491780042648315
4538,12,237,0.5341314077377319
4539,12,238,0.5160139203071594
4540,12,239,0.5283657312393188
4541,12,240,0.617703378200531
4542,12,241,0.4265105128288269
4543,12,242,0.507060706615448
4544,12,243,0.49569255113601685
4545,12,244,0.624732494354248
4546,12,245,0.6171072721481323
4547,12,246,0.6533803939819336
4548,12,247,0.6226819157600403
4549,12,248,0.4957330822944641
4550,12,249,0.5311529040336609
4551,12,250,0.5492631196975708
4552,12,251,0.608379065990448
4553,12,252,0.45164644718170166
4554,12,253,0.5095862150192261
4555,12,254,0.5091221928596497
4556,12,255,0.5721080303192139
4557,12,256,0.45974037051200867
4558,12,257,0.5192221999168396
4559,12,258,0.4547499716281891
4560,12,259,0.6618456244468689
4561,12,260,0.45256346464157104
4562,12,261,0.5129872560501099
4563,12,262,0.4671131372451782
4564,12,263,0.5419472455978394
4565,12,264,0.48942139744758606
4566,12,265,0.6009646058082581
4567,12,266,0.4487391412258148
4568,12,267,0.45023584365844727
4569,12,268,0.4790584444999695
4570,12,269,0.6203371286392212
4571,12,270,0.6543079018592834
4572,12,271,0.5459495782852173
4573,12,272,0.4520082175731659
4574,12,273,0.5058169960975647
4575,12,274,0.4946790039539337
4576,12,275,0.7318591475486755
4577,12,276,0.5318590402603149
4578,12,277,0.5515314340591431
4579,12,278,0.6081866025924683
4580,12,279,0.5705845952033997
4581,12,280,0.4797658622264862
4582,12,281,0.6270716190338135
4583,12,282,0.46453848481178284
4584,12,283,0.4857575297355652
4585,12,284,0.5267964601516724
4586,12,285,0.40637969970703125
4587,12,286,0.37387773394584656
4588,12,287,0.5783985257148743
4589,12,288,0.6217672228813171
4590,12,289,0.5280598402023315
4591,12,290,0.4153851568698883
4592,12,291,0.5787019729614258
4593,12,292,0.562039315700531
4594,12,293,0.6296019554138184
4595,12,294,0.39708733558654785
4596,12,295,0.6585938930511475
4597,12,296,0.481574684381485
4598,12,297,0.46825698018074036
4599,12,298,0.675445020198822
4600,12,299,0.6685619354248047
4601,12,300,0.4529973566532135
4602,12,301,0.5656305551528931
4603,12,302,0.5484398007392883
4604,12,303,0.5905905365943909
4605,12,304,0.5829540491104126
4606,12,305,0.5280148983001709
4607,12,306,0.4639730751514435
4608,12,307,0.4479009509086609
4609,12,308,0.4457477629184723
4610,12,309,0.5018775463104248
4611,12,310,0.47727417945861816
4612,12,311,0.4345925748348236
4613,12,312,0.5850789546966553
4614,12,313,0.5188716053962708
4615,12,314,0.47137293219566345
4616,12,315,0.6568229794502258
4617,12,316,0.617530107498169
4618,12,317,0.5511881113052368
4619,12,318,0.5348941683769226
4620,12,319,0.30686694383621216
4621,12,320,0.45635849237442017
4622,12,321,0.4824158549308777
4623,12,322,0.528734564781189
4624,12,323,0.4751124083995819
4625,12,324,0.5069419741630554
4626,12,325,0.6794745326042175
4627,12,326,0.5838916301727295
4628,12,327,0.47702091932296753
4629,12,328,0.5281769037246704
4630,12,329,0.5016539096832275
4631,12,330,0.46455708146095276
4632,12,331,0.40674299001693726
4633,12,332,0.6447995901107788
4634,12,333,0.6797897815704346
4635,12,334,0.5357885360717773
4636,12,335,0.4676649868488312
4637,12,336,0.4774419963359833
4638,12,337,0.5616550445556641
4639,12,338,0.4421858489513397
4640,12,339,0.6854515075683594
4641,12,340,0.621497392654419
4642,12,341,0.6041891574859619
4643,12,342,0.4867362678050995
4644,12,343,0.537622332572937
4645,12,344,0.5773350596427917
4646,12,345,0.6436448693275452
4647,12,346,0.5662330389022827
4648,12,347,0.5551171898841858
4649,12,348,0.5958958268165588
4650,12,349,0.3615715205669403
4651,12,350,0.62099689245224
4652,12,351,0.6990134716033936
4653,12,352,0.4243414103984833
4654,12,353,0.5111579298973083
4655,12,354,0.6656649112701416
4656,12,355,0.7011142373085022
4657,12,356,0.5495827794075012
4658,12,357,0.40666353702545166
4659,12,358,0.4362730085849762
4660,12,359,0.4596553444862366
4661,12,360,0.4959174394607544
4662,12,361,0.6962422132492065
4663,12,362,0.4263588786125183
4664,12,363,0.5541063547134399
4665,12,364,0.5304730534553528
4666,12,365,0.5268024206161499
4667,12,366,0.5406405329704285
4668,12,367,0.633303701877594
4669,12,368,0.43679696321487427
4670,12,369,0.38545262813568115
4671,12,370,0.5340333580970764
4672,12,371,0.39802613854408264
4673,12,372,0.5779719948768616
4674,12,373,0.609987735748291
4675,12,374,0.43026667833328247
4676,12,375,0.5849082469940186
4677,12,376,0.5225517749786377
4678,12,377,0.4775516390800476
4679,12,378,0.5481217503547668
4680,12,379,0.5771604776382446
4681,12,380,0.5402299165725708
4682,12,381,0.6423432230949402
4683,12,382,0.5652145147323608
4684,12,383,0.4601977467536926
4685,12,384,0.5741105079650879
4686,12,385,0.6357280611991882
4687,12,386,0.5295920372009277
4688,12,387,0.45075464248657227
4689,12,388,0.5684993267059326
4690,12,389,0.5166890025138855
4691,12,390,0.45438331365585327
4692,12,391,0.39306193590164185
4693,13,1,0.5655772089958191
4694,13,2,0.6220698952674866
4695,13,3,0.506434440612793
4696,13,4,0.43676796555519104
4697,13,5,0.36869242787361145
4698,13,6,0.5465049147605896
4699,13,7,0.48880183696746826
4700,13,8,0.47572627663612366
4701,13,9,0.30070409178733826
4702,13,10,0.4913550615310669
4703,13,11,0.3910234272480011
4704,13,12,0.47988998889923096
4705,13,13,0.3597812056541443
4706,13,14,0.4245363771915436
4707,13,15,0.43960875272750854
4708,13,16,0.4925369918346405
4709,13,17,0.3816382884979248
4710,13,18,0.4184248149394989
4711,13,19,0.48322707414627075
4712,13,20,0.4787222445011139
4713,13,21,0.4333805441856384
4714,13,22,0.29663342237472534
4715,13,23,0.4526061713695526
4716,13,24,0.3458486497402191
4717,13,25,0.6729588508605957
4718,13,26,0.31175878643989563
4719,13,27,0.4091309905052185
4720,13,28,0.40109983086586
4721,13,29,0.5514987111091614
4722,13,30,0.41115692257881165
4723,13,31,0.4101114571094513
4724,13,32,0.2887268662452698
4725,13,33,0.42880624532699585
4726,13,34,0.511104941368103
4727,13,35,0.36159801483154297
4728,13,36,0.5694594979286194
4729,13,37,0.4550511837005615
4730,13,38,0.5996900796890259
4731,13,39,0.4113045632839203
4732,13,40,0.41740289330482483
4733,13,41,0.6029103994369507
4734,13,42,0.5337068438529968
4735,13,43,0.42260897159576416
4736,13,44,0.4853120446205139
4737,13,45,0.6580685973167419
4738,13,46,0.6851353645324707
4739,13,47,0.48459723591804504
4740,13,48,0.4813048839569092
4741,13,49,0.573009192943573
4742,13,50,0.5190901160240173
4743,13,51,0.4401405453681946
4744,13,52,0.43954941630363464
4745,13,53,0.5334517359733582
4746,13,54,0.3912816643714905
4747,13,55,0.5591630339622498
4748,13,56,0.4503283202648163
4749,13,57,0.43587833642959595
4750,13,58,0.4342598021030426
4751,13,59,0.62486732006073
4752,13,60,0.4461504817008972
4753,13,61,0.4007546305656433
4754,13,62,0.31775394082069397
4755,13,63,0.4115352928638458
4756,13,64,0.40046757459640503
4757,13,65,0.4645918905735016
4758,13,66,0.41854584217071533
4759,13,67,0.47756487131118774
4760,13,68,0.4053753912448883
4761,13,69,0.39580944180488586
4762,13,70,0.4476664960384369
4763,13,71,0.4515364170074463
4764,13,72,0.48834171891212463
4765,13,73,0.3949221968650818
4766,13,74,0.5111408829689026
4767,13,75,0.3573444187641144
4768,13,76,0.4783504605293274
4769,13,77,0.5221883654594421
4770,13,78,0.36713987588882446
4771,13,79,0.3793288469314575
4772,13,80,0.46264469623565674
4773,13,81,0.4712197184562683
4774,13,82,0.4451387822628021
4775,13,83,0.3224256932735443
4776,13,84,0.3376668691635132
4777,13,85,0.5818037986755371
4778,13,86,0.4496336579322815
4779,13,87,0.4822938144207001
4780,13,88,0.41660624742507935
4781,13,89,0.5072320103645325
4782,13,90,0.3735552132129669
4783,13,91,0.5605369806289673
4784,13,92,0.4139564037322998
4785,13,93,0.4725308120250702
4786,13,94,0.3959949314594269
4787,13,95,0.3764587342739105
4788,13,96,0.4273832440376282
4789,13,97,0.39567750692367554
4790,13,98,0.4390711784362793
4791,13,99,0.3982546627521515
4792,13,100,0.39369723200798035
4793,13,101,0.2908985912799835
4794,13,102,0.34775152802467346
4795,13,103,0.31120556592941284
4796,13,104,0.40550270676612854
4797,13,105,0.5023531317710876
4798,13,106,0.6208696365356445
4799,13,107,0.5300855040550232
4800,13,108,0.44522613286972046
4801,13,109,0.5311728119850159
4802,13,110,0.4124336540699005
4803,13,111,0.4932483434677124
4804,13,112,0.4008200764656067
4805,13,113,0.2890218198299408
4806,13,114,0.379804790019989
4807,13,115,0.2924017012119293
4808,13,116,0.2970501184463501
4809,13,117,0.3570353090763092
4810,13,118,0.48147261142730713
4811,13,119,0.472377210855484
4812,13,120,0.4878275692462921
4813,13,121,0.42913323640823364
4814,13,122,0.46056419610977173
4815,13,123,0.4889870584011078
4816,13,124,0.3796159625053406
4817,13,125,0.39318767189979553
4818,13,126,0.4447411596775055
4819,13,127,0.4408666789531708
4820,13,128,0.4155725836753845
4821,13,129,0.40035441517829895
4822,13,130,0.49150946736335754
4823,13,131,0.4296054542064667
4824,13,132,0.5949148535728455
4825,13,133,0.40535929799079895
4826,13,134,0.4080697000026703
4827,13,135,0.45764413475990295
4828,13,136,0.3501381278038025
4829,13,137,0.4460161328315735
4830,13,138,0.5290223956108093
4831,13,139,0.3724551498889923
4832,13,140,0.5598002076148987
4833,13,141,0.42280113697052
4834,13,142,0.5965883135795593
4835,13,143,0.36279231309890747
4836,13,144,0.38992100954055786
4837,13,145,0.48341307044029236
4838,13,146,0.4687570631504059
4839,13,147,0.40586403012275696
4840,13,148,0.3965420126914978
4841,13,149,0.50118088722229
4842,13,150,0.5008916258811951
4843,13,151,0.6588224172592163
4844,13,152,0.6724245548248291
4845,13,153,0.6257947683334351
4846,13,154,0.4476645886898041
4847,13,155,0.41699784994125366
4848,13,156,0.4938927888870239
4849,13,157,0.6332793831825256
4850,13,158,0.44711288809776306
4851,13,159,0.5167624950408936
4852,13,160,0.5143390893936157
4853,13,161,0.5305057764053345
4854,13,162,0.5398534536361694
4855,13,163,0.546838104724884
4856,13,164,0.5755255818367004
4857,13,165,0.6818040609359741
4858,13,166,0.42416825890541077
4859,13,167,0.5905863046646118
4860,13,168,0.5197299718856812
4861,13,169,0.5829043984413147
4862,13,170,0.542395830154419
4863,13,171,0.5070635676383972
4864,13,172,0.615176260471344
4865,13,173,0.5089306831359863
4866,13,174,0.4846993684768677
4867,13,175,0.5523760318756104
4868,13,176,0.6169418096542358
4869,13,177,0.5588107705116272
4870,13,178,0.391433447599411
4871,13,179,0.5034508109092712
4872,13,180,0.5527846813201904
4873,13,181,0.4653584361076355
4874,13,182,0.45545145869255066
4875,13,183,0.44216904044151306
4876,13,184,0.4087507426738739
4877,13,185,0.5049650073051453
4878,13,186,0.4786924123764038
4879,13,187,0.3953932225704193
4880,13,188,0.49810463190078735
4881,13,189,0.39057329297065735
4882,13,190,0.33050286769866943
4883,13,191,0.5390909910202026
4884,13,192,0.5525959134101868
4885,13,193,0.37988102436065674
4886,13,194,0.49578654766082764
4887,13,195,0.32295578718185425
4888,13,196,0.4849710464477539
4889,13,197,0.46692994236946106
4890,13,198,0.44821372628211975
4891,13,199,0.5616660118103027
4892,13,200,0.4127407670021057
4893,13,201,0.5971214771270752
4894,13,202,0.3775482475757599
4895,13,203,0.6008687019348145
4896,13,204,0.3307691514492035
4897,13,205,0.43504995107650757
4898,13,206,0.5548174977302551
4899,13,207,0.7424749732017517
4900,13,208,0.4562828242778778
4901,13,209,0.46901434659957886
4902,13,210,0.527834415435791
4903,13,211,0.37099143862724304
4904,13,212,0.5232962965965271
4905,13,213,0.47216156125068665
4906,13,214,0.3778301477432251
4907,13,215,0.5843382477760315
4908,13,216,0.44289833307266235
4909,13,217,0.4126419126987457
4910,13,218,0.33020079135894775
4911,13,219,0.36133313179016113
4912,13,220,0.4134677052497864
4913,13,221,0.5055713057518005
4914,13,222,0.46642133593559265
4915,13,223,0.42625606060028076
4916,13,224,0.45530927181243896
4917,13,225,0.4827752113342285
4918,13,226,0.6115003228187561
4919,13,227,0.5162734985351562
4920,13,228,0.40243345499038696
4921,13,229,0.5504005551338196
4922,13,230,0.40557289123535156
4923,13,231,0.5676462054252625
4924,13,232,0.46219533681869507
4925,13,233,0.44401785731315613
4926,13,234,0.5857279300689697
4927,13,235,0.6012141108512878
4928,13,236,0.4205893278121948
4929,13,237,0.4797372817993164
4930,13,238,0.6832305192947388
4931,13,239,0.40237581729888916
4932,13,240,0.4423070549964905
4933,13,241,0.48353737592697144
4934,13,242,0.5861226916313171
4935,13,243,0.4263722896575928
4936,13,244,0.5274349451065063
4937,13,245,0.4836650788784027
4938,13,246,0.4246298670768738
4939,13,247,0.38512295484542847
4940,13,248,0.6111626625061035
4941,13,249,0.6162173748016357
4942,13,250,0.5680595636367798
4943,13,251,0.5492811799049377
4944,13,252,0.5676721334457397
4945,13,253,0.6203984618186951
4946,13,254,0.5443547368049622
4947,13,255,0.6010957360267639
4948,13,256,0.49358057975769043
4949,13,257,0.6204039454460144
4950,13,258,0.6722642183303833
4951,13,259,0.5428197979927063
4952,13,260,0.48878103494644165
4953,13,261,0.4538382589817047
4954,13,262,0.5643953084945679
4955,13,263,0.42422664165496826
4956,13,264,0.704066812992096
4957,13,265,0.5339765548706055
4958,13,266,0.46614471077919006
4959,13,267,0.5033429861068726
4960,13,268,0.550393283367157
4961,13,269,0.4495442807674408
4962,13,270,0.5456063151359558
4963,13,271,0.4408954381942749
4964,13,272,0.5030775666236877
4965,13,273,0.5819673538208008
4966,13,274,0.5222721695899963
4967,13,275,0.513144314289093
4968,13,276,0.41433706879615784
4969,13,277,0.44820186495780945
4970,13,278,0.4981919229030609
4971,13,279,0.39774829149246216
4972,13,280,0.5396448373794556
4973,13,281,0.5530433654785156
4974,13,282,0.57977294921875
4975,13,283,0.5427640080451965
4976,13,284,0.48428913950920105
4977,13,285,0.44146913290023804
4978,13,286,0.5528108477592468
4979,13,287,0.6447710990905762
4980,13,288,0.5992079377174377
4981,13,289,0.4616445302963257
4982,13,290,0.5749353766441345
4983,13,291,0.547049343585968
4984,13,292,0.4230976998806
4985,13,293,0.4353792071342468
4986,13,294,0.38888803124427795
4987,13,295,0.5762243866920471
4988,13,296,0.5990344882011414
4989,13,297,0.635458767414093
4990,13,298,0.5994829535484314
4991,13,299,0.7208698391914368
4992,13,300,0.6620375514030457
4993,13,301,0.5775530338287354
4994,13,302,0.5163969397544861
4995,13,303,0.5706071853637695
4996,13,304,0.4352948069572449
4997,13,305,0.3950543999671936
4998,13,306,0.46275442838668823
4999,13,307,0.38641777634620667
5000,13,308,0.4362122118473053
5001,13,309,0.44445696473121643
5002,13,310,0.5762752294540405
5003,13,311,0.3716331720352173
5004,13,312,0.5294190645217896
5005,13,313,0.5417019128799438
5006,13,314,0.4080294668674469
5007,13,315,0.5515272617340088
5008,13,316,0.48002320528030396
5009,13,317,0.608071506023407
5010,13,318,0.6417410969734192
5011,13,319,0.5607669353485107
5012,13,320,0.4433678388595581
5013,13,321,0.522518515586853
5014,13,322,0.4152827262878418
5015,13,323,0.5177789926528931
5016,13,324,0.3737046718597412
5017,13,325,0.6197625398635864
5018,13,326,0.5818114280700684
5019,13,327,0.5075312852859497
5020,13,328,0.6121159791946411
5021,13,329,0.4609798491001129
5022,13,330,0.4669058918952942
5023,13,331,0.5722262859344482
5024,13,332,0.5375149250030518
5025,13,333,0.5700563788414001
5026,13,334,0.4918307065963745
5027,13,335,0.5971119403839111
5028,13,336,0.4954065680503845
5029,13,337,0.5173973441123962
5030,13,338,0.5099453926086426
5031,13,339,0.5373076796531677
5032,13,340,0.6292521953582764
5033,13,341,0.6171925067901611
5034,13,342,0.6742020845413208
5035,13,343,0.35658538341522217
5036,13,344,0.4586299657821655
5037,13,345,0.5337186455726624
5038,13,346,0.4777396619319916
5039,13,347,0.5485758185386658
5040,13,348,0.5155243873596191
5041,13,349,0.3379669487476349
5042,13,350,0.49750831723213196
5043,13,351,0.4934145212173462
5044,13,352,0.37372615933418274
5045,13,353,0.46534159779548645
5046,13,354,0.43489980697631836
5047,13,355,0.37343740463256836
5048,13,356,0.47339293360710144
5049,13,357,0.5588823556900024
5050,13,358,0.4792826175689697
5051,13,359,0.6722753047943115
5052,13,360,0.49378931522369385
5053,13,361,0.512538492679596
5054,13,362,0.5089754462242126
5055,13,363,0.5144689083099365
5056,13,364,0.4982326328754425
5057,13,365,0.5136621594429016
5058,13,366,0.41606876254081726
5059,13,367,0.5376529693603516
5060,13,368,0.593850314617157
5061,13,369,0.4902738034725189
5062,13,370,0.6425361633300781
5063,13,371,0.4865574836730957
5064,13,372,0.5969572067260742
5065,13,373,0.5285216569900513
5066,13,374,0.5720137357711792
5067,13,375,0.528948187828064
5068,13,376,0.6298855543136597
5069,13,377,0.47153687477111816
5070,13,378,0.5401560664176941
5071,13,379,0.5452258586883545
5072,13,380,0.523575484752655
5073,13,381,0.4254785478115082
5074,13,382,0.6153995990753174
5075,13,383,0.6098420023918152
5076,13,384,0.5339587926864624
5077,13,385,0.6063991189002991
5078,13,386,0.41236045956611633
5079,13,387,0.4624544382095337
5080,13,388,0.6011731624603271
5081,13,389,0.48449698090553284
5082,13,390,0.8722192049026489
5083,13,391,0.38537314534187317
5084,14,1,0.4420049488544464
5085,14,2,0.5017526745796204
5086,14,3,0.43945181369781494
5087,14,4,0.49473464488983154
5088,14,5,0.42458364367485046
5089,14,6,0.4646855592727661
5090,14,7,0.3895595073699951
5091,14,8,0.36380648612976074
5092,14,9,0.4566972851753235
5093,14,10,0.2927252948284149
5094,14,11,0.500774085521698
5095,14,12,0.3551669716835022
5096,14,13,0.5613335371017456
5097,14,14,0.32028982043266296
5098,14,15,0.26804569363594055
5099,14,16,0.35028839111328125
5100,14,17,0.44095608592033386
5101,14,18,0.28624823689460754
5102,14,19,0.6106131672859192
5103,14,20,0.4617214798927307
5104,14,21,0.4617771506309509
5105,14,22,0.29463592171669006
5106,14,23,0.23190025985240936
5107,14,24,0.34168925881385803
5108,14,25,0.34149450063705444
5109,14,26,0.38455912470817566
5110,14,27,0.5102776885032654
5111,14,28,0.4232451617717743
5112,14,29,0.4895075261592865
5113,14,30,0.371611088514328
5114,14,31,0.4313908815383911
5115,14,32,0.4235287308692932
5116,14,33,0.48223647475242615
5117,14,34,0.29051434993743896
5118,14,35,0.4259205460548401
5119,14,36,0.3264743983745575
5120,14,37,0.338977187871933
5121,14,38,0.3517603874206543
5122,14,39,0.2984474301338196
5123,14,40,0.5139477252960205
5124,14,41,0.42124390602111816
5125,14,42,0.385144978761673
5126,14,43,0.44393548369407654
5127,14,44,0.5036811232566833
5128,14,45,0.39145684242248535
5129,14,46,0.3223925530910492
5130,14,47,0.3570326268672943
5131,14,48,0.33926811814308167
5132,14,49,0.4411633014678955
5133,14,50,0.38875967264175415
5134,14,51,0.3085801303386688
5135,14,52,0.4380161464214325
5136,14,53,0.4404345452785492
5137,14,54,0.40984660387039185
5138,14,55,0.3834725618362427
5139,14,56,0.4027576446533203
5140,14,57,0.4322470426559448
5141,14,58,0.42202627658843994
5142,14,59,0.3257736563682556
5143,14,60,0.43635496497154236
5144,14,61,0.26000136137008667
5145,14,62,0.604660153388977
5146,14,63,0.5736886262893677
5147,14,64,0.35167649388313293
5148,14,65,0.4810297191143036
5149,14,66,0.5603127479553223
5150,14,67,0.4398837983608246
5151,14,68,0.47093039751052856
5152,14,69,0.48467615246772766
5153,14,70,0.607471764087677
5154,14,71,0.4363212585449219
5155,14,72,0.4037081301212311
5156,14,73,0.45325788855552673
5157,14,74,0.34483927488327026
5158,14,75,0.28223034739494324
5159,14,76,0.3984408676624298
5160,14,77,0.45807182788848877
5161,14,78,0.4957144260406494
5162,14,79,0.3973461985588074
5163,14,80,0.53636634349823
5164,14,81,0.5943909883499146
5165,14,82,0.3363323509693146
5166,14,83,0.47782573103904724
5167,14,84,0.41142821311950684
5168,14,85,0.3940770626068115
5169,14,86,0.5664505958557129
5170,14,87,0.3386683464050293
5171,14,88,0.3211456537246704
5172,14,89,0.41613247990608215
5173,14,90,0.29345184564590454
5174,14,91,0.54572594165802
5175,14,92,0.36875519156455994
5176,14,93,0.47721606492996216
5177,14,94,0.5382264256477356
5178,14,95,0.4622691571712494
5179,14,96,0.386238157749176
5180,14,97,0.36516374349594116
5181,14,98,0.49990367889404297
5182,14,99,0.34272950887680054
5183,14,100,0.3499540388584137
5184,14,101,0.5490572452545166
5185,14,102,0.49468404054641724
5186,14,103,0.4592376947402954
5187,14,104,0.47882190346717834
5188,14,105,0.44343024492263794
5189,14,106,0.4526800215244293
5190,14,107,0.45390307903289795
5191,14,108,0.5722668170928955
5192,14,109,0.605736494064331
5193,14,110,0.5358861684799194
5194,14,111,0.4846416413784027
5195,14,112,0.4039304852485657
5196,14,113,0.4830952286720276
5197,14,114,0.2904506027698517
5198,14,115,0.4043717086315155
5199,14,116,0.3546459376811981
5200,14,117,0.3527446389198303
5201,14,118,0.3779749870300293
5202,14,119,0.43427762389183044
5203,14,120,0.4804413914680481
5204,14,121,0.5014492869377136
5205,14,122,0.38088905811309814
5206,14,123,0.4226110875606537
5207,14,124,0.5180495381355286
5208,14,125,0.48470890522003174
5209,14,126,0.403958797454834
5210,14,127,0.35854440927505493
5211,14,128,0.3435073494911194
5212,14,129,0.41939854621887207
5213,14,130,0.4639763832092285
5214,14,131,0.3079864978790283
5215,14,132,0.4490455389022827
5216,14,133,0.5363406538963318
5217,14,134,0.41204437613487244
5218,14,135,0.3870837986469269
5219,14,136,0.5413967967033386
5220,14,137,0.5580219626426697
5221,14,138,0.4443745017051697
5222,14,139,0.3529653549194336
5223,14,140,0.636426568031311
5224,14,141,0.4898543953895569
5225,14,142,0.4596227705478668
5226,14,143,0.28719499707221985
5227,14,144,0.4506191909313202
5228,14,145,0.48929157853126526
5229,14,146,0.43613845109939575
5230,14,147,0.5059562921524048
5231,14,148,0.523607075214386
5232,14,149,0.3948836922645569
5233,14,150,0.6548961997032166
5234,14,151,0.46664151549339294
5235,14,152,0.5659450888633728
5236,14,153,0.29109111428260803
5237,14,154,0.42754989862442017
5238,14,155,0.6365116238594055
5239,14,156,0.5128178000450134
5240,14,157,0.3717226982116699
5241,14,158,0.601761519908905
5242,14,159,0.504583477973938
5243,14,160,0.4175017178058624
5244,14,161,0.6533337235450745
5245,14,162,0.4905121326446533
5246,14,163,0.3437790274620056
5247,14,164,0.47135499119758606
5248,14,165,0.5678291320800781
5249,14,166,0.6351293325424194
5250,14,167,0.5368915796279907
5251,14,168,0.5008524656295776
5252,14,169,0.4555153548717499
5253,14,170,0.5805225968360901
5254,14,171,0.7618921995162964
5255,14,172,0.41675224900245667
5256,14,173,0.4565733075141907
5257,14,174,0.6727445125579834
5258,14,175,0.42298418283462524
5259,14,176,0.4085184633731842
5260,14,177,0.5115740299224854
5261,14,178,0.4381031394004822
5262,14,179,0.38626644015312195
5263,14,180,0.5334789156913757
5264,14,181,0.5698841214179993
5265,14,182,0.4111921191215515
5266,14,183,0.37543630599975586
5267,14,184,0.37280967831611633
5268,14,185,0.4203491508960724
5269,14,186,0.3769983649253845
5270,14,187,0.46454331278800964
5271,14,188,0.34047213196754456
5272,14,189,0.5301467180252075
5273,14,190,0.5137209892272949
5274,14,191,0.3543497622013092
5275,14,192,0.30534011125564575
5276,14,193,0.3984220623970032
5277,14,194,0.44456684589385986
5278,14,195,0.5005383491516113
5279,14,196,0.3934285640716553
5280,14,197,0.3950916528701782
5281,14,198,0.41785067319869995
5282,14,199,0.4770893156528473
5283,14,200,0.39582929015159607
5284,14,201,0.3524845540523529
5285,14,202,0.46726831793785095
5286,14,203,0.41372331976890564
5287,14,204,0.4060370624065399
5288,14,205,0.5347391366958618
5289,14,206,0.38822194933891296
5290,14,207,0.3963385224342346
5291,14,208,0.34899628162384033
5292,14,209,0.367926687002182
5293,14,210,0.5297201871871948
5294,14,211,0.4566973149776459
5295,14,212,0.3714609444141388
5296,14,213,0.4210887849330902
5297,14,214,0.4907062351703644
5298,14,215,0.33753156661987305
5299,14,216,0.3947778642177582
5300,14,217,0.5879421234130859
5301,14,218,0.37932726740837097
5302,14,219,0.42107295989990234
5303,14,220,0.4074045717716217
5304,14,221,0.5905192494392395
5305,14,222,0.4546150863170624
5306,14,223,0.40808436274528503
5307,14,224,0.6104897260665894
5308,14,225,0.3653079867362976
5309,14,226,0.2632012665271759
5310,14,227,0.29961758852005005
5311,14,228,0.5425288677215576
5312,14,229,0.40456247329711914
5313,14,230,0.5032304525375366
5314,14,231,0.42892879247665405
5315,14,232,0.6571130156517029
5316,14,233,0.35142767429351807
5317,14,234,0.6087155938148499
5318,14,235,0.5360996723175049
5319,14,236,0.452616423368454
5320,14,237,0.410256564617157
5321,14,238,0.47539955377578735
5322,14,239,0.44053927063941956
5323,14,240,0.4022032618522644
5324,14,241,0.5569844841957092
5325,14,242,0.3873071074485779
5326,14,243,0.33752763271331787
5327,14,244,0.33958736062049866
5328,14,245,0.45799484848976135
5329,14,246,0.5049253106117249
5330,14,247,0.49697038531303406
5331,14,248,0.38406312465667725
5332,14,249,0.364936888217926
5333,14,250,0.35461312532424927
5334,14,251,0.4353756606578827
5335,14,252,0.3984485864639282
5336,14,253,0.37257784605026245
5337,14,254,0.5308248400688171
5338,14,255,0.48728808760643005
5339,14,256,0.3046284317970276
5340,14,257,0.5223495960235596
5341,14,258,0.36556127667427063
5342,14,259,0.34602227807044983
5343,14,260,0.433371901512146
5344,14,261,0.4042043387889862
5345,14,262,0.3745670020580292
5346,14,263,0.41146522760391235
5347,14,264,0.5300304889678955
5348,14,265,0.7115525603294373
5349,14,266,0.5446493029594421
5350,14,267,0.5887405872344971
5351,14,268,0.39878329634666443
5352,14,269,0.3352545201778412
5353,14,270,0.4148974120616913
5354,14,271,0.43024158477783203
5355,14,272,0.5932652950286865
5356,14,273,0.4195097088813782
5357,14,274,0.3657527565956116
5358,14,275,0.4851873815059662
5359,14,276,0.40843454003334045
5360,14,277,0.41995713114738464
5361,14,278,0.42229601740837097
5362,14,279,0.5541068315505981
5363,14,280,0.49021396040916443
5364,14,281,0.5222880244255066
5365,14,282,0.507490873336792
5366,14,283,0.37011799216270447
5367,14,284,0.5383047461509705
5368,14,285,0.44308075308799744
5369,14,286,0.5196767449378967
5370,14,287,0.3661859631538391
5371,14,288,0.31920379400253296
5372,14,289,0.49384719133377075
5373,14,290,0.4760320782661438
5374,14,291,0.4756636917591095
5375,14,292,0.4207848310470581
5376,14,293,0.5567705631256104
5377,14,294,0.446664035320282
5378,14,295,0.5827181339263916
5379,14,296,0.6442437171936035
5380,14,297,0.4780499041080475
5381,14,298,0.4570223391056061
5382,14,299,0.5071256756782532
5383,14,300,0.5607087016105652
5384,14,301,0.34784063696861267
5385,14,302,0.4858046770095825
5386,14,303,0.5027581453323364
5387,14,304,0.509114146232605
5388,14,305,0.4896703362464905
5389,14,306,0.47642284631729126
5390,14,307,0.5725058913230896
5391,14,308,0.4952097535133362
5392,14,309,0.6007235646247864
5393,14,310,0.41420432925224304
5394,14,311,0.4239710569381714
5395,14,312,0.5125958323478699
5396,14,313,0.5256879329681396
5397,14,314,0.3398115932941437
5398,14,315,0.487405002117157
5399,14,316,0.5132153034210205
5400,14,317,0.4808385968208313
5401,14,318,0.5569673776626587
5402,14,319,0.410536527633667
5403,14,320,0.3470417559146881
5404,14,321,0.36236855387687683
5405,14,322,0.3875369429588318
5406,14,323,0.4417361319065094
5407,14,324,0.39351266622543335
5408,14,325,0.5060021281242371
5409,14,326,0.6253981590270996
5410,14,327,0.5600431561470032
5411,14,328,0.48295697569847107
5412,14,329,0.5273942351341248
5413,14,330,0.4216410517692566
5414,14,331,0.4030717611312866
5415,14,332,0.3229982554912567
5416,14,333,0.346943736076355
5417,14,334,0.4376088082790375
5418,14,335,0.44028177857398987
5419,14,336,0.6120511293411255
5420,14,337,0.4612480401992798
5421,14,338,0.3560428321361542
5422,14,339,0.48518699407577515
5423,14,340,0.34155595302581787
5424,14,341,0.4385577142238617
5425,14,342,0.4259486496448517
5426,14,343,0.46672481298446655
5427,14,344,0.56531822681427
5428,14,345,0.4019336402416229
5429,14,346,0.43317848443984985
5430,14,347,0.32593777775764465
5431,14,348,0.5907178521156311
5432,14,349,0.367622971534729
5433,14,350,0.3724406659603119
5434,14,351,0.4514254033565521
5435,14,352,0.5046402215957642
5436,14,353,0.42243286967277527
5437,14,354,0.43818947672843933
5438,14,355,0.4587668478488922
5439,14,356,0.45889636874198914
5440,14,357,0.45676347613334656
5441,14,358,0.4581378400325775
5442,14,359,0.6771913170814514
5443,14,360,0.5025222897529602
5444,14,361,0.29133906960487366
5445,14,362,0.6699633002281189
5446,14,363,0.5516369938850403
5447,14,364,0.32330819964408875
5448,14,365,0.6215543746948242
5449,14,366,0.43494895100593567
5450,14,367,0.4409255385398865
5451,14,368,0.7497235536575317
5452,14,369,0.46644818782806396
5453,14,370,0.5746780633926392
5454,14,371,0.6067920923233032
5455,14,372,0.49469172954559326
5456,14,373,0.43508419394493103
5457,14,374,0.5255225300788879
5458,14,375,0.44727641344070435
5459,14,376,0.5512363314628601
5460,14,377,0.43833643198013306
5461,14,378,0.44118747115135193
5462,14,379,0.602717399597168
5463,14,380,0.40459007024765015
5464,14,381,0.5240084528923035
5465,14,382,0.3570406138896942
5466,14,383,0.45165377855300903
5467,14,384,0.4598071575164795
5468,14,385,0.5157283544540405
5469,14,386,0.5096461176872253
5470,14,387,0.5188393592834473
5471,14,388,0.38807767629623413
5472,14,389,0.5237918496131897
5473,14,390,0.472572386264801
5474,14,391,0.35216373205184937
5475,15,1,0.3444056808948517
5476,15,2,0.37584802508354187
5477,15,3,0.4567826986312866
5478,15,4,0.3296123445034027
5479,15,5,0.334750235080719
5480,15,6,0.2730017304420471
5481,15,7,0.3657976984977722
5482,15,8,0.3576483130455017
5483,15,9,0.3363599479198456
5484,15,10,0.30480700731277466
5485,15,11,0.40182948112487793
5486,15,12,0.3933068811893463
5487,15,13,0.19281509518623352
5488,15,14,0.2987794280052185
5489,15,15,0.42717307806015015
5490,15,16,0.3046230673789978
5491,15,17,0.37794044613838196
5492,15,18,0.299515038728714
5493,15,19,0.2693212032318115
5494,15,20,0.3851547837257385
5495,15,21,0.3819953203201294
5496,15,22,0.41333216428756714
5497,15,23,0.23627890646457672
5498,15,24,0.29714781045913696
5499,15,25,0.4738191068172455
5500,15,26,0.34224584698677063
5501,15,27,0.3054594397544861
5502,15,28,0.37783318758010864
5503,15,29,0.3684489130973816
5504,15,30,0.34513381123542786
5505,15,31,0.4625293016433716
5506,15,32,0.42533183097839355
5507,15,33,0.3380697965621948
5508,15,34,0.3565514385700226
5509,15,35,0.41031262278556824
5510,15,36,0.2661007046699524
5511,15,37,0.27060890197753906
5512,15,38,0.4903723895549774
5513,15,39,0.4044352173805237
5514,15,40,0.4853459596633911
5515,15,41,0.43975579738616943
5516,15,42,0.5355437397956848
5517,15,43,0.44596147537231445
5518,15,44,0.3842988610267639
5519,15,45,0.3098699748516083
5520,15,46,0.35448962450027466
5521,15,47,0.31241166591644287
5522,15,48,0.4918229281902313
5523,15,49,0.3424529433250427
5524,15,50,0.47892361879348755
5525,15,51,0.3724256455898285
5526,15,52,0.3160010278224945
5527,15,53,0.32903552055358887
5528,15,54,0.2880982756614685
5529,15,55,0.3212135136127472
5530,15,56,0.3786916434764862
5531,15,57,0.34848013520240784
5532,15,58,0.46926429867744446
5533,15,59,0.28747469186782837
5534,15,60,0.37058261036872864
5535,15,61,0.3049549162387848
5536,15,62,0.3577272593975067
5537,15,63,0.47043079137802124
5538,15,64,0.4732203483581543
5539,15,65,0.2627483904361725
5540,15,66,0.44110292196273804
5541,15,67,0.25512781739234924
5542,15,68,0.3240237534046173
5543,15,69,0.3215250074863434
5544,15,70,0.3418107032775879
5545,15,71,0.41846567392349243
5546,15,72,0.3252294361591339
5547,15,73,0.3249613046646118
5548,15,74,0.41741102933883667
5549,15,75,0.4866732656955719
5550,15,76,0.40580445528030396
5551,15,77,0.41548261046409607
5552,15,78,0.2709837257862091
5553,15,79,0.34135425090789795
5554,15,80,0.5724827647209167
5555,15,81,0.36344224214553833
5556,15,82,0.5362729430198669
5557,15,83,0.39029914140701294
5558,15,84,0.39822858572006226
5559,15,85,0.4629388749599457
5560,15,86,0.2839161455631256
5561,15,87,0.29408979415893555
5562,15,88,0.31851768493652344
5563,15,89,0.2159547358751297
5564,15,90,0.40157559514045715
5565,15,91,0.22747652232646942
5566,15,92,0.2891966700553894
5567,15,93,0.31710049510002136
5568,15,94,0.3590112626552582
5569,15,95,0.3383609354496002
5570,15,96,0.3017829358577728
5571,15,97,0.495517373085022
5572,15,98,0.35111933946609497
5573,15,99,0.37197214365005493
5574,15,100,0.4435079097747803
5575,15,101,0.3889079988002777
5576,15,102,0.2931678593158722
5577,15,103,0.3830874562263489
5578,15,104,0.27495715022087097
5579,15,105,0.4413817822933197
5580,15,106,0.5568841099739075
5581,15,107,0.282461017370224
5582,15,108,0.45129525661468506
5583,15,109,0.23781870305538177
5584,15,110,0.4230283796787262
5585,15,111,0.5055001974105835
5586,15,112,0.4483652114868164
5587,15,113,0.3219713270664215
5588,15,114,0.4489767551422119
5589,15,115,0.5083196759223938
5590,15,116,0.6601934432983398
5591,15,117,0.439468115568161
5592,15,118,0.4959815442562103
5593,15,119,0.32466214895248413
5594,15,120,0.42381516098976135
5595,15,121,0.4264131784439087
5596,15,122,0.45439064502716064
5597,15,123,0.4624069631099701
5598,15,124,0.3449867367744446
5599,15,125,0.39446473121643066
5600,15,126,0.34237271547317505
5601,15,127,0.3834892213344574
5602,15,128,0.4888615012168884
5603,15,129,0.2889917492866516
5604,15,130,0.3759847581386566
5605,15,131,0.41572806239128113
5606,15,132,0.4513096213340759
5607,15,133,0.3674156069755554
5608,15,134,0.3846800923347473
5609,15,135,0.40524721145629883
5610,15,136,0.3247676491737366
5611,15,137,0.4158036410808563
5612,15,138,0.3844776451587677
5613,15,139,0.36721259355545044
5614,15,140,0.31115666031837463
5615,15,141,0.43444201350212097
5616,15,142,0.39878636598587036
5617,15,143,0.4146820902824402
5618,15,144,0.4235513508319855
5619,15,145,0.4556339979171753
5620,15,146,0.5988076329231262
5621,15,147,0.45239317417144775
5622,15,148,0.48317939043045044
5623,15,149,0.4310758113861084
5624,15,150,0.49805790185928345
5625,15,151,0.40802285075187683
5626,15,152,0.408708393573761
5627,15,153,0.26045361161231995
5628,15,154,0.42102476954460144
5629,15,155,0.2998102903366089
5630,15,156,0.26853713393211365
5631,15,157,0.5716663599014282
5632,15,158,0.3803485035896301
5633,15,159,0.37829887866973877
5634,15,160,0.4345203936100006
5635,15,161,0.30222222208976746
5636,15,162,0.4617477059364319
5637,15,163,0.48567166924476624
5638,15,164,0.39304155111312866
5639,15,165,0.33711695671081543
5640,15,166,0.41308873891830444
5641,15,167,0.5603310465812683
5642,15,168,0.4166805148124695
5643,15,169,0.40857094526290894
5644,15,170,0.3614322543144226
5645,15,171,0.3668616712093353
5646,15,172,0.38950619101524353
5647,15,173,0.4913748800754547
5648,15,174,0.390000581741333
5649,15,175,0.45202702283859253
5650,15,176,0.3736145794391632
5651,15,177,0.36428961157798767
5652,15,178,0.48253270983695984
5653,15,179,0.46106866002082825
5654,15,180,0.3553444445133209
5655,15,181,0.42255499958992004
5656,15,182,0.3210259974002838
5657,15,183,0.49444955587387085
5658,15,184,0.3991331160068512
5659,15,185,0.2676805853843689
5660,15,186,0.37365761399269104
5661,15,187,0.42982324957847595
5662,15,188,0.4464026093482971
5663,15,189,0.5038977861404419
5664,15,190,0.4843200743198395
5665,15,191,0.3949570059776306
5666,15,192,0.48477527499198914
5667,15,193,0.5317791700363159
5668,15,194,0.35886192321777344
5669,15,195,0.4177229404449463
5670,15,196,0.5241824984550476
5671,15,197,0.4049559533596039
5672,15,198,0.4207014739513397
5673,15,199,0.29551246762275696
5674,15,200,0.3134852647781372
5675,15,201,0.3167385160923004
5676,15,202,0.4393289089202881
5677,15,203,0.36234521865844727
5678,15,204,0.34061199426651
5679,15,205,0.38560751080513
5680,15,206,0.32063132524490356
5681,15,207,0.4486638307571411
5682,15,208,0.6173545122146606
5683,15,209,0.52946937084198
5684,15,210,0.5415816903114319
5685,15,211,0.268020898103714
5686,15,212,0.4235388934612274
5687,15,213,0.5042802095413208
5688,15,214,0.3839491903781891
5689,15,215,0.40751227736473083
5690,15,216,0.4030302166938782
5691,15,217,0.30637258291244507
5692,15,218,0.446545273065567
5693,15,219,0.32009395956993103
5694,15,220,0.4904382526874542
5695,15,221,0.28549984097480774
5696,15,222,0.3422201871871948
5697,15,223,0.4003758430480957
5698,15,224,0.7112196683883667
5699,15,225,0.46951568126678467
5700,15,226,0.5279931426048279
5701,15,227,0.5078558921813965
5702,15,228,0.3146953284740448
5703,15,229,0.48012611269950867
5704,15,230,0.41010782122612
5705,15,231,0.4579520523548126
5706,15,232,0.31789031624794006
5707,15,233,0.37725332379341125
5708,15,234,0.43433594703674316
5709,15,235,0.36026260256767273
5710,15,236,0.4390520453453064
5711,15,237,0.40894731879234314
5712,15,238,0.489018976688385
5713,15,239,0.6768714189529419
5714,15,240,0.47282883524894714
5715,15,241,0.458548367023468
5716,15,242,0.4584386348724365
5717,15,243,0.4246496558189392
5718,15,244,0.45208725333213806
5719,15,245,0.3368203938007355
5720,15,246,0.4611748456954956
5721,15,247,0.3757663667201996
5722,15,248,0.40394341945648193
5723,15,249,0.36152589321136475
5724,15,250,0.3384435474872589
5725,15,251,0.44033485651016235
5726,15,252,0.39319804310798645
5727,15,253,0.5086655020713806
5728,15,254,0.3691030442714691
5729,15,255,0.48029008507728577
5730,15,256,0.48517826199531555
5731,15,257,0.436603307723999
5732,15,258,0.42588183283805847
5733,15,259,0.43077394366264343
5734,15,260,0.409668505191803
5735,15,261,0.41578209400177
5736,15,262,0.6004176735877991
5737,15,263,0.4918905794620514
5738,15,264,0.5013536810874939
5739,15,265,0.3452637791633606
5740,15,266,0.445053368806839
5741,15,267,0.5432828664779663
5742,15,268,0.31975704431533813
5743,15,269,0.5514804124832153
5744,15,270,0.34864234924316406
5745,15,271,0.3692283630371094
5746,15,272,0.5337141752243042
5747,15,273,0.47504258155822754
5748,15,274,0.45700961351394653
5749,15,275,0.45707517862319946
5750,15,276,0.46389690041542053
5751,15,277,0.45259615778923035
5752,15,278,0.508586049079895
5753,15,279,0.3770638406276703
5754,15,280,0.4789528548717499
5755,15,281,0.33300280570983887
5756,15,282,0.5828939080238342
5757,15,283,0.3354956805706024
5758,15,284,0.3219587504863739
5759,15,285,0.4929620623588562
5760,15,286,0.4686660170555115
5761,15,287,0.5074667930603027
5762,15,288,0.40950194001197815
5763,15,289,0.46371015906333923
5764,15,290,0.422938734292984
5765,15,291,0.45632684230804443
5766,15,292,0.5258548259735107
5767,15,293,0.371186763048172
5768,15,294,0.4801666736602783
5769,15,295,0.5244291424751282
5770,15,296,0.36777105927467346
5771,15,297,0.3344160318374634
5772,15,298,0.3176964521408081
5773,15,299,0.5308252573013306
5774,15,300,0.32763344049453735
5775,15,301,0.49529367685317993
5776,15,302,0.48852530121803284
5777,15,303,0.4844007194042206
5778,15,304,0.45439863204956055
5779,15,305,0.3710429072380066
5780,15,306,0.5296198129653931
5781,15,307,0.5255689024925232
5782,15,308,0.4997187554836273
5783,15,309,0.49137142300605774
5784,15,310,0.521888792514801
5785,15,311,0.29960307478904724
5786,15,312,0.42481210827827454
5787,15,313,0.4448445737361908
5788,15,314,0.3926435708999634
5789,15,315,0.5093494057655334
5790,15,316,0.3212014436721802
5791,15,317,0.21499861776828766
5792,15,318,0.49329763650894165
5793,15,319,0.32106533646583557
5794,15,320,0.39911597967147827
5795,15,321,0.3926146626472473
5796,15,322,0.3842785060405731
5797,15,323,0.39371412992477417
5798,15,324,0.7276661992073059
5799,15,325,0.4573858082294464
5800,15,326,0.35606515407562256
5801,15,327,0.42998233437538147
5802,15,328,0.37736132740974426
5803,15,329,0.28168997168540955
5804,15,330,0.36565521359443665
5805,15,331,0.5322459936141968
5806,15,332,0.48449283838272095
5807,15,333,0.3881404399871826
5808,15,334,0.37805646657943726
5809,15,335,0.3838747441768646
5810,15,336,0.42380663752555847
5811,15,337,0.3774704933166504
5812,15,338,0.3462289571762085
5813,15,339,0.46499985456466675
5814,15,340,0.45174354314804077
5815,15,341,0.33312928676605225
5816,15,342,0.47174400091171265
5817,15,343,0.5796505808830261
5818,15,344,0.44727271795272827
5819,15,345,0.4448237717151642
5820,15,346,0.5890368819236755
5821,15,347,0.5136885046958923
5822,15,348,0.40389272570610046
5823,15,349,0.2800615727901459
5824,15,350,0.38354721665382385
5825,15,351,0.4765315651893616
5826,15,352,0.5384927988052368
5827,15,353,0.43138277530670166
5828,15,354,0.45326992869377136
5829,15,355,0.4819374084472656
5830,15,356,0.5176551938056946
5831,15,357,0.4073106646537781
5832,15,358,0.370184987783432
5833,15,359,0.40022364258766174
5834,15,360,0.3716829717159271
5835,15,361,0.38484513759613037
5836,15,362,0.614915668964386
5837,15,363,0.3861290514469147
5838,15,364,0.4671882688999176
5839,15,365,0.32688596844673157
5840,15,366,0.29286444187164307
5841,15,367,0.34699106216430664
5842,15,368,0.3546278476715088
5843,15,369,0.6035904288291931
5844,15,370,0.5491543412208557
5845,15,371,0.45937129855155945
5846,15,372,0.38568317890167236
5847,15,373,0.4689236879348755
5848,15,374,0.5870306491851807
5849,15,375,0.39637649059295654
5850,15,376,0.37197771668434143
5851,15,377,0.5841534733772278
5852,15,378,0.3833743929862976
5853,15,379,0.6048358082771301
5854,15,380,0.4214915633201599
5855,15,381,0.5585918426513672
5856,15,382,0.40520912408828735
5857,15,383,0.5142927169799805
5858,15,384,0.4838576316833496
5859,15,385,0.4395471215248108
5860,15,386,0.34035244584083557
5861,15,387,0.3965361416339874
5862,15,388,0.4387473464012146
5863,15,389,0.3419705927371979
5864,15,390,0.31903374195098877
5865,15,391,0.47563034296035767
5866,16,1,0.38666290044784546
5867,16,2,0.45907729864120483
5868,16,3,0.3286091983318329
5869,16,4,0.50201016664505
5870,16,5,0.3923778533935547
5871,16,6,0.3313397169113159
5872,16,7,0.38643333315849304
5873,16,8,0.3358697295188904
5874,16,9,0.5395702123641968
5875,16,10,0.3270583748817444
5876,16,11,0.337011456489563
5877,16,12,0.27280497550964355
5878,16,13,0.3337460160255432
5879,16,14,0.35248446464538574
5880,16,15,0.42473626136779785
5881,16,16,0.27763551473617554
5882,16,17,0.2025938779115677
5883,16,18,0.2369840145111084
5884,16,19,0.4915977120399475
5885,16,20,0.3414781391620636
5886,16,21,0.3160956799983978
5887,16,22,0.24932481348514557
5888,16,23,0.25822770595550537
5889,16,24,0.2084546834230423
5890,16,25,0.3274461627006531
5891,16,26,0.30478885769844055
5892,16,27,0.37549492716789246
5893,16,28,0.2687157988548279
5894,16,29,0.28324225544929504
5895,16,30,0.42094776034355164
5896,16,31,0.23163574934005737
5897,16,32,0.3255036771297455
5898,16,33,0.39858195185661316
5899,16,34,0.4086703956127167
5900,16,35,0.23320722579956055
5901,16,36,0.47722765803337097
5902,16,37,0.3999177813529968
5903,16,38,0.3249834477901459
5904,16,39,0.2000022679567337
5905,16,40,0.36850932240486145
5906,16,41,0.3980339765548706
5907,16,42,0.3209722638130188
5908,16,43,0.30924126505851746
5909,16,44,0.3780718445777893
5910,16,45,0.36511269211769104
5911,16,46,0.3880302906036377
5912,16,47,0.2211558073759079
5913,16,48,0.39089104533195496
5914,16,49,0.3045235574245453
5915,16,50,0.44576790928840637
5916,16,51,0.3450104594230652
5917,16,52,0.2558507025241852
5918,16,53,0.3772578537464142
5919,16,54,0.3448687791824341
5920,16,55,0.333558052778244
5921,16,56,0.24163594841957092
5922,16,57,0.17800934612751007
5923,16,58,0.3705131709575653
5924,16,59,0.2611792981624603
5925,16,60,0.35912343859672546
5926,16,61,0.5138119459152222
5927,16,62,0.36996254324913025
5928,16,63,0.23544864356517792
5929,16,64,0.30897778272628784
5930,16,65,0.25857996940612793
5931,16,66,0.3788273334503174
5932,16,67,0.3445245921611786
5933,16,68,0.4034728407859802
5934,16,69,0.3377300500869751
5935,16,70,0.19706229865550995
5936,16,71,0.40922731161117554
5937,16,72,0.4464819133281708
5938,16,73,0.3518757224082947
5939,16,74,0.31191155314445496
5940,16,75,0.3660881817340851
5941,16,76,0.27728763222694397
5942,16,77,0.4476310908794403
5943,16,78,0.3690246343612671
5944,16,79,0.27682334184646606
5945,16,80,0.3551940619945526
5946,16,81,0.3688812255859375
5947,16,82,0.4236605763435364
5948,16,83,0.30109167098999023
5949,16,84,0.34072190523147583
5950,16,85,0.3915739059448242
5951,16,86,0.3941051661968231
5952,16,87,0.34076589345932007
5953,16,88,0.22091446816921234
5954,16,89,0.26636168360710144
5955,16,90,0.17461194097995758
5956,16,91,0.35579580068588257
5957,16,92,0.39182060956954956
5958,16,93,0.378118634223938
5959,16,94,0.34940022230148315
5960,16,95,0.35786542296409607
5961,16,96,0.26567167043685913
5962,16,97,0.26408225297927856
5963,16,98,0.419140100479126
5964,16,99,0.5712395310401917
5965,16,100,0.26516497135162354
5966,16,101,0.2826726734638214
5967,16,102,0.34418612718582153
5968,16,103,0.5016277432441711
5969,16,104,0.38429924845695496
5970,16,105,0.38367539644241333
5971,16,106,0.33705970644950867
5972,16,107,0.3153522312641144
5973,16,108,0.2593763768672943
5974,16,109,0.4260650873184204
5975,16,110,0.4792325496673584
5976,16,111,0.4659386873245239
5977,16,112,0.527069091796875
5978,16,113,0.2987467646598816
5979,16,114,0.39587393403053284
5980,16,115,0.4855671226978302
5981,16,116,0.4308033287525177
5982,16,117,0.4632110297679901
5983,16,118,0.32722461223602295
5984,16,119,0.41967639327049255
5985,16,120,0.42412227392196655
5986,16,121,0.44848448038101196
5987,16,122,0.40029650926589966
5988,16,123,0.46592283248901367
5989,16,124,0.4104123115539551
5990,16,125,0.4177716374397278
5991,16,126,0.4244807958602905
5992,16,127,0.3615444302558899
5993,16,128,0.44256487488746643
5994,16,129,0.38183802366256714
5995,16,130,0.457761287689209
5996,16,131,0.5309511423110962
5997,16,132,0.4523066580295563
5998,16,133,0.35727906227111816
5999,16,134,0.5855897068977356
6000,16,135,0.5247528553009033
6001,16,136,0.3414176404476166
6002,16,137,0.505812406539917
6003,16,138,0.5177923440933228
6004,16,139,0.46391817927360535
6005,16,140,0.5157756209373474
6006,16,141,0.4627593755722046
6007,16,142,0.36871975660324097
6008,16,143,0.4069591164588928
6009,16,144,0.45094034075737
6010,16,145,0.33587077260017395
6011,16,146,0.45306140184402466
6012,16,147,0.40067851543426514
6013,16,148,0.38912275433540344
6014,16,149,0.6038622856140137
6015,16,150,0.34333473443984985
6016,16,151,0.4771461486816406
6017,16,152,0.26362815499305725
6018,16,153,0.5547087788581848
6019,16,154,0.3245333135128021
6020,16,155,0.32724064588546753
6021,16,156,0.43723350763320923
6022,16,157,0.37100884318351746
6023,16,158,0.3226587474346161
6024,16,159,0.3978050947189331
6025,16,160,0.3206413984298706
6026,16,161,0.35173290967941284
6027,16,162,0.15538665652275085
6028,16,163,0.3173798620700836
6029,16,164,0.3967112898826599
6030,16,165,0.25355473160743713
6031,16,166,0.3722634017467499
6032,16,167,0.2553160488605499
6033,16,168,0.31072163581848145
6034,16,169,0.26335495710372925
6035,16,170,0.34152087569236755
6036,16,171,0.3859010636806488
6037,16,172,0.2511308789253235
6038,16,173,0.2791619300842285
6039,16,174,0.5121121406555176
6040,16,175,0.386023610830307
6041,16,176,0.3129405677318573
6042,16,177,0.35889357328414917
6043,16,178,0.27314555644989014
6044,16,179,0.5064979791641235
6045,16,180,0.27123910188674927
6046,16,181,0.3552513122558594
6047,16,182,0.4133628308773041
6048,16,183,0.3977479338645935
6049,16,184,0.412282258272171
6050,16,185,0.326177716255188
6051,16,186,0.329795241355896
6052,16,187,0.4658113420009613
6053,16,188,0.2701590657234192
6054,16,189,0.44616323709487915
6055,16,190,0.4918519854545593
6056,16,191,0.35434281826019287
6057,16,192,0.311951607465744
6058,16,193,0.38655945658683777
6059,16,194,0.38853639364242554
6060,16,195,0.2754272222518921
6061,16,196,0.3882905840873718
6062,16,197,0.37277930974960327
6063,16,198,0.36875972151756287
6064,16,199,0.3943770229816437
6065,16,200,0.43401217460632324
6066,16,201,0.4440256357192993
6067,16,202,0.6345244646072388
6068,16,203,0.36253780126571655
6069,16,204,0.5316227674484253
6070,16,205,0.40234583616256714
6071,16,206,0.5057951211929321
6072,16,207,0.31380584836006165
6073,16,208,0.42425450682640076
6074,16,209,0.3799954056739807
6075,16,210,0.370619535446167
6076,16,211,0.3332059979438782
6077,16,212,0.30283108353614807
6078,16,213,0.34139660000801086
6079,16,214,0.46737053990364075
6080,16,215,0.42155641317367554
6081,16,216,0.3857554793357849
6082,16,217,0.4834940433502197
6083,16,218,0.25165584683418274
6084,16,219,0.3348795771598816
6085,16,220,0.442543625831604
6086,16,221,0.3731924891471863
6087,16,222,0.2649309039115906
6088,16,223,0.38267016410827637
6089,16,224,0.40637338161468506
6090,16,225,0.312136173248291
6091,16,226,0.43055298924446106
6092,16,227,0.4421241283416748
6093,16,228,0.15974807739257812
6094,16,229,0.460601270198822
6095,16,230,0.3064330220222473
6096,16,231,0.3291218876838684
6097,16,232,0.38615310192108154
6098,16,233,0.37097930908203125
6099,16,234,0.3790501058101654
6100,16,235,0.3885703682899475
6101,16,236,0.3759838342666626
6102,16,237,0.31038036942481995
6103,16,238,0.37299561500549316
6104,16,239,0.5165968537330627
6105,16,240,0.3850897550582886
6106,16,241,0.4808724522590637
6107,16,242,0.3356713354587555
6108,16,243,0.3311994969844818
6109,16,244,0.26578760147094727
6110,16,245,0.3880484402179718
6111,16,246,0.4964921772480011
6112,16,247,0.482425719499588
6113,16,248,0.414063423871994
6114,16,249,0.369984894990921
6115,16,250,0.37790781259536743
6116,16,251,0.4674851894378662
6117,16,252,0.29557284712791443
6118,16,253,0.3799522817134857
6119,16,254,0.3636138439178467
6120,16,255,0.42045313119888306
6121,16,256,0.3134726881980896
6122,16,257,0.28836899995803833
6123,16,258,0.3643535375595093
6124,16,259,0.4203944802284241
6125,16,260,0.3111494183540344
6126,16,261,0.2777458727359772
6127,16,262,0.36239805817604065
6128,16,263,0.4711628258228302
6129,16,264,0.3858315944671631
6130,16,265,0.41460204124450684
6131,16,266,0.3069341778755188
6132,16,267,0.4503564238548279
6133,16,268,0.3986451327800751
6134,16,269,0.4764234125614166
6135,16,270,0.4813272953033447
6136,16,271,0.3152352273464203
6137,16,272,0.31818675994873047
6138,16,273,0.3659343719482422
6139,16,274,0.2657991051673889
6140,16,275,0.3847333788871765
6141,16,276,0.3602467477321625
6142,16,277,0.39593270421028137
6143,16,278,0.3612656593322754
6144,16,279,0.32807183265686035
6145,16,280,0.3329557478427887
6146,16,281,0.44119569659233093
6147,16,282,0.36448201537132263
6148,16,283,0.33403921127319336
6149,16,284,0.4990520477294922
6150,16,285,0.2530079185962677
6151,16,286,0.4015577733516693
6152,16,287,0.5293055772781372
6153,16,288,0.27530840039253235
6154,16,289,0.3279666304588318
6155,16,290,0.3441316783428192
6156,16,291,0.33654725551605225
6157,16,292,0.4252702295780182
6158,16,293,0.5301403403282166
6159,16,294,0.3729441165924072
6160,16,295,0.4703921377658844
6161,16,296,0.4953061640262604
6162,16,297,0.3564923107624054
6163,16,298,0.3240683972835541
6164,16,299,0.4395471215248108
6165,16,300,0.462823748588562
6166,16,301,0.27685093879699707
6167,16,302,0.29528263211250305
6168,16,303,0.49561575055122375
6169,16,304,0.38872286677360535
6170,16,305,0.3075103163719177
6171,16,306,0.39650726318359375
6172,16,307,0.3012610375881195
6173,16,308,0.4007400870323181
6174,16,309,0.4843866229057312
6175,16,310,0.6553788781166077
6176,16,311,0.41148361563682556
6177,16,312,0.3607163429260254
6178,16,313,0.39717885851860046
6179,16,314,0.40374064445495605
6180,16,315,0.33330386877059937
6181,16,316,0.5311999320983887
6182,16,317,0.40849941968917847
6183,16,318,0.2363322228193283
6184,16,319,0.39826500415802
6185,16,320,0.543068528175354
6186,16,321,0.4210467040538788
6187,16,322,0.36934614181518555
6188,16,323,0.45658499002456665
6189,16,324,0.38586434721946716
6190,16,325,0.3626684248447418
6191,16,326,0.47411951422691345
6192,16,327,0.34993451833724976
6193,16,328,0.32604852318763733
6194,16,329,0.33118149638175964
6195,16,330,0.5199825167655945
6196,16,331,0.3391796946525574
6197,16,332,0.32327932119369507
6198,16,333,0.3832237422466278
6199,16,334,0.4503922760486603
6200,16,335,0.42162078619003296
6201,16,336,0.43407613039016724
6202,16,337,0.5520356893539429
6203,16,338,0.34577637910842896
6204,16,339,0.3752840757369995
6205,16,340,0.39013129472732544
6206,16,341,0.5420270562171936
6207,16,342,0.45028817653656006
6208,16,343,0.41887879371643066
6209,16,344,0.5084880590438843
6210,16,345,0.3498890995979309
6211,16,346,0.4284104108810425
6212,16,347,0.4134920835494995
6213,16,348,0.42212122678756714
6214,16,349,0.36789676547050476
6215,16,350,0.4386320114135742
6216,16,351,0.46074533462524414
6217,16,352,0.37123021483421326
6218,16,353,0.6104407906532288
6219,16,354,0.5476226210594177
6220,16,355,0.4412313997745514
6221,16,356,0.5146209597587585
6222,16,357,0.37350040674209595
6223,16,358,0.48322993516921997
6224,16,359,0.5287830829620361
6225,16,360,0.36269503831863403
6226,16,361,0.31436604261398315
6227,16,362,0.36895060539245605
6228,16,363,0.5239102840423584
6229,16,364,0.4655894637107849
6230,16,365,0.5699442625045776
6231,16,366,0.38912463188171387
6232,16,367,0.34935030341148376
6233,16,368,0.3395500183105469
6234,16,369,0.33323055505752563
6235,16,370,0.37541091442108154
6236,16,371,0.3400990068912506
6237,16,372,0.4527614712715149
6238,16,373,0.40054094791412354
6239,16,374,0.45161065459251404
6240,16,375,0.3396628499031067
6241,16,376,0.3648993968963623
6242,16,377,0.3186299800872803
6243,16,378,0.36474335193634033
6244,16,379,0.3656547963619232
6245,16,380,0.25448572635650635
6246,16,381,0.3192990720272064
6247,16,382,0.399882435798645
6248,16,383,0.6496813297271729
6249,16,384,0.27481454610824585
6250,16,385,0.46119222044944763
6251,16,386,0.3282065987586975
6252,16,387,0.4035349488258362
6253,16,388,0.32090818881988525
6254,16,389,0.3477882444858551
6255,16,390,0.3181779384613037
6256,16,391,0.43635791540145874
6257,17,1,0.307346373796463
6258,17,2,0.38196396827697754
6259,17,3,0.30584195256233215
6260,17,4,0.2287694662809372
6261,17,5,0.373063862323761
6262,17,6,0.32108426094055176
6263,17,7,0.28950294852256775
6264,17,8,0.2322162240743637
6265,17,9,0.37222352623939514
6266,17,10,0.3644980192184448
6267,17,11,0.21770207583904266
6268,17,12,0.20225177705287933
6269,17,13,0.42432817816734314
6270,17,14,0.44972771406173706
6271,17,15,0.32332104444503784
6272,17,16,0.2810294032096863
6273,17,17,0.31055954098701477
6274,17,18,0.22807322442531586
6275,17,19,0.2444055825471878
6276,17,20,0.47771450877189636
6277,17,21,0.20947697758674622
6278,17,22,0.2418728619813919
6279,17,23,0.3012864291667938
6280,17,24,0.23275373876094818
6281,17,25,0.34919172525405884
6282,17,26,0.33125805854797363
6283,17,27,0.2545427680015564
6284,17,28,0.1771855354309082
6285,17,29,0.3369899094104767
6286,17,30,0.2248561531305313
6287,17,31,0.4619700014591217
6288,17,32,0.42682695388793945
6289,17,33,0.280927836894989
6290,17,34,0.2145114690065384
6291,17,35,0.2789587080478668
6292,17,36,0.34625670313835144
6293,17,37,0.2771218419075012
6294,17,38,0.2154388129711151
6295,17,39,0.3119553327560425
6296,17,40,0.23470483720302582
6297,17,41,0.2883695960044861
6298,17,42,0.35807088017463684
6299,17,43,0.2032509744167328
6300,17,44,0.3654705286026001
6301,17,45,0.1824796050786972
6302,17,46,0.27632978558540344
6303,17,47,0.33926188945770264
6304,17,48,0.30151695013046265
6305,17,49,0.24616345763206482
6306,17,50,0.28895023465156555
6307,17,51,0.34869998693466187
6308,17,52,0.294176310300827
6309,17,53,0.15436150133609772
6310,17,54,0.3004807233810425
6311,17,55,0.28415215015411377
6312,17,56,0.4617408514022827
6313,17,57,0.3121505677700043
6314,17,58,0.4636877775192261
6315,17,59,0.2943485677242279
6316,17,60,0.1817253679037094
6317,17,61,0.2542979121208191
6318,17,62,0.3425883650779724
6319,17,63,0.18132352828979492
6320,17,64,0.2208748757839203
6321,17,65,0.4026709496974945
6322,17,66,0.3464112877845764
6323,17,67,0.3455871641635895
6324,17,68,0.2185729593038559
6325,17,69,0.36741000413894653
6326,17,70,0.23440784215927124
6327,17,71,0.3374406397342682
6328,17,72,0.32500144839286804
6329,17,73,0.27818283438682556
6330,17,74,0.36856746673583984
6331,17,75,0.43415677547454834
6332,17,76,0.22686946392059326
6333,17,77,0.3456427752971649
6334,17,78,0.4615800976753235
6335,17,79,0.3209555745124817
6336,17,80,0.323965847492218
6337,17,81,0.29775163531303406
6338,17,82,0.19083283841609955
6339,17,83,0.36483120918273926
6340,17,84,0.48433732986450195
6341,17,85,0.3264775276184082
6342,17,86,0.4473719596862793
6343,17,87,0.36607626080513
6344,17,88,0.570827305316925
6345,17,89,0.3524310290813446
6346,17,90,0.44671300053596497
6347,17,91,0.2695196568965912
6348,17,92,0.35265982151031494
6349,17,93,0.30081236362457275
6350,17,94,0.2935636639595032
6351,17,95,0.47713154554367065
6352,17,96,0.3773929476737976
6353,17,97,0.30210283398628235
6354,17,98,0.4089002013206482
6355,17,99,0.523148238658905
6356,17,100,0.2883952558040619
6357,17,101,0.45378008484840393
6358,17,102,0.3501998484134674
6359,17,103,0.43389132618904114
6360,17,104,0.3730390667915344
6361,17,105,0.2220505326986313
6362,17,106,0.32478657364845276
6363,17,107,0.4272390902042389
6364,17,108,0.4129036068916321
6365,17,109,0.2710067927837372
6366,17,110,0.36629804968833923
6367,17,111,0.29986533522605896
6368,17,112,0.3569715619087219
6369,17,113,0.24726654589176178
6370,17,114,0.39454859495162964
6371,17,115,0.35239818692207336
6372,17,116,0.31399810314178467
6373,17,117,0.3726416826248169
6374,17,118,0.37854406237602234
6375,17,119,0.22225001454353333
6376,17,120,0.32313817739486694
6377,17,121,0.46274372935295105
6378,17,122,0.38826313614845276
6379,17,123,0.3439534306526184
6380,17,124,0.13421590626239777
6381,17,125,0.1610032618045807
6382,17,126,0.22243638336658478
6383,17,127,0.37492820620536804
6384,17,128,0.25549739599227905
6385,17,129,0.4127214550971985
6386,17,130,0.3099236488342285
6387,17,131,0.29210445284843445
6388,17,132,0.33582255244255066
6389,17,133,0.19588971138000488
6390,17,134,0.3310618996620178
6391,17,135,0.43448513746261597
6392,17,136,0.33038485050201416
6393,17,137,0.42948660254478455
6394,17,138,0.4175576865673065
6395,17,139,0.40438854694366455
6396,17,140,0.43913474678993225
6397,17,141,0.32122713327407837
6398,17,142,0.2539229691028595
6399,17,143,0.26189908385276794
6400,17,144,0.32420864701271057
6401,17,145,0.33193954825401306
6402,17,146,0.41308626532554626
6403,17,147,0.2354745715856552
6404,17,148,0.46177342534065247
6405,17,149,0.5383896827697754
6406,17,150,0.4275902807712555
6407,17,151,0.39253056049346924
6408,17,152,0.4308580756187439
6409,17,153,0.45325344800949097
6410,17,154,0.4908902645111084
6411,17,155,0.23948462307453156
6412,17,156,0.5756554007530212
6413,17,157,0.37378859519958496
6414,17,158,0.36588966846466064
6415,17,159,0.3841800391674042
6416,17,160,0.36861905455589294
6417,17,161,0.4082658290863037
6418,17,162,0.273547887802124
6419,17,163,0.33329662680625916
6420,17,164,0.38037756085395813
6421,17,165,0.32645100355148315
6422,17,166,0.30522868037223816
6423,17,167,0.3811097741127014
6424,17,168,0.2350436896085739
6425,17,169,0.5001951456069946
6426,17,170,0.45241978764533997
6427,17,171,0.39739760756492615
6428,17,172,0.3856789171695709
6429,17,173,0.4330332279205322
6430,17,174,0.39398905634880066
6431,17,175,0.37285611033439636
6432,17,176,0.37258946895599365
6433,17,177,0.3251897394657135
6434,17,178,0.34412142634391785
6435,17,179,0.4798254072666168
6436,17,180,0.3125283122062683
6437,17,181,0.5036640763282776
6438,17,182,0.4153023958206177
6439,17,183,0.6121006011962891
6440,17,184,0.2520514130592346
6441,17,185,0.4204079806804657
6442,17,186,0.39088743925094604
6443,17,187,0.30396565794944763
6444,17,188,0.39467912912368774
6445,17,189,0.45013341307640076
6446,17,190,0.26446205377578735
6447,17,191,0.36781275272369385
6448,17,192,0.2939126789569855
6449,17,193,0.3572150468826294
6450,17,194,0.25010162591934204
6451,17,195,0.33179956674575806
6452,17,196,0.44246888160705566
6453,17,197,0.4561747908592224
6454,17,198,0.37495502829551697
6455,17,199,0.48836463689804077
6456,17,200,0.3818627893924713
6457,17,201,0.35104531049728394
6458,17,202,0.24579626321792603
6459,17,203,0.2783663272857666
6460,17,204,0.3428117632865906
6461,17,205,0.46655920147895813
6462,17,206,0.3657509684562683
6463,17,207,0.26632237434387207
6464,17,208,0.3395020067691803
6465,17,209,0.4823918640613556
6466,17,210,0.4386192858219147
6467,17,211,0.22525204718112946
6468,17,212,0.3520452380180359
6469,17,213,0.27217575907707214
6470,17,214,0.27839696407318115
6471,17,215,0.3749067783355713
6472,17,216,0.30357232689857483
6473,17,217,0.28473445773124695
6474,17,218,0.25586846470832825
6475,17,219,0.2996743321418762
6476,17,220,0.36904504895210266
6477,17,221,0.253500759601593
6478,17,222,0.31787899136543274
6479,17,223,0.32168111205101013
6480,17,224,0.28899461030960083
6481,17,225,0.29373881220817566
6482,17,226,0.4084619879722595
6483,17,227,0.3658216893672943
6484,17,228,0.4125739634037018
6485,17,229,0.3228287696838379
6486,17,230,0.28454193472862244
6487,17,231,0.4576334059238434
6488,17,232,0.30314308404922485
6489,17,233,0.2684105336666107
6490,17,234,0.42033910751342773
6491,17,235,0.41718804836273193
6492,17,236,0.3839453458786011
6493,17,237,0.3806464970111847
6494,17,238,0.31019288301467896
6495,17,239,0.4294396638870239
6496,17,240,0.30029192566871643
6497,17,241,0.3408915102481842
6498,17,242,0.2742459774017334
6499,17,243,0.2673448324203491
6500,17,244,0.2888544797897339
6501,17,245,0.3372572660446167
6502,17,246,0.3215242326259613
6503,17,247,0.2516564130783081
6504,17,248,0.3015736937522888
6505,17,249,0.2483472228050232
6506,17,250,0.4485158622264862
6507,17,251,0.3805844187736511
6508,17,252,0.4717266261577606
6509,17,253,0.27956098318099976
6510,17,254,0.34410959482192993
6511,17,255,0.4652714729309082
6512,17,256,0.3188376724720001
6513,17,257,0.510612428188324
6514,17,258,0.46441343426704407
6515,17,259,0.3337949812412262
6516,17,260,0.31499606370925903
6517,17,261,0.3782130479812622
6518,17,262,0.37154391407966614
6519,17,263,0.45200133323669434
6520,17,264,0.3515399098396301
6521,17,265,0.43337759375572205
6522,17,266,0.5297723412513733
6523,17,267,0.43080130219459534
6524,17,268,0.36773476004600525
6525,17,269,0.3940066695213318
6526,17,270,0.4405613839626312
6527,17,271,0.2936505973339081
6528,17,272,0.4790940582752228
6529,17,273,0.35502389073371887
6530,17,274,0.39884641766548157
6531,17,275,0.4338257610797882
6532,17,276,0.2860187590122223
6533,17,277,0.3414815366268158
6534,17,278,0.4510771930217743
6535,17,279,0.3763442039489746
6536,17,280,0.42309755086898804
6537,17,281,0.39628949761390686
6538,17,282,0.30376529693603516
6539,17,283,0.40523600578308105
6540,17,284,0.3404026925563812
6541,17,285,0.4389273226261139
6542,17,286,0.43534383177757263
6543,17,287,0.3359375596046448
6544,17,288,0.2855651080608368
6545,17,289,0.3482687473297119
6546,17,290,0.3089696764945984
6547,17,291,0.36180293560028076
6548,17,292,0.4666373133659363
6549,17,293,0.3376336991786957
6550,17,294,0.42291587591171265
6551,17,295,0.5897257924079895
6552,17,296,0.33468252420425415
6553,17,297,0.37072324752807617
6554,17,298,0.4537631869316101
6555,17,299,0.4217173159122467
6556,17,300,0.3767193853855133
6557,17,301,0.3773709833621979
6558,17,302,0.45463302731513977
6559,17,303,0.26974454522132874
6560,17,304,0.34725019335746765
6561,17,305,0.5147086977958679
6562,17,306,0.42590466141700745
6563,17,307,0.33454063534736633
6564,17,308,0.43920665979385376
6565,17,309,0.3444317579269409
6566,17,310,0.2816025912761688
6567,17,311,0.41838064789772034
6568,17,312,0.35712385177612305
6569,17,313,0.23451650142669678
6570,17,314,0.40429049730300903
6571,17,315,0.44578084349632263
6572,17,316,0.26774346828460693
6573,17,317,0.33430880308151245
6574,17,318,0.4206734299659729
6575,17,319,0.41762179136276245
6576,17,320,0.4554341733455658
6577,17,321,0.41602596640586853
6578,17,322,0.5298504829406738
6579,17,323,0.34150925278663635
6580,17,324,0.33019110560417175
6581,17,325,0.36513781547546387
6582,17,326,0.2767103910446167
6583,17,327,0.47556406259536743
6584,17,328,0.3719877004623413
6585,17,329,0.4654398560523987
6586,17,330,0.3745286464691162
6587,17,331,0.36685454845428467
6588,17,332,0.44217920303344727
6589,17,333,0.35650694370269775
6590,17,334,0.3957708477973938
6591,17,335,0.42066091299057007
6592,17,336,0.3751571476459503
6593,17,337,0.34268802404403687
6594,17,338,0.5540302395820618
6595,17,339,0.5186766386032104
6596,17,340,0.42548131942749023
6597,17,341,0.23205363750457764
6598,17,342,0.39761173725128174
6599,17,343,0.37657731771469116
6600,17,344,0.34028828144073486
6601,17,345,0.21804165840148926
6602,17,346,0.45414403080940247
6603,17,347,0.28323838114738464
6604,17,348,0.4867577850818634
6605,17,349,0.32942017912864685
6606,17,350,0.2567814588546753
6607,17,351,0.3634846806526184
6608,17,352,0.4072117209434509
6609,17,353,0.44203031063079834
6610,17,354,0.4195917844772339
6611,17,355,0.5463117957115173
6612,17,356,0.38161319494247437
6613,17,357,0.4988337457180023
6614,17,358,0.3497154116630554
6615,17,359,0.30906540155410767
6616,17,360,0.3418421149253845
6617,17,361,0.3942911624908447
6618,17,362,0.34202149510383606
6619,17,363,0.35745495557785034
6620,17,364,0.3872281610965729
6621,17,365,0.31548526883125305
6622,17,366,0.39561977982521057
6623,17,367,0.35046008229255676
6624,17,368,0.3594745099544525
6625,17,369,0.3672133684158325
6626,17,370,0.30828857421875
6627,17,371,0.38943997025489807
6628,17,372,0.3164054751396179
6629,17,373,0.3313430845737457
6630,17,374,0.37456926703453064
6631,17,375,0.3391226530075073
6632,17,376,0.3293553292751312
6633,17,377,0.37345919013023376
6634,17,378,0.4226122498512268
6635,17,379,0.38332849740982056
6636,17,380,0.5328851342201233
6637,17,381,0.18955068290233612
6638,17,382,0.32690897583961487
6639,17,383,0.33369457721710205
6640,17,384,0.428538054227829
6641,17,385,0.43494608998298645
6642,17,386,0.44088801741600037
6643,17,387,0.38577035069465637
6644,17,388,0.37808752059936523
6645,17,389,0.2560844421386719
6646,17,390,0.3135610520839691
6647,17,391,0.37460318207740784
6648,18,1,0.14612625539302826
6649,18,2,0.3575350344181061
6650,18,3,0.4100213944911957
6651,18,4,0.26335594058036804
6652,18,5,0.23667380213737488
6653,18,6,0.4216257333755493
6654,18,7,0.31889086961746216
6655,18,8,0.2445659190416336
6656,18,9,0.26570743322372437
6657,18,10,0.2973744571208954
6658,18,11,0.28641143441200256
6659,18,12,0.25427889823913574
6660,18,13,0.2756201922893524
6661,18,14,0.3006509840488434
6662,18,15,0.2864839732646942
6663,18,16,0.2832174003124237
6664,18,17,0.30076920986175537
6665,18,18,0.3308299481868744
6666,18,19,0.4367569088935852
6667,18,20,0.3529277443885803
6668,18,21,0.21661369502544403
6669,18,22,0.1806403398513794
6670,18,23,0.345209002494812
6671,18,24,0.23977704346179962
6672,18,25,0.29005828499794006
6673,18,26,0.26088809967041016
6674,18,27,0.21449057757854462
6675,18,28,0.13952723145484924
6676,18,29,0.21381087601184845
6677,18,30,0.18408866226673126
6678,18,31,0.2833099067211151
6679,18,32,0.24153004586696625
6680,18,33,0.39396435022354126
6681,18,34,0.2458241879940033
6682,18,35,0.3970111012458801
6683,18,36,0.22445671260356903
6684,18,37,0.31797462701797485
6685,18,38,0.21762265264987946
6686,18,39,0.3544165790081024
6687,18,40,0.3104637861251831
6688,18,41,0.26944488286972046
6689,18,42,0.27095362544059753
6690,18,43,0.2779919505119324
6691,18,44,0.16371020674705505
6692,18,45,0.14127704501152039
6693,18,46,0.22919681668281555
6694,18,47,0.25662532448768616
6695,18,48,0.3449932634830475
6696,18,49,0.376269668340683
6697,18,50,0.2517138719558716
6698,18,51,0.25009992718696594
6699,18,52,0.2255893498659134
6700,18,53,0.2728423774242401
6701,18,54,0.2695280909538269
6702,18,55,0.1741592437028885
6703,18,56,0.30147674679756165
6704,18,57,0.2783806324005127
6705,18,58,0.33746013045310974
6706,18,59,0.35420382022857666
6707,18,60,0.15202957391738892
6708,18,61,0.3328634798526764
6709,18,62,0.18468251824378967
6710,18,63,0.26730814576148987
6711,18,64,0.24063999950885773
6712,18,65,0.4092256724834442
6713,18,66,0.4017830193042755
6714,18,67,0.3511737883090973
6715,18,68,0.31946617364883423
6716,18,69,0.43312132358551025
6717,18,70,0.26792964339256287
6718,18,71,0.2325667142868042
6719,18,72,0.25379204750061035
6720,18,73,0.26119449734687805
6721,18,74,0.3883393108844757
6722,18,75,0.2652938663959503
6723,18,76,0.3745132386684418
6724,18,77,0.3697027564048767
6725,18,78,0.2016887664794922
6726,18,79,0.37272509932518005
6727,18,80,0.3077027499675751
6728,18,81,0.24998003244400024
6729,18,82,0.2467067688703537
6730,18,83,0.20328688621520996
6731,18,84,0.3789214491844177
6732,18,85,0.34696266055107117
6733,18,86,0.2361404150724411
6734,18,87,0.3572433888912201
6735,18,88,0.2863897979259491
6736,18,89,0.3369646966457367
6737,18,90,0.4636572599411011
6738,18,91,0.3593948781490326
6739,18,92,0.2595043480396271
6740,18,93,0.3131689727306366
6741,18,94,0.37002429366111755
6742,18,95,0.32105016708374023
6743,18,96,0.4931538999080658
6744,18,97,0.29702115058898926
6745,18,98,0.42599520087242126
6746,18,99,0.35261914134025574
6747,18,100,0.2347981333732605
6748,18,101,0.30306047201156616
6749,18,102,0.2446194887161255
6750,18,103,0.30375924706459045
6751,18,104,0.41029271483421326
6752,18,105,0.367140531539917
6753,18,106,0.3520529270172119
6754,18,107,0.23311375081539154
6755,18,108,0.4210081994533539
6756,18,109,0.3879687488079071
6757,18,110,0.28222665190696716
6758,18,111,0.23427143692970276
6759,18,112,0.2834642231464386
6760,18,113,0.27534347772598267
6761,18,114,0.2852689325809479
6762,18,115,0.26591411232948303
6763,18,116,0.27667152881622314
6764,18,117,0.2940872311592102
6765,18,118,0.2517987787723541
6766,18,119,0.19680948555469513
6767,18,120,0.2543286383152008
6768,18,121,0.27946582436561584
6769,18,122,0.38735654950141907
6770,18,123,0.24226056039333344
6771,18,124,0.38269370794296265
6772,18,125,0.23643602430820465
6773,18,126,0.3236278295516968
6774,18,127,0.2314695417881012
6775,18,128,0.3343871235847473
6776,18,129,0.2805714011192322
6777,18,130,0.34405413269996643
6778,18,131,0.27333906292915344
6779,18,132,0.4309711158275604
6780,18,133,0.24925638735294342
6781,18,134,0.3521684408187866
6782,18,135,0.34569621086120605
6783,18,136,0.2408456951379776
6784,18,137,0.31703871488571167
6785,18,138,0.1509670466184616
6786,18,139,0.2611192762851715
6787,18,140,0.25172415375709534
6788,18,141,0.3024540841579437
6789,18,142,0.37977272272109985
6790,18,143,0.21512092649936676
6791,18,144,0.276736319065094
6792,18,145,0.3442378342151642
6793,18,146,0.2530434727668762
6794,18,147,0.5153897404670715
6795,18,148,0.25539669394493103
6796,18,149,0.41245269775390625
6797,18,150,0.4029407203197479
6798,18,151,0.4197861850261688
6799,18,152,0.4182797074317932
6800,18,153,0.2776518166065216
6801,18,154,0.2960299849510193
6802,18,155,0.3761337995529175
6803,18,156,0.3278108239173889
6804,18,157,0.22442765533924103
6805,18,158,0.45073267817497253
6806,18,159,0.4443504810333252
6807,18,160,0.4546419680118561
6808,18,161,0.37094247341156006
6809,18,162,0.3189528286457062
6810,18,163,0.3315088450908661
6811,18,164,0.26493021845817566
6812,18,165,0.3073658049106598
6813,18,166,0.3045530617237091
6814,18,167,0.3127530813217163
6815,18,168,0.2748344838619232
6816,18,169,0.43071800470352173
6817,18,170,0.24116893112659454
6818,18,171,0.38381627202033997
6819,18,172,0.22229355573654175
6820,18,173,0.26111480593681335
6821,18,174,0.3124341368675232
6822,18,175,0.395729660987854
6823,18,176,0.3395054042339325
6824,18,177,0.15470272302627563
6825,18,178,0.25191324949264526
6826,18,179,0.24273890256881714
6827,18,180,0.3110193908214569
6828,18,181,0.3801787793636322
6829,18,182,0.36527320742607117
6830,18,183,0.2630916237831116
6831,18,184,0.268203467130661
6832,18,185,0.15706750750541687
6833,18,186,0.35148265957832336
6834,18,187,0.35792362689971924
6835,18,188,0.4011106491088867
6836,18,189,0.3005343973636627
6837,18,190,0.2534388601779938
6838,18,191,0.25835126638412476
6839,18,192,0.30379927158355713
6840,18,193,0.34938111901283264
6841,18,194,0.2135516107082367
6842,18,195,0.34420251846313477
6843,18,196,0.3749418556690216
6844,18,197,0.3055196702480316
6845,18,198,0.355936735868454
6846,18,199,0.3101542294025421
6847,18,200,0.29246488213539124
6848,18,201,0.34944334626197815
6849,18,202,0.29126405715942383
6850,18,203,0.37919819355010986
6851,18,204,0.49759480357170105
6852,18,205,0.4946872591972351
6853,18,206,0.3488706946372986
6854,18,207,0.25456637144088745
6855,18,208,0.2785349190235138
6856,18,209,0.3937148451805115
6857,18,210,0.3570058345794678
6858,18,211,0.3747425079345703
6859,18,212,0.40745532512664795
6860,18,213,0.35920289158821106
6861,18,214,0.3530379831790924
6862,18,215,0.2960410416126251
6863,18,216,0.32816803455352783
6864,18,217,0.33507803082466125
6865,18,218,0.3120299279689789
6866,18,219,0.3704192340373993
6867,18,220,0.3394204080104828
6868,18,221,0.4070201516151428
6869,18,222,0.2165190726518631
6870,18,223,0.5062233805656433
6871,18,224,0.4428885877132416
6872,18,225,0.358682245016098
6873,18,226,0.3268437087535858
6874,18,227,0.4186570942401886
6875,18,228,0.39145606756210327
6876,18,229,0.23819462954998016
6877,18,230,0.2100253850221634
6878,18,231,0.2638295292854309
6879,18,232,0.39198368787765503
6880,18,233,0.24251247942447662
6881,18,234,0.3469986319541931
6882,18,235,0.4110034108161926
6883,18,236,0.3749394416809082
6884,18,237,0.4015571177005768
6885,18,238,0.1677824854850769
6886,18,239,0.3603619337081909
6887,18,240,0.27998363971710205
6888,18,241,0.23179809749126434
6889,18,242,0.34788331389427185
6890,18,243,0.3635632395744324
6891,18,244,0.4637645184993744
6892,18,245,0.5127447843551636
6893,18,246,0.253654807806015
6894,18,247,0.4606914818286896
6895,18,248,0.3496086597442627
6896,18,249,0.33881425857543945
6897,18,250,0.43683409690856934
6898,18,251,0.5079237222671509
6899,18,252,0.4180943965911865
6900,18,253,0.43836846947669983
6901,18,254,0.3404574692249298
6902,18,255,0.35672467947006226
6903,18,256,0.3588022291660309
6904,18,257,0.38120540976524353
6905,18,258,0.36327844858169556
6906,18,259,0.415521502494812
6907,18,260,0.3193387985229492
6908,18,261,0.38329505920410156
6909,18,262,0.5028021931648254
6910,18,263,0.45370981097221375
6911,18,264,0.3959736227989197
6912,18,265,0.39520731568336487
6913,18,266,0.35775214433670044
6914,18,267,0.4343039095401764
6915,18,268,0.3040667474269867
6916,18,269,0.29683205485343933
6917,18,270,0.3534517288208008
6918,18,271,0.44463154673576355
6919,18,272,0.42812836170196533
6920,18,273,0.4393008351325989
6921,18,274,0.3751765787601471
6922,18,275,0.4126245975494385
6923,18,276,0.3600357174873352
6924,18,277,0.256588339805603
6925,18,278,0.4686279594898224
6926,18,279,0.3942902982234955
6927,18,280,0.4644606411457062
6928,18,281,0.3633919954299927
6929,18,282,0.3103845715522766
6930,18,283,0.4292949140071869
6931,18,284,0.2484341859817505
6932,18,285,0.3610922694206238
6933,18,286,0.2917976975440979
6934,18,287,0.33133992552757263
6935,18,288,0.3074628412723541
6936,18,289,0.32560890913009644
6937,18,290,0.3690793514251709
6938,18,291,0.40928494930267334
6939,18,292,0.40450990200042725
6940,18,293,0.3187319040298462
6941,18,294,0.3414076566696167
6942,18,295,0.4496631622314453
6943,18,296,0.309658408164978
6944,18,297,0.24511787295341492
6945,18,298,0.45336493849754333
6946,18,299,0.2770184874534607
6947,18,300,0.2093956619501114
6948,18,301,0.29818999767303467
6949,18,302,0.4715180993080139
6950,18,303,0.266404926776886
6951,18,304,0.38714465498924255
6952,18,305,0.6324558854103088
6953,18,306,0.257959246635437
6954,18,307,0.2934626638889313
6955,18,308,0.3122524321079254
6956,18,309,0.31881147623062134
6957,18,310,0.25762423872947693
6958,18,311,0.2553204596042633
6959,18,312,0.35154134035110474
6960,18,313,0.25178900361061096
6961,18,314,0.31001389026641846
6962,18,315,0.37949472665786743
6963,18,316,0.4236772358417511
6964,18,317,0.23292399942874908
6965,18,318,0.3050101399421692
6966,18,319,0.31833866238594055
6967,18,320,0.36309903860092163
6968,18,321,0.30185666680336
6969,18,322,0.3256067633628845
6970,18,323,0.3806703984737396
6971,18,324,0.3073616623878479
6972,18,325,0.3094395101070404
6973,18,326,0.2817493975162506
6974,18,327,0.35794875025749207
6975,18,328,0.3541008234024048
6976,18,329,0.3216000497341156
6977,18,330,0.2541508674621582
6978,18,331,0.3069004714488983
6979,18,332,0.3142991065979004
6980,18,333,0.3068103790283203
6981,18,334,0.42751118540763855
6982,18,335,0.4192751944065094
6983,18,336,0.2220088094472885
6984,18,337,0.34173721075057983
6985,18,338,0.41417941451072693
6986,18,339,0.3240332305431366
6987,18,340,0.24466253817081451
6988,18,341,0.4377140402793884
6989,18,342,0.37821164727211
6990,18,343,0.3116714656352997
6991,18,344,0.26123201847076416
6992,18,345,0.34491774439811707
6993,18,346,0.47327226400375366
6994,18,347,0.4884237051010132
6995,18,348,0.26438549160957336
6996,18,349,0.49308109283447266
6997,18,350,0.6317524313926697
6998,18,351,0.49715694785118103
6999,18,352,0.39589425921440125
7000,18,353,0.5263221859931946
7001,18,354,0.3732038140296936
7002,18,355,0.44707122445106506
7003,18,356,0.40540698170661926
7004,18,357,0.5136888027191162
7005,18,358,0.5490418672561646
7006,18,359,0.41358035802841187
7007,18,360,0.4249594807624817
7008,18,361,0.3295290172100067
7009,18,362,0.4926809072494507
7010,18,363,0.42726218700408936
7011,18,364,0.4822685420513153
7012,18,365,0.42641112208366394
7013,18,366,0.4715630114078522
7014,18,367,0.4317026436328888
7015,18,368,0.407349169254303
7016,18,369,0.4177570044994354
7017,18,370,0.3346545100212097
7018,18,371,0.3099316358566284
7019,18,372,0.38329049944877625
7020,18,373,0.3748841881752014
7021,18,374,0.29317787289619446
7022,18,375,0.47469496726989746
7023,18,376,0.3247241973876953
7024,18,377,0.3055304288864136
7025,18,378,0.19570504128932953
7026,18,379,0.38689151406288147
7027,18,380,0.298982709646225
7028,18,381,0.40700972080230713
7029,18,382,0.37326523661613464
7030,18,383,0.353478342294693
7031,18,384,0.3942471742630005
7032,18,385,0.31932321190834045
7033,18,386,0.45955196022987366
7034,18,387,0.29727163910865784
7035,18,388,0.3256554901599884
7036,18,389,0.2650391459465027
7037,18,390,0.2920801639556885
7038,18,391,0.3371964395046234
7039,19,1,0.12856033444404602
7040,19,2,0.1972181648015976
7041,19,3,0.2594285309314728
7042,19,4,0.25751376152038574
7043,19,5,0.29960140585899353
7044,19,6,0.23614664375782013
7045,19,7,0.23374678194522858
7046,19,8,0.2748751938343048
7047,19,9,0.2615698575973511
7048,19,10,0.35802125930786133
7049,19,11,0.25155535340309143
7050,19,12,0.29891422390937805
7051,19,13,0.2905203700065613
7052,19,14,0.26246196031570435
7053,19,15,0.35895904898643494
7054,19,16,0.1812933385372162
7055,19,17,0.24711841344833374
7056,19,18,0.18552027642726898
7057,19,19,0.34192416071891785
7058,19,20,0.1924668848514557
7059,19,21,0.28489530086517334
7060,19,22,0.2779158651828766
7061,19,23,0.2850341498851776
7062,19,24,0.19469812512397766
7063,19,25,0.29173004627227783
7064,19,26,0.28964170813560486
7065,19,27,0.28198450803756714
7066,19,28,0.3508431017398834
7067,19,29,0.2984681725502014
7068,19,30,0.23076818883419037
7069,19,31,0.23829539120197296
7070,19,32,0.33144694566726685
7071,19,33,0.15766894817352295
7072,19,34,0.26883524656295776
7073,19,35,0.2688722014427185
7074,19,36,0.1810285747051239
7075,19,37,0.20926882326602936
7076,19,38,0.1563648283481598
7077,19,39,0.30372023582458496
7078,19,40,0.24004679918289185
7079,19,41,0.24245136976242065
7080,19,42,0.21480506658554077
7081,19,43,0.23855730891227722
7082,19,44,0.24732446670532227
7083,19,45,0.2542102038860321
7084,19,46,0.15188899636268616
7085,19,47,0.19312213361263275
7086,19,48,0.22191888093948364
7087,19,49,0.3553074598312378
7088,19,50,0.2188805788755417
7089,19,51,0.2625904977321625
7090,19,52,0.3621752858161926
7091,19,53,0.19160354137420654
7092,19,54,0.28278878331184387
7093,19,55,0.2302657663822174
7094,19,56,0.12315651774406433
7095,19,57,0.20701360702514648
7096,19,58,0.2900835871696472
7097,19,59,0.15568210184574127
7098,19,60,0.2496306300163269
7099,19,61,0.18716242909431458
7100,19,62,0.25839468836784363
7101,19,63,0.2275734692811966
7102,19,64,0.2206255942583084
7103,19,65,0.2104208916425705
7104,19,66,0.11824774742126465
7105,19,67,0.19848956167697906
7106,19,68,0.29646843671798706
7107,19,69,0.16783343255519867
7108,19,70,0.27632951736450195
7109,19,71,0.12548883259296417
7110,19,72,0.3973161280155182
7111,19,73,0.19541394710540771
7112,19,74,0.2976393401622772
7113,19,75,0.21275261044502258
7114,19,76,0.3382742702960968
7115,19,77,0.3403790593147278
7116,19,78,0.2413511574268341
7117,19,79,0.35064736008644104
7118,19,80,0.3034944236278534
7119,19,81,0.18637922406196594
7120,19,82,0.3334055542945862
7121,19,83,0.27654096484184265
7122,19,84,0.27543210983276367
7123,19,85,0.25551897287368774
7124,19,86,0.2817746102809906
7125,19,87,0.450226753950119
7126,19,88,0.33959847688674927
7127,19,89,0.2531321346759796
7128,19,90,0.39709576964378357
7129,19,91,0.3259701132774353
7130,19,92,0.40462231636047363
7131,19,93,0.4966981112957001
7132,19,94,0.39102354645729065
7133,19,95,0.33642712235450745
7134,19,96,0.2737452983856201
7135,19,97,0.19474230706691742
7136,19,98,0.2309926301240921
7137,19,99,0.25182273983955383
7138,19,100,0.2712195813655853
7139,19,101,0.2577362060546875
7140,19,102,0.3416643440723419
7141,19,103,0.2938903868198395
7142,19,104,0.27460378408432007
7143,19,105,0.22597339749336243
7144,19,106,0.2686024606227875
7145,19,107,0.24192872643470764
7146,19,108,0.2581881284713745
7147,19,109,0.27474215626716614
7148,19,110,0.30313947796821594
7149,19,111,0.2911691963672638
7150,19,112,0.4260794520378113
7151,19,113,0.3340632915496826
7152,19,114,0.3197043240070343
7153,19,115,0.22953753173351288
7154,19,116,0.43708375096321106
7155,19,117,0.25304022431373596
7156,19,118,0.29060134291648865
7157,19,119,0.31324538588523865
7158,19,120,0.348370760679245
7159,19,121,0.175920307636261
7160,19,122,0.28536370396614075
7161,19,123,0.41410449147224426
7162,19,124,0.3495606780052185
7163,19,125,0.3429252803325653
7164,19,126,0.2662486135959625
7165,19,127,0.2457379698753357
7166,19,128,0.40988799929618835
7167,19,129,0.2440042644739151
7168,19,130,0.2435663938522339
7169,19,131,0.25526708364486694
7170,19,132,0.234274759888649
7171,19,133,0.1619386523962021
7172,19,134,0.20884229242801666
7173,19,135,0.14912396669387817
7174,19,136,0.38600727915763855
7175,19,137,0.2638838291168213
7176,19,138,0.35427579283714294
7177,19,139,0.18529517948627472
7178,19,140,0.2916550636291504
7179,19,141,0.2519161105155945
7180,19,142,0.22171230614185333
7181,19,143,0.37877410650253296
7182,19,144,0.2914200723171234
7183,19,145,0.22052887082099915
7184,19,146,0.34797945618629456
7185,19,147,0.5139727592468262
7186,19,148,0.13149228692054749
7187,19,149,0.282490074634552
7188,19,150,0.22783194482326508
7189,19,151,0.41128838062286377
7190,19,152,0.29700586199760437
7191,19,153,0.31538301706314087
7192,19,154,0.2960418164730072
7193,19,155,0.32440707087516785
7194,19,156,0.2842012643814087
7195,19,157,0.44284072518348694
7196,19,158,0.30881690979003906
7197,19,159,0.5153082609176636
7198,19,160,0.42493152618408203
7199,19,161,0.3927308917045593
7200,19,162,0.2961357831954956
7201,19,163,0.20760208368301392
7202,19,164,0.249012753367424
7203,19,165,0.2945915460586548
7204,19,166,0.2975628077983856
7205,19,167,0.32310453057289124
7206,19,168,0.3399612009525299
7207,19,169,0.3137059807777405
7208,19,170,0.1856910139322281
7209,19,171,0.2825365662574768
7210,19,172,0.294198215007782
7211,19,173,0.3869263231754303
7212,19,174,0.2556111514568329
7213,19,175,0.3617030382156372
7214,19,176,0.19136275351047516
7215,19,177,0.24184587597846985
7216,19,178,0.2654291093349457
7217,19,179,0.194302499294281
7218,19,180,0.2279464155435562
7219,19,181,0.23046234250068665
7220,19,182,0.21161723136901855
7221,19,183,0.2299000471830368
7222,19,184,0.32179784774780273
7223,19,185,0.2938002049922943
7224,19,186,0.2289174646139145
7225,19,187,0.21910952031612396
7226,19,188,0.24422365427017212
7227,19,189,0.32594379782676697
7228,19,190,0.2775629460811615
7229,19,191,0.3895094096660614
7230,19,192,0.14986863732337952
7231,19,193,0.19960856437683105
7232,19,194,0.3581550419330597
7233,19,195,0.38113465905189514
7234,19,196,0.33053842186927795
7235,19,197,0.24739930033683777
7236,19,198,0.41972586512565613
7237,19,199,0.31151142716407776
7238,19,200,0.3123321533203125
7239,19,201,0.2862369120121002
7240,19,202,0.44107893109321594
7241,19,203,0.2837338149547577
7242,19,204,0.25194352865219116
7243,19,205,0.3794601559638977
7244,19,206,0.4133395850658417
7245,19,207,0.17759817838668823
7246,19,208,0.3034732937812805
7247,19,209,0.21234402060508728
7248,19,210,0.29627352952957153
7249,19,211,0.25230881571769714
7250,19,212,0.3652280569076538
7251,19,213,0.5122250318527222
7252,19,214,0.23255984485149384
7253,19,215,0.2928142249584198
7254,19,216,0.23136837780475616
7255,19,217,0.3071659505367279
7256,19,218,0.3080063760280609
7257,19,219,0.31769299507141113
7258,19,220,0.283796489238739
7259,19,221,0.298161119222641
7260,19,222,0.23512203991413116
7261,19,223,0.17898666858673096
7262,19,224,0.2753528654575348
7263,19,225,0.23683573305606842
7264,19,226,0.2854768931865692
7265,19,227,0.17224113643169403
7266,19,228,0.2909460663795471
7267,19,229,0.24362069368362427
7268,19,230,0.38216960430145264
7269,19,231,0.3044985830783844
7270,19,232,0.2081785351037979
7271,19,233,0.23435409367084503
7272,19,234,0.35590818524360657
7273,19,235,0.41844236850738525
7274,19,236,0.40741005539894104
7275,19,237,0.25322213768959045
7276,19,238,0.34907814860343933
7277,19,239,0.4755430817604065
7278,19,240,0.28629764914512634
7279,19,241,0.28346896171569824
7280,19,242,0.45128974318504333
7281,19,243,0.3184603154659271
7282,19,244,0.2528405487537384
7283,19,245,0.23089715838432312
7284,19,246,0.339272677898407
7285,19,247,0.36944836378097534
7286,19,248,0.3151892423629761
7287,19,249,0.27220839262008667
7288,19,250,0.485734224319458
7289,19,251,0.33629339933395386
7290,19,252,0.317394495010376
7291,19,253,0.32059231400489807
7292,19,254,0.46268022060394287
7293,19,255,0.37037134170532227
7294,19,256,0.31962040066719055
7295,19,257,0.29615068435668945
7296,19,258,0.2716640830039978
7297,19,259,0.4123058021068573
7298,19,260,0.3941543400287628
7299,19,261,0.3985692262649536
7300,19,262,0.3485894203186035
7301,19,263,0.44048070907592773
7302,19,264,0.28417545557022095
7303,19,265,0.3772871792316437
7304,19,266,0.34271931648254395
7305,19,267,0.29094767570495605
7306,19,268,0.3874359726905823
7307,19,269,0.49218514561653137
7308,19,270,0.4566630721092224
7309,19,271,0.33744654059410095
7310,19,272,0.41562360525131226
7311,19,273,0.3221317529678345
7312,19,274,0.21385614573955536
7313,19,275,0.36951950192451477
7314,19,276,0.4288783371448517
7315,19,277,0.3197476267814636
7316,19,278,0.25424981117248535
7317,19,279,0.4104946553707123
7318,19,280,0.32607513666152954
7319,19,281,0.41401582956314087
7320,19,282,0.30469387769699097
7321,19,283,0.38399237394332886
7322,19,284,0.374688982963562
7323,19,285,0.20405036211013794
7324,19,286,0.38451719284057617
7325,19,287,0.2715846002101898
7326,19,288,0.350972443819046
7327,19,289,0.276993066072464
7328,19,290,0.3927207291126251
7329,19,291,0.3626074492931366
7330,19,292,0.39679092168807983
7331,19,293,0.32553914189338684
7332,19,294,0.3236951231956482
7333,19,295,0.28614577651023865
7334,19,296,0.35493212938308716
7335,19,297,0.2676631510257721
7336,19,298,0.2559603154659271
7337,19,299,0.2825641334056854
7338,19,300,0.4747585356235504
7339,19,301,0.45731475949287415
7340,19,302,0.558232307434082
7341,19,303,0.20937798917293549
7342,19,304,0.31909388303756714
7343,19,305,0.38349100947380066
7344,19,306,0.34146296977996826
7345,19,307,0.34139421582221985
7346,19,308,0.22811301052570343
7347,19,309,0.330392450094223
7348,19,310,0.3451598584651947
7349,19,311,0.35745495557785034
7350,19,312,0.28785043954849243
7351,19,313,0.3040080666542053
7352,19,314,0.27073556184768677
7353,19,315,0.22594378888607025
7354,19,316,0.3524725139141083
7355,19,317,0.32878753542900085
7356,19,318,0.330058217048645
7357,19,319,0.30978962779045105
7358,19,320,0.29493117332458496
7359,19,321,0.31260043382644653
7360,19,322,0.3477160334587097
7361,19,323,0.37664392590522766
7362,19,324,0.4004412889480591
7363,19,325,0.46435344219207764
7364,19,326,0.2313208132982254
7365,19,327,0.2836427092552185
7366,19,328,0.2653030753135681
7367,19,329,0.5982138514518738
7368,19,330,0.4227803349494934
7369,19,331,0.35928019881248474
7370,19,332,0.31816208362579346
7371,19,333,0.3262684941291809
7372,19,334,0.3295184075832367
7373,19,335,0.4730585217475891
7374,19,336,0.3397309482097626
7375,19,337,0.42528626322746277
7376,19,338,0.36657148599624634
7377,19,339,0.3293033540248871
7378,19,340,0.3897872567176819
7379,19,341,0.5009447336196899
7380,19,342,0.3327426314353943
7381,19,343,0.2538062632083893
7382,19,344,0.4415951073169708
7383,19,345,0.41487231850624084
7384,19,346,0.30882611870765686
7385,19,347,0.2409820705652237
7386,19,348,0.30417364835739136
7387,19,349,0.36458268761634827
7388,19,350,0.2932845950126648
7389,19,351,0.309832900762558
7390,19,352,0.32189086079597473
7391,19,353,0.2803420126438141
7392,19,354,0.34937426447868347
7393,19,355,0.4583725333213806
7394,19,356,0.39144450426101685
7395,19,357,0.2982727885246277
7396,19,358,0.34154191613197327
7397,19,359,0.3237169682979584
7398,19,360,0.24225910007953644
7399,19,361,0.4216168224811554
7400,19,362,0.2448168396949768
7401,19,363,0.300940603017807
7402,19,364,0.2756831645965576
7403,19,365,0.35661596059799194
7404,19,366,0.3835355341434479
7405,19,367,0.3307127058506012
7406,19,368,0.19177702069282532
7407,19,369,0.3383696675300598
7408,19,370,0.3779052495956421
7409,19,371,0.3202710747718811
7410,19,372,0.2879660427570343
7411,19,373,0.3837762475013733
7412,19,374,0.2670070230960846
7413,19,375,0.3327624201774597
7414,19,376,0.35010015964508057
7415,19,377,0.366878867149353
7416,19,378,0.1840214729309082
7417,19,379,0.3217281103134155
7418,19,380,0.4194633960723877
7419,19,381,0.3266216516494751
7420,19,382,0.19922862946987152
7421,19,383,0.1973492056131363
7422,19,384,0.30235815048217773
7423,19,385,0.24294686317443848
7424,19,386,0.30332469940185547
7425,19,387,0.14412926137447357
7426,19,388,0.395662784576416
7427,19,389,0.3351258337497711
7428,19,390,0.41252514719963074
7429,19,391,0.2679479420185089
7430,20,1,0.31424224376678467
7431,20,2,0.26271852850914
7432,20,3,0.17533455789089203
7433,20,4,0.17200888693332672
7434,20,5,0.19941550493240356
7435,20,6,0.36035045981407166
7436,20,7,0.10824650526046753
7437,20,8,0.16504140198230743
7438,20,9,0.2685607671737671
7439,20,10,0.24324002861976624
7440,20,11,0.13395635783672333
7441,20,12,0.2589048743247986
7442,20,13,0.24508507549762726
7443,20,14,0.14615431427955627
7444,20,15,0.28532692790031433
7445,20,16,0.23909081518650055
7446,20,17,0.1592654287815094
7447,20,18,0.17528268694877625
7448,20,19,0.2893134653568268
7449,20,20,0.2104783058166504
7450,20,21,0.1548958122730255
7451,20,22,0.1945212185382843
7452,20,23,0.27256134152412415
7453,20,24,0.15482594072818756
7454,20,25,0.17825469374656677
7455,20,26,0.11545615643262863
7456,20,27,0.19130216538906097
7457,20,28,0.1505739837884903
7458,20,29,0.2492852807044983
7459,20,30,0.2277660369873047
7460,20,31,0.14734867215156555
7461,20,32,0.20537027716636658
7462,20,33,0.23536041378974915
7463,20,34,0.29330986738204956
7464,20,35,0.40542492270469666
7465,20,36,0.10738961398601532
7466,20,37,0.1554238647222519
7467,20,38,0.19236908853054047
7468,20,39,0.2373422533273697
7469,20,40,0.21249277889728546
7470,20,41,0.16194608807563782
7471,20,42,0.15283453464508057
7472,20,43,0.24375203251838684
7473,20,44,0.3099077045917511
7474,20,45,0.09955956786870956
7475,20,46,0.2112344205379486
7476,20,47,0.22583529353141785
7477,20,48,0.26489782333374023
7478,20,49,0.2684721052646637
7479,20,50,0.25816938281059265
7480,20,51,0.25205016136169434
7481,20,52,0.2875153720378876
7482,20,53,0.23875673115253448
7483,20,54,0.15487025678157806
7484,20,55,0.18213891983032227
7485,20,56,0.188688725233078
7486,20,57,0.19485914707183838
7487,20,58,0.2154054045677185
7488,20,59,0.3203386664390564
7489,20,60,0.27948078513145447
7490,20,61,0.19163167476654053
7491,20,62,0.1874830573797226
7492,20,63,0.3565429151058197
7493,20,64,0.4260617792606354
7494,20,65,0.1557876169681549
7495,20,66,0.14527152478694916
7496,20,67,0.2921486496925354
7497,20,68,0.21075089275836945
7498,20,69,0.22768540680408478
7499,20,70,0.1131662055850029
7500,20,71,0.2917100489139557
7501,20,72,0.37022385001182556
7502,20,73,0.42885059118270874
7503,20,74,0.2349146157503128
7504,20,75,0.17751288414001465
7505,20,76,0.2692840099334717
7506,20,77,0.2109702229499817
7507,20,78,0.1756230741739273
7508,20,79,0.37040501832962036
7509,20,80,0.40524786710739136
7510,20,81,0.327939510345459
7511,20,82,0.36754506826400757
7512,20,83,0.322559118270874
7513,20,84,0.17645519971847534
7514,20,85,0.21317732334136963
7515,20,86,0.21648819744586945
7516,20,87,0.2959125339984894
7517,20,88,0.27355465292930603
7518,20,89,0.21078631281852722
7519,20,90,0.22233784198760986
7520,20,91,0.3484766483306885
7521,20,92,0.19214971363544464
7522,20,93,0.1695920079946518
7523,20,94,0.29880771040916443
7524,20,95,0.20172925293445587
7525,20,96,0.1842387467622757
7526,20,97,0.2210461050271988
7527,20,98,0.32568514347076416
7528,20,99,0.21544545888900757
7529,20,100,0.15213824808597565
7530,20,101,0.3423730731010437
7531,20,102,0.1672380119562149
7532,20,103,0.22564999759197235
7533,20,104,0.26807576417922974
7534,20,105,0.32770565152168274
7535,20,106,0.13901959359645844
7536,20,107,0.39474618434906006
7537,20,108,0.24521379172801971
7538,20,109,0.2300548404455185
7539,20,110,0.23666231334209442
7540,20,111,0.2577301561832428
7541,20,112,0.22998453676700592
7542,20,113,0.1713465452194214
7543,20,114,0.23381859064102173
7544,20,115,0.21494066715240479
7545,20,116,0.16998295485973358
7546,20,117,0.2719078063964844
7547,20,118,0.11949658393859863
7548,20,119,0.2192658931016922
7549,20,120,0.13309772312641144
7550,20,121,0.2032460868358612
7551,20,122,0.28374186158180237
7552,20,123,0.19155731797218323
7553,20,124,0.24642834067344666
7554,20,125,0.17527855932712555
7555,20,126,0.22516734898090363
7556,20,127,0.18904705345630646
7557,20,128,0.20763003826141357
7558,20,129,0.22951027750968933
7559,20,130,0.2646948993206024
7560,20,131,0.18411491811275482
7561,20,132,0.25278252363204956
7562,20,133,0.18318204581737518
7563,20,134,0.1777472048997879
7564,20,135,0.2827785313129425
7565,20,136,0.3647727966308594
7566,20,137,0.2620646357536316
7567,20,138,0.15740670263767242
7568,20,139,0.28049954771995544
7569,20,140,0.20885330438613892
7570,20,141,0.30225396156311035
7571,20,142,0.16050224006175995
7572,20,143,0.32584095001220703
7573,20,144,0.206905335187912
7574,20,145,0.32136332988739014
7575,20,146,0.3462163805961609
7576,20,147,0.282299280166626
7577,20,148,0.29348093271255493
7578,20,149,0.4063452482223511
7579,20,150,0.38394543528556824
7580,20,151,0.32580921053886414
7581,20,152,0.4184500575065613
7582,20,153,0.40220752358436584
7583,20,154,0.3223850429058075
7584,20,155,0.23324739933013916
7585,20,156,0.2595369517803192
7586,20,157,0.4375453293323517
7587,20,158,0.45504429936408997
7588,20,159,0.38622480630874634
7589,20,160,0.2719191610813141
7590,20,161,0.3460330069065094
7591,20,162,0.41564324498176575
7592,20,163,0.3750544786453247
7593,20,164,0.25260016322135925
7594,20,165,0.44269153475761414
7595,20,166,0.35756629705429077
7596,20,167,0.32847100496292114
7597,20,168,0.32578831911087036
7598,20,169,0.32517489790916443
7599,20,170,0.21620996296405792
7600,20,171,0.27917659282684326
7601,20,172,0.25242850184440613
7602,20,173,0.26391980051994324
7603,20,174,0.4118684232234955
7604,20,175,0.32621729373931885
7605,20,176,0.48193269968032837
7606,20,177,0.3413001298904419
7607,20,178,0.2569696307182312
7608,20,179,0.36365631222724915
7609,20,180,0.4391933083534241
7610,20,181,0.25943779945373535
7611,20,182,0.4456765353679657
7612,20,183,0.45817476511001587
7613,20,184,0.176970437169075
7614,20,185,0.3243917226791382
7615,20,186,0.22659453749656677
7616,20,187,0.32429951429367065
7617,20,188,0.2638941705226898
7618,20,189,0.28831180930137634
7619,20,190,0.21624666452407837
7620,20,191,0.3719429671764374
7621,20,192,0.1697491556406021
7622,20,193,0.29100415110588074
7623,20,194,0.32690924406051636
7624,20,195,0.23438483476638794
7625,20,196,0.30554723739624023
7626,20,197,0.3115057945251465
7627,20,198,0.23877254128456116
7628,20,199,0.29290467500686646
7629,20,200,0.21284547448158264
7630,20,201,0.3222206234931946
7631,20,202,0.46043720841407776
7632,20,203,0.30770596861839294
7633,20,204,0.2807598412036896
7634,20,205,0.3946738541126251
7635,20,206,0.42089515924453735
7636,20,207,0.34164202213287354
7637,20,208,0.3434794843196869
7638,20,209,0.3861006200313568
7639,20,210,0.33322787284851074
7640,20,211,0.3404850959777832
7641,20,212,0.305814266204834
7642,20,213,0.3048054277896881
7643,20,214,0.4928235709667206
7644,20,215,0.22575490176677704
7645,20,216,0.5371037125587463
7646,20,217,0.21991503238677979
7647,20,218,0.2668021321296692
7648,20,219,0.3111538290977478
7649,20,220,0.3379397392272949
7650,20,221,0.3211468756198883
7651,20,222,0.24363258481025696
7652,20,223,0.24702952802181244
7653,20,224,0.3184089660644531
7654,20,225,0.32172608375549316
7655,20,226,0.3286396861076355
7656,20,227,0.2786303758621216
7657,20,228,0.36777788400650024
7658,20,229,0.21296922862529755
7659,20,230,0.29381245374679565
7660,20,231,0.355665922164917
7661,20,232,0.3734670877456665
7662,20,233,0.3338029980659485
7663,20,234,0.3230137526988983
7664,20,235,0.17534008622169495
7665,20,236,0.20694106817245483
7666,20,237,0.28007352352142334
7667,20,238,0.2192564308643341
7668,20,239,0.3556952178478241
7669,20,240,0.5652928352355957
7670,20,241,0.3057726323604584
7671,20,242,0.2578835189342499
7672,20,243,0.29844430088996887
7673,20,244,0.4473731517791748
7674,20,245,0.239365816116333
7675,20,246,0.26402342319488525
7676,20,247,0.21723869442939758
7677,20,248,0.3156519830226898
7678,20,249,0.27512243390083313
7679,20,250,0.35418495535850525
7680,20,251,0.24989880621433258
7681,20,252,0.332489013671875
7682,20,253,0.3541015088558197
7683,20,254,0.23344412446022034
7684,20,255,0.2884159982204437
7685,20,256,0.26927170157432556
7686,20,257,0.3016253411769867
7687,20,258,0.43559369444847107
7688,20,259,0.2168876677751541
7689,20,260,0.36211058497428894
7690,20,261,0.396873414516449
7691,20,262,0.2717047333717346
7692,20,263,0.32918035984039307
7693,20,264,0.2902688980102539
7694,20,265,0.30784326791763306
7695,20,266,0.3315020799636841
7696,20,267,0.2752475142478943
7697,20,268,0.28504160046577454
7698,20,269,0.24224239587783813
7699,20,270,0.30264928936958313
7700,20,271,0.20562708377838135
7701,20,272,0.19839997589588165
7702,20,273,0.380768746137619
7703,20,274,0.3086056113243103
7704,20,275,0.3054805397987366
7705,20,276,0.2513119876384735
7706,20,277,0.3562157452106476
7707,20,278,0.40933436155319214
7708,20,279,0.1767839789390564
7709,20,280,0.26737305521965027
7710,20,281,0.35381701588630676
7711,20,282,0.276746541261673
7712,20,283,0.24033720791339874
7713,20,284,0.23851880431175232
7714,20,285,0.22973154485225677
7715,20,286,0.3007706105709076
7716,20,287,0.2608051896095276
7717,20,288,0.36482033133506775
7718,20,289,0.32576784491539
7719,20,290,0.24173256754875183
7720,20,291,0.28664639592170715
7721,20,292,0.3774591088294983
7722,20,293,0.36194589734077454
7723,20,294,0.4367762804031372
7724,20,295,0.4399636387825012
7725,20,296,0.24116802215576172
7726,20,297,0.1916760355234146
7727,20,298,0.4240756928920746
7728,20,299,0.2707020938396454
7729,20,300,0.3349725008010864
7730,20,301,0.355146586894989
7731,20,302,0.31206014752388
7732,20,303,0.24435804784297943
7733,20,304,0.24246519804000854
7734,20,305,0.2753449082374573
7735,20,306,0.20370572805404663
7736,20,307,0.2174501270055771
7737,20,308,0.2011137157678604
7738,20,309,0.3310448229312897
7739,20,310,0.25403639674186707
7740,20,311,0.24294698238372803
7741,20,312,0.23396851122379303
7742,20,313,0.16848742961883545
7743,20,314,0.22493678331375122
7744,20,315,0.338924765586853
7745,20,316,0.4442294239997864
7746,20,317,0.26359933614730835
7747,20,318,0.35077086091041565
7748,20,319,0.3474816679954529
7749,20,320,0.22766625881195068
7750,20,321,0.2911564111709595
7751,20,322,0.34800904989242554
7752,20,323,0.2881883978843689
7753,20,324,0.29251646995544434
7754,20,325,0.2825597822666168
7755,20,326,0.23779504001140594
7756,20,327,0.22478434443473816
7757,20,328,0.22786937654018402
7758,20,329,0.36131539940834045
7759,20,330,0.2179548144340515
7760,20,331,0.22321759164333344
7761,20,332,0.47074759006500244
7762,20,333,0.41481465101242065
7763,20,334,0.28108710050582886
7764,20,335,0.3645975887775421
7765,20,336,0.2900954782962799
7766,20,337,0.2419748455286026
7767,20,338,0.3133937418460846
7768,20,339,0.3001641631126404
7769,20,340,0.2445112019777298
7770,20,341,0.3180735409259796
7771,20,342,0.3439686596393585
7772,20,343,0.2588624358177185
7773,20,344,0.30245256423950195
7774,20,345,0.3230137825012207
7775,20,346,0.20014892518520355
7776,20,347,0.20795410871505737
7777,20,348,0.4376542270183563
7778,20,349,0.2715347707271576
7779,20,350,0.17044112086296082
7780,20,351,0.30353137850761414
7781,20,352,0.42589232325553894
7782,20,353,0.2007869929075241
7783,20,354,0.26786401867866516
7784,20,355,0.4309384822845459
7785,20,356,0.22652916610240936
7786,20,357,0.18187077343463898
7787,20,358,0.3894457221031189
7788,20,359,0.3483709394931793
7789,20,360,0.3232867121696472
7790,20,361,0.4964418411254883
7791,20,362,0.35896462202072144
7792,20,363,0.4359903931617737
7793,20,364,0.3322642147541046
7794,20,365,0.316891074180603
7795,20,366,0.2765255272388458
7796,20,367,0.25761404633522034
7797,20,368,0.36191532015800476
7798,20,369,0.28941401839256287
7799,20,370,0.4069819450378418
7800,20,371,0.29213041067123413
7801,20,372,0.288480669260025
7802,20,373,0.3971185088157654
7803,20,374,0.5481767654418945
7804,20,375,0.21651464700698853
7805,20,376,0.40029317140579224
7806,20,377,0.4800138473510742
7807,20,378,0.3018743693828583
7808,20,379,0.22739577293395996
7809,20,380,0.3792440891265869
7810,20,381,0.24948237836360931
7811,20,382,0.3043455481529236
7812,20,383,0.3708533048629761
7813,20,384,0.32873374223709106
7814,20,385,0.283188134431839
7815,20,386,0.20528466999530792
7816,20,387,0.3201124370098114
7817,20,388,0.25225135684013367
7818,20,389,0.2317637950181961
7819,20,390,0.3105888366699219
7820,20,391,0.276407927274704
